Player,Age,Team,Pos,G,GS,MP,PER,TS%,3PAr,FTr,ORB%,DRB%,TRB%,AST%,STL%,BLK%,TOV%,USG%,OWS,DWS,WS,WS/48,OBPM,DBPM,BPM,VORP,Awards,Season,Cluster
Andre Iguodala,25.0,PHI,3.0,82.0,82.0,3269.0,18.4,0.56,0.228,0.454,3.3,14.0,8.6,22.4,2.1,0.9,13.9,22.3,5.6,3.5,9.2,0.134,2.6,0.6,3.2,4.3,DPOY-13,2009.0,0
Joe Johnson,27.0,ATL,2.0,79.0,79.0,3124.0,18.2,0.534,0.292,0.255,2.4,10.5,6.5,26.4,1.4,0.5,11.0,26.6,5.1,2.5,7.6,0.116,2.7,-0.9,1.8,3.1,AS,2009.0,0
O.J. Mayo,21.0,MEM,2.0,82.0,82.0,3120.0,14.2,0.539,0.295,0.219,2.2,10.1,6.1,15.5,1.6,0.3,13.8,24.5,1.5,1.8,3.4,0.052,0.2,-1.4,-1.3,0.6,ROY-2,2009.0,2
Antawn Jamison,32.0,WAS,4.0,81.0,81.0,3096.0,20.6,0.549,0.221,0.314,7.2,20.5,13.7,9.1,1.6,0.7,7.1,25.9,6.6,1.6,8.1,0.126,3.3,-1.7,1.6,2.8,,2009.0,0
Raymond Felton,24.0,CHA,1.0,82.0,81.0,3086.0,13.7,0.483,0.191,0.251,2.2,10.2,6.2,31.1,2.2,0.8,15.9,21.9,0.6,3.7,4.3,0.066,-0.6,0.4,-0.1,1.4,,2009.0,0
Tayshaun Prince,28.0,DET,3.0,82.0,82.0,3057.0,15.0,0.516,0.138,0.238,4.9,13.7,9.2,13.8,0.8,1.3,8.2,19.2,3.7,2.5,6.2,0.098,1.4,-0.2,1.2,2.5,,2009.0,0
LeBron James,24.0,CLE,3.0,81.0,81.0,3054.0,31.7,0.591,0.238,0.472,4.3,19.0,11.9,38.0,2.4,2.4,11.0,33.8,13.7,6.5,20.3,0.318,9.5,3.7,13.2,11.8,"MVP-1,DPOY-2,AS,NBA1,DEF1",2009.0,0
Dirk Nowitzki,30.0,DAL,4.0,81.0,81.0,3050.0,23.1,0.564,0.105,0.337,3.3,22.1,12.8,12.1,1.0,1.5,7.8,30.3,7.5,3.4,10.9,0.171,3.7,-0.3,3.4,4.2,"MVP-10,AS,NBA1",2009.0,0
Dwyane Wade,27.0,MIA,2.0,79.0,79.0,3048.0,30.4,0.574,0.16,0.443,3.5,12.2,7.8,40.3,3.0,2.8,11.6,36.2,10.3,4.4,14.7,0.232,8.2,2.4,10.6,9.6,"MVP-3,DPOY-3,AS,NBA1,DEF2",2009.0,0
Paul Pierce,31.0,BOS,3.0,81.0,81.0,3035.0,17.7,0.582,0.257,0.468,2.4,15.4,9.2,16.3,1.4,0.7,13.8,25.4,5.5,4.8,10.3,0.164,2.4,0.7,3.1,3.9,"MVP-7,AS,NBA2",2009.0,0
LaMarcus Aldridge,23.0,POR,4.0,81.0,81.0,3004.0,19.1,0.529,0.023,0.269,9.5,15.6,12.5,9.3,1.4,2.0,8.0,23.7,6.1,3.3,9.5,0.151,1.7,-0.4,1.3,2.5,,2009.0,0
Chris Paul,23.0,NOH,1.0,78.0,78.0,3002.0,30.0,0.599,0.14,0.418,2.8,14.6,8.7,54.5,3.9,0.3,13.5,27.5,13.3,5.0,18.3,0.292,7.2,3.8,11.0,9.9,"MVP-5,DPOY-6,AS,NBA2,DEF1",2009.0,0
Derrick Rose,20.0,CHI,1.0,81.0,80.0,3000.0,16.0,0.516,0.06,0.207,3.7,8.4,6.1,28.8,1.1,0.4,13.3,22.6,3.4,1.5,4.9,0.078,1.1,-1.5,-0.4,1.2,ROY-1,2009.0,2
Ben Gordon,25.0,CHI,2.0,82.0,76.0,2999.0,17.0,0.573,0.321,0.29,2.0,8.8,5.4,15.9,1.2,0.5,11.9,25.0,5.2,1.7,6.9,0.11,2.4,-1.3,1.1,2.3,,2009.0,0
Pau Gasol,28.0,LAL,5.0,81.0,81.0,2999.0,22.2,0.617,0.002,0.42,10.0,19.3,14.7,14.8,0.9,2.1,11.3,20.4,9.8,4.2,13.9,0.223,4.0,0.5,4.5,5.0,"AS,NBA3",2009.0,0
David West,28.0,NOH,4.0,76.0,76.0,2982.0,18.9,0.54,0.019,0.321,6.5,19.7,13.1,10.9,0.9,1.9,10.0,26.5,4.2,3.5,7.8,0.125,1.3,-0.6,0.6,2.0,AS,2009.0,0
Andre Miller,32.0,PHI,1.0,82.0,82.0,2976.0,18.6,0.548,0.051,0.393,4.9,9.9,7.4,30.2,2.0,0.4,14.0,21.8,6.2,2.5,8.8,0.141,2.4,0.0,2.4,3.3,,2009.0,0
Kobe Bryant,30.0,LAL,2.0,82.0,82.0,2960.0,24.4,0.561,0.196,0.329,3.5,12.8,8.2,23.8,2.1,1.0,9.7,32.2,8.6,4.0,12.7,0.206,5.6,0.3,5.9,5.9,"MVP-2,DPOY-7,AS,NBA1,DEF1",2009.0,0
John Salmons,29.0,2TM,3.0,79.0,74.0,2959.0,16.0,0.58,0.276,0.317,2.3,10.8,6.5,14.5,1.4,0.6,11.7,21.3,4.7,0.8,5.6,0.09,1.6,-1.3,0.3,1.7,,2009.0,0
John Salmons,29.0,SAC,3.0,53.0,53.0,1980.0,16.0,0.573,0.247,0.312,2.5,10.6,6.5,17.3,1.5,0.3,12.6,21.9,2.9,0.1,3.0,0.072,1.5,-1.7,-0.2,0.9,,2009.0,3
Vince Carter,32.0,NJN,2.0,80.0,80.0,2946.0,19.3,0.545,0.291,0.305,3.0,13.8,8.3,23.7,1.5,1.1,9.8,26.8,5.7,1.8,7.5,0.123,3.3,-0.8,2.4,3.3,,2009.0,0
Rudy Gay,22.0,MEM,3.0,79.0,78.0,2945.0,15.3,0.528,0.192,0.273,4.5,13.9,9.1,8.7,1.8,1.6,12.6,25.6,0.7,2.6,3.3,0.054,0.0,-1.1,-1.1,0.7,,2009.0,2
Richard Jefferson,28.0,MIL,3.0,82.0,82.0,2939.0,15.4,0.554,0.239,0.424,2.2,13.3,7.5,11.7,1.2,0.4,10.2,24.6,4.2,2.4,6.6,0.109,1.0,-0.8,0.2,1.6,,2009.0,0
Chris Bosh,24.0,TOR,5.0,77.0,77.0,2928.0,22.1,0.569,0.039,0.489,8.7,22.1,15.5,11.6,1.2,2.0,10.2,26.9,6.6,3.1,9.7,0.159,3.0,-0.4,2.7,3.5,AS,2009.0,0
Chris Duhon,26.0,NYK,1.0,79.0,78.0,2906.0,12.2,0.569,0.477,0.307,1.6,7.8,4.6,27.9,1.2,0.2,22.2,14.9,3.1,1.0,4.2,0.069,-0.2,-1.4,-1.5,0.3,,2009.0,5
Brandon Roy,24.0,POR,2.0,78.0,78.0,2903.0,24.0,0.573,0.167,0.383,4.4,11.6,7.9,25.4,1.7,0.6,9.0,27.4,10.9,2.6,13.5,0.223,6.0,0.1,6.2,6.0,"MVP-9,AS,NBA2",2009.0,0
Jason Kidd,35.0,DAL,1.0,81.0,81.0,2886.0,16.9,0.55,0.523,0.17,3.4,16.4,9.9,34.7,2.9,1.0,21.8,13.5,4.6,3.9,8.5,0.141,1.6,1.9,3.6,4.0,,2009.0,0
Kevin Durant,20.0,OKC,3.0,74.0,74.0,2885.0,20.8,0.577,0.165,0.377,3.0,16.4,9.6,13.5,1.7,1.4,12.2,28.3,5.2,2.7,7.9,0.132,3.4,-0.1,3.3,3.8,,2009.0,0
Ray Allen,33.0,BOS,2.0,79.0,79.0,2876.0,17.3,0.624,0.467,0.239,2.9,8.6,5.9,12.6,1.3,0.4,10.4,20.8,7.4,3.7,11.1,0.186,3.7,0.3,4.0,4.3,AS,2009.0,0
Jeff Green,22.0,OKC,4.0,78.0,78.0,2873.0,13.9,0.536,0.231,0.287,4.7,16.3,10.4,9.1,1.4,0.8,12.6,21.2,1.8,2.4,4.2,0.07,-0.6,-0.6,-1.2,0.6,,2009.0,2
Rashard Lewis,29.0,ORL,4.0,79.0,79.0,2859.0,16.8,0.58,0.509,0.247,3.7,13.9,8.9,12.5,1.5,1.3,11.6,22.0,4.7,4.8,9.5,0.16,2.7,1.0,3.7,4.1,AS,2009.0,0
Mo Williams,26.0,CLE,1.0,81.0,81.0,2834.0,17.2,0.588,0.373,0.202,2.1,9.4,5.9,20.1,1.3,0.3,12.7,23.4,6.1,3.7,9.8,0.165,2.4,-0.1,2.3,3.1,AS,2009.0,0
David Lee,25.0,NYK,5.0,81.0,74.0,2824.0,19.0,0.59,0.003,0.347,9.6,27.9,18.4,10.1,1.4,0.6,12.0,19.2,5.9,3.1,9.0,0.154,1.0,-0.2,0.8,2.0,,2009.0,0
Dwight Howard,23.0,ORL,5.0,79.0,79.0,2821.0,25.4,0.6,0.002,0.867,13.8,29.5,21.8,7.3,1.4,5.9,15.1,26.1,6.2,7.6,13.8,0.234,2.1,2.4,4.5,4.7,"MVP-4,DPOY-1,AS,NBA1,DEF1",2009.0,4
Hedo Türkoğlu,29.0,ORL,3.0,77.0,77.0,2815.0,14.8,0.541,0.367,0.38,1.8,14.2,8.2,22.5,1.2,0.5,14.6,23.0,3.0,4.4,7.3,0.125,0.5,0.7,1.3,2.4,DPOY-16,2009.0,3
Chauncey Billups,32.0,2TM,1.0,79.0,79.0,2789.0,18.8,0.592,0.405,0.467,1.4,8.4,5.0,28.9,1.7,0.5,13.0,21.7,7.9,2.2,10.1,0.174,3.8,-0.5,3.4,3.8,"MVP-6,AS,NBA3",2009.0,0
Chauncey Billups,32.0,DEN,1.0,77.0,77.0,2719.0,18.8,0.595,0.407,0.467,1.4,8.2,4.9,28.8,1.7,0.5,13.0,21.8,7.8,2.1,9.9,0.176,3.9,-0.5,3.4,3.7,,2009.0,0
Boris Diaw,26.0,2TM,4.0,81.0,59.0,2754.0,14.4,0.565,0.205,0.166,5.3,13.8,9.6,21.2,1.2,1.6,18.5,19.7,1.9,2.8,4.7,0.082,0.8,0.3,1.2,2.2,,2009.0,3
Boris Diaw,26.0,CHA,4.0,59.0,59.0,2216.0,14.9,0.558,0.225,0.163,5.3,14.1,9.7,23.4,1.2,1.6,18.3,20.8,1.4,2.6,4.0,0.086,1.0,0.5,1.5,1.9,,2009.0,0
Mike Bibby,30.0,ATL,1.0,79.0,79.0,2740.0,16.3,0.544,0.426,0.17,1.6,10.3,6.0,24.2,1.9,0.3,10.6,20.6,4.4,2.5,6.9,0.121,2.0,0.0,2.0,2.8,,2009.0,0
Wilson Chandler,21.0,NYK,3.0,82.0,70.0,2735.0,12.9,0.515,0.298,0.204,3.5,14.7,8.9,9.9,1.3,2.0,10.8,20.5,1.0,2.1,3.1,0.054,-1.0,0.0,-1.0,0.7,,2009.0,2
Jarrett Jack,25.0,IND,2.0,82.0,53.0,2716.0,13.1,0.554,0.259,0.308,1.8,9.5,5.6,18.6,1.6,0.5,16.0,18.5,2.3,1.8,4.1,0.073,-1.0,-0.5,-1.4,0.4,,2009.0,5
Emeka Okafor,26.0,CHA,5.0,82.0,81.0,2691.0,18.0,0.581,0.0,0.478,12.7,25.2,19.0,3.5,1.0,4.2,13.4,18.9,3.7,4.6,8.2,0.147,-0.1,0.3,0.2,1.5,,2009.0,4
Eric Gordon,20.0,LAC,2.0,78.0,65.0,2677.0,14.9,0.593,0.374,0.388,1.9,6.9,4.3,13.6,1.5,1.0,13.5,20.7,3.9,0.7,4.6,0.082,0.6,-1.0,-0.4,1.0,ROY-5,2009.0,2
Gerald Wallace,26.0,CHA,3.0,71.0,71.0,2669.0,18.6,0.585,0.162,0.56,5.2,20.3,12.8,12.4,2.5,2.1,12.8,20.5,4.9,4.6,9.5,0.172,1.3,2.3,3.5,3.7,,2009.0,0
Russell Westbrook,20.0,OKC,1.0,82.0,65.0,2668.0,15.2,0.489,0.118,0.391,7.6,9.7,8.6,27.5,2.1,0.4,17.6,25.8,-0.1,2.0,1.9,0.035,-0.1,-0.9,-1.0,0.7,ROY-4,2009.0,2
Al Thornton,25.0,LAC,3.0,71.0,67.0,2654.0,12.6,0.502,0.075,0.298,5.2,11.0,8.0,6.9,1.2,1.7,9.9,22.6,0.2,1.0,1.3,0.023,-2.3,-1.8,-4.1,-1.4,,2009.0,3
Rajon Rondo,22.0,BOS,1.0,80.0,80.0,2642.0,18.8,0.543,0.063,0.353,4.8,13.9,9.6,39.7,3.0,0.3,19.2,19.2,4.8,5.1,9.9,0.179,1.9,2.1,4.0,4.0,"DPOY-10,DEF2",2009.0,0
Anthony Parker,33.0,TOR,2.0,80.0,71.0,2637.0,12.1,0.524,0.32,0.192,2.0,12.0,7.1,15.7,2.0,0.4,12.2,16.3,1.4,2.0,3.4,0.063,-1.1,0.4,-0.7,0.8,,2009.0,3
Mario Chalmers,22.0,MIA,1.0,82.0,82.0,2626.0,13.3,0.548,0.47,0.292,1.7,8.8,5.2,23.5,3.3,0.2,18.1,16.3,2.1,3.1,5.2,0.095,-1.4,1.1,-0.4,1.0,ROY-11,2009.0,0
Rasual Butler,29.0,NOH,3.0,82.0,74.0,2614.0,11.8,0.541,0.447,0.137,2.3,10.2,6.3,4.8,1.1,2.0,6.5,16.8,2.2,2.4,4.6,0.084,0.0,-0.5,-0.5,1.0,,2009.0,3
Ryan Gomes,26.0,MIN,3.0,82.0,76.0,2614.0,12.5,0.518,0.293,0.186,4.6,13.3,8.8,8.7,1.3,0.6,10.8,20.4,1.3,1.3,2.5,0.046,-0.5,-1.2,-1.7,0.2,,2009.0,3
Ronnie Brewer,23.0,UTA,3.0,81.0,80.0,2605.0,16.1,0.565,0.103,0.425,4.6,9.1,6.9,10.9,2.7,0.9,10.1,18.8,3.9,2.9,6.8,0.126,0.5,1.0,1.5,2.3,,2009.0,0
Yao Ming,28.0,HOU,5.0,77.0,77.0,2589.0,22.7,0.618,0.001,0.426,9.6,24.1,17.1,10.0,0.6,4.2,16.0,26.2,5.6,5.0,10.6,0.196,1.6,1.6,3.1,3.3,"MVP-12,AS,NBA2",2009.0,0
Caron Butler,28.0,WAS,2.0,67.0,67.0,2585.0,18.8,0.552,0.194,0.371,5.2,13.8,9.4,19.7,2.2,0.6,14.3,25.9,3.4,1.1,4.5,0.083,2.0,-1.1,0.9,1.9,,2009.0,0
Thaddeus Young,20.0,PHI,4.0,75.0,71.0,2580.0,15.3,0.549,0.171,0.197,6.4,11.1,8.8,5.8,2.1,0.7,10.2,20.5,3.0,2.5,5.5,0.102,0.4,-0.5,-0.1,1.2,,2009.0,2
Udonis Haslem,28.0,MIA,4.0,75.0,75.0,2560.0,13.1,0.553,0.0,0.264,7.8,21.2,14.4,5.3,0.9,0.8,10.3,14.7,3.0,2.6,5.7,0.106,-1.4,-0.9,-2.3,-0.2,,2009.0,3
Al Harrington,28.0,2TM,4.0,73.0,56.0,2546.0,15.9,0.547,0.388,0.243,4.1,15.8,9.8,6.8,1.7,0.6,10.7,25.7,1.9,2.0,3.9,0.073,0.7,-0.9,-0.2,1.2,,2009.0,0
Al Harrington,28.0,NYK,4.0,68.0,51.0,2380.0,16.4,0.555,0.387,0.25,4.0,16.1,9.8,6.6,1.7,0.7,10.8,26.0,2.1,1.9,4.0,0.08,0.9,-0.9,0.0,1.2,,2009.0,0
Tim Duncan,32.0,SAS,5.0,75.0,75.0,2524.0,24.4,0.549,0.002,0.436,9.6,27.9,18.9,19.3,0.8,3.7,11.1,28.5,5.0,5.0,10.1,0.191,3.4,2.0,5.4,4.7,"MVP-11,DPOY-11,AS,NBA2,DEF2",2009.0,0
Marc Gasol,24.0,MEM,5.0,82.0,75.0,2521.0,16.7,0.59,0.002,0.567,9.6,20.0,14.7,9.7,1.3,2.9,16.6,18.3,3.7,2.7,6.4,0.121,-0.3,0.2,-0.1,1.2,ROY-8,2009.0,4
Rodney Stuckey,22.0,DET,1.0,79.0,65.0,2517.0,14.8,0.508,0.085,0.318,3.2,9.8,6.5,26.1,1.7,0.3,14.3,23.0,1.7,2.2,3.8,0.073,-0.5,-0.1,-0.5,0.9,,2009.0,2
Nenê,26.0,DEN,5.0,77.0,76.0,2510.0,18.8,0.645,0.007,0.519,8.7,18.7,13.8,7.1,1.9,3.1,14.4,18.1,5.6,3.7,9.3,0.177,0.9,1.1,2.0,2.6,,2009.0,4
Mike Conley,21.0,MEM,1.0,82.0,61.0,2508.0,14.3,0.548,0.297,0.27,1.2,12.5,6.8,23.7,1.9,0.3,14.9,17.9,2.7,1.9,4.5,0.086,0.0,-0.3,-0.3,1.1,,2009.0,2
Deron Williams,24.0,UTA,1.0,68.0,68.0,2505.0,21.1,0.573,0.23,0.39,1.1,8.1,4.6,47.8,1.5,0.6,16.5,24.7,6.5,1.9,8.4,0.16,4.8,-0.9,4.0,3.8,,2009.0,0
Brook Lopez,20.0,NJN,5.0,82.0,75.0,2501.0,17.9,0.568,0.002,0.257,10.6,21.2,15.8,6.2,0.9,4.9,13.5,20.3,3.2,2.7,5.8,0.112,-0.3,-0.3,-0.6,0.9,ROY-3,2009.0,2
Roger Mason,28.0,SAS,2.0,82.0,71.0,2496.0,11.9,0.554,0.479,0.144,0.8,11.1,6.0,11.1,0.9,0.4,10.3,18.9,1.9,2.9,4.7,0.091,-0.7,-0.2,-0.9,0.7,,2009.0,3
Randy Foye,25.0,MIN,2.0,70.0,61.0,2494.0,13.7,0.517,0.314,0.277,1.5,8.8,5.0,20.5,1.5,0.8,12.0,22.6,2.0,1.1,3.1,0.059,0.1,-0.9,-0.8,0.8,,2009.0,3
Devin Harris,25.0,NJN,1.0,69.0,69.0,2494.0,21.6,0.563,0.212,0.582,1.4,9.7,5.5,34.4,2.4,0.4,14.0,28.4,5.9,1.7,7.5,0.145,3.3,-0.5,2.8,3.0,AS,2009.0,0
Jason Terry,31.0,DAL,2.0,74.0,11.0,2491.0,19.3,0.571,0.39,0.193,1.8,6.3,4.1,17.6,2.0,0.6,8.6,25.5,5.4,1.9,7.3,0.14,3.3,-0.3,2.9,3.1,6MOY-1,2009.0,3
Luis Scola,28.0,HOU,4.0,82.0,82.0,2488.0,17.0,0.572,0.004,0.323,9.8,23.4,16.9,8.6,1.5,0.3,11.9,19.3,4.3,4.3,8.6,0.165,-0.2,0.7,0.5,1.6,,2009.0,0
Steve Nash,34.0,PHO,1.0,74.0,74.0,2484.0,19.5,0.615,0.289,0.247,0.9,9.2,5.2,42.4,1.1,0.3,20.8,21.1,6.7,0.5,7.3,0.14,4.5,-2.1,2.4,2.8,,2009.0,0
Troy Murphy,28.0,IND,4.0,73.0,73.0,2482.0,17.8,0.614,0.467,0.24,6.4,32.0,19.1,10.4,1.2,1.0,11.9,16.9,5.2,3.4,8.5,0.165,2.8,0.4,3.2,3.3,,2009.0,0
Jamal Crawford,28.0,2TM,1.0,65.0,65.0,2479.0,15.1,0.545,0.386,0.337,1.0,7.5,4.2,18.1,1.1,0.4,11.2,22.8,3.3,0.0,3.3,0.065,1.3,-2.6,-1.3,0.5,,2009.0,0
Jamal Crawford,28.0,GSW,1.0,54.0,54.0,2087.0,15.0,0.541,0.372,0.349,1.1,8.1,4.6,17.8,1.1,0.4,11.0,22.6,2.7,-0.1,2.7,0.061,1.1,-2.7,-1.6,0.2,,2009.0,0
Shawn Marion,30.0,2TM,3.0,69.0,68.0,2470.0,16.0,0.522,0.067,0.187,8.6,19.7,14.2,9.3,1.9,2.1,11.0,18.1,2.1,3.1,5.2,0.101,0.0,0.3,0.3,1.4,,2009.0,0
Shawn Marion,30.0,MIA,3.0,42.0,41.0,1516.0,15.7,0.522,0.09,0.191,8.4,20.5,14.4,8.2,2.0,2.4,10.4,16.7,1.4,2.2,3.6,0.113,-0.3,0.7,0.4,0.9,,2009.0,4
Tony Parker,26.0,SAS,1.0,72.0,71.0,2456.0,23.4,0.556,0.051,0.287,1.3,9.4,5.4,40.1,1.5,0.1,11.6,31.7,5.6,3.0,8.6,0.168,3.8,-0.2,3.6,3.5,"MVP-8,AS,NBA3",2009.0,0
Andrea Bargnani,23.0,TOR,4.0,78.0,59.0,2453.0,14.6,0.559,0.304,0.278,3.4,16.4,10.0,6.4,0.7,3.1,11.2,22.7,1.8,2.0,3.9,0.076,-0.1,-0.7,-0.8,0.7,,2009.0,3
Metta World Peace,29.0,HOU,3.0,69.0,55.0,2452.0,15.6,0.512,0.369,0.253,3.2,13.4,8.5,16.2,2.3,0.7,10.8,24.5,1.6,4.0,5.5,0.108,0.7,1.2,1.9,2.4,"DPOY-5,DEF2",2009.0,0
Rafer Alston,32.0,2TM,1.0,77.0,76.0,2447.0,13.8,0.494,0.404,0.254,1.6,8.8,5.3,27.0,2.3,0.3,13.3,19.9,1.7,3.7,5.3,0.104,-0.3,1.1,0.8,1.8,,2009.0,0
Rafer Alston,32.0,HOU,1.0,48.0,48.0,1591.0,12.8,0.484,0.441,0.209,1.9,8.4,5.3,25.9,1.9,0.3,13.4,19.2,0.9,2.1,2.9,0.088,-0.3,0.4,0.2,0.9,,2009.0,5
Grant Hill,36.0,PHO,3.0,82.0,68.0,2445.0,15.2,0.584,0.102,0.301,3.2,15.7,9.7,11.0,1.8,1.6,13.0,17.5,3.5,1.9,5.3,0.104,0.4,0.4,0.8,1.7,DPOY-16,2009.0,0
Derek Fisher,34.0,LAL,1.0,82.0,82.0,2441.0,12.1,0.546,0.439,0.189,1.2,7.4,4.4,14.9,2.0,0.2,8.8,14.7,3.6,2.7,6.3,0.123,-0.5,0.7,0.2,1.3,,2009.0,3
Danny Granger,25.0,IND,3.0,67.0,66.0,2424.0,21.8,0.584,0.352,0.36,2.2,13.4,7.7,13.1,1.4,3.0,10.0,29.6,5.6,2.4,8.0,0.158,4.9,-0.1,4.8,4.2,"MIP-1,AS",2009.0,0
Josh Smith,23.0,ATL,4.0,69.0,69.0,2421.0,17.2,0.533,0.102,0.423,6.5,17.6,12.1,12.1,2.1,3.5,13.8,22.6,1.3,3.6,4.9,0.097,0.3,1.4,1.7,2.3,DPOY-16,2009.0,0
Jason Richardson,28.0,2TM,2.0,72.0,71.0,2410.0,16.7,0.571,0.334,0.204,3.9,11.5,7.8,9.8,1.6,0.9,8.2,21.5,4.3,1.5,5.8,0.116,2.0,-0.8,1.2,2.0,,2009.0,0
Jason Richardson,28.0,PHO,2.0,58.0,57.0,1919.0,16.9,0.581,0.353,0.191,4.1,11.5,7.9,8.7,1.6,1.0,8.0,20.4,3.8,0.9,4.7,0.119,2.2,-1.0,1.2,1.6,,2009.0,3
Mehmet Okur,29.0,UTA,5.0,72.0,72.0,2409.0,17.5,0.592,0.227,0.376,6.1,21.5,13.8,8.1,1.2,1.7,11.3,21.7,4.5,2.9,7.4,0.148,1.6,-0.3,1.3,2.0,,2009.0,0
Kelenna Azubuike,25.0,GSW,3.0,74.0,51.0,2375.0,14.7,0.562,0.249,0.271,5.1,11.8,8.5,7.6,1.2,1.5,9.1,18.7,3.6,0.5,4.1,0.083,1.0,-1.5,-0.5,0.9,,2009.0,3
Mike Miller,28.0,MIN,3.0,73.0,47.0,2356.0,13.8,0.588,0.411,0.272,3.5,21.2,12.0,21.6,0.7,1.0,19.1,14.5,2.8,1.4,4.2,0.086,0.9,0.3,1.1,1.8,,2009.0,3
Stephen Jackson,30.0,GSW,3.0,59.0,59.0,2339.0,16.1,0.53,0.306,0.357,3.3,10.8,7.1,25.6,1.8,0.9,16.6,25.2,1.5,0.7,2.2,0.045,1.4,-1.7,-0.3,1.0,,2009.0,0
Michael Finley,35.0,SAS,3.0,81.0,77.0,2336.0,11.4,0.547,0.463,0.09,1.3,12.3,6.9,7.7,0.9,0.5,7.8,16.1,1.6,2.8,4.4,0.091,-0.4,0.0,-0.4,1.0,,2009.0,3
José Calderón,27.0,TOR,1.0,68.0,68.0,2333.0,18.8,0.613,0.314,0.239,0.8,8.9,4.9,41.0,1.7,0.2,16.7,16.9,6.2,1.3,7.5,0.154,3.2,-0.4,2.8,2.8,,2009.0,0
Lamar Odom,29.0,LAL,4.0,78.0,32.0,2316.0,16.6,0.542,0.147,0.366,8.7,22.2,15.5,12.8,1.7,3.3,14.5,18.1,2.7,4.2,6.9,0.143,0.4,1.6,2.0,2.4,6MOY-4,2009.0,4
Raja Bell,32.0,2TM,2.0,67.0,66.0,2315.0,10.7,0.548,0.396,0.149,2.2,10.5,6.4,10.1,1.1,0.3,10.6,16.3,2.0,1.6,3.6,0.074,-0.9,-0.4,-1.3,0.4,DPOY-12,2009.0,3
Raja Bell,32.0,CHA,2.0,45.0,44.0,1603.0,11.7,0.541,0.349,0.16,2.6,11.2,6.9,12.2,1.3,0.3,11.1,18.0,1.3,1.5,2.8,0.083,-0.9,-0.1,-1.0,0.4,,2009.0,1
Anderson Varejão,26.0,CLE,4.0,81.0,42.0,2306.0,14.6,0.565,0.004,0.496,8.9,20.6,15.0,5.4,1.8,2.3,11.5,14.2,3.3,4.7,8.0,0.166,-1.0,1.6,0.6,1.5,DPOY-13,2009.0,4
Jason Thompson,22.0,SAC,4.0,82.0,56.0,2303.0,13.9,0.54,0.011,0.399,11.8,19.0,15.4,6.8,1.0,1.9,14.8,19.3,1.8,0.9,2.7,0.057,-2.0,-2.2,-4.2,-1.3,,2009.0,2
Paul Millsap,23.0,UTA,4.0,76.0,38.0,2290.0,18.6,0.576,0.005,0.435,13.1,21.0,17.0,9.8,1.8,2.5,12.6,20.0,4.5,3.3,7.7,0.162,0.7,0.3,1.1,1.8,6MOY-17,2009.0,4
Richard Hamilton,30.0,DET,2.0,67.0,51.0,2279.0,16.9,0.529,0.182,0.252,2.3,8.6,5.4,23.9,1.0,0.1,10.3,27.0,3.1,1.4,4.5,0.095,1.5,-1.3,0.1,1.2,,2009.0,0
Carmelo Anthony,24.0,DEN,3.0,66.0,66.0,2277.0,19.0,0.532,0.141,0.388,5.6,17.0,11.5,18.1,1.7,0.8,12.3,31.5,2.4,2.6,5.0,0.105,1.5,-1.0,0.5,1.5,NBA3,2009.0,0
Beno Udrih,26.0,SAC,1.0,73.0,72.0,2270.0,12.3,0.525,0.162,0.216,2.4,9.0,5.7,24.7,1.8,0.4,17.2,18.2,1.0,0.2,1.2,0.026,-1.6,-1.5,-3.1,-0.6,,2009.0,5
Spencer Hawes,20.0,SAC,5.0,77.0,51.0,2259.0,13.0,0.509,0.144,0.17,7.6,20.9,14.2,11.3,1.0,3.1,15.7,20.2,-0.4,1.2,0.8,0.016,-1.9,-1.1,-3.0,-0.6,,2009.0,2
T.J. Ford,25.0,IND,1.0,74.0,49.0,2258.0,16.6,0.533,0.114,0.308,2.9,9.8,6.3,27.6,2.0,0.5,14.8,23.5,2.6,1.7,4.3,0.092,0.5,-0.3,0.3,1.3,,2009.0,0
Kendrick Perkins,24.0,BOS,5.0,76.0,76.0,2253.0,13.2,0.591,0.004,0.335,11.5,21.4,16.7,6.5,0.5,5.3,23.1,14.8,1.1,4.5,5.6,0.119,-1.8,1.9,0.1,1.2,,2009.0,4
Shaquille O'Neal,36.0,PHO,5.0,75.0,75.0,2252.0,22.3,0.623,0.001,0.617,10.1,22.3,16.4,8.9,1.1,3.5,13.6,24.2,5.6,2.2,7.8,0.166,1.9,-0.3,1.7,2.1,"AS,NBA3",2009.0,4
Baron Davis,29.0,LAC,1.0,65.0,60.0,2248.0,14.5,0.46,0.342,0.219,2.3,10.2,6.1,38.1,2.5,1.2,15.5,25.2,-0.9,1.5,0.6,0.013,0.0,-0.8,-0.8,0.7,,2009.0,5
Travis Outlaw,24.0,POR,3.0,81.0,6.0,2246.0,15.1,0.541,0.278,0.285,3.8,14.6,9.1,6.3,1.2,2.0,8.9,22.0,3.0,2.3,5.3,0.113,0.6,-0.4,0.2,1.2,6MOY-5,2009.0,4
J.R. Smith,23.0,DEN,2.0,81.0,18.0,2245.0,16.8,0.576,0.477,0.286,2.3,12.8,7.7,17.3,1.8,0.5,12.3,24.2,3.6,2.2,5.8,0.124,2.6,-0.3,2.2,2.4,6MOY-2,2009.0,3
Al Horford,22.0,ATL,5.0,67.0,67.0,2242.0,17.0,0.565,0.002,0.345,7.6,25.0,16.3,11.9,1.3,3.3,13.1,16.4,3.3,3.5,6.8,0.145,0.2,1.5,1.7,2.1,,2009.0,2
Nate Robinson,24.0,NYK,1.0,74.0,11.0,2209.0,18.9,0.549,0.375,0.288,4.7,9.8,7.2,22.9,2.1,0.2,10.7,25.6,4.4,1.5,5.9,0.128,2.5,-0.1,2.4,2.4,6MOY-3,2009.0,3
Steve Blake,28.0,POR,1.0,69.0,69.0,2188.0,14.4,0.557,0.507,0.116,1.6,8.4,4.9,25.1,1.7,0.1,13.7,17.0,4.1,1.7,5.8,0.128,1.7,-0.2,1.5,1.9,,2009.0,5
Tyrus Thomas,22.0,CHI,4.0,79.0,61.0,2175.0,15.9,0.525,0.013,0.445,7.8,18.9,13.4,5.5,2.2,5.1,13.6,19.4,1.2,3.4,4.6,0.101,-1.5,1.5,0.0,1.1,,2009.0,2
Ramon Sessions,22.0,MIL,1.0,79.0,39.0,2173.0,17.6,0.525,0.044,0.457,3.3,11.7,7.3,34.6,2.0,0.3,14.0,22.4,3.5,2.1,5.6,0.123,1.4,0.1,1.6,1.9,,2009.0,2
Delonte West,25.0,CLE,2.0,64.0,64.0,2152.0,14.1,0.559,0.365,0.173,1.8,9.2,5.6,16.6,2.4,0.5,12.0,16.7,3.0,3.4,6.4,0.142,0.1,1.7,1.7,2.0,,2009.0,5
James Posey,32.0,NOH,2.0,75.0,0.0,2140.0,10.8,0.568,0.599,0.279,2.2,18.3,10.2,6.0,1.5,0.8,11.8,15.0,1.7,2.6,4.2,0.095,-1.3,0.4,-1.0,0.6,6MOY-16,2009.0,3
Rasheed Wallace,34.0,DET,5.0,66.0,63.0,2123.0,14.9,0.52,0.443,0.14,3.1,24.6,13.7,7.1,1.6,3.1,7.2,18.5,1.6,3.4,5.1,0.114,0.4,1.6,2.0,2.1,,2009.0,1
Luc Mbah a Moute,22.0,MIL,4.0,82.0,52.0,2114.0,12.3,0.516,0.008,0.391,10.1,17.4,13.6,6.3,2.1,1.8,14.8,14.3,1.2,2.8,4.0,0.092,-1.6,0.8,-0.8,0.6,,2009.0,2
Kenyon Martin,31.0,DEN,4.0,66.0,66.0,2111.0,13.6,0.523,0.059,0.304,4.6,16.8,10.9,10.0,2.3,2.7,12.4,17.7,0.9,3.1,4.0,0.09,-1.2,1.5,0.3,1.2,,2009.0,5
Brad Miller,32.0,2TM,5.0,70.0,43.0,2100.0,16.7,0.566,0.091,0.443,8.3,21.9,15.0,17.9,1.3,1.3,15.1,18.4,3.6,1.5,5.1,0.117,1.0,0.1,1.1,1.6,,2009.0,4
Brad Miller,32.0,SAC,5.0,43.0,43.0,1354.0,15.7,0.562,0.111,0.402,7.1,22.7,14.8,17.8,1.1,1.3,15.4,17.9,1.9,0.6,2.6,0.091,0.7,-0.2,0.5,0.8,,2009.0,4
Charlie Villanueva,24.0,MIL,4.0,78.0,47.0,2095.0,18.6,0.529,0.237,0.22,8.3,21.6,14.7,12.4,1.2,2.2,10.4,28.5,2.2,2.7,4.9,0.112,1.6,-0.6,1.1,1.6,,2009.0,4
Sebastian Telfair,23.0,MIN,1.0,75.0,43.0,2095.0,10.8,0.481,0.303,0.23,1.7,5.5,3.5,26.1,1.8,0.4,16.0,19.6,0.0,0.8,0.8,0.019,-2.0,-1.4,-3.4,-0.7,,2009.0,3
Marvin Williams,22.0,ATL,3.0,61.0,59.0,2093.0,16.0,0.569,0.249,0.439,6.2,15.2,10.7,6.3,1.5,1.4,8.6,18.2,3.9,2.2,6.1,0.14,1.0,-0.2,0.8,1.5,,2009.0,2
Allen Iverson,33.0,2TM,2.0,57.0,53.0,2093.0,15.8,0.504,0.119,0.416,1.7,8.2,4.9,23.1,2.3,0.2,12.9,25.7,0.9,1.9,2.9,0.066,0.2,0.0,0.2,1.1,AS,2009.0,0
Allen Iverson,33.0,DET,1.0,54.0,50.0,1970.0,15.9,0.502,0.115,0.406,1.6,8.4,5.0,23.0,2.4,0.2,12.7,25.9,0.8,1.9,2.7,0.065,0.1,0.1,0.2,1.1,,2009.0,0
Peja Stojaković,31.0,NOH,3.0,61.0,59.0,2089.0,12.5,0.531,0.534,0.145,2.6,12.7,7.6,6.0,1.4,0.1,6.3,18.8,1.9,1.9,3.8,0.087,0.2,-1.0,-0.7,0.7,,2009.0,1
Matt Barnes,28.0,PHO,4.0,77.0,40.0,2082.0,12.6,0.537,0.506,0.202,4.6,18.5,11.8,14.2,1.2,0.9,15.0,18.3,1.6,1.4,3.0,0.069,0.2,-0.7,-0.4,0.8,,2009.0,3
Keyon Dooling,28.0,NJN,1.0,77.0,18.0,2074.0,13.6,0.562,0.393,0.258,1.4,7.6,4.5,21.3,1.8,0.3,13.6,17.4,2.8,0.9,3.7,0.085,0.2,-0.7,-0.5,0.7,,2009.0,3
Dominic McGuire,23.0,WAS,3.0,79.0,57.0,2072.0,10.8,0.483,0.012,0.315,6.2,18.4,12.1,13.8,1.6,2.9,20.0,10.1,0.5,1.3,1.7,0.04,-1.8,0.7,-1.1,0.5,,2009.0,4
Jamario Moon,28.0,2TM,3.0,80.0,60.0,2068.0,13.3,0.567,0.386,0.169,3.3,17.5,10.4,7.0,2.2,2.3,7.8,12.4,2.4,2.5,4.9,0.114,0.0,1.7,1.7,1.9,,2009.0,3
Jamario Moon,28.0,TOR,3.0,54.0,39.0,1379.0,14.2,0.569,0.347,0.205,4.1,16.9,10.6,7.7,2.5,2.5,8.2,12.6,1.7,1.7,3.4,0.119,0.5,2.2,2.7,1.6,,2009.0,5
Kevin Love,20.0,MIN,5.0,81.0,37.0,2048.0,18.3,0.538,0.028,0.488,15.1,27.3,21.0,6.8,0.9,1.9,12.4,21.0,3.4,1.9,5.3,0.124,0.4,-1.6,-1.1,0.4,ROY-6,2009.0,2
Samuel Dalembert,27.0,PHI,5.0,82.0,82.0,2036.0,13.2,0.535,0.005,0.286,12.5,28.9,20.6,1.4,0.9,5.8,19.3,13.6,0.5,3.5,4.0,0.095,-2.9,0.8,-2.1,0.0,,2009.0,4
Luke Ridnour,27.0,MIL,1.0,72.0,50.0,2033.0,12.9,0.5,0.253,0.246,1.8,11.3,6.3,28.2,2.3,0.7,15.7,18.0,1.2,2.2,3.4,0.081,-1.0,0.9,0.0,1.0,,2009.0,5
Shane Battier,30.0,HOU,2.0,60.0,59.0,2031.0,10.7,0.568,0.669,0.189,3.1,12.9,8.2,10.0,1.3,1.9,11.3,9.9,2.3,2.9,5.2,0.123,0.1,1.9,2.0,2.0,"DPOY-4,DEF2",2009.0,3
Hakim Warrick,26.0,MEM,4.0,82.0,7.0,2029.0,16.9,0.554,0.033,0.54,7.7,17.0,12.3,5.9,1.3,1.6,10.3,22.0,3.0,1.7,4.7,0.111,0.2,-0.9,-0.7,0.7,6MOY-17,2009.0,4
Jermaine O'Neal,30.0,2TM,5.0,68.0,61.0,2027.0,15.4,0.522,0.001,0.288,7.4,17.8,12.6,10.3,0.8,5.3,14.2,23.2,0.2,2.3,2.6,0.06,-1.8,0.3,-1.5,0.3,,2009.0,4
Michael Beasley,20.0,MIA,4.0,81.0,19.0,2009.0,17.2,0.528,0.085,0.252,6.5,19.8,13.1,7.7,1.1,1.5,10.2,27.7,1.2,2.2,3.4,0.081,-0.2,-1.5,-1.7,0.1,"ROY-7,6MOY-17",2009.0,2
Trevor Ariza,23.0,LAL,3.0,82.0,20.0,1999.0,15.5,0.544,0.32,0.284,6.4,13.4,10.0,10.4,3.5,0.9,11.5,16.6,2.5,3.5,6.1,0.146,0.2,2.2,2.4,2.3,"DPOY-16,6MOY-17",2009.0,5
Aaron Brooks,24.0,HOU,1.0,80.0,35.0,1998.0,12.9,0.521,0.395,0.22,2.0,7.0,4.6,20.2,1.2,0.3,12.7,22.9,1.4,2.2,3.6,0.086,-0.3,-0.6,-0.9,0.6,,2009.0,3
Rudy Fernández,23.0,POR,2.0,78.0,4.0,1993.0,15.5,0.588,0.632,0.227,2.9,10.1,6.4,12.7,1.9,0.5,11.0,18.4,4.3,1.8,6.1,0.147,2.6,0.4,3.0,2.5,ROY-9,2009.0,3
Andrés Nocioni,29.0,2TM,4.0,76.0,18.0,1991.0,12.2,0.555,0.444,0.261,3.1,17.8,10.5,8.3,1.0,1.2,12.6,20.1,1.4,1.4,2.8,0.068,-1.0,-0.9,-1.9,0.0,,2009.0,3
Andrés Nocioni,29.0,CHI,4.0,53.0,2.0,1278.0,11.4,0.547,0.465,0.276,3.1,16.8,9.9,7.4,1.0,0.9,12.7,20.1,0.8,1.1,1.9,0.072,-1.5,-0.6,-2.1,0.0,,2009.0,1
Ronald Murray,29.0,ATL,2.0,80.0,2.0,1975.0,14.7,0.543,0.304,0.293,1.3,8.7,5.0,14.0,2.4,0.7,12.5,24.3,1.2,2.0,3.1,0.076,-0.6,0.1,-0.5,0.8,6MOY-7,2009.0,3
Francisco García,27.0,SAC,3.0,65.0,36.0,1975.0,14.1,0.554,0.332,0.268,3.3,9.6,6.4,12.6,2.1,2.5,13.1,19.4,1.7,0.7,2.4,0.058,0.1,-0.5,-0.3,0.8,,2009.0,5
Joel Przybilla,29.0,POR,5.0,82.0,43.0,1952.0,15.4,0.652,0.004,0.628,12.8,33.1,22.8,2.0,1.0,3.9,18.5,10.2,3.2,3.4,6.6,0.163,-0.3,1.2,0.9,1.4,DPOY-16,2009.0,4
Amar'e Stoudemire,26.0,PHO,4.0,53.0,53.0,1948.0,20.3,0.617,0.009,0.517,7.2,18.1,12.9,8.3,1.3,2.1,14.0,24.2,4.6,1.4,6.1,0.149,1.9,-0.3,1.7,1.8,AS,2009.0,4
Kevin Martin,25.0,SAC,2.0,51.0,46.0,1947.0,19.2,0.601,0.342,0.65,1.7,9.3,5.5,12.3,1.6,0.3,12.3,27.4,4.7,0.1,4.7,0.117,3.0,-2.4,0.5,1.3,,2009.0,0
Courtney Lee,23.0,ORL,2.0,77.0,42.0,1939.0,10.7,0.556,0.376,0.174,1.1,9.1,5.2,7.6,2.0,0.5,10.6,15.5,1.3,3.1,4.4,0.108,-2.1,1.9,-0.1,0.9,ROY-11,2009.0,3
Joakim Noah,23.0,CHI,5.0,80.0,55.0,1938.0,16.5,0.594,0.003,0.489,14.5,21.3,17.9,8.1,1.3,4.1,15.4,12.3,3.8,2.7,6.4,0.159,0.1,1.1,1.1,1.5,,2009.0,4
Matt Bonner,28.0,SAS,4.0,81.0,67.0,1928.0,15.0,0.611,0.5,0.043,6.1,17.6,11.9,6.8,1.3,1.0,6.3,14.6,3.8,3.0,6.8,0.169,1.1,1.0,2.1,2.0,,2009.0,3
Marcus Camby,34.0,LAC,5.0,62.0,55.0,1925.0,18.7,0.556,0.008,0.367,9.4,32.7,20.7,10.8,1.4,5.1,13.9,15.8,2.3,2.9,5.2,0.129,0.4,1.8,2.2,2.0,DPOY-16,2009.0,4
Lou Williams,22.0,PHI,2.0,81.0,0.0,1919.0,16.3,0.513,0.261,0.456,2.2,8.1,5.2,21.6,2.4,0.6,13.0,27.7,1.6,1.7,3.4,0.085,1.0,-0.5,0.6,1.3,6MOY-10,2009.0,2
D.J. Augustin,21.0,CHA,1.0,72.0,12.0,1908.0,14.9,0.587,0.396,0.375,1.1,7.5,4.3,22.6,1.2,0.1,14.1,20.8,3.6,1.5,5.1,0.128,1.4,-0.5,0.9,1.4,,2009.0,2
Quentin Richardson,28.0,NYK,2.0,72.0,51.0,1894.0,11.6,0.51,0.493,0.175,4.0,14.8,9.2,9.4,1.2,0.3,9.3,18.2,1.0,1.1,2.1,0.054,-0.4,-0.8,-1.2,0.4,,2009.0,1
C.J. Watson,24.0,GSW,1.0,77.0,18.0,1883.0,14.2,0.564,0.214,0.343,2.3,8.8,5.5,16.2,2.5,0.1,12.5,16.8,2.7,0.6,3.3,0.084,-0.5,-0.1,-0.5,0.7,,2009.0,3
Kyle Korver,27.0,UTA,3.0,78.0,2.0,1874.0,12.1,0.572,0.477,0.227,2.2,14.2,8.2,11.1,1.3,1.3,12.8,16.9,1.9,1.8,3.7,0.095,0.0,0.1,0.1,1.0,,2009.0,3
Antonio McDyess,34.0,DET,4.0,62.0,30.0,1866.0,16.6,0.529,0.0,0.164,11.6,27.2,19.3,7.3,1.2,2.1,8.3,15.7,2.8,2.8,5.6,0.144,0.0,0.4,0.5,1.2,,2009.0,4
Andris Biedriņš,22.0,GSW,5.0,62.0,58.0,1863.0,19.1,0.585,0.002,0.405,13.0,27.4,20.2,10.0,1.7,3.6,14.9,16.9,3.3,2.1,5.4,0.139,0.9,0.4,1.3,1.5,,2009.0,2
Maurice Evans,30.0,ATL,3.0,80.0,25.0,1840.0,11.1,0.558,0.515,0.151,5.6,9.9,7.7,4.6,1.5,0.4,7.7,14.2,2.3,1.5,3.8,0.099,-0.4,-0.4,-0.8,0.6,,2009.0,3
Nick Young,23.0,WAS,2.0,82.0,5.0,1837.0,13.1,0.53,0.217,0.255,1.9,7.8,4.8,9.0,1.1,0.9,9.9,23.1,1.2,-0.1,1.2,0.03,-0.9,-2.5,-3.3,-0.6,,2009.0,3
Erick Dampier,33.0,DAL,5.0,80.0,80.0,1836.0,15.7,0.664,0.0,0.504,13.6,21.6,17.7,6.1,0.7,3.8,17.8,10.4,3.9,2.3,6.1,0.161,0.0,0.6,0.6,1.2,,2009.0,4
Al Jefferson,24.0,MIN,5.0,50.0,50.0,1836.0,23.1,0.532,0.004,0.258,10.6,24.9,17.5,8.8,1.1,3.5,7.8,28.9,2.9,2.0,4.9,0.128,3.2,-0.6,2.6,2.1,,2009.0,0
Daequan Cook,21.0,MIA,3.0,75.0,4.0,1833.0,10.3,0.512,0.612,0.087,1.2,11.2,6.2,6.2,1.1,0.4,5.9,18.2,0.9,1.3,2.2,0.056,-0.8,-1.4,-2.1,0.0,,2009.0,2
Jarvis Hayes,27.0,NJN,3.0,74.0,1.0,1832.0,10.8,0.537,0.423,0.09,1.7,15.8,8.7,4.9,1.5,0.3,7.6,16.6,1.0,1.2,2.1,0.055,-1.4,-0.8,-2.2,-0.1,,2009.0,1
Jason Kapono,27.0,TOR,2.0,80.0,12.0,1831.0,8.9,0.525,0.379,0.07,1.7,8.7,5.2,9.1,0.6,0.1,10.1,17.4,0.3,0.5,0.8,0.021,-1.9,-1.4,-3.2,-0.6,6MOY-15,2009.0,3
Nick Collison,28.0,OKC,5.0,71.0,40.0,1831.0,14.8,0.599,0.005,0.318,11.2,19.7,15.4,5.8,1.4,2.0,13.0,13.5,3.0,2.0,5.0,0.13,-1.5,0.3,-1.2,0.4,,2009.0,4
Andrei Kirilenko,27.0,UTA,4.0,67.0,10.0,1831.0,16.8,0.549,0.128,0.546,5.5,15.3,10.4,14.7,2.3,3.3,14.6,20.3,2.0,2.6,4.6,0.122,0.9,1.7,2.6,2.2,6MOY-9,2009.0,0
Willie Green,27.0,PHI,2.0,81.0,60.0,1828.0,11.1,0.493,0.245,0.129,1.9,6.4,4.1,14.4,1.5,0.6,8.4,18.9,1.1,1.2,2.3,0.06,-1.7,-0.4,-2.1,0.0,,2009.0,3
Jeff Foster,32.0,IND,5.0,74.0,26.0,1828.0,13.0,0.542,0.02,0.414,12.8,17.8,15.3,9.9,1.4,2.0,17.4,12.0,2.3,1.9,4.2,0.111,-1.2,0.6,-0.6,0.7,,2009.0,4
Linas Kleiza,24.0,DEN,3.0,82.0,7.0,1824.0,13.2,0.552,0.413,0.316,6.0,14.5,10.4,5.7,0.9,0.6,10.0,20.0,2.1,1.5,3.6,0.095,0.0,-1.5,-1.5,0.2,,2009.0,3
Brandon Rush,23.0,IND,2.0,75.0,19.0,1803.0,9.0,0.505,0.363,0.115,2.1,12.3,7.1,5.4,1.0,1.5,11.0,16.4,-0.4,1.3,0.9,0.024,-2.1,-0.7,-2.8,-0.3,,2009.0,3
Daniel Gibson,22.0,CLE,1.0,75.0,0.0,1795.0,10.1,0.519,0.537,0.163,2.1,7.9,5.1,11.3,1.3,0.7,9.7,16.5,1.5,2.3,3.8,0.101,-1.4,0.3,-1.0,0.4,,2009.0,2
Anthony Carter,33.0,DEN,1.0,78.0,5.0,1787.0,10.8,0.49,0.228,0.202,2.7,10.4,6.7,29.9,2.7,0.6,26.9,14.3,-0.3,2.1,1.8,0.047,-2.0,0.8,-1.3,0.3,,2009.0,5
Charlie Bell,29.0,MIL,2.0,70.0,23.0,1783.0,9.8,0.525,0.458,0.153,2.0,7.1,4.4,13.3,1.5,0.3,12.0,16.0,0.9,1.2,2.2,0.059,-1.4,-0.3,-1.7,0.2,,2009.0,1
Earl Watson,29.0,OKC,1.0,68.0,18.0,1776.0,9.5,0.448,0.188,0.234,2.3,9.7,5.9,33.4,1.4,0.5,23.8,16.3,-1.2,1.1,-0.2,-0.005,-3.2,-1.4,-4.6,-1.2,,2009.0,5
Kevin Garnett,32.0,BOS,4.0,57.0,57.0,1772.0,21.2,0.563,0.011,0.178,5.6,26.7,16.6,14.7,1.9,3.1,10.1,23.4,3.0,4.1,7.1,0.193,2.8,3.0,5.7,3.5,"DPOY-8,AS,DEF1",2009.0,0
Zydrunas Ilgauskas,33.0,CLE,5.0,65.0,65.0,1765.0,18.0,0.523,0.054,0.24,11.0,21.6,16.5,6.4,0.9,3.8,10.1,23.8,2.1,3.5,5.6,0.151,-0.4,0.1,-0.3,0.8,,2009.0,4
Zach Randolph,27.0,2TM,4.0,50.0,45.0,1757.0,19.7,0.531,0.111,0.279,9.9,23.2,16.3,11.5,1.3,0.7,10.4,28.1,1.7,1.4,3.0,0.083,1.7,-1.6,0.1,0.9,,2009.0,0
Bobby Simmons,28.0,NJN,3.0,71.0,44.0,1729.0,12.0,0.596,0.594,0.132,4.9,14.3,9.5,8.5,1.5,0.5,11.7,14.3,2.4,1.0,3.4,0.095,0.3,-0.4,0.0,0.8,,2009.0,1
Leandro Barbosa,26.0,PHO,2.0,70.0,11.0,1705.0,19.4,0.588,0.316,0.256,2.4,9.7,6.2,14.9,2.4,0.3,9.9,24.2,4.0,1.0,5.0,0.141,2.4,-0.4,1.9,1.7,6MOY-10,2009.0,3
Andray Blatche,22.0,WAS,5.0,71.0,36.0,1703.0,15.0,0.508,0.033,0.257,8.5,17.9,13.0,11.8,1.6,3.5,14.3,21.9,0.2,1.2,1.4,0.039,-1.8,-0.3,-2.0,0.0,,2009.0,2
Marquis Daniels,28.0,IND,3.0,54.0,43.0,1700.0,12.8,0.491,0.131,0.187,5.1,11.0,8.0,10.7,1.8,1.1,11.2,21.5,-0.1,1.4,1.3,0.037,-1.6,-0.3,-1.9,0.0,,2009.0,1
Ronny Turiaf,26.0,GSW,5.0,79.0,26.0,1696.0,14.5,0.559,0.008,0.339,5.7,17.4,11.6,13.9,1.0,6.9,14.3,12.4,2.2,1.4,3.6,0.101,-1.1,2.3,1.2,1.4,DPOY-15,2009.0,4
Kyle Lowry,22.0,2TM,1.0,77.0,21.0,1679.0,14.4,0.547,0.226,0.521,1.9,11.6,6.8,26.4,2.2,0.8,18.0,18.1,1.8,1.8,3.6,0.103,-0.7,0.8,0.2,0.9,,2009.0,2
Kyle Lowry,22.0,MEM,1.0,49.0,21.0,1071.0,14.1,0.54,0.254,0.592,1.5,11.4,6.4,26.9,2.4,0.6,18.7,18.4,0.9,0.9,1.8,0.081,-0.9,0.2,-0.7,0.3,,2009.0,2
Luol Deng,23.0,CHI,3.0,49.0,46.0,1665.0,14.7,0.511,0.034,0.323,5.5,14.7,10.1,9.0,1.9,1.1,9.6,20.0,1.3,1.6,3.0,0.085,-0.3,-0.1,-0.4,0.7,,2009.0,1
Josh Howard,28.0,DAL,3.0,52.0,51.0,1663.0,17.0,0.532,0.215,0.281,4.1,14.0,9.1,8.6,1.7,1.3,9.2,26.7,1.5,1.7,3.2,0.091,0.7,-0.7,0.0,0.8,,2009.0,0
Mike James,33.0,2TM,1.0,61.0,50.0,1649.0,9.7,0.483,0.358,0.16,1.7,7.9,4.7,19.1,1.4,0.3,14.6,17.8,-0.2,0.0,-0.1,-0.004,-2.1,-1.9,-3.9,-0.8,,2009.0,5
Mike James,33.0,WAS,1.0,53.0,50.0,1575.0,9.9,0.487,0.368,0.164,1.7,7.8,4.7,19.2,1.4,0.3,14.8,17.8,-0.1,0.0,-0.1,-0.003,-1.9,-1.9,-3.8,-0.7,,2009.0,5
Glen Davis,23.0,BOS,5.0,76.0,16.0,1637.0,10.7,0.502,0.011,0.396,9.4,12.8,11.2,6.5,1.7,0.9,11.8,17.1,1.0,2.7,3.7,0.108,-2.9,0.7,-2.2,0.0,,2009.0,4
C.J. Miles,21.0,UTA,2.0,72.0,72.0,1623.0,11.8,0.546,0.319,0.158,3.3,9.0,6.1,10.4,1.5,0.7,9.6,18.4,1.6,1.3,2.9,0.086,-1.1,-0.4,-1.6,0.2,,2009.0,2
J.J. Barea,24.0,DAL,2.0,79.0,15.0,1600.0,13.4,0.516,0.276,0.167,2.6,10.0,6.4,26.4,1.2,0.2,14.9,20.2,1.2,1.0,2.2,0.066,-0.4,-1.1,-1.5,0.2,,2009.0,3
Corey Maggette,29.0,GSW,4.0,51.0,19.0,1588.0,16.9,0.582,0.15,0.655,3.4,16.0,9.7,9.2,1.4,0.3,12.8,25.2,2.8,0.6,3.3,0.1,-0.2,-1.8,-2.0,0.0,6MOY-10,2009.0,4
Brandon Bass,23.0,DAL,5.0,81.0,0.0,1574.0,16.4,0.571,0.012,0.413,9.5,17.2,13.4,4.3,0.9,2.6,12.5,20.0,2.5,1.6,4.1,0.124,-0.7,-0.8,-1.5,0.2,,2009.0,4
Antoine Wright,24.0,DAL,3.0,65.0,53.0,1552.0,8.6,0.501,0.346,0.22,2.3,7.7,5.0,7.4,1.6,1.3,10.3,15.6,0.3,1.2,1.4,0.044,-3.4,-0.1,-3.5,-0.6,,2009.0,1
Joey Graham,26.0,TOR,3.0,78.0,10.0,1541.0,11.9,0.542,0.033,0.333,7.3,14.9,11.1,5.0,1.2,0.6,11.9,18.7,1.1,1.1,2.2,0.068,-2.6,-0.9,-3.5,-0.6,,2009.0,4
Wally Szczerbiak,31.0,CLE,3.0,74.0,5.0,1527.0,12.1,0.581,0.422,0.266,3.5,14.2,9.0,8.3,1.0,0.5,11.0,15.4,2.3,2.2,4.5,0.14,-0.2,0.3,0.1,0.8,,2009.0,1
Darius Songaila,30.0,WAS,5.0,77.0,29.0,1521.0,13.9,0.57,0.002,0.197,5.6,12.1,8.8,10.3,2.2,1.1,13.0,17.1,1.8,0.7,2.4,0.076,-1.7,-0.2,-2.0,0.0,,2009.0,4
Anthony Morrow,23.0,GSW,2.0,67.0,17.0,1515.0,14.7,0.588,0.345,0.172,5.6,8.7,7.1,8.2,1.2,0.5,8.3,17.7,3.0,0.0,3.0,0.096,1.7,-1.9,-0.2,0.7,,2009.0,1
Bruce Bowen,37.0,SAS,3.0,80.0,10.0,1506.0,5.4,0.539,0.524,0.139,1.3,10.1,5.7,3.7,1.3,0.6,11.2,7.2,0.3,1.9,2.2,0.07,-4.0,1.7,-2.3,-0.1,,2009.0,3
Fred Jones,29.0,LAC,3.0,52.0,21.0,1495.0,10.4,0.536,0.464,0.256,1.7,8.2,4.9,19.1,1.8,0.5,15.8,12.8,1.1,0.5,1.6,0.052,-2.3,-0.4,-2.7,-0.3,,2009.0,5
Bobby Jackson,35.0,SAC,1.0,71.0,10.0,1484.0,12.4,0.502,0.406,0.208,3.3,12.5,7.9,15.5,2.1,0.2,11.1,18.0,0.8,0.4,1.2,0.038,-0.9,-0.9,-1.8,0.1,,2009.0,5
Anthony Johnson,34.0,ORL,1.0,80.0,12.0,1481.0,10.3,0.505,0.349,0.213,2.3,8.8,5.6,21.2,1.6,0.2,16.4,15.5,0.7,2.1,2.8,0.091,-1.9,1.1,-0.8,0.4,,2009.0,3
Eddie House,30.0,BOS,1.0,81.0,0.0,1479.0,15.4,0.592,0.607,0.095,0.9,11.5,6.5,10.3,2.2,0.4,8.6,20.1,2.5,2.4,4.9,0.158,2.3,1.2,3.5,2.0,6MOY-13,2009.0,3
Larry Hughes,30.0,2TM,3.0,55.0,20.0,1479.0,13.4,0.515,0.346,0.26,1.2,11.0,6.0,12.6,2.5,0.7,10.3,20.6,0.8,1.3,2.1,0.07,-0.9,0.4,-0.5,0.6,,2009.0,5
Zaza Pachulia,24.0,ATL,5.0,77.0,26.0,1473.0,14.1,0.571,0.009,0.719,13.8,20.9,17.4,6.0,1.3,1.4,17.8,16.3,2.0,1.9,3.9,0.127,-1.9,-0.6,-2.6,-0.2,,2009.0,4
Carl Landry,25.0,HOU,4.0,69.0,0.0,1467.0,17.7,0.634,0.007,0.462,10.3,16.7,13.6,4.6,0.9,1.5,11.9,18.1,3.7,2.2,5.9,0.193,0.3,0.4,0.7,1.0,,2009.0,4
Darrell Arthur,20.0,MEM,4.0,76.0,64.0,1464.0,11.3,0.456,0.005,0.138,8.9,20.3,14.5,5.0,1.9,2.9,9.2,16.3,-0.1,1.8,1.7,0.055,-3.5,0.1,-3.4,-0.5,,2009.0,2
Craig Smith,25.0,MIN,4.0,74.0,31.0,1460.0,16.9,0.599,0.002,0.482,7.6,15.5,11.4,9.7,1.1,1.0,14.4,22.5,2.3,0.8,3.1,0.104,0.0,-0.6,-0.6,0.5,,2009.0,4
Chris Andersen,30.0,DEN,5.0,71.0,1.0,1460.0,18.1,0.608,0.034,0.62,13.4,21.6,17.6,3.2,1.4,9.3,15.7,13.4,2.5,2.8,5.4,0.176,-0.3,2.4,2.2,1.5,"DPOY-9,6MOY-8",2009.0,4
Nicolas Batum,20.0,POR,3.0,79.0,76.0,1454.0,12.9,0.555,0.465,0.144,7.0,11.8,9.4,7.8,1.9,2.2,11.5,14.0,2.1,1.6,3.7,0.123,0.4,1.0,1.4,1.2,ROY-13,2009.0,2
Thabo Sefolosha,24.0,2TM,3.0,66.0,36.0,1453.0,12.1,0.5,0.244,0.204,4.2,14.9,9.6,11.4,2.7,2.3,14.1,13.8,0.4,1.8,2.2,0.074,-1.4,2.3,0.8,1.0,,2009.0,5
Thabo Sefolosha,24.0,CHI,3.0,43.0,14.0,735.0,11.7,0.503,0.275,0.137,4.1,15.0,9.6,13.1,2.5,1.9,16.1,14.0,0.1,0.9,1.0,0.067,-1.2,1.7,0.5,0.5,,2009.0,5
Andrew Bynum,21.0,LAL,5.0,50.0,50.0,1446.0,20.0,0.598,0.0,0.428,10.8,20.1,15.6,7.7,0.6,4.8,12.5,20.7,3.2,2.3,5.5,0.184,0.8,0.3,1.1,1.1,,2009.0,2
Tyson Chandler,26.0,NOH,5.0,45.0,45.0,1445.0,13.4,0.581,0.0,0.47,13.7,19.2,16.4,2.4,0.6,3.3,17.0,13.7,1.7,1.7,3.4,0.114,-1.6,-0.9,-2.5,-0.2,,2009.0,4
Vladimir Radmanović,28.0,2TM,3.0,78.0,31.0,1445.0,11.0,0.549,0.562,0.124,3.8,14.3,9.1,8.9,1.7,0.8,16.6,18.6,0.0,1.8,1.9,0.062,-0.6,-0.1,-0.7,0.5,,2009.0,3
Vladimir Radmanović,28.0,LAL,3.0,46.0,28.0,771.0,11.6,0.604,0.636,0.126,2.7,14.3,8.6,6.9,1.8,0.7,17.2,15.6,0.5,1.0,1.6,0.098,0.4,0.3,0.7,0.5,,2009.0,1
Dahntay Jones,28.0,DEN,2.0,79.0,71.0,1426.0,9.0,0.533,0.051,0.449,4.9,8.7,6.8,8.2,1.7,1.0,14.5,14.7,0.7,1.3,2.0,0.067,-3.2,0.3,-2.9,-0.3,,2009.0,3
Yi Jianlian,21.0,NJN,4.0,61.0,52.0,1421.0,10.9,0.474,0.28,0.246,5.5,22.0,13.7,7.0,1.1,2.1,11.2,20.5,-0.5,1.3,0.7,0.024,-2.7,-1.1,-3.8,-0.7,,2009.0,2
Jason Maxiell,25.0,DET,5.0,78.0,4.0,1408.0,15.8,0.58,0.003,0.494,14.0,13.2,13.7,2.8,1.0,3.5,10.4,14.7,2.6,1.5,4.1,0.141,-0.5,-0.2,-0.6,0.5,,2009.0,4
Kurt Thomas,36.0,SAS,4.0,79.0,10.0,1404.0,14.0,0.53,0.007,0.148,11.5,22.7,17.2,7.2,1.3,3.1,11.5,12.6,1.8,2.7,4.5,0.152,-1.9,1.6,-0.3,0.6,,2009.0,4
Kirk Hinrich,28.0,CHI,2.0,51.0,4.0,1339.0,13.9,0.551,0.403,0.205,1.4,9.1,5.3,22.7,2.5,1.0,16.0,18.1,1.3,1.3,2.6,0.092,0.0,0.9,0.9,1.0,6MOY-14,2009.0,5
Mickaël Piétrus,26.0,ORL,2.0,54.0,25.0,1329.0,11.6,0.538,0.523,0.258,3.8,10.9,7.5,8.0,1.2,1.3,10.6,18.4,1.0,2.0,3.0,0.108,-0.6,0.8,0.3,0.8,,2009.0,1
Greg Oden,21.0,POR,5.0,61.0,39.0,1314.0,18.1,0.599,0.0,0.644,15.7,24.5,20.0,3.9,1.1,4.2,16.2,19.3,2.6,2.0,4.6,0.167,-1.4,0.3,-1.1,0.3,,2009.0,2
Ben Wallace,34.0,CLE,4.0,56.0,53.0,1314.0,12.2,0.45,0.0,0.413,12.8,19.7,16.4,4.7,2.0,4.5,15.7,7.8,0.8,2.9,3.8,0.138,-0.8,2.4,1.6,1.2,,2009.0,4
Ryan Anderson,20.0,NJN,4.0,66.0,30.0,1312.0,13.6,0.532,0.464,0.285,9.3,19.0,14.1,6.4,1.8,1.2,12.1,18.6,1.3,1.2,2.5,0.09,-0.3,-0.9,-1.1,0.3,,2009.0,2
Jared Jeffries,27.0,NYK,3.0,56.0,36.0,1310.0,9.4,0.473,0.044,0.33,10.4,8.9,9.7,8.7,1.8,1.8,17.2,12.5,0.3,0.9,1.2,0.045,-3.1,0.4,-2.6,-0.2,,2009.0,4
Jameer Nelson,26.0,ORL,1.0,42.0,42.0,1309.0,20.6,0.612,0.341,0.183,1.8,10.5,6.2,32.1,2.0,0.2,12.6,23.2,3.9,2.1,6.0,0.22,3.4,1.7,5.1,2.3,AS,2009.0,0
Sasha Vujačić,24.0,LAL,2.0,80.0,0.0,1293.0,12.6,0.531,0.556,0.19,1.7,10.0,5.9,12.2,3.0,0.4,7.5,16.0,1.8,1.9,3.7,0.138,-1.2,2.0,0.8,0.9,,2009.0,5
Keith Bogans,28.0,2TM,2.0,65.0,15.0,1272.0,9.7,0.521,0.673,0.176,2.8,15.6,9.1,7.7,1.8,0.2,10.5,14.0,0.7,1.9,2.5,0.096,-1.4,1.0,-0.4,0.5,,2009.0,1
George Hill,22.0,SAS,1.0,77.0,7.0,1270.0,11.6,0.502,0.196,0.392,2.9,11.9,7.4,16.6,1.9,1.2,14.5,19.5,0.2,2.0,2.1,0.08,-3.3,1.6,-1.8,0.1,,2009.0,2
Drew Gooden,27.0,3TM,4.0,51.0,28.0,1264.0,16.3,0.526,0.008,0.308,10.4,22.6,16.6,6.3,1.2,1.0,11.7,23.5,1.1,1.6,2.7,0.102,-1.0,-0.8,-1.8,0.1,,2009.0,4
Marreese Speights,21.0,PHI,5.0,79.0,2.0,1263.0,17.9,0.543,0.016,0.263,11.6,16.3,13.9,4.2,1.1,3.6,7.6,21.9,2.4,1.5,3.8,0.146,-0.6,-0.8,-1.4,0.2,,2009.0,2
Tim Thomas,31.0,3TM,4.0,64.0,6.0,1247.0,12.2,0.555,0.432,0.276,3.7,14.6,9.0,8.6,1.2,0.6,12.5,19.9,0.9,0.8,1.7,0.065,-0.7,-0.7,-1.3,0.2,,2009.0,1
Arron Afflalo,23.0,DET,2.0,74.0,8.0,1234.0,8.9,0.548,0.357,0.237,2.8,10.1,6.4,5.5,1.3,0.8,11.5,14.5,0.8,1.0,1.8,0.069,-2.8,0.2,-2.6,-0.2,,2009.0,1
Leon Powe,25.0,BOS,4.0,70.0,7.0,1227.0,17.2,0.591,0.0,0.79,15.1,18.9,17.1,6.0,1.0,2.5,14.3,20.2,2.7,2.2,4.9,0.192,-0.5,0.2,-0.3,0.5,,2009.0,4
Sergio Rodríguez,22.0,POR,1.0,80.0,13.0,1225.0,12.5,0.491,0.347,0.234,4.3,9.0,6.6,35.6,2.4,0.1,24.7,18.5,0.5,1.2,1.7,0.068,-0.9,-0.5,-1.4,0.2,,2009.0,5
Von Wafer,23.0,HOU,2.0,63.0,11.0,1225.0,14.7,0.541,0.32,0.229,1.9,8.6,5.4,10.3,1.7,0.5,9.5,23.6,1.1,1.6,2.6,0.103,0.1,0.1,0.2,0.7,,2009.0,1
Rasho Nesterović,32.0,IND,5.0,70.0,19.0,1214.0,14.1,0.524,0.002,0.073,8.4,13.5,10.9,14.3,1.2,2.3,12.3,18.5,1.1,1.1,2.2,0.086,-1.3,0.3,-0.9,0.3,,2009.0,4
Tony Battie,32.0,ORL,4.0,77.0,3.0,1202.0,11.9,0.518,0.028,0.254,8.9,17.0,13.0,4.2,1.1,1.5,11.4,15.6,0.7,2.1,2.8,0.113,-2.3,0.7,-1.6,0.1,,2009.0,4
Mikki Moore,33.0,2TM,5.0,70.0,20.0,1202.0,8.9,0.593,0.0,0.296,7.6,17.7,12.7,6.6,0.7,1.2,17.1,10.6,1.2,0.9,2.1,0.083,-3.6,0.0,-3.5,-0.5,,2009.0,4
Mikki Moore,33.0,SAC,4.0,46.0,20.0,746.0,8.6,0.574,0.0,0.347,7.0,16.9,11.9,5.6,0.9,1.4,16.2,10.0,0.6,0.2,0.8,0.052,-3.3,-0.6,-3.9,-0.3,,2009.0,4
Rodney Carney,24.0,MIN,2.0,67.0,6.0,1199.0,12.1,0.532,0.534,0.156,3.4,9.1,6.1,3.6,2.0,1.9,8.7,18.6,0.7,0.8,1.5,0.059,-0.4,-0.4,-0.8,0.3,,2009.0,1
Jordan Farmar,22.0,LAL,1.0,65.0,0.0,1192.0,9.9,0.466,0.354,0.187,2.1,8.9,5.5,18.6,2.4,0.6,16.3,19.6,-0.7,1.5,0.8,0.034,-2.8,0.2,-2.6,-0.2,,2009.0,2
Manu Ginóbili,31.0,SAS,2.0,44.0,7.0,1181.0,22.9,0.594,0.426,0.387,2.5,17.3,10.0,23.1,2.9,1.0,13.3,27.2,2.7,2.3,5.0,0.203,3.7,2.4,6.1,2.4,6MOY-6,2009.0,0
Javaris Crittenton,21.0,2TM,2.0,63.0,10.0,1174.0,10.4,0.487,0.053,0.323,5.6,11.2,8.3,19.8,1.8,0.4,20.1,15.8,-0.3,0.3,0.0,0.0,-2.8,-1.4,-4.3,-0.7,,2009.0,2
Javaris Crittenton,21.0,WAS,1.0,56.0,10.0,1130.0,10.3,0.488,0.052,0.3,5.4,11.4,8.3,19.7,1.8,0.4,20.5,15.5,-0.3,0.3,0.0,0.0,-2.9,-1.3,-4.2,-0.6,,2009.0,2
Luke Walton,28.0,LAL,3.0,65.0,34.0,1166.0,11.3,0.491,0.186,0.186,5.4,12.0,8.7,21.1,1.4,0.7,17.2,15.1,0.7,1.3,2.0,0.083,-1.3,0.3,-1.0,0.3,,2009.0,5
Kyle Weaver,22.0,OKC,2.0,56.0,19.0,1166.0,10.2,0.551,0.378,0.236,3.0,9.9,6.4,13.1,2.1,1.6,20.3,12.9,0.2,1.0,1.2,0.049,-2.3,1.1,-1.2,0.2,,2009.0,2
Quinton Ross,27.0,MEM,3.0,68.0,7.0,1164.0,6.9,0.478,0.34,0.162,3.0,10.4,6.6,6.3,1.5,1.0,11.5,12.6,-0.1,0.7,0.6,0.025,-3.6,0.0,-3.6,-0.5,,2009.0,1
Steve Novak,25.0,LAC,4.0,71.0,3.0,1161.0,13.5,0.606,0.722,0.058,1.8,10.9,6.2,5.8,0.9,0.3,5.4,16.8,2.0,0.2,2.2,0.092,1.7,-2.1,-0.4,0.5,,2009.0,1
Jared Dudley,23.0,2TM,3.0,68.0,7.0,1155.0,13.5,0.562,0.26,0.368,8.7,12.3,10.5,7.1,2.5,0.5,11.5,14.6,1.6,1.1,2.7,0.114,-0.1,0.3,0.2,0.7,,2009.0,5
Jared Dudley,23.0,PHO,3.0,48.0,0.0,728.0,15.2,0.588,0.349,0.429,9.5,13.7,11.7,7.0,2.7,0.6,12.8,15.6,1.3,0.6,1.9,0.126,0.9,-0.3,0.6,0.5,,2009.0,4
JaVale McGee,21.0,WAS,5.0,75.0,14.0,1143.0,17.0,0.534,0.0,0.419,12.0,18.4,15.1,3.4,1.5,5.4,11.7,20.7,1.1,0.9,2.0,0.084,-1.8,-1.1,-2.9,-0.3,,2009.0,2
Nenad Krstić,25.0,OKC,5.0,46.0,29.0,1141.0,13.6,0.504,0.0,0.194,8.4,17.2,12.8,4.3,0.9,3.2,9.2,18.9,0.6,1.1,1.7,0.07,-2.3,-0.4,-2.6,-0.2,,2009.0,4
Reggie Evans,28.0,PHI,4.0,79.0,7.0,1137.0,10.4,0.514,0.006,0.983,14.1,24.0,19.0,3.3,1.9,0.6,21.3,13.0,0.3,1.6,1.9,0.079,-3.5,-0.6,-4.2,-0.6,,2009.0,4
Anthony Randolph,19.0,GSW,4.0,63.0,22.0,1129.0,16.9,0.506,0.009,0.327,12.4,22.6,17.5,6.8,1.8,4.5,14.0,21.7,0.4,1.2,1.6,0.069,-1.5,-0.8,-2.3,-0.1,,2009.0,2
JJ Redick,24.0,ORL,2.0,64.0,5.0,1111.0,9.9,0.562,0.599,0.311,0.8,10.0,5.5,10.3,1.0,0.1,13.7,16.4,0.8,1.5,2.3,0.098,-1.3,0.3,-1.0,0.3,,2009.0,1
Joe Smith,33.0,2TM,5.0,57.0,3.0,1102.0,13.8,0.507,0.021,0.246,9.5,18.3,13.9,6.0,0.8,2.7,6.3,16.2,1.4,1.4,2.7,0.118,-1.4,0.2,-1.2,0.2,,2009.0,4
Rashad McCants,24.0,2TM,2.0,58.0,3.0,1101.0,13.0,0.504,0.387,0.289,2.2,9.7,5.8,10.7,2.2,1.0,10.4,25.1,0.0,0.5,0.6,0.025,-0.9,-1.0,-1.9,0.1,,2009.0,5
Trenton Hassell,29.0,NJN,3.0,53.0,31.0,1094.0,7.2,0.48,0.042,0.131,5.4,10.6,7.9,7.1,1.0,1.2,12.9,9.9,0.2,0.4,0.7,0.029,-3.0,-0.6,-3.6,-0.4,,2009.0,1
Hilton Armstrong,24.0,NOH,5.0,70.0,29.0,1092.0,10.7,0.585,0.008,0.398,9.0,12.6,10.8,4.4,1.3,3.5,21.7,16.3,0.2,1.3,1.5,0.068,-4.2,0.4,-3.8,-0.5,,2009.0,4
Sasha Pavlović,25.0,CLE,3.0,66.0,12.0,1053.0,8.6,0.51,0.425,0.196,3.6,10.4,7.2,10.5,1.1,1.2,13.8,15.5,0.2,1.5,1.7,0.077,-2.5,0.4,-2.1,0.0,,2009.0,1
Chris Wilcox,26.0,2TM,5.0,62.0,6.0,1049.0,13.3,0.518,0.011,0.378,10.2,20.0,15.0,7.6,1.3,1.1,14.8,21.3,0.1,1.0,1.1,0.048,-2.9,-1.0,-3.8,-0.5,,2009.0,4
Joel Anthony,26.0,MIA,5.0,65.0,28.0,1048.0,9.3,0.521,0.0,0.39,10.1,12.4,11.2,3.7,1.0,7.2,22.9,8.0,0.4,1.4,1.7,0.079,-4.5,1.8,-2.7,-0.2,,2009.0,4
Lou Amundson,26.0,PHO,4.0,76.0,0.0,1044.0,13.3,0.53,0.004,0.48,14.9,15.3,15.1,3.7,1.5,4.6,15.6,15.1,0.8,1.0,1.8,0.082,-2.2,-0.3,-2.5,-0.1,,2009.0,4
DeSagana Diop,27.0,2TM,5.0,75.0,1.0,1036.0,9.7,0.425,0.0,0.386,13.3,18.2,15.8,4.6,1.5,4.3,16.3,10.8,-0.2,1.6,1.4,0.065,-3.6,0.8,-2.8,-0.2,,2009.0,4
Ime Udoka,31.0,SAS,3.0,67.0,3.0,1035.0,9.5,0.47,0.436,0.16,3.3,18.1,10.8,7.9,1.9,0.9,11.0,16.2,-0.5,1.7,1.3,0.058,-2.9,1.4,-1.6,0.1,,2009.0,5
Darko Miličić,23.0,MEM,5.0,61.0,15.0,1034.0,13.8,0.533,0.0,0.395,9.7,21.8,15.7,5.6,1.1,4.0,13.3,16.3,0.7,1.2,1.9,0.088,-2.2,0.2,-2.0,0.0,,2009.0,4
Antonio Daniels,33.0,2TM,1.0,74.0,9.0,1021.0,12.1,0.536,0.254,0.424,0.6,8.5,4.5,26.9,1.4,0.1,18.1,15.9,0.9,0.6,1.5,0.068,-1.3,-1.4,-2.6,-0.2,,2009.0,5
Antonio Daniels,33.0,NOH,1.0,61.0,4.0,733.0,12.6,0.531,0.257,0.351,0.8,8.2,4.5,28.3,1.4,0.1,18.2,17.7,0.6,0.6,1.1,0.074,-1.0,-1.3,-2.3,-0.1,,2009.0,5
Roy Hibbert,22.0,IND,5.0,70.0,42.0,1009.0,16.1,0.51,0.0,0.35,12.4,14.1,13.3,7.9,1.0,5.6,10.2,23.3,1.0,1.2,2.1,0.102,-3.1,0.1,-3.0,-0.3,,2009.0,2
Kwame Brown,26.0,DET,5.0,58.0,30.0,999.0,11.5,0.546,0.0,0.722,10.7,24.0,17.2,4.9,1.3,1.9,18.3,13.0,0.5,1.4,1.9,0.093,-3.1,0.6,-2.5,-0.1,,2009.0,4
Josh Boone,24.0,NJN,5.0,62.0,7.0,995.0,13.3,0.513,0.0,0.397,12.3,18.7,15.4,5.0,1.2,3.9,11.0,13.3,0.9,0.9,1.8,0.089,-1.5,-0.2,-1.7,0.1,,2009.0,4
Francisco Elson,32.0,MIL,5.0,59.0,23.0,977.0,10.3,0.537,0.024,0.231,11.6,16.3,13.8,4.8,1.9,3.1,20.5,10.8,0.5,1.3,1.8,0.089,-3.3,1.0,-2.2,-0.1,,2009.0,4
Chris Quinn,25.0,MIA,1.0,66.0,0.0,962.0,12.9,0.539,0.474,0.201,1.0,8.4,4.7,21.5,1.3,0.2,9.5,17.0,1.5,0.6,2.1,0.104,-0.2,-0.8,-1.0,0.2,,2009.0,5
Dan Gadzuric,30.0,MIL,5.0,67.0,26.0,941.0,12.2,0.495,0.008,0.279,11.4,21.0,16.0,6.5,1.8,3.8,13.0,15.0,0.4,1.4,1.8,0.094,-3.2,0.7,-2.5,-0.1,,2009.0,4
Brevin Knight,33.0,UTA,1.0,74.0,0.0,938.0,9.5,0.414,0.032,0.339,1.7,9.5,5.6,28.1,3.7,0.3,23.3,13.5,-0.6,1.3,0.7,0.035,-4.0,2.1,-1.9,0.0,,2009.0,5
Bobby Brown,24.0,2TM,1.0,68.0,2.0,931.0,8.9,0.476,0.361,0.119,1.7,4.8,3.3,20.9,1.2,0.2,14.3,21.3,-0.5,-0.1,-0.6,-0.029,-2.2,-2.8,-5.0,-0.7,,2009.0,5
Bobby Brown,24.0,SAC,2.0,47.0,1.0,675.0,7.7,0.468,0.381,0.138,1.4,4.9,3.1,21.1,1.1,0.1,15.2,20.5,-0.5,-0.2,-0.7,-0.047,-2.9,-3.2,-6.1,-0.7,,2009.0,5
Amir Johnson,21.0,DET,4.0,62.0,24.0,911.0,13.5,0.608,0.0,0.215,13.1,17.2,15.1,3.4,1.2,5.1,15.6,11.1,1.4,1.3,2.7,0.142,-3.0,1.6,-1.4,0.1,,2009.0,4
Brian Cardinal,31.0,MIN,4.0,64.0,4.0,909.0,8.1,0.515,0.544,0.207,4.8,13.8,9.1,12.3,2.1,1.1,20.7,11.5,0.1,0.7,0.9,0.045,-3.6,1.2,-2.4,-0.1,,2009.0,5
Roko Ukić,24.0,TOR,1.0,72.0,0.0,890.0,9.8,0.43,0.191,0.185,3.6,6.3,4.9,27.2,1.8,0.2,14.6,21.3,-0.8,0.4,-0.4,-0.019,-3.2,-1.4,-4.6,-0.6,,2009.0,5
Mardy Collins,24.0,2TM,1.0,48.0,14.0,890.0,9.5,0.47,0.126,0.186,3.9,10.1,6.9,19.8,1.8,0.8,17.8,16.6,-0.5,0.4,-0.1,-0.003,-3.4,0.0,-3.5,-0.3,,2009.0,5
Tony Allen,27.0,BOS,2.0,46.0,2.0,887.0,12.9,0.541,0.095,0.384,3.2,10.7,7.1,12.0,3.2,2.1,18.8,21.5,-0.2,1.8,1.6,0.085,-2.4,2.5,0.1,0.5,,2009.0,5
James Singleton,27.0,DAL,4.0,62.0,6.0,884.0,16.4,0.615,0.181,0.353,11.7,20.7,16.2,2.9,1.5,2.3,12.4,15.1,1.9,1.1,3.0,0.163,-0.4,-0.1,-0.5,0.3,,2009.0,4
Marco Belinelli,22.0,GSW,2.0,42.0,23.0,882.0,11.8,0.547,0.413,0.164,1.2,7.5,4.4,15.3,2.0,0.1,14.8,19.3,0.4,0.1,0.5,0.028,-0.8,-1.4,-2.3,-0.1,,2009.0,2
Greg Buckner,32.0,MEM,3.0,63.0,0.0,878.0,6.3,0.456,0.321,0.157,4.4,13.9,9.1,9.9,1.8,0.7,18.3,11.1,-0.4,0.7,0.3,0.019,-4.4,0.4,-4.0,-0.4,,2009.0,5
Devin Brown,30.0,NOH,2.0,63.0,5.0,869.0,9.7,0.459,0.31,0.319,4.3,12.2,8.3,10.2,2.0,0.5,13.1,22.8,-0.8,1.0,0.1,0.007,-3.5,-0.7,-4.3,-0.5,,2009.0,5
Royal Ivey,27.0,PHI,2.0,71.0,0.0,861.0,7.6,0.465,0.548,0.207,2.6,8.0,5.3,7.4,2.2,0.7,9.2,13.2,0.2,0.8,0.9,0.052,-2.8,0.6,-2.2,0.0,,2009.0,1
Chuck Hayes,25.0,HOU,5.0,71.0,1.0,858.0,7.8,0.375,0.035,0.168,10.5,23.0,17.0,7.0,2.1,1.6,17.1,7.9,-0.1,1.7,1.6,0.092,-4.1,2.6,-1.5,0.1,,2009.0,4
Brent Barry,37.0,HOU,2.0,56.0,1.0,857.0,9.2,0.575,0.762,0.116,2.4,10.1,6.4,13.7,1.5,0.3,21.0,12.4,0.4,1.1,1.5,0.082,-1.2,1.2,0.1,0.5,,2009.0,5
Yakhouba Diawara,26.0,MIA,3.0,63.0,21.0,851.0,6.4,0.473,0.751,0.088,3.6,7.9,5.8,4.7,0.8,0.6,6.6,13.3,0.1,0.4,0.5,0.029,-2.8,-1.5,-4.2,-0.5,,2009.0,1
Kevin Ollie,36.0,MIN,1.0,50.0,21.0,850.0,9.9,0.525,0.007,0.64,1.7,8.9,5.2,20.2,1.2,0.4,15.0,12.0,0.9,0.3,1.2,0.067,-3.0,-0.2,-3.1,-0.3,,2009.0,5
Brian Skinner,32.0,LAC,4.0,51.0,21.0,843.0,10.6,0.474,0.01,0.229,9.6,18.5,13.9,5.1,1.1,4.6,16.0,14.5,-0.3,0.7,0.4,0.024,-4.5,0.0,-4.4,-0.5,,2009.0,4
Sean Marks,33.0,NOH,5.0,60.0,5.0,838.0,8.8,0.521,0.061,0.267,9.0,18.0,13.5,2.6,0.5,3.3,16.0,12.6,0.2,1.0,1.2,0.067,-4.4,-0.4,-4.8,-0.6,,2009.0,4
Juan Dixon,30.0,WAS,1.0,50.0,6.0,816.0,9.3,0.478,0.293,0.152,1.1,8.7,4.8,22.7,2.3,0.6,20.4,19.1,-0.8,0.2,-0.5,-0.031,-3.2,-1.2,-4.4,-0.5,,2009.0,5
Will Bynum,26.0,DET,1.0,57.0,1.0,803.0,17.4,0.52,0.056,0.348,2.8,8.4,5.5,35.3,2.3,0.2,16.2,27.9,0.5,0.8,1.3,0.078,0.4,-0.3,0.1,0.4,,2009.0,5
Marcin Gortat,24.0,ORL,4.0,63.0,3.0,794.0,17.0,0.578,0.005,0.241,14.0,26.3,20.3,2.9,1.2,4.8,10.8,13.5,1.4,1.9,3.3,0.202,-1.1,2.2,1.1,0.6,,2009.0,4
Renaldo Balkman,24.0,DEN,4.0,53.0,10.0,780.0,16.8,0.585,0.036,0.33,13.2,16.9,15.1,6.9,3.1,2.3,13.4,14.9,1.3,1.3,2.6,0.162,0.2,1.2,1.4,0.7,,2009.0,4
Julian Wright,21.0,NOH,3.0,54.0,19.0,772.0,12.6,0.479,0.09,0.128,7.2,16.6,11.9,9.4,2.5,2.1,14.8,18.1,-0.4,1.2,0.8,0.048,-1.8,0.8,-0.9,0.2,,2009.0,2
DeAndre Jordan,20.0,LAC,5.0,53.0,13.0,771.0,14.1,0.585,0.0,0.741,10.5,25.5,17.8,2.3,0.7,5.7,17.4,13.9,0.4,0.9,1.3,0.079,-3.2,-0.1,-3.3,-0.3,,2009.0,4
Mike Taylor,23.0,LAC,1.0,51.0,5.0,771.0,10.1,0.477,0.15,0.303,3.2,10.0,6.5,22.9,2.4,0.0,19.4,22.2,-0.9,0.4,-0.4,-0.028,-4.1,-1.1,-5.2,-0.6,,2009.0,5
Channing Frye,25.0,POR,4.0,63.0,1.0,746.0,10.0,0.465,0.124,0.135,6.7,16.7,11.6,5.3,1.3,1.7,9.3,19.7,0.0,0.8,0.8,0.054,-3.9,-0.3,-4.2,-0.4,,2009.0,1
Ronnie Price,25.0,UTA,1.0,52.0,17.0,738.0,8.5,0.465,0.3,0.222,1.9,9.2,5.6,21.3,2.7,0.5,21.5,17.2,-0.7,0.8,0.1,0.009,-3.9,0.4,-3.5,-0.3,,2009.0,5
Goran Dragić,22.0,PHO,1.0,55.0,1.0,728.0,9.8,0.487,0.241,0.29,5.5,10.8,8.3,20.8,2.0,0.3,22.4,19.7,-0.3,0.4,0.1,0.005,-3.0,-1.2,-4.3,-0.4,,2009.0,2
Donté Greene,20.0,SAC,3.0,55.0,4.0,725.0,5.2,0.416,0.424,0.144,3.0,10.9,6.9,6.4,1.1,1.4,12.8,17.8,-1.2,0.1,-1.1,-0.074,-4.5,-2.3,-6.8,-0.9,,2009.0,2
Travis Diener,26.0,IND,1.0,55.0,0.0,719.0,13.7,0.555,0.659,0.084,0.9,12.4,6.6,23.9,1.8,0.5,10.2,12.5,1.3,0.6,1.9,0.125,0.5,0.4,0.9,0.5,,2009.0,1
Joe Alexander,22.0,MIL,3.0,59.0,0.0,716.0,10.1,0.494,0.188,0.339,6.9,12.3,9.5,9.5,1.1,3.4,15.6,20.9,-0.3,0.7,0.4,0.03,-3.4,-0.1,-3.5,-0.3,,2009.0,2
Aaron Gray,24.0,CHI,5.0,56.0,18.0,715.0,11.5,0.508,0.006,0.353,13.5,21.7,17.6,9.6,1.0,1.8,17.2,14.5,0.5,0.8,1.3,0.086,-3.2,-0.1,-3.4,-0.2,,2009.0,4
Will Solomon,30.0,2TM,1.0,53.0,9.0,712.0,12.5,0.506,0.351,0.139,2.0,8.5,5.3,30.0,2.0,0.4,17.2,20.2,0.1,0.4,0.5,0.033,-0.8,-1.1,-1.9,0.0,,2009.0,5
Adam Morrison,24.0,2TM,3.0,52.0,5.0,711.0,5.7,0.448,0.43,0.103,3.1,10.6,6.9,9.4,0.7,0.5,12.1,17.5,-0.6,0.6,0.0,0.001,-3.7,-1.1,-4.8,-0.5,,2009.0,1
Adam Morrison,24.0,CHA,3.0,44.0,5.0,667.0,5.8,0.452,0.436,0.1,3.0,10.3,6.7,9.4,0.7,0.5,11.6,17.6,-0.5,0.5,0.1,0.004,-3.5,-1.0,-4.5,-0.4,,2009.0,1
Jamaal Magloire,30.0,MIA,5.0,55.0,12.0,709.0,10.6,0.505,0.0,0.458,13.7,23.8,18.7,4.6,0.8,2.9,16.9,12.5,0.4,0.9,1.3,0.089,-4.2,-0.3,-4.5,-0.4,,2009.0,4
Devean George,31.0,DAL,3.0,43.0,17.0,708.0,7.0,0.485,0.535,0.155,4.1,8.5,6.3,3.0,1.7,1.1,10.1,10.9,0.1,0.6,0.6,0.042,-3.1,0.3,-2.8,-0.1,,2009.0,1
J.J. Hickson,20.0,CLE,5.0,62.0,0.0,705.0,12.5,0.548,0.0,0.345,9.1,18.4,13.9,2.1,1.1,3.4,16.8,18.0,0.2,1.3,1.5,0.101,-3.4,0.2,-3.2,-0.2,,2009.0,2
Josh Powell,26.0,LAL,4.0,60.0,1.0,703.0,9.9,0.479,0.0,0.209,11.6,16.7,14.1,5.6,0.7,1.9,16.3,19.5,-0.3,0.9,0.6,0.043,-4.6,-1.7,-6.4,-0.8,,2009.0,4
Matt Harpring,32.0,UTA,2.0,63.0,2.0,693.0,12.3,0.508,0.008,0.299,8.1,13.1,10.6,6.4,2.2,1.0,9.6,19.5,0.4,0.8,1.2,0.086,-2.8,0.0,-2.8,-0.2,,2009.0,5
Stephen Graham,26.0,IND,2.0,52.0,6.0,684.0,8.5,0.498,0.258,0.242,3.4,12.2,7.7,7.3,0.7,0.4,13.7,20.9,-0.4,0.4,0.0,0.001,-4.0,-2.0,-6.0,-0.7,,2009.0,1
Fabricio Oberto,33.0,SAS,5.0,54.0,11.0,677.0,10.6,0.595,0.01,0.337,11.6,13.4,12.5,12.9,0.6,1.2,24.1,11.3,0.8,0.8,1.7,0.119,-3.2,1.0,-2.2,0.0,,2009.0,4
Solomon Jones,24.0,ATL,5.0,63.0,0.0,675.0,12.0,0.655,0.018,0.667,9.1,15.6,12.3,3.4,0.6,3.9,15.8,11.8,1.2,0.7,1.9,0.138,-3.2,0.5,-2.7,-0.1,,2009.0,4
Jerryd Bayless,20.0,POR,1.0,53.0,0.0,655.0,8.2,0.487,0.143,0.545,1.5,9.4,5.4,18.2,1.4,0.2,19.3,20.9,-0.2,0.5,0.3,0.019,-4.3,-0.7,-5.0,-0.5,,2009.0,2
Walter Herrmann,29.0,DET,3.0,59.0,0.0,630.0,11.4,0.514,0.58,0.121,5.2,15.1,10.1,5.6,0.6,0.5,7.2,17.8,0.5,0.5,1.0,0.074,0.0,-1.4,-1.4,0.1,,2009.0,1
Matt Carroll,28.0,2TM,2.0,55.0,10.0,616.0,5.5,0.451,0.31,0.146,1.4,12.2,6.8,7.2,1.8,0.8,15.3,16.4,-0.8,0.7,-0.1,-0.008,-5.3,0.5,-4.8,-0.4,,2009.0,5
Robin Lopez,20.0,PHO,5.0,60.0,7.0,614.0,11.6,0.566,0.007,0.496,10.3,12.1,11.2,1.8,0.9,4.9,14.4,14.0,0.6,0.4,1.1,0.083,-3.1,-0.3,-3.4,-0.2,ROY-9,2009.0,2
Marko Jarić,30.0,MEM,2.0,53.0,0.0,605.0,7.3,0.417,0.193,0.283,4.6,8.6,6.6,19.0,2.6,1.5,23.1,16.4,-0.9,0.5,-0.4,-0.03,-4.3,0.0,-4.3,-0.4,,2009.0,5
Chris Douglas-Roberts,22.0,NJN,2.0,44.0,3.0,585.0,12.2,0.531,0.068,0.352,2.8,7.4,5.1,14.8,1.1,1.0,13.2,18.7,0.4,0.2,0.6,0.046,-1.3,-1.2,-2.5,-0.1,,2009.0,2
Malik Allen,30.0,MIL,4.0,49.0,3.0,579.0,7.3,0.435,0.006,0.124,6.8,14.5,10.5,9.5,0.6,1.7,10.0,15.4,-0.2,0.5,0.3,0.024,-4.2,-0.2,-4.5,-0.4,,2009.0,1
Theo Ratliff,35.0,PHI,5.0,46.0,0.0,579.0,11.2,0.56,0.0,0.547,9.4,17.1,13.2,2.2,1.6,6.6,15.0,7.4,0.5,0.9,1.4,0.115,-2.5,2.1,-0.4,0.2,,2009.0,4
Kosta Koufos,19.0,UTA,5.0,48.0,7.0,565.0,15.2,0.54,0.0,0.276,10.6,18.6,14.6,5.7,1.1,4.3,11.1,18.5,0.6,0.7,1.3,0.112,-1.3,-0.1,-1.4,0.1,,2009.0,2
Acie Law,24.0,ATL,1.0,55.0,1.0,560.0,10.6,0.49,0.209,0.432,1.3,10.9,6.1,23.4,1.1,0.4,14.9,16.3,0.3,0.4,0.7,0.062,-2.2,-0.6,-2.9,-0.1,,2009.0,5
Johan Petro,23.0,2TM,5.0,49.0,22.0,559.0,8.1,0.429,0.011,0.165,8.7,23.9,16.3,4.5,1.7,2.0,12.9,17.2,-0.6,0.8,0.2,0.018,-5.9,0.5,-5.4,-0.5,,2009.0,4
Tyronn Lue,31.0,2TM,1.0,44.0,0.0,521.0,10.3,0.537,0.383,0.117,1.3,9.2,5.2,18.6,0.8,0.0,11.9,16.8,0.5,0.4,0.8,0.078,-0.9,-0.1,-0.9,0.1,,2009.0,1
Morris Peterson,31.0,NOH,2.0,43.0,9.0,515.0,10.7,0.499,0.464,0.104,3.1,16.6,9.9,5.2,1.6,0.3,7.3,19.3,0.0,0.6,0.6,0.058,-1.5,-0.6,-2.1,0.0,,2009.0,1
Shelden Williams,25.0,2TM,4.0,45.0,0.0,512.0,13.7,0.503,0.013,0.401,10.9,24.3,17.5,3.8,2.2,2.7,15.5,19.2,0.0,0.5,0.5,0.048,-2.8,-0.8,-3.5,-0.2,,2009.0,4
Shannon Brown,23.0,2TM,2.0,48.0,0.0,477.0,12.9,0.554,0.224,0.236,2.8,8.1,5.5,13.7,2.5,1.2,17.3,21.4,0.1,0.6,0.7,0.067,-1.0,0.9,-0.2,0.2,,2009.0,5
Juwan Howard,35.0,2TM,3.0,42.0,2.0,472.0,10.9,0.534,0.0,0.231,7.9,11.9,9.9,9.7,0.8,1.0,13.8,18.8,0.2,0.4,0.7,0.067,-3.2,-0.4,-3.6,-0.2,,2009.0,1
Ryan Hollins,24.0,2TM,5.0,45.0,3.0,444.0,12.9,0.569,0.0,0.766,12.4,13.4,12.9,2.5,0.8,5.7,16.0,15.7,0.5,0.6,1.0,0.11,-3.4,0.7,-2.7,-0.1,,2009.0,4
Darnell Jackson,23.0,CLE,4.0,51.0,2.0,430.0,7.2,0.483,0.023,0.407,9.2,14.7,12.0,2.7,1.3,0.7,12.1,12.7,0.2,0.7,0.8,0.094,-5.4,0.2,-5.2,-0.4,,2009.0,4
Gabe Pruitt,22.0,BOS,2.0,47.0,0.0,366.0,7.6,0.422,0.475,0.208,3.1,10.8,7.1,15.5,2.2,0.7,14.7,16.5,-0.2,0.6,0.4,0.047,-3.6,1.4,-2.2,0.0,,2009.0,2
Kevin Durant,21.0,OKC,3.0,82.0,82.0,3239.0,26.2,0.607,0.21,0.504,3.8,17.9,11.0,13.5,1.8,1.9,11.7,32.0,11.1,5.0,16.1,0.238,6.3,0.8,7.1,7.5,"MVP-2,AS,NBA1",2010.0,0
Andre Iguodala,26.0,PHI,3.0,82.0,82.0,3193.0,17.8,0.535,0.271,0.384,3.0,16.8,9.8,23.7,2.3,1.4,14.3,21.8,4.0,2.8,6.7,0.101,2.0,0.4,2.4,3.5,,2010.0,0
Rudy Gay,23.0,MEM,3.0,80.0,80.0,3175.0,16.2,0.535,0.157,0.311,4.2,13.2,8.7,7.8,1.9,1.5,10.3,22.5,4.0,2.4,6.4,0.096,0.8,-0.3,0.5,2.0,,2010.0,0
Stephen Jackson,31.0,2TM,2.0,81.0,81.0,3129.0,15.6,0.518,0.277,0.306,3.0,12.2,7.7,17.7,2.2,1.1,13.9,27.5,0.5,4.6,5.0,0.077,0.3,0.1,0.4,1.9,MVP-12,2010.0,0
Stephen Jackson,31.0,CHA,2.0,72.0,72.0,2829.0,15.7,0.52,0.275,0.309,3.1,12.3,7.8,17.3,2.2,1.1,13.8,27.8,0.6,4.4,5.0,0.085,0.3,0.3,0.6,1.8,,2010.0,0
Gerald Wallace,27.0,CHA,3.0,76.0,76.0,3119.0,18.3,0.586,0.148,0.577,5.9,23.2,14.7,9.0,2.0,2.2,13.1,20.3,5.3,6.2,11.5,0.177,1.0,1.7,2.7,3.7,"DPOY-3,AS,DEF1",2010.0,4
O.J. Mayo,22.0,MEM,2.0,82.0,82.0,3113.0,14.6,0.551,0.3,0.221,2.3,9.4,5.8,12.2,1.6,0.4,11.9,20.7,4.3,1.4,5.6,0.087,0.8,-0.8,0.0,1.6,,2010.0,2
Zach Randolph,28.0,MEM,4.0,81.0,81.0,3051.0,21.2,0.546,0.039,0.348,12.6,23.8,18.2,8.2,1.3,0.8,10.1,24.6,7.0,2.7,9.7,0.153,2.7,-1.4,1.3,2.5,AS,2010.0,0
Jeff Green,23.0,OKC,4.0,82.0,82.0,3043.0,13.8,0.53,0.292,0.208,4.3,13.9,9.2,7.2,1.8,1.8,10.4,19.2,2.5,4.2,6.6,0.105,-0.4,0.6,0.2,1.7,,2010.0,3
Dirk Nowitzki,31.0,DAL,4.0,81.0,80.0,3039.0,22.9,0.578,0.081,0.392,3.1,20.1,11.7,13.0,1.2,2.0,7.8,28.8,8.4,3.9,12.3,0.194,3.7,0.5,4.2,4.7,"MVP-7,AS,NBA2",2010.0,0
Brook Lopez,21.0,NJN,5.0,82.0,82.0,3027.0,20.1,0.57,0.002,0.451,9.9,17.5,13.5,11.8,1.0,3.4,13.1,23.6,5.5,2.4,7.9,0.125,1.6,-0.5,1.2,2.5,,2010.0,2
David Lee,26.0,NYK,5.0,81.0,81.0,3019.0,22.2,0.584,0.006,0.262,8.4,27.6,17.9,17.5,1.4,1.0,11.9,23.8,7.4,2.9,10.3,0.163,2.6,0.0,2.5,3.5,"DPOY-17,AS",2010.0,0
LeBron James,25.0,CLE,3.0,76.0,76.0,2966.0,31.1,0.604,0.253,0.506,3.0,18.5,11.1,41.8,2.2,2.0,12.3,33.5,13.3,5.2,18.5,0.299,9.1,2.8,11.8,10.3,"MVP-1,DPOY-4,AS,NBA1,DEF1",2010.0,0
Rajon Rondo,23.0,BOS,1.0,81.0,81.0,2963.0,19.1,0.54,0.088,0.312,4.3,10.5,7.5,43.7,3.3,0.3,19.3,20.2,4.9,4.7,9.6,0.156,2.2,1.4,3.6,4.2,"DPOY-5,AS,DEF1",2010.0,0
David West,29.0,NOH,4.0,81.0,81.0,2949.0,18.9,0.56,0.022,0.279,6.4,17.9,12.0,13.7,1.3,1.5,11.2,24.0,5.2,2.3,7.5,0.122,1.2,-0.3,0.8,2.1,,2010.0,0
LaMarcus Aldridge,24.0,POR,4.0,78.0,78.0,2922.0,18.2,0.535,0.014,0.26,8.1,18.6,13.3,9.9,1.3,1.3,7.4,22.9,5.5,3.3,8.8,0.145,1.4,-0.2,1.2,2.3,,2010.0,0
Aaron Brooks,25.0,HOU,1.0,82.0,82.0,2919.0,16.0,0.549,0.394,0.224,2.0,6.6,4.2,25.6,1.2,0.3,13.7,25.7,3.9,1.6,5.5,0.091,2.3,-1.6,0.7,1.9,MIP-1,2010.0,0
Boris Diaw,27.0,CHA,4.0,82.0,82.0,2906.0,12.8,0.552,0.266,0.19,5.5,11.9,8.8,18.9,1.1,1.6,17.5,16.2,2.4,3.8,6.2,0.103,-0.1,0.9,0.8,2.0,,2010.0,3
Stephen Curry,21.0,GSW,1.0,80.0,77.0,2896.0,16.3,0.568,0.332,0.175,1.8,12.0,6.8,24.6,2.5,0.5,16.5,21.8,3.0,1.6,4.7,0.077,1.1,-0.5,0.7,2.0,ROY-2,2010.0,2
Joe Johnson,28.0,ATL,2.0,76.0,76.0,2886.0,19.3,0.538,0.253,0.194,3.0,11.4,7.1,22.0,1.5,0.1,8.8,26.3,6.0,2.4,8.4,0.14,3.4,-0.7,2.7,3.4,"MVP-12,AS,NBA3",2010.0,0
Jason Kidd,36.0,DAL,1.0,80.0,80.0,2881.0,17.2,0.577,0.617,0.148,1.9,15.6,8.9,36.4,2.6,0.9,21.4,14.5,4.8,4.0,8.9,0.148,2.5,1.7,4.2,4.5,AS,2010.0,0
Josh Smith,24.0,ATL,4.0,81.0,81.0,2871.0,21.0,0.536,0.007,0.422,9.0,19.8,14.3,19.0,2.4,4.5,14.3,22.2,4.2,5.1,9.3,0.155,2.4,2.7,5.1,5.1,"DPOY-2,DEF2",2010.0,0
Derrick Rose,21.0,CHI,1.0,78.0,78.0,2871.0,18.6,0.532,0.044,0.246,2.6,8.7,5.7,30.3,1.0,0.7,12.5,27.2,3.5,2.5,6.0,0.1,2.6,-0.9,1.7,2.7,AS,2010.0,2
Al Horford,23.0,ATL,5.0,81.0,81.0,2845.0,19.4,0.594,0.001,0.319,9.6,23.3,16.4,10.4,1.1,2.4,11.2,17.6,6.9,3.9,10.9,0.183,1.8,0.5,2.3,3.1,AS,2010.0,0
Dwight Howard,24.0,ORL,5.0,82.0,82.0,2843.0,24.0,0.63,0.008,0.978,12.0,31.3,22.0,8.7,1.4,6.0,18.7,23.9,6.1,7.1,13.2,0.223,1.6,2.8,4.4,4.6,"MVP-4,DPOY-1,AS,NBA1,DEF1",2010.0,4
Amar'e Stoudemire,27.0,PHO,4.0,82.0,82.0,2838.0,22.6,0.615,0.005,0.5,9.7,18.9,14.5,4.8,0.9,2.1,12.1,27.3,8.2,2.5,10.7,0.181,2.1,-1.1,1.0,2.2,"MVP-10,AS,NBA2",2010.0,0
Kobe Bryant,31.0,LAL,2.0,73.0,73.0,2835.0,21.9,0.545,0.192,0.345,3.1,12.2,7.7,23.8,2.1,0.5,11.4,32.3,5.4,4.0,9.4,0.16,3.9,0.2,4.1,4.4,"MVP-3,DPOY-12,AS,NBA1,DEF1",2010.0,0
John Salmons,30.0,2TM,2.0,81.0,56.0,2824.0,14.7,0.553,0.312,0.308,1.4,9.4,5.4,12.9,1.8,0.7,9.9,19.9,3.7,3.4,7.1,0.121,0.4,1.2,1.6,2.5,,2010.0,3
John Salmons,30.0,CHI,2.0,51.0,28.0,1695.0,12.7,0.53,0.35,0.268,1.2,10.1,5.7,11.6,2.0,1.0,10.3,18.1,1.2,2.0,3.2,0.092,-0.9,1.3,0.5,1.1,,2010.0,5
Ray Allen,34.0,BOS,2.0,80.0,80.0,2819.0,15.2,0.601,0.41,0.26,2.0,8.8,5.5,12.3,1.2,0.7,10.6,20.2,5.1,2.9,7.9,0.135,1.5,-0.3,1.2,2.3,,2010.0,0
Russell Westbrook,21.0,OKC,1.0,82.0,82.0,2813.0,17.8,0.491,0.09,0.364,6.0,10.3,8.2,38.6,2.0,0.9,16.6,25.7,2.7,3.4,6.1,0.105,1.7,-0.5,1.2,2.3,,2010.0,2
Deron Williams,25.0,UTA,1.0,76.0,76.0,2802.0,20.6,0.574,0.246,0.397,2.2,10.4,6.4,44.5,1.8,0.5,16.9,23.8,7.4,3.0,10.3,0.177,4.2,-0.4,3.8,4.1,"MVP-9,AS,NBA2",2010.0,0
Andrea Bargnani,24.0,TOR,4.0,80.0,80.0,2799.0,15.5,0.552,0.284,0.205,4.6,15.9,10.4,5.4,0.5,3.0,8.8,22.3,3.3,0.9,4.2,0.072,0.9,-1.7,-0.8,0.9,,2010.0,3
Dwyane Wade,28.0,MIA,2.0,77.0,77.0,2792.0,28.0,0.562,0.161,0.465,4.5,11.1,7.8,36.4,2.7,2.4,12.2,34.9,8.5,4.6,13.0,0.224,7.1,2.1,9.2,7.9,"MVP-5,DPOY-10,AS,NBA1,DEF2",2010.0,0
Caron Butler,29.0,2TM,2.0,74.0,74.0,2783.0,13.7,0.507,0.138,0.3,4.3,14.9,9.5,9.2,2.2,0.7,11.9,22.1,0.6,2.9,3.5,0.061,-1.3,0.0,-1.3,0.5,,2010.0,3
Caron Butler,29.0,WAS,3.0,47.0,47.0,1853.0,13.5,0.506,0.137,0.304,4.2,15.6,9.8,9.6,1.9,0.6,12.6,22.0,0.4,1.7,2.1,0.054,-1.1,-0.2,-1.3,0.3,,2010.0,1
Nenê,27.0,DEN,5.0,82.0,82.0,2755.0,18.9,0.631,0.003,0.58,7.0,19.1,13.1,11.6,2.1,2.2,12.2,16.5,7.1,3.7,10.8,0.188,1.6,1.6,3.2,3.6,,2010.0,4
Danilo Gallinari,21.0,NYK,3.0,81.0,74.0,2747.0,14.8,0.575,0.526,0.331,2.6,14.0,8.2,7.6,1.4,1.6,9.4,19.3,4.1,1.5,5.6,0.098,1.2,-0.7,0.5,1.7,,2010.0,2
Rasual Butler,30.0,LAC,3.0,82.0,64.0,2702.0,10.7,0.524,0.497,0.167,1.7,8.7,5.1,6.8,0.7,1.9,7.8,17.0,1.8,0.9,2.7,0.048,-0.8,-1.1,-1.9,0.1,,2010.0,3
Tyreke Evans,20.0,SAC,2.0,72.0,72.0,2677.0,18.2,0.529,0.121,0.399,2.8,13.6,8.1,26.1,2.1,0.7,13.6,26.2,3.3,2.1,5.4,0.097,1.3,0.0,1.3,2.2,ROY-1,2010.0,2
Carlos Boozer,28.0,UTA,4.0,78.0,78.0,2673.0,21.3,0.599,0.0,0.35,8.2,29.9,19.4,15.8,1.6,1.1,14.3,24.8,5.3,4.6,9.9,0.178,2.4,1.1,3.4,3.7,,2010.0,0
Brandon Jennings,20.0,MIL,1.0,82.0,82.0,2671.0,14.5,0.475,0.319,0.225,2.0,10.4,6.0,29.6,2.1,0.5,13.0,26.1,0.3,3.9,4.2,0.075,0.5,0.2,0.7,1.8,ROY-3,2010.0,2
Luis Scola,29.0,HOU,4.0,82.0,82.0,2671.0,17.2,0.55,0.005,0.245,7.2,23.6,15.1,11.1,1.2,0.7,11.9,22.7,3.4,3.0,6.3,0.114,0.0,-0.3,-0.3,1.1,,2010.0,0
Steve Nash,35.0,PHO,1.0,81.0,81.0,2660.0,21.6,0.615,0.295,0.228,1.5,9.4,5.7,50.9,0.8,0.3,21.4,22.9,9.1,0.8,9.9,0.178,6.1,-1.8,4.3,4.2,"MVP-8,AS,NBA2",2010.0,0
Luol Deng,24.0,CHI,3.0,70.0,69.0,2651.0,16.1,0.531,0.082,0.325,5.6,15.8,10.7,9.1,1.3,1.8,10.4,21.9,2.5,3.4,5.9,0.106,0.7,0.3,1.0,2.0,,2010.0,0
Monta Ellis,24.0,GSW,2.0,64.0,64.0,2647.0,16.7,0.517,0.162,0.276,1.9,9.0,5.4,21.2,2.6,0.7,13.4,29.5,0.0,1.3,1.3,0.023,0.1,-1.5,-1.4,0.4,,2010.0,0
Raymond Felton,25.0,CHA,1.0,80.0,80.0,2643.0,15.2,0.525,0.184,0.204,2.5,10.5,6.6,29.5,2.5,0.7,15.4,19.2,2.5,4.0,6.5,0.118,0.1,1.5,1.6,2.3,,2010.0,0
Carmelo Anthony,25.0,DEN,3.0,69.0,69.0,2634.0,22.2,0.548,0.125,0.407,6.7,13.1,9.9,15.9,1.7,0.9,10.6,33.4,5.6,2.4,7.9,0.145,3.5,-1.2,2.3,2.9,"MVP-6,AS,NBA2",2010.0,0
Trevor Ariza,24.0,HOU,3.0,72.0,71.0,2629.0,13.3,0.488,0.407,0.228,3.3,14.7,8.8,16.7,2.4,1.1,12.8,21.2,0.1,3.1,3.2,0.058,-0.4,0.9,0.5,1.7,,2010.0,3
Chris Kaman,27.0,LAC,5.0,76.0,76.0,2608.0,16.5,0.527,0.005,0.255,8.1,23.2,15.6,8.6,0.7,2.7,14.3,27.1,0.0,2.4,2.4,0.044,-1.4,-1.1,-2.5,-0.3,AS,2010.0,0
Metta World Peace,30.0,LAL,3.0,77.0,77.0,2605.0,12.1,0.514,0.4,0.251,4.3,9.9,7.1,13.3,2.1,0.6,12.8,16.2,1.8,3.5,5.3,0.098,-0.6,1.1,0.5,1.6,DPOY-6,2010.0,3
Lamar Odom,30.0,LAL,4.0,82.0,38.0,2585.0,15.9,0.533,0.246,0.273,8.0,26.5,17.3,15.6,1.5,1.7,15.3,17.0,2.8,4.9,7.7,0.143,0.7,1.8,2.5,2.9,6MOY-6,2010.0,4
Mike Conley,22.0,MEM,1.0,80.0,80.0,2569.0,13.9,0.526,0.255,0.225,1.4,7.3,4.3,24.8,2.2,0.4,15.7,18.4,2.6,1.3,4.0,0.074,0.0,-0.6,-0.6,0.9,,2010.0,2
Jason Terry,32.0,DAL,2.0,77.0,12.0,2540.0,16.5,0.552,0.358,0.257,0.9,5.4,3.2,18.8,1.9,0.5,8.6,23.0,4.4,2.1,6.5,0.123,1.6,-0.1,1.5,2.2,6MOY-2,2010.0,3
Chris Bosh,25.0,TOR,5.0,70.0,70.0,2526.0,25.0,0.592,0.019,0.509,9.9,25.2,17.7,11.5,0.9,2.1,10.7,28.7,7.9,1.7,9.6,0.182,4.8,-1.2,3.6,3.6,"MVP-12,AS",2010.0,0
Baron Davis,30.0,LAC,1.0,75.0,73.0,2523.0,17.4,0.501,0.292,0.287,2.4,9.9,6.1,39.6,2.6,1.3,15.6,24.3,2.5,2.1,4.5,0.086,1.5,0.0,1.5,2.2,,2010.0,0
Richard Jefferson,29.0,SAS,3.0,81.0,70.0,2520.0,13.1,0.551,0.241,0.37,2.7,13.6,8.3,9.6,0.9,1.1,10.4,18.3,3.0,3.0,6.0,0.113,-0.5,0.3,-0.2,1.2,,2010.0,3
Andre Miller,33.0,POR,1.0,82.0,66.0,2500.0,18.1,0.53,0.088,0.432,4.0,9.2,6.6,30.3,2.0,0.3,13.8,23.8,4.6,2.4,7.0,0.134,1.8,0.0,1.8,2.4,,2010.0,0
Rodney Stuckey,23.0,DET,1.0,73.0,67.0,2499.0,15.6,0.479,0.071,0.324,3.1,11.1,6.8,24.7,2.2,0.4,11.4,26.4,1.4,1.3,2.7,0.052,0.0,-0.4,-0.4,1.0,,2010.0,0
Brandon Rush,24.0,IND,2.0,82.0,64.0,2491.0,9.6,0.522,0.43,0.127,1.8,13.5,7.6,6.9,1.1,1.9,11.1,14.8,0.0,2.5,2.5,0.047,-1.5,0.1,-1.3,0.4,,2010.0,3
Chauncey Billups,33.0,DEN,1.0,73.0,73.0,2490.0,20.2,0.601,0.423,0.532,1.2,9.3,5.3,26.1,1.7,0.3,13.0,24.3,7.7,1.7,9.5,0.182,4.5,-0.8,3.7,3.6,"MVP-12,AS",2010.0,0
Jason Richardson,29.0,PHO,2.0,79.0,76.0,2485.0,16.6,0.574,0.401,0.184,3.9,13.9,9.2,8.8,1.3,0.9,7.9,20.8,5.0,1.7,6.6,0.128,2.2,-0.5,1.7,2.3,,2010.0,0
Corey Brewer,23.0,MIN,2.0,82.0,82.0,2482.0,12.1,0.502,0.25,0.27,3.1,9.6,6.3,12.5,2.4,0.9,13.4,21.5,-0.4,1.4,1.0,0.02,-2.1,-0.1,-2.2,-0.1,,2010.0,3
Kirk Hinrich,29.0,CHI,2.0,74.0,53.0,2481.0,11.6,0.501,0.372,0.15,1.1,10.4,5.8,20.5,1.8,0.7,12.3,16.6,1.2,2.8,4.0,0.077,-1.6,1.0,-0.5,0.9,,2010.0,3
Beno Udrih,27.0,SAC,1.0,79.0,41.0,2477.0,15.7,0.566,0.237,0.168,1.7,8.5,5.1,24.1,1.8,0.3,13.1,18.6,4.2,1.3,5.5,0.107,0.7,-0.2,0.4,1.5,,2010.0,3
Marc Gasol,25.0,MEM,5.0,69.0,69.0,2469.0,19.3,0.617,0.002,0.578,9.8,20.5,15.1,10.2,1.4,3.4,14.2,16.9,5.9,2.5,8.4,0.164,1.8,1.1,2.8,3.0,,2010.0,4
Carl Landry,26.0,2TM,4.0,80.0,29.0,2469.0,19.0,0.6,0.003,0.459,8.5,13.4,10.9,4.6,1.1,1.9,10.8,22.5,5.8,1.9,7.7,0.15,1.2,-0.4,0.8,1.7,6MOY-8,2010.0,4
Carl Landry,26.0,HOU,4.0,52.0,1.0,1415.0,21.1,0.621,0.0,0.507,9.5,13.8,11.6,5.0,1.0,2.4,11.3,23.8,4.1,1.3,5.4,0.184,2.0,-0.1,1.9,1.4,,2010.0,4
Marvin Williams,23.0,ATL,3.0,81.0,81.0,2468.0,13.0,0.54,0.199,0.324,5.0,14.8,9.8,5.6,1.4,1.4,8.7,15.5,3.1,2.6,5.7,0.112,-0.4,0.1,-0.4,1.0,,2010.0,3
Al Jefferson,25.0,MIN,5.0,76.0,76.0,2463.0,19.0,0.524,0.004,0.236,8.0,24.2,16.0,10.0,1.3,3.0,9.9,24.3,2.3,2.3,4.6,0.09,0.7,-0.4,0.4,1.5,,2010.0,0
Jamal Crawford,29.0,ATL,2.0,79.0,0.0,2460.0,18.4,0.573,0.386,0.285,1.6,8.0,4.8,16.1,1.3,0.4,9.9,25.8,5.6,1.7,7.3,0.143,3.5,-1.1,2.4,2.7,6MOY-1,2010.0,3
Tim Duncan,33.0,SAS,5.0,78.0,77.0,2438.0,24.7,0.56,0.01,0.346,10.8,26.8,18.9,17.8,1.0,3.5,10.1,26.0,6.4,4.5,10.9,0.215,4.4,1.8,6.1,5.0,"DPOY-14,AS,NBA3,DEF2",2010.0,0
Grant Hill,37.0,PHO,3.0,81.0,81.0,2430.0,14.0,0.561,0.114,0.357,3.6,16.3,10.3,11.2,1.2,1.0,11.7,16.8,3.7,1.8,5.5,0.109,0.3,0.3,0.6,1.6,,2010.0,3
Brandon Roy,25.0,POR,2.0,65.0,65.0,2419.0,21.3,0.568,0.213,0.424,3.7,10.9,7.3,23.1,1.4,0.5,9.5,26.7,7.0,2.1,9.1,0.18,4.7,0.0,4.7,4.1,"AS,NBA3",2010.0,0
Paul Pierce,32.0,BOS,3.0,71.0,71.0,2411.0,18.2,0.613,0.303,0.499,2.0,13.4,7.9,15.1,1.8,1.0,13.6,23.8,5.0,3.3,8.3,0.165,2.3,0.7,3.0,3.0,AS,2010.0,0
Antawn Jamison,33.0,2TM,4.0,66.0,64.0,2406.0,17.3,0.529,0.238,0.29,6.6,20.1,13.4,6.1,1.5,0.7,7.2,23.9,3.0,2.8,5.8,0.115,1.1,-0.9,0.2,1.3,,2010.0,0
Pau Gasol,29.0,LAL,5.0,65.0,65.0,2403.0,22.9,0.593,0.006,0.429,11.4,22.7,17.1,15.0,0.8,3.5,12.5,21.4,6.8,4.2,11.0,0.22,3.7,1.3,4.9,4.2,"AS,NBA3",2010.0,0
Shawn Marion,31.0,DAL,3.0,75.0,75.0,2385.0,14.7,0.535,0.024,0.179,7.7,15.2,11.5,7.2,1.5,1.9,10.6,18.1,2.1,2.8,5.0,0.1,-0.5,0.1,-0.5,0.9,DPOY-13,2010.0,3
Courtney Lee,24.0,NJN,2.0,71.0,66.0,2375.0,12.8,0.525,0.29,0.197,2.8,9.7,6.1,9.0,2.1,0.6,8.3,17.7,1.8,1.3,3.1,0.063,-1.0,-0.4,-1.4,0.4,,2010.0,3
Emeka Okafor,27.0,NOH,5.0,82.0,82.0,2370.0,16.5,0.547,0.0,0.418,12.2,24.7,18.4,3.5,1.2,4.1,12.5,17.1,2.6,2.8,5.5,0.111,-0.9,-0.3,-1.2,0.4,,2010.0,4
Rashard Lewis,30.0,ORL,4.0,72.0,72.0,2369.0,14.0,0.573,0.525,0.224,3.1,12.1,7.8,7.4,1.7,0.9,10.9,19.4,3.1,3.4,6.5,0.132,0.9,0.8,1.8,2.3,,2010.0,3
Mo Williams,27.0,CLE,1.0,69.0,68.0,2359.0,16.1,0.58,0.434,0.232,1.5,8.6,5.2,25.0,1.6,0.7,15.5,22.0,4.0,2.7,6.7,0.136,2.2,-0.4,1.8,2.3,,2010.0,0
Jason Thompson,23.0,SAC,5.0,75.0,58.0,2357.0,14.5,0.518,0.013,0.353,10.8,20.3,15.5,8.3,0.9,2.3,13.3,19.6,1.9,2.0,4.0,0.081,-1.6,-0.8,-2.4,-0.2,,2010.0,4
Brendan Haywood,30.0,2TM,5.0,77.0,67.0,2355.0,16.1,0.588,0.002,0.499,13.5,21.5,17.5,2.8,0.6,5.1,14.2,13.5,3.7,3.0,6.7,0.137,-0.3,0.2,-0.1,1.1,DPOY-17,2010.0,4
Brendan Haywood,30.0,WAS,5.0,49.0,48.0,1614.0,16.2,0.591,0.0,0.472,14.1,22.2,18.1,1.7,0.6,4.8,14.2,13.2,2.6,1.9,4.5,0.133,-0.2,-0.2,-0.4,0.7,,2010.0,4
Thabo Sefolosha,25.0,OKC,2.0,82.0,82.0,2348.0,9.8,0.509,0.297,0.202,3.8,14.8,9.5,8.9,2.1,1.5,15.8,10.9,0.6,3.4,4.0,0.082,-1.9,2.0,0.1,1.3,"DPOY-8,DEF2",2010.0,3
Troy Murphy,29.0,IND,4.0,72.0,69.0,2344.0,18.0,0.585,0.41,0.237,6.0,28.5,17.2,10.6,1.5,1.0,10.0,18.8,4.1,3.7,7.8,0.159,2.4,0.6,2.9,2.9,,2010.0,0
Jonny Flynn,20.0,MIN,1.0,81.0,81.0,2339.0,13.0,0.511,0.226,0.284,1.1,8.1,4.6,24.7,1.8,0.1,17.9,24.2,-0.6,0.7,0.1,0.002,-0.8,-2.1,-2.9,-0.5,ROY-5,2010.0,2
Michael Beasley,21.0,MIA,4.0,78.0,78.0,2328.0,16.1,0.505,0.098,0.231,6.3,18.8,12.6,7.8,1.8,1.7,10.3,25.8,0.8,3.8,4.6,0.095,-0.9,0.1,-0.8,0.7,,2010.0,2
Earl Watson,30.0,IND,1.0,79.0,52.0,2322.0,10.9,0.517,0.351,0.323,2.5,8.8,5.6,25.6,2.2,0.5,22.6,14.7,0.3,2.3,2.6,0.055,-2.6,0.3,-2.3,-0.2,,2010.0,5
Wilson Chandler,22.0,NYK,2.0,65.0,64.0,2320.0,13.7,0.534,0.174,0.186,4.5,12.7,8.5,9.8,1.0,1.6,10.4,20.2,1.8,0.9,2.7,0.057,-1.0,-1.1,-2.1,0.0,,2010.0,2
Marcus Camby,35.0,2TM,4.0,74.0,74.0,2314.0,17.9,0.501,0.014,0.244,12.7,31.9,22.2,12.3,2.2,4.8,14.1,12.8,2.5,4.3,6.8,0.142,0.7,2.6,3.3,3.1,DPOY-10,2010.0,4
Marcus Camby,35.0,LAC,4.0,51.0,51.0,1596.0,18.3,0.497,0.017,0.256,12.0,32.9,22.4,14.4,2.2,4.6,13.9,13.0,1.7,2.8,4.6,0.137,0.8,2.7,3.5,2.2,,2010.0,4
Vince Carter,33.0,ORL,2.0,75.0,74.0,2310.0,17.1,0.541,0.319,0.301,1.7,12.6,7.3,17.8,1.2,0.6,8.4,25.2,4.4,3.0,7.4,0.154,1.6,0.4,2.0,2.3,,2010.0,0
Elton Brand,30.0,PHI,4.0,76.0,57.0,2297.0,15.7,0.518,0.001,0.272,9.0,14.7,11.8,7.9,1.9,2.7,12.0,21.7,1.6,1.9,3.5,0.073,-1.1,-0.7,-1.8,0.1,,2010.0,4
Anthony Parker,34.0,CLE,2.0,81.0,81.0,2289.0,9.9,0.576,0.549,0.2,1.6,10.0,6.0,9.9,1.4,0.6,12.1,12.0,2.3,2.6,4.9,0.103,-1.0,0.7,-0.3,1.0,,2010.0,3
Carlos Delfino,27.0,MIL,3.0,75.0,66.0,2279.0,12.9,0.526,0.499,0.163,2.4,18.0,9.8,14.0,1.8,0.7,13.2,18.0,1.1,3.7,4.8,0.101,-0.1,1.5,1.5,2.0,,2010.0,3
Danny Granger,26.0,IND,3.0,62.0,62.0,2278.0,19.8,0.564,0.385,0.376,3.2,13.3,8.2,13.6,2.0,1.6,10.6,28.7,3.5,2.7,6.2,0.131,3.1,0.0,3.1,2.9,,2010.0,0
Paul Millsap,24.0,UTA,4.0,82.0,8.0,2277.0,16.7,0.573,0.013,0.369,9.9,18.9,14.5,8.9,1.4,3.5,12.2,18.7,3.7,3.5,7.2,0.151,-0.4,0.8,0.4,1.4,6MOY-7,2010.0,4
George Hill,23.0,SAS,1.0,78.0,43.0,2276.0,14.7,0.572,0.255,0.321,2.2,8.2,5.3,15.5,1.6,0.8,10.7,19.0,4.1,2.6,6.7,0.142,0.0,0.9,0.9,1.7,,2010.0,3
Hedo Türkoğlu,30.0,TOR,3.0,74.0,69.0,2272.0,13.3,0.54,0.429,0.335,2.2,15.2,8.9,19.5,1.2,1.1,13.9,18.1,2.6,0.8,3.4,0.071,0.7,-0.4,0.4,1.4,,2010.0,3
Andray Blatche,23.0,WAS,4.0,81.0,36.0,2256.0,17.6,0.519,0.044,0.234,7.9,18.2,13.0,13.8,2.0,2.4,14.2,25.8,0.8,2.6,3.4,0.073,0.2,0.4,0.6,1.5,,2010.0,4
Jarrett Jack,26.0,TOR,1.0,82.0,43.0,2243.0,16.3,0.599,0.297,0.359,1.6,9.8,5.8,27.7,1.4,0.2,17.3,19.1,4.5,0.2,4.8,0.102,2.0,-1.6,0.4,1.4,,2010.0,3
Jonas Jerebko,22.0,DET,4.0,80.0,73.0,2232.0,13.9,0.545,0.191,0.292,9.9,16.5,13.0,4.2,1.9,1.1,10.8,15.7,2.9,1.5,4.4,0.095,-0.7,-0.6,-1.3,0.4,,2010.0,2
Andrew Bogut,25.0,MIL,5.0,69.0,69.0,2229.0,20.7,0.54,0.002,0.26,10.1,26.4,17.9,10.3,0.9,6.2,11.4,23.3,2.6,4.8,7.5,0.161,0.8,2.2,3.1,2.8,"DPOY-7,NBA3",2010.0,4
Eric Gordon,21.0,LAC,2.0,62.0,60.0,2229.0,14.1,0.571,0.409,0.381,1.3,7.1,4.2,13.8,1.6,0.5,13.6,21.5,2.3,0.9,3.2,0.069,0.1,-1.0,-0.9,0.6,,2010.0,2
Derek Fisher,35.0,LAL,1.0,82.0,82.0,2227.0,9.3,0.499,0.401,0.237,1.3,7.2,4.3,12.9,2.1,0.3,11.2,14.0,1.2,2.7,3.9,0.085,-2.9,1.3,-1.7,0.2,,2010.0,3
Arron Afflalo,24.0,DEN,2.0,82.0,75.0,2221.0,10.9,0.576,0.426,0.168,3.1,9.9,6.5,9.3,1.0,1.0,10.5,14.0,2.8,1.4,4.3,0.092,-0.2,-0.2,-0.4,0.9,DPOY-17,2010.0,3
Devin Harris,26.0,NJN,1.0,64.0,61.0,2221.0,16.2,0.512,0.245,0.437,1.2,9.7,5.3,34.6,1.9,0.6,14.7,25.5,1.5,1.2,2.7,0.057,0.7,-1.5,-0.8,0.7,,2010.0,0
Ryan Gomes,27.0,MIN,3.0,76.0,64.0,2210.0,12.1,0.528,0.272,0.172,3.8,14.0,8.8,8.8,1.4,0.5,10.8,17.4,1.5,0.9,2.4,0.052,-1.0,-0.8,-1.8,0.1,,2010.0,3
Taj Gibson,24.0,CHI,4.0,82.0,70.0,2204.0,13.8,0.521,0.0,0.278,11.6,19.2,15.4,5.0,1.2,3.6,13.9,16.7,1.2,3.5,4.7,0.103,-2.4,0.5,-2.0,0.0,ROY-5,2010.0,4
Mike Bibby,31.0,ATL,1.0,80.0,80.0,2195.0,12.7,0.538,0.503,0.123,1.1,8.8,4.9,20.8,1.6,0.1,11.7,16.1,3.0,1.7,4.8,0.104,0.1,-0.2,-0.2,1.0,,2010.0,3
Al Harrington,29.0,NYK,4.0,72.0,15.0,2195.0,16.8,0.546,0.397,0.308,4.5,16.7,10.5,8.6,1.4,0.9,10.1,26.8,2.2,1.3,3.5,0.077,0.8,-1.6,-0.8,0.6,6MOY-11,2010.0,4
Channing Frye,26.0,PHO,5.0,81.0,41.0,2190.0,15.0,0.598,0.558,0.172,3.6,17.6,11.0,7.4,1.5,2.4,8.8,16.7,4.3,2.2,6.4,0.141,1.8,0.9,2.7,2.6,,2010.0,3
Udonis Haslem,29.0,MIA,4.0,78.0,0.0,2177.0,14.6,0.538,0.0,0.305,9.1,24.8,17.0,3.9,0.7,0.9,9.5,17.1,2.8,3.2,6.0,0.132,-0.8,-0.8,-1.7,0.2,6MOY-9,2010.0,4
Shane Battier,31.0,HOU,2.0,67.0,62.0,2168.0,11.1,0.541,0.624,0.237,3.8,13.1,8.2,10.9,1.2,2.6,11.5,11.4,2.2,2.1,4.3,0.095,0.1,1.4,1.5,1.9,DPOY-15,2010.0,3
Anderson Varejão,27.0,CLE,4.0,76.0,7.0,2166.0,15.8,0.598,0.011,0.375,10.9,20.4,15.9,6.1,1.7,2.4,11.0,13.1,4.3,3.8,8.1,0.179,0.1,1.2,1.3,1.8,"DPOY-9,6MOY-3,DEF2",2010.0,4
Steve Blake,29.0,2TM,1.0,80.0,38.0,2159.0,11.6,0.539,0.563,0.092,1.2,9.4,5.2,26.9,1.4,0.2,19.1,14.5,1.9,1.4,3.3,0.074,-0.1,-0.4,-0.5,0.8,,2010.0,5
Steve Blake,29.0,POR,1.0,51.0,28.0,1397.0,11.2,0.526,0.583,0.09,1.3,9.2,5.2,22.5,1.4,0.1,15.0,14.8,1.3,1.1,2.4,0.082,0.1,0.1,0.2,0.8,,2010.0,5
Kendrick Perkins,25.0,BOS,5.0,78.0,78.0,2154.0,15.0,0.613,0.006,0.536,9.1,24.4,16.9,6.0,0.6,4.8,20.4,17.6,1.4,3.8,5.2,0.117,-1.7,1.0,-0.7,0.7,DPOY-17,2010.0,4
Manu Ginóbili,32.0,SAS,2.0,75.0,21.0,2150.0,22.5,0.584,0.388,0.393,3.8,11.6,7.7,28.2,2.5,0.8,12.7,25.8,6.5,3.2,9.7,0.216,5.1,1.6,6.7,4.7,"MVP-11,6MOY-4",2010.0,0
Mehmet Okur,30.0,UTA,5.0,73.0,73.0,2149.0,15.6,0.561,0.275,0.308,7.5,20.6,14.2,8.5,0.9,3.0,12.6,21.0,2.6,3.0,5.6,0.126,0.4,0.1,0.5,1.4,,2010.0,4
Thaddeus Young,21.0,PHI,4.0,67.0,45.0,2145.0,14.0,0.523,0.17,0.203,7.0,12.3,9.6,7.5,2.0,0.6,12.5,21.5,0.9,1.2,2.1,0.047,-0.4,-1.5,-1.9,0.1,,2010.0,2
Samuel Dalembert,28.0,PHI,5.0,82.0,80.0,2124.0,16.8,0.573,0.0,0.254,13.1,30.7,21.8,4.7,1.0,5.6,17.5,15.1,2.3,3.0,5.2,0.118,-1.2,0.3,-0.9,0.6,,2010.0,4
Darren Collison,22.0,NOH,1.0,76.0,37.0,2109.0,16.5,0.546,0.146,0.221,2.2,8.6,5.3,32.9,1.9,0.1,18.9,23.1,1.9,1.1,2.9,0.067,0.9,-1.8,-0.8,0.6,ROY-4,2010.0,2
Matt Barnes,29.0,ORL,3.0,81.0,58.0,2097.0,13.6,0.576,0.372,0.262,6.1,18.0,12.3,10.1,1.5,1.1,15.3,16.2,2.5,3.4,5.9,0.135,-0.1,1.3,1.3,1.7,DPOY-17,2010.0,3
Quentin Richardson,29.0,MIA,3.0,76.0,75.0,2082.0,12.9,0.572,0.638,0.127,3.6,17.4,10.6,7.0,1.8,0.7,9.5,14.8,2.7,3.1,5.8,0.133,0.4,0.8,1.3,1.7,,2010.0,3
J.R. Smith,24.0,DEN,2.0,75.0,0.0,2082.0,15.0,0.515,0.452,0.195,1.6,11.3,6.5,15.0,2.4,0.7,11.0,26.9,0.6,2.1,2.7,0.062,0.5,-0.4,0.1,1.1,6MOY-5,2010.0,3
Corey Maggette,30.0,GSW,4.0,70.0,49.0,2081.0,20.3,0.615,0.056,0.622,4.9,15.2,10.0,13.2,1.2,0.1,13.0,26.7,5.6,0.7,6.3,0.144,2.1,-1.8,0.3,1.2,,2010.0,4
Al Thornton,26.0,2TM,3.0,75.0,46.0,2079.0,11.8,0.523,0.046,0.312,6.4,10.0,8.2,7.1,1.1,1.3,11.7,19.0,1.2,1.0,2.2,0.05,-2.1,-1.0,-3.1,-0.6,,2010.0,3
Al Thornton,26.0,LAC,3.0,51.0,30.0,1405.0,11.6,0.526,0.03,0.302,7.0,8.9,7.9,7.2,0.9,1.2,11.2,18.9,1.0,0.5,1.5,0.05,-2.2,-1.4,-3.7,-0.6,,2010.0,1
Chris Duhon,27.0,NYK,1.0,67.0,59.0,2072.0,10.7,0.501,0.572,0.211,1.5,8.4,4.9,25.9,1.5,0.1,18.2,13.1,1.5,0.5,1.9,0.045,-1.2,-1.3,-2.5,-0.3,,2010.0,5
Kevin Garnett,33.0,BOS,4.0,69.0,69.0,2060.0,19.4,0.569,0.006,0.286,4.8,24.8,15.1,15.7,1.7,2.2,10.4,22.1,3.6,3.8,7.3,0.171,1.5,1.9,3.5,2.9,AS,2010.0,0
Roy Hibbert,23.0,IND,5.0,81.0,69.0,2035.0,16.2,0.537,0.008,0.286,9.4,15.5,12.4,13.5,0.7,4.6,14.1,22.2,1.6,2.5,4.1,0.098,-1.5,0.6,-0.9,0.6,,2010.0,4
Wesley Matthews,23.0,UTA,2.0,82.0,48.0,2025.0,12.3,0.592,0.292,0.342,3.0,8.0,5.6,9.0,1.6,0.6,12.5,16.5,2.6,1.9,4.6,0.108,-0.6,0.0,-0.5,0.8,,2010.0,3
Anthony Morrow,24.0,GSW,2.0,69.0,37.0,2018.0,14.0,0.597,0.437,0.162,3.3,11.1,7.1,7.6,1.5,0.6,10.0,17.8,3.0,0.6,3.5,0.084,1.2,-1.5,-0.4,0.8,,2010.0,1
Martell Webster,23.0,POR,3.0,82.0,49.0,2005.0,12.5,0.543,0.52,0.243,2.9,13.7,8.3,5.0,1.2,1.6,7.8,18.2,2.4,2.0,4.4,0.105,0.3,-0.3,0.0,1.0,,2010.0,3
Jared Dudley,24.0,PHO,3.0,82.0,1.0,1991.0,13.6,0.612,0.535,0.282,5.9,9.8,8.0,7.9,2.0,0.6,11.0,13.7,4.0,1.3,5.3,0.129,1.4,0.7,2.1,2.1,6MOY-11,2010.0,3
Jermaine O'Neal,31.0,MIA,5.0,70.0,70.0,1991.0,17.9,0.563,0.003,0.302,7.4,21.2,14.3,8.4,0.7,3.9,12.9,22.9,2.4,3.2,5.6,0.135,-0.5,0.4,-0.1,1.0,,2010.0,4
Kenyon Martin,32.0,DEN,4.0,58.0,58.0,1986.0,13.4,0.481,0.047,0.269,8.3,23.3,15.8,8.5,1.8,2.3,11.6,17.5,0.4,2.8,3.3,0.079,-1.4,0.5,-0.8,0.6,DPOY-17,2010.0,1
Andrew Bynum,22.0,LAL,5.0,65.0,65.0,1977.0,20.2,0.608,0.001,0.379,10.1,20.4,15.3,5.8,0.9,3.6,12.5,20.8,4.4,3.4,7.8,0.188,1.1,0.4,1.5,1.8,,2010.0,2
Ben Wallace,35.0,DET,5.0,69.0,67.0,1975.0,15.8,0.526,0.007,0.548,14.1,23.1,18.3,8.0,2.4,3.6,15.0,10.0,2.4,2.3,4.7,0.115,0.7,1.2,1.9,1.9,DPOY-17,2010.0,4
Brad Miller,33.0,CHI,5.0,82.0,37.0,1950.0,12.9,0.53,0.227,0.379,4.8,17.8,11.4,12.2,1.2,1.1,13.6,18.1,1.5,2.5,4.0,0.098,-1.4,0.5,-0.8,0.6,,2010.0,4
Peja Stojaković,32.0,NOH,3.0,62.0,55.0,1947.0,12.4,0.533,0.512,0.156,2.3,11.5,6.8,7.2,1.3,0.2,7.1,18.6,1.9,0.9,2.7,0.067,0.2,-1.1,-0.9,0.5,,2010.0,1
Omri Casspi,21.0,SAC,3.0,77.0,31.0,1931.0,13.0,0.529,0.302,0.259,4.4,16.5,10.4,7.7,1.4,0.6,11.6,19.4,1.1,1.4,2.5,0.063,-0.3,-0.8,-1.1,0.4,,2010.0,2
Joakim Noah,24.0,CHI,5.0,64.0,54.0,1925.0,17.9,0.557,0.0,0.421,12.9,27.6,20.3,10.8,0.9,4.0,16.0,17.1,2.7,3.5,6.2,0.154,0.1,1.5,1.6,1.7,,2010.0,4
Lou Williams,23.0,PHI,1.0,64.0,38.0,1912.0,18.2,0.576,0.304,0.344,1.5,10.1,5.8,22.9,2.2,0.6,12.0,21.1,4.1,1.1,5.2,0.13,1.9,-0.4,1.6,1.7,,2010.0,3
Spencer Hawes,21.0,SAC,5.0,72.0,59.0,1904.0,13.8,0.507,0.131,0.159,8.6,17.7,13.1,13.2,0.9,3.2,15.5,19.6,0.5,1.6,2.1,0.054,-1.2,0.1,-1.2,0.4,,2010.0,2
Ersan İlyasova,22.0,MIL,4.0,81.0,31.0,1898.0,15.7,0.526,0.331,0.217,9.0,22.6,15.5,7.5,1.5,1.0,8.2,20.8,2.5,3.3,5.8,0.146,0.1,0.3,0.4,1.1,,2010.0,2
Dahntay Jones,29.0,IND,3.0,76.0,26.0,1892.0,10.8,0.527,0.051,0.413,2.7,10.5,6.6,12.9,1.0,1.5,14.9,20.1,0.1,1.6,1.8,0.045,-3.3,-0.4,-3.6,-0.8,,2010.0,4
Marcus Thornton,22.0,NOH,2.0,73.0,17.0,1872.0,17.4,0.55,0.354,0.2,4.4,8.9,6.6,10.3,1.6,0.4,7.3,25.3,3.1,0.9,4.0,0.103,2.3,-1.4,0.9,1.4,6MOY-10,2010.0,2
Luc Mbah a Moute,23.0,MIL,4.0,73.0,62.0,1866.0,11.8,0.53,0.046,0.36,9.9,14.6,12.2,6.5,1.7,1.6,14.1,12.1,1.8,3.0,4.7,0.122,-1.8,1.5,-0.3,0.8,DPOY-17,2010.0,3
Jameer Nelson,27.0,ORL,1.0,65.0,64.0,1860.0,15.5,0.54,0.32,0.164,1.7,10.1,6.0,32.1,1.3,0.1,15.5,22.3,2.8,2.2,5.0,0.13,1.0,-0.3,0.7,1.3,,2010.0,0
Charlie Villanueva,25.0,DET,4.0,78.0,16.0,1848.0,16.0,0.526,0.341,0.157,5.2,19.6,12.0,5.2,1.4,2.5,7.7,23.9,2.1,1.4,3.5,0.092,0.8,-0.8,0.0,0.9,,2010.0,4
José Calderón,28.0,TOR,1.0,68.0,39.0,1817.0,16.5,0.569,0.301,0.183,1.5,7.5,4.6,33.8,1.3,0.3,13.9,17.9,4.2,0.0,4.2,0.111,2.5,-1.9,0.6,1.2,,2010.0,0
JJ Redick,25.0,ORL,2.0,82.0,9.0,1808.0,15.0,0.606,0.495,0.401,1.1,8.5,5.0,13.9,0.8,0.2,8.8,18.3,4.7,1.8,6.5,0.173,1.8,0.1,1.8,1.8,,2010.0,3
Mario Chalmers,23.0,MIA,1.0,73.0,22.0,1807.0,10.7,0.519,0.52,0.242,1.6,7.1,4.4,21.0,2.7,0.5,19.7,16.3,0.3,2.4,2.7,0.072,-2.3,1.1,-1.3,0.3,,2010.0,5
Mike Miller,29.0,WAS,2.0,54.0,50.0,1805.0,13.9,0.623,0.395,0.196,3.5,18.2,10.7,18.4,1.1,0.5,19.6,14.7,2.5,1.4,3.9,0.104,0.9,0.4,1.3,1.5,,2010.0,1
Jared Jeffries,28.0,2TM,3.0,70.0,37.0,1794.0,9.8,0.507,0.226,0.382,8.1,10.3,9.1,8.0,1.8,2.9,17.2,11.1,0.9,1.3,2.2,0.058,-2.7,0.8,-1.9,0.0,,2010.0,4
Jared Jeffries,28.0,NYK,4.0,52.0,37.0,1462.0,9.7,0.524,0.27,0.404,7.6,9.8,8.7,7.9,1.9,3.0,18.6,10.3,0.8,1.0,1.7,0.057,-2.5,1.0,-1.5,0.2,,2010.0,4
C.J. Watson,25.0,GSW,1.0,65.0,15.0,1788.0,13.8,0.555,0.275,0.314,1.7,8.9,5.3,14.3,2.8,0.3,10.3,16.0,2.2,0.9,3.1,0.082,-0.8,0.3,-0.4,0.7,,2010.0,5
Rasheed Wallace,35.0,BOS,5.0,79.0,13.0,1780.0,13.1,0.504,0.446,0.192,3.0,19.0,11.2,7.3,2.4,3.1,8.2,20.2,0.2,3.4,3.6,0.096,-1.6,1.6,0.0,0.9,,2010.0,4
Chuck Hayes,26.0,HOU,5.0,82.0,82.0,1773.0,11.7,0.5,0.0,0.201,9.4,21.1,15.0,11.4,2.1,1.8,17.1,10.8,1.2,2.4,3.6,0.098,-2.2,2.0,-0.2,0.8,,2010.0,3
Jrue Holiday,19.0,PHI,1.0,73.0,51.0,1767.0,12.3,0.526,0.306,0.165,3.7,9.1,6.4,24.4,2.3,0.8,21.9,18.4,0.2,1.0,1.2,0.032,-1.1,-0.6,-1.7,0.1,,2010.0,2
Terrence Williams,22.0,NJN,3.0,78.0,9.0,1764.0,11.5,0.459,0.154,0.221,2.9,20.6,11.4,22.4,1.3,0.4,14.8,21.8,-1.5,1.3,-0.3,-0.007,-2.0,-0.8,-2.8,-0.4,,2010.0,2
Luke Ridnour,28.0,MIL,1.0,82.0,0.0,1759.0,17.7,0.57,0.264,0.204,1.5,8.1,4.6,31.9,1.6,0.3,12.4,22.0,4.0,2.2,6.2,0.168,1.7,0.5,2.2,1.8,,2010.0,3
Drew Gooden,28.0,2TM,5.0,70.0,33.0,1755.0,16.9,0.547,0.013,0.359,13.7,21.9,17.8,4.4,1.2,2.5,13.4,21.0,2.3,2.2,4.4,0.121,-1.2,-1.0,-2.1,-0.1,,2010.0,4
Drew Gooden,28.0,DAL,5.0,46.0,11.0,1030.0,16.1,0.528,0.018,0.342,13.9,21.2,17.6,4.0,1.3,3.6,12.7,19.8,1.1,1.6,2.7,0.125,-1.8,-0.4,-2.3,-0.1,,2010.0,4
Ronnie Brewer,24.0,2TM,2.0,58.0,53.0,1742.0,12.5,0.524,0.072,0.31,3.1,9.4,6.4,12.7,2.7,0.7,9.8,13.9,1.6,2.2,3.7,0.103,-0.8,2.0,1.1,1.4,,2010.0,5
Ronnie Brewer,24.0,UTA,2.0,53.0,53.0,1662.0,12.8,0.53,0.075,0.308,3.2,9.4,6.4,13.1,2.6,0.7,9.7,14.1,1.7,2.1,3.8,0.108,-0.6,1.9,1.3,1.4,,2010.0,5
Nenad Krstić,26.0,OKC,5.0,76.0,76.0,1741.0,13.7,0.527,0.009,0.189,9.1,16.0,12.6,4.9,0.9,1.9,8.7,17.1,2.0,2.2,4.2,0.116,-1.5,-0.2,-1.8,0.1,,2010.0,3
James Harden,20.0,OKC,2.0,76.0,0.0,1738.0,14.0,0.551,0.429,0.415,3.2,12.7,8.1,12.3,2.4,0.9,13.4,20.4,2.0,2.5,4.5,0.124,-0.7,1.2,0.5,1.1,,2010.0,2
Ramon Sessions,23.0,MIN,1.0,82.0,1.0,1732.0,12.9,0.513,0.027,0.42,3.7,10.3,6.9,23.3,1.6,0.2,17.2,19.9,0.5,0.6,1.1,0.031,-1.8,-1.2,-3.0,-0.4,,2010.0,3
James Posey,33.0,NOH,3.0,77.0,2.0,1731.0,8.7,0.525,0.701,0.232,2.1,20.5,11.2,9.3,1.3,0.8,11.8,11.4,1.0,1.4,2.4,0.067,-2.4,0.6,-1.8,0.1,,2010.0,3
Chris Douglas-Roberts,23.0,NJN,3.0,67.0,38.0,1730.0,11.5,0.512,0.094,0.274,2.9,10.7,6.6,9.5,1.7,0.8,13.1,19.6,-0.2,0.9,0.7,0.02,-2.2,-0.9,-3.2,-0.5,,2010.0,1
Ben Gordon,26.0,DET,2.0,62.0,17.0,1730.0,14.0,0.534,0.335,0.329,1.7,7.0,4.2,16.7,1.5,0.3,12.9,24.5,1.8,0.4,2.1,0.059,0.3,-1.8,-1.4,0.2,,2010.0,5
Tony Parker,27.0,SAS,1.0,56.0,50.0,1728.0,16.4,0.542,0.047,0.344,0.5,8.5,4.6,30.9,0.9,0.3,15.3,25.8,2.0,1.6,3.6,0.101,0.6,-1.3,-0.7,0.6,,2010.0,0
Kevin Love,21.0,MIN,4.0,60.0,22.0,1714.0,20.7,0.549,0.164,0.427,14.5,28.6,21.5,12.9,1.3,1.0,13.2,22.4,3.4,1.5,4.9,0.138,2.7,-1.2,1.5,1.5,6MOY-11,2010.0,2
Chris Paul,24.0,NOH,1.0,45.0,45.0,1712.0,23.7,0.584,0.199,0.298,1.3,11.9,6.5,45.4,2.9,0.4,13.5,22.2,5.7,1.5,7.3,0.204,4.6,1.6,6.2,3.5,AS,2010.0,0
Jason Williams,34.0,ORL,1.0,82.0,18.0,1703.0,12.9,0.555,0.519,0.096,0.5,7.8,4.3,26.9,1.6,0.1,16.4,14.5,2.5,2.0,4.5,0.127,0.6,0.4,1.0,1.3,,2010.0,5
Shannon Brown,24.0,LAL,2.0,82.0,7.0,1700.0,12.4,0.517,0.319,0.204,2.0,10.0,6.0,9.9,1.7,1.4,9.4,18.8,1.1,2.3,3.4,0.096,-1.2,0.8,-0.4,0.7,,2010.0,3
Chris Andersen,31.0,DEN,4.0,76.0,0.0,1695.0,15.8,0.631,0.012,0.94,10.1,22.7,16.4,2.8,1.3,6.3,14.3,10.8,3.2,2.7,5.9,0.166,-0.1,1.9,1.8,1.6,,2010.0,4
J.J. Hickson,21.0,CLE,4.0,81.0,73.0,1691.0,15.2,0.58,0.002,0.312,8.2,19.5,14.1,3.9,1.1,1.8,13.4,18.9,1.8,2.5,4.3,0.123,-1.0,-0.4,-1.4,0.3,,2010.0,2
Mickaël Piétrus,27.0,ORL,3.0,75.0,24.0,1687.0,11.9,0.555,0.568,0.202,2.8,11.6,7.4,4.7,1.6,1.4,10.5,18.0,1.2,2.5,3.6,0.103,0.0,0.9,0.9,1.2,,2010.0,3
Andrei Kirilenko,28.0,UTA,3.0,58.0,35.0,1681.0,18.2,0.588,0.185,0.485,5.5,12.9,9.3,14.0,2.5,3.4,11.9,17.7,3.3,2.7,6.0,0.171,2.7,2.4,5.1,3.0,DPOY-16,2010.0,0
Ronald Murray,30.0,2TM,2.0,75.0,2.0,1673.0,11.7,0.485,0.324,0.284,2.0,10.6,6.4,14.0,1.4,0.8,10.6,23.6,-0.2,2.0,1.8,0.051,-1.7,-0.6,-2.3,-0.1,,2010.0,3
Ronald Murray,30.0,CHA,2.0,46.0,1.0,993.0,11.4,0.484,0.319,0.319,1.9,9.9,5.9,15.2,1.5,1.0,12.2,25.0,-0.4,1.3,0.9,0.041,-1.7,-0.4,-2.1,0.0,,2010.0,5
Randy Foye,26.0,WAS,1.0,70.0,38.0,1667.0,13.2,0.516,0.294,0.234,1.1,8.0,4.5,22.6,1.0,0.5,12.1,21.1,1.6,0.7,2.2,0.064,0.0,-1.2,-1.2,0.3,,2010.0,5
Will Bynum,27.0,DET,1.0,63.0,20.0,1667.0,13.8,0.513,0.103,0.333,1.6,9.2,5.2,28.2,1.8,0.4,15.8,20.1,1.3,0.6,1.9,0.054,-1.0,-1.3,-2.2,-0.1,,2010.0,5
DeMar DeRozan,20.0,TOR,2.0,77.0,65.0,1664.0,12.5,0.554,0.031,0.379,4.8,10.9,7.9,4.9,1.3,0.8,9.4,18.1,2.0,0.3,2.3,0.066,-1.5,-1.3,-2.8,-0.3,,2010.0,2
Tayshaun Prince,29.0,DET,3.0,49.0,49.0,1664.0,16.0,0.53,0.126,0.169,4.9,13.8,9.0,16.9,1.1,1.1,8.8,18.9,2.6,0.6,3.2,0.091,1.8,-1.0,0.8,1.2,,2010.0,3
Yi Jianlian,22.0,NJN,4.0,52.0,51.0,1655.0,12.3,0.481,0.073,0.343,7.7,18.7,13.0,4.9,1.2,2.3,10.6,20.1,0.0,1.3,1.3,0.037,-2.8,-1.3,-4.1,-0.9,,2010.0,2
Kyle Lowry,23.0,HOU,1.0,68.0,0.0,1651.0,15.5,0.536,0.293,0.56,6.1,11.2,8.6,27.7,1.9,0.4,16.7,18.6,2.9,1.4,4.3,0.126,0.4,0.4,0.8,1.2,6MOY-11,2010.0,5
Kevin Martin,26.0,2TM,2.0,46.0,43.0,1633.0,17.0,0.561,0.303,0.491,2.0,9.7,5.8,11.2,1.4,0.3,9.8,25.3,3.2,1.0,4.2,0.123,1.0,-1.4,-0.4,0.6,,2010.0,0
Juwan Howard,36.0,POR,5.0,73.0,27.0,1632.0,10.0,0.538,0.003,0.187,8.1,17.3,12.7,5.9,0.9,0.5,15.1,13.9,1.1,1.6,2.6,0.077,-3.0,-0.4,-3.5,-0.6,,2010.0,1
Donté Greene,21.0,SAC,3.0,76.0,50.0,1630.0,11.6,0.526,0.331,0.253,3.7,12.9,8.2,6.8,1.3,2.4,13.1,19.2,0.3,1.2,1.5,0.044,-1.2,-0.4,-1.6,0.1,,2010.0,2
Antonio McDyess,35.0,SAS,4.0,77.0,50.0,1617.0,12.2,0.492,0.005,0.133,11.0,21.8,16.5,7.7,1.4,1.4,14.8,15.1,0.6,2.6,3.2,0.094,-1.8,0.8,-1.0,0.4,,2010.0,3
Charlie Bell,30.0,MIL,2.0,71.0,39.0,1611.0,7.9,0.486,0.451,0.151,2.1,7.5,4.7,9.8,1.3,0.6,10.3,14.8,0.1,1.9,2.0,0.06,-2.9,0.5,-2.4,-0.2,,2010.0,1
Damien Wilkins,30.0,MIN,3.0,80.0,31.0,1585.0,11.5,0.515,0.16,0.339,5.0,12.7,8.8,12.5,2.1,1.2,14.8,14.1,0.9,1.0,1.9,0.056,-2.0,0.7,-1.3,0.3,,2010.0,3
Carlos Arroyo,30.0,MIA,1.0,72.0,35.0,1585.0,12.3,0.529,0.067,0.24,1.9,7.7,4.8,22.2,1.2,0.3,11.5,13.9,2.2,1.5,3.7,0.113,-1.5,0.1,-1.5,0.2,,2010.0,5
Keith Bogans,29.0,SAS,3.0,79.0,50.0,1559.0,7.7,0.542,0.658,0.168,1.9,11.2,6.6,8.5,1.5,0.6,14.2,11.0,0.7,1.9,2.6,0.081,-2.7,1.5,-1.2,0.3,,2010.0,3
Nick Collison,29.0,OKC,5.0,75.0,5.0,1557.0,13.1,0.616,0.013,0.346,11.5,16.7,14.2,3.7,1.2,2.3,15.0,12.1,2.6,2.2,4.7,0.146,-1.9,0.8,-1.2,0.3,,2010.0,4
Hakim Warrick,27.0,2TM,4.0,76.0,6.0,1557.0,15.6,0.547,0.013,0.498,9.0,13.9,11.4,5.6,0.8,0.9,10.7,21.8,2.2,1.8,4.0,0.124,-0.4,-0.9,-1.3,0.3,,2010.0,4
Hakim Warrick,27.0,MIL,4.0,48.0,6.0,1024.0,15.6,0.54,0.016,0.455,9.2,14.6,11.8,5.8,0.9,0.8,11.2,22.6,1.2,1.3,2.5,0.119,-0.4,-0.5,-1.0,0.3,,2010.0,4
Willie Green,28.0,PHI,2.0,73.0,18.0,1553.0,12.8,0.538,0.25,0.21,1.5,8.4,4.9,15.8,1.1,0.6,10.1,19.4,1.8,0.3,2.2,0.067,-0.7,-1.5,-2.2,-0.1,,2010.0,1
Richard Hamilton,31.0,DET,2.0,46.0,46.0,1552.0,14.9,0.505,0.192,0.336,2.2,7.7,4.8,23.5,1.0,0.2,12.3,27.9,1.2,0.1,1.4,0.043,0.6,-2.7,-2.1,0.0,,2010.0,3
Jason Maxiell,26.0,DET,5.0,76.0,29.0,1550.0,14.0,0.531,0.002,0.373,11.8,20.0,15.7,4.1,1.3,2.1,12.3,16.4,1.5,1.1,2.6,0.081,-1.4,-1.3,-2.7,-0.3,,2010.0,4
J.J. Barea,25.0,DAL,1.0,78.0,18.0,1546.0,12.8,0.526,0.298,0.171,1.3,9.5,5.4,26.1,1.2,0.3,15.3,19.9,1.0,1.2,2.2,0.069,-0.6,-0.7,-1.3,0.3,,2010.0,3
Roger Mason,29.0,SAS,2.0,79.0,5.0,1515.0,9.7,0.49,0.532,0.069,0.9,11.5,6.3,13.5,1.0,0.7,10.4,17.2,0.3,1.7,1.9,0.062,-1.4,0.1,-1.2,0.3,,2010.0,3
Delonte West,26.0,CLE,2.0,60.0,3.0,1500.0,13.8,0.53,0.177,0.326,2.4,10.6,6.7,20.0,1.9,1.4,15.3,18.3,1.3,2.0,3.3,0.106,-0.3,1.0,0.7,1.0,,2010.0,5
C.J. Miles,22.0,UTA,3.0,63.0,28.0,1497.0,10.8,0.515,0.386,0.169,3.4,9.7,6.6,10.7,2.0,0.9,11.8,20.5,0.2,1.7,1.9,0.061,-2.0,0.1,-1.9,0.0,,2010.0,2
Dorell Wright,24.0,MIA,3.0,72.0,1.0,1496.0,14.5,0.567,0.375,0.165,4.0,14.4,9.2,9.8,1.9,1.7,10.6,15.8,2.1,2.2,4.3,0.137,0.7,1.2,1.8,1.5,,2010.0,5
DeJuan Blair,20.0,SAS,4.0,82.0,23.0,1494.0,17.7,0.564,0.004,0.325,16.0,25.1,20.6,7.1,1.8,1.9,16.5,20.8,1.8,2.8,4.6,0.147,-1.0,0.4,-0.7,0.5,,2010.0,2
Chase Budinger,21.0,HOU,3.0,74.0,4.0,1488.0,14.1,0.545,0.441,0.154,2.8,14.6,8.5,9.7,1.2,0.5,7.4,19.4,1.9,1.2,3.1,0.1,1.1,-0.7,0.5,0.9,,2010.0,2
Mike Dunleavy,29.0,IND,3.0,67.0,15.0,1486.0,13.1,0.531,0.423,0.283,1.8,15.6,8.7,11.3,1.3,0.7,10.3,20.7,0.8,1.5,2.3,0.075,-0.5,-0.4,-0.8,0.4,,2010.0,1
Andrés Nocioni,30.0,SAC,3.0,75.0,28.0,1477.0,11.1,0.504,0.424,0.169,2.5,14.9,8.6,8.0,1.1,1.3,9.6,20.9,0.4,1.0,1.3,0.044,-1.3,-1.1,-2.4,-0.1,,2010.0,3
Jordan Farmar,23.0,LAL,1.0,82.0,0.0,1474.0,12.3,0.535,0.445,0.165,1.1,8.8,5.0,13.4,1.8,0.6,11.5,19.0,1.0,1.8,2.8,0.093,-0.8,0.5,-0.4,0.6,,2010.0,3
D.J. Augustin,22.0,CHA,1.0,80.0,2.0,1472.0,11.2,0.516,0.409,0.301,0.9,6.9,4.0,21.7,1.6,0.3,13.1,17.9,1.1,1.7,2.8,0.092,-1.5,0.3,-1.1,0.3,,2010.0,2
Amir Johnson,22.0,TOR,4.0,82.0,5.0,1453.0,16.7,0.639,0.012,0.446,12.9,19.1,16.1,5.0,1.6,3.5,13.6,14.5,3.4,1.1,4.5,0.15,-0.6,0.0,-0.6,0.5,,2010.0,2
Goran Dragić,23.0,PHO,1.0,80.0,2.0,1442.0,14.8,0.566,0.383,0.324,3.2,9.8,6.7,24.1,1.7,0.4,18.3,21.1,2.0,0.8,2.8,0.094,0.8,-0.7,0.1,0.8,,2010.0,3
Rudy Fernández,24.0,POR,2.0,62.0,2.0,1441.0,13.1,0.54,0.629,0.232,3.0,11.2,7.0,13.8,2.4,0.6,13.4,17.7,1.4,1.6,3.0,0.101,0.6,0.9,1.5,1.3,,2010.0,5
Anthony Tolliver,24.0,2TM,4.0,46.0,29.0,1427.0,13.6,0.531,0.339,0.298,6.5,18.7,12.5,8.6,1.1,1.7,8.3,16.6,1.7,0.8,2.5,0.084,-0.3,-1.3,-1.6,0.1,,2010.0,1
Anthony Tolliver,24.0,GSW,4.0,44.0,29.0,1423.0,13.7,0.532,0.337,0.299,6.5,18.6,12.5,8.6,1.1,1.7,8.3,16.6,1.8,0.8,2.5,0.085,-0.3,-1.3,-1.6,0.2,,2010.0,1
Nick Young,24.0,WAS,2.0,74.0,23.0,1421.0,10.7,0.519,0.305,0.233,1.6,6.7,4.1,5.7,1.0,0.4,8.3,21.4,0.9,0.5,1.4,0.046,-2.0,-1.7,-3.7,-0.6,,2010.0,1
Rafer Alston,33.0,2TM,1.0,52.0,38.0,1421.0,8.2,0.443,0.377,0.182,1.0,9.7,5.3,20.2,1.9,0.5,16.5,18.8,-1.6,1.2,-0.4,-0.013,-3.3,-0.5,-3.8,-0.6,,2010.0,5
Darius Songaila,31.0,NOH,5.0,75.0,1.0,1410.0,11.6,0.522,0.012,0.152,4.8,14.7,9.7,7.9,2.3,0.8,13.5,19.5,0.0,1.2,1.3,0.044,-3.9,0.2,-3.7,-0.6,,2010.0,4
Antoine Wright,25.0,TOR,3.0,67.0,10.0,1392.0,8.6,0.502,0.434,0.193,3.3,12.6,8.1,7.4,1.1,0.6,11.8,16.1,0.1,0.2,0.3,0.011,-1.9,-1.4,-3.3,-0.4,,2010.0,1
Wayne Ellington,22.0,MIN,2.0,76.0,1.0,1384.0,9.6,0.527,0.362,0.156,2.6,10.4,6.4,8.3,0.7,0.3,13.4,17.4,0.3,0.1,0.4,0.014,-1.6,-1.9,-3.5,-0.5,,2010.0,2
Sonny Weems,23.0,TOR,2.0,69.0,19.0,1368.0,12.9,0.533,0.033,0.14,3.7,12.6,8.3,11.6,1.5,1.4,11.8,18.4,0.8,0.5,1.3,0.044,-1.3,-0.7,-2.0,0.0,,2010.0,1
Zydrunas Ilgauskas,34.0,CLE,5.0,64.0,6.0,1339.0,11.9,0.491,0.053,0.231,10.7,19.6,15.3,5.6,0.5,2.9,11.6,19.0,0.5,2.0,2.5,0.088,-3.1,-0.7,-3.8,-0.6,,2010.0,4
Serge Ibaka,20.0,OKC,4.0,73.0,0.0,1323.0,15.2,0.562,0.005,0.249,12.3,21.9,17.2,1.2,1.0,5.5,14.2,16.2,1.3,2.4,3.7,0.134,-2.4,0.9,-1.5,0.2,,2010.0,2
Joel Anthony,27.0,MIA,5.0,80.0,16.0,1322.0,10.2,0.546,0.0,0.579,11.0,11.1,11.1,1.3,0.8,6.7,18.4,8.7,1.0,2.0,3.1,0.111,-3.4,1.7,-1.7,0.1,,2010.0,4
Sam Young,24.0,MEM,3.0,80.0,1.0,1321.0,13.0,0.518,0.113,0.352,6.8,11.0,8.9,6.2,1.3,1.2,14.1,22.1,0.6,0.7,1.2,0.044,-1.5,-1.7,-3.1,-0.4,,2010.0,4
Ty Lawson,22.0,DEN,1.0,65.0,8.0,1318.0,16.4,0.6,0.213,0.359,3.7,7.1,5.4,24.2,1.8,0.1,15.4,18.0,2.9,0.9,3.7,0.135,1.5,-0.4,1.1,1.0,,2010.0,2
Maurice Evans,31.0,ATL,3.0,79.0,5.0,1317.0,12.2,0.539,0.43,0.155,5.2,8.5,6.8,5.5,1.4,1.0,4.5,15.4,2.1,1.1,3.1,0.114,-0.4,-0.6,-0.9,0.4,,2010.0,3
Jerryd Bayless,21.0,POR,2.0,74.0,11.0,1304.0,14.3,0.534,0.19,0.501,1.7,9.8,5.7,22.1,1.1,0.3,13.8,24.9,1.7,1.0,2.7,0.098,-0.7,-1.0,-1.7,0.1,,2010.0,2
Erick Dampier,34.0,DAL,5.0,55.0,47.0,1280.0,14.0,0.637,0.014,0.474,11.6,24.1,17.9,3.5,0.6,4.5,19.2,11.4,1.8,2.0,3.7,0.14,-1.6,1.0,-0.6,0.5,,2010.0,4
Eric Maynor,22.0,2TM,1.0,81.0,2.0,1269.0,11.8,0.478,0.193,0.196,2.0,9.6,5.9,31.5,1.6,0.6,17.5,17.1,0.5,1.4,1.9,0.071,-1.7,-0.1,-1.8,0.1,,2010.0,2
Eric Maynor,22.0,OKC,1.0,55.0,0.0,906.0,11.6,0.492,0.2,0.166,1.4,9.9,5.8,30.9,1.5,0.7,18.4,15.3,0.5,1.0,1.5,0.079,-1.9,0.1,-1.9,0.0,,2010.0,2
Shaquille O'Neal,37.0,CLE,5.0,53.0,53.0,1240.0,17.9,0.565,0.002,0.488,9.4,24.0,17.0,11.3,0.6,3.9,15.7,25.1,0.9,2.1,3.1,0.119,-1.0,0.8,-0.2,0.6,,2010.0,4
Craig Smith,26.0,LAC,4.0,75.0,2.0,1232.0,16.9,0.599,0.013,0.524,9.1,18.0,13.5,11.8,1.4,1.5,15.3,21.2,2.0,1.0,3.0,0.117,-0.9,0.1,-0.8,0.4,,2010.0,4
Ryan Hollins,25.0,MIN,5.0,73.0,27.0,1223.0,11.0,0.6,0.003,0.521,7.1,11.9,9.5,6.4,0.8,2.3,20.3,16.6,0.8,0.5,1.2,0.048,-3.9,-0.7,-4.6,-0.8,,2010.0,4
Kris Humphries,24.0,2TM,4.0,69.0,0.0,1221.0,15.1,0.495,0.002,0.466,11.0,25.1,17.8,4.5,1.5,2.9,11.8,21.0,0.3,1.6,1.9,0.074,-2.6,-0.9,-3.5,-0.5,,2010.0,4
Kris Humphries,24.0,NJN,4.0,44.0,0.0,906.0,15.1,0.498,0.003,0.498,10.0,26.7,18.0,4.8,1.7,3.0,12.9,20.8,0.1,1.1,1.3,0.066,-2.6,-0.9,-3.5,-0.3,,2010.0,4
Tyrus Thomas,23.0,2TM,5.0,54.0,3.0,1220.0,16.8,0.511,0.007,0.417,7.8,23.6,15.9,7.8,2.7,5.5,15.6,22.1,-0.3,2.9,2.6,0.103,-2.0,2.9,0.9,0.9,,2010.0,4
Eddie House,31.0,2TM,1.0,68.0,0.0,1217.0,10.5,0.495,0.499,0.114,1.3,9.3,5.3,11.0,1.7,0.5,9.0,20.0,0.0,1.1,1.1,0.042,-1.5,-0.5,-2.0,0.0,,2010.0,1
Eddie House,31.0,BOS,1.0,50.0,0.0,846.0,11.9,0.527,0.519,0.124,1.0,8.7,5.0,9.2,1.7,0.7,7.4,20.3,0.4,1.0,1.4,0.081,-0.4,0.0,-0.4,0.3,,2010.0,1
T.J. Ford,26.0,IND,1.0,47.0,32.0,1189.0,13.4,0.507,0.12,0.323,3.7,10.0,6.8,24.8,1.8,0.7,15.9,21.0,0.3,1.1,1.4,0.058,-1.4,0.0,-1.4,0.2,,2010.0,5
Lou Amundson,27.0,PHO,4.0,79.0,0.0,1168.0,14.4,0.562,0.004,0.446,13.1,19.9,16.7,3.7,1.0,4.4,14.7,14.6,1.5,1.3,2.9,0.118,-1.5,0.4,-1.1,0.3,,2010.0,4
Tyson Chandler,27.0,CHA,5.0,51.0,27.0,1163.0,12.5,0.643,0.0,0.826,12.0,21.0,16.6,2.2,0.8,3.9,26.0,14.0,0.9,2.0,2.9,0.12,-3.1,1.1,-2.0,0.0,,2010.0,4
Matt Bonner,29.0,SAS,4.0,65.0,8.0,1161.0,14.9,0.581,0.621,0.129,5.3,16.1,10.8,9.0,1.4,1.5,9.0,17.0,2.1,1.6,3.7,0.153,1.8,0.9,2.6,1.3,,2010.0,1
DeAndre Jordan,21.0,LAC,5.0,70.0,12.0,1137.0,12.7,0.571,0.008,0.538,12.4,23.6,17.9,2.9,0.7,4.0,20.3,14.7,0.2,1.2,1.5,0.061,-3.5,-0.3,-3.8,-0.5,,2010.0,4
Marco Belinelli,23.0,TOR,2.0,66.0,1.0,1121.0,12.6,0.543,0.417,0.319,1.5,8.3,5.0,11.8,1.9,0.3,12.2,20.1,0.9,0.2,1.2,0.049,-0.3,-1.0,-1.3,0.2,,2010.0,1
Earl Boykins,33.0,WAS,1.0,67.0,1.0,1117.0,12.9,0.498,0.149,0.221,1.7,6.1,3.9,25.3,1.1,0.2,13.5,20.7,0.6,0.3,1.0,0.042,-0.5,-2.0,-2.4,-0.1,,2010.0,5
Larry Hughes,31.0,2TM,2.0,45.0,16.0,1115.0,12.0,0.472,0.36,0.293,2.4,12.4,7.3,18.9,2.4,1.0,14.7,20.9,-0.3,1.0,0.7,0.03,-2.0,0.1,-1.9,0.0,,2010.0,5
Nate Robinson,25.0,2TM,1.0,56.0,2.0,1115.0,16.3,0.543,0.452,0.136,2.9,8.6,5.8,24.9,2.3,0.3,12.3,24.4,1.4,0.8,2.2,0.095,1.2,-0.6,0.7,0.7,,2010.0,5
Trenton Hassell,30.0,NJN,3.0,52.0,31.0,1106.0,6.5,0.465,0.023,0.315,5.6,10.5,7.9,7.2,0.8,0.6,15.9,12.3,-0.4,0.3,-0.1,-0.003,-4.2,-1.1,-5.3,-0.9,,2010.0,4
Zaza Pachulia,25.0,ATL,5.0,78.0,1.0,1089.0,13.1,0.539,0.016,0.581,12.4,19.0,15.7,5.6,1.8,2.2,15.8,15.5,1.2,1.5,2.7,0.121,-2.7,0.2,-2.5,-0.1,,2010.0,4
Marcin Gortat,25.0,ORL,5.0,81.0,0.0,1088.0,13.9,0.563,0.013,0.33,11.5,24.3,18.1,2.4,0.8,4.8,15.0,13.0,1.2,2.2,3.4,0.151,-1.7,1.7,0.1,0.6,,2010.0,4
Toney Douglas,23.0,NYK,1.0,56.0,12.0,1087.0,14.9,0.571,0.448,0.174,4.1,7.2,5.6,16.6,2.0,0.2,11.6,19.8,1.8,0.4,2.2,0.097,0.5,-0.8,-0.4,0.5,,2010.0,1
Daniel Gibson,23.0,CLE,1.0,56.0,10.0,1068.0,11.3,0.613,0.556,0.183,1.5,6.4,4.1,9.8,1.2,0.5,11.1,14.2,1.6,1.0,2.6,0.117,0.0,0.0,0.0,0.5,,2010.0,1
Devin Brown,31.0,2TM,2.0,50.0,37.0,1060.0,10.0,0.5,0.454,0.238,3.2,10.6,6.8,9.1,1.6,0.4,13.5,19.8,-0.2,0.6,0.4,0.017,-1.9,-0.8,-2.7,-0.2,,2010.0,1
Jamario Moon,29.0,CLE,3.0,61.0,2.0,1052.0,12.6,0.555,0.405,0.182,3.1,17.8,10.8,6.9,1.7,2.2,7.9,12.8,1.2,1.7,2.9,0.131,-0.2,1.6,1.4,0.9,,2010.0,1
Kurt Thomas,37.0,MIL,5.0,70.0,9.0,1049.0,9.9,0.489,0.0,0.072,8.7,23.5,15.8,6.7,1.3,3.4,18.3,11.3,0.0,2.0,2.1,0.095,-4.4,2.1,-2.2,-0.1,,2010.0,4
Sergio Rodríguez,23.0,2TM,1.0,66.0,8.0,1048.0,14.8,0.554,0.259,0.265,2.6,7.2,4.8,32.2,2.4,0.4,22.5,21.6,0.6,0.6,1.2,0.053,0.0,-1.3,-1.3,0.2,,2010.0,5
Josh Boone,25.0,NJN,4.0,63.0,28.0,1045.0,13.7,0.509,0.0,0.26,13.1,22.0,17.4,4.6,1.5,3.4,13.0,12.5,0.7,1.1,1.8,0.084,-1.8,-0.2,-2.0,0.0,,2010.0,4
Jarvis Hayes,28.0,NJN,3.0,45.0,19.0,1033.0,9.7,0.521,0.546,0.055,1.0,11.5,6.0,6.7,1.5,0.6,7.7,16.2,0.3,0.5,0.8,0.038,-2.2,-0.7,-2.9,-0.2,,2010.0,1
Marreese Speights,22.0,PHI,5.0,62.0,1.0,1016.0,17.6,0.524,0.011,0.327,9.7,19.7,14.6,6.2,1.5,2.6,9.1,25.1,1.2,0.9,2.1,0.101,-1.3,-1.6,-2.9,-0.2,,2010.0,2
Robin Lopez,21.0,PHO,5.0,51.0,31.0,986.0,17.6,0.621,0.0,0.43,12.6,15.6,14.2,1.1,0.5,3.8,10.6,17.3,2.5,0.8,3.2,0.158,0.3,-0.9,-0.6,0.4,,2010.0,2
Nazr Mohammed,32.0,CHA,5.0,58.0,29.0,984.0,19.6,0.578,0.0,0.365,14.2,22.9,18.6,5.4,0.8,3.6,11.8,21.3,1.8,1.8,3.6,0.174,0.6,-0.1,0.5,0.6,,2010.0,4
James Singleton,28.0,2TM,3.0,57.0,3.0,977.0,11.4,0.452,0.146,0.244,12.6,20.0,16.3,4.8,1.5,3.3,14.8,15.4,-0.1,1.2,1.1,0.056,-3.2,0.0,-3.2,-0.3,,2010.0,4
Jason Kapono,28.0,PHI,3.0,57.0,12.0,976.0,8.4,0.527,0.568,0.05,1.7,6.4,4.0,6.1,1.1,0.5,10.0,15.9,0.3,0.1,0.5,0.023,-1.9,-2.2,-4.0,-0.5,,2010.0,1
Morris Peterson,32.0,NOH,2.0,46.0,39.0,973.0,9.3,0.503,0.568,0.179,2.0,13.4,7.6,6.2,1.3,0.4,7.7,16.5,0.3,0.5,0.8,0.039,-1.9,-1.3,-3.2,-0.3,,2010.0,1
Keyon Dooling,29.0,NJN,1.0,53.0,8.0,971.0,11.6,0.519,0.485,0.188,0.9,5.7,3.2,24.0,1.8,0.0,14.4,19.4,0.4,0.3,0.7,0.035,-1.2,-1.6,-2.8,-0.2,,2010.0,5
JaVale McGee,22.0,WAS,5.0,60.0,19.0,968.0,17.0,0.539,0.003,0.378,10.3,18.7,14.5,2.4,0.9,8.0,12.5,19.1,0.8,1.3,2.1,0.105,-2.0,1.2,-0.8,0.3,,2010.0,4
Kyle Korver,28.0,UTA,2.0,52.0,0.0,952.0,13.9,0.62,0.393,0.175,1.3,12.2,6.9,13.9,1.4,1.0,12.2,16.2,1.6,1.0,2.6,0.13,1.0,0.3,1.4,0.8,,2010.0,1
Ime Udoka,32.0,SAC,2.0,69.0,2.0,944.0,9.6,0.47,0.378,0.237,6.1,17.2,11.6,8.8,1.8,0.5,13.6,14.4,0.0,0.8,0.8,0.041,-2.2,0.3,-1.9,0.0,,2010.0,5
Marquis Daniels,29.0,BOS,3.0,51.0,4.0,937.0,9.6,0.526,0.112,0.225,3.6,8.7,6.2,11.1,1.5,0.5,13.3,15.8,0.2,1.0,1.3,0.064,-2.9,0.2,-2.7,-0.2,,2010.0,1
Glen Davis,24.0,BOS,4.0,54.0,1.0,933.0,11.5,0.5,0.014,0.495,13.7,13.3,13.5,5.9,1.2,1.2,13.5,19.7,0.5,1.2,1.6,0.084,-3.2,-1.3,-4.5,-0.6,,2010.0,4
Austin Daye,21.0,DET,3.0,69.0,4.0,915.0,12.8,0.546,0.322,0.19,4.2,19.8,11.5,6.3,1.5,2.4,13.1,18.5,0.6,0.7,1.3,0.067,-1.7,-0.1,-1.8,0.1,,2010.0,2
Ryan Anderson,21.0,ORL,4.0,63.0,6.0,911.0,18.1,0.574,0.544,0.211,9.2,16.2,12.8,7.1,1.4,1.1,11.7,24.4,1.7,1.4,3.1,0.161,2.6,-0.3,2.3,1.0,,2010.0,2
David Andersen,29.0,HOU,5.0,63.0,0.0,891.0,12.1,0.497,0.229,0.197,6.7,20.6,13.4,8.1,0.9,1.0,9.1,20.2,0.4,0.9,1.3,0.07,-2.0,-0.6,-2.6,-0.1,,2010.0,1
Tony Allen,28.0,BOS,2.0,54.0,8.0,889.0,14.2,0.54,0.02,0.47,7.4,12.5,10.0,13.0,3.5,1.7,17.8,19.6,0.2,1.6,1.9,0.1,-1.8,2.2,0.4,0.5,,2010.0,5
Hasheem Thabeet,22.0,MEM,5.0,68.0,13.0,883.0,12.9,0.605,0.0,0.71,11.2,20.9,16.1,1.7,0.9,7.7,20.0,10.7,0.8,1.2,2.0,0.109,-3.2,1.9,-1.2,0.2,,2010.0,4
DeShawn Stevenson,28.0,2TM,2.0,64.0,18.0,883.0,3.3,0.381,0.534,0.215,1.4,10.5,5.9,8.9,0.9,0.5,14.4,10.7,-0.9,0.5,-0.4,-0.022,-5.2,-0.4,-5.6,-0.8,,2010.0,1
Sasha Pavlović,26.0,MIN,3.0,71.0,0.0,877.0,5.4,0.422,0.393,0.087,1.5,13.6,7.5,10.0,1.3,0.5,14.5,18.1,-1.5,0.3,-1.2,-0.063,-5.0,-1.2,-6.2,-0.9,,2010.0,1
Marcus Williams,24.0,MEM,1.0,62.0,1.0,872.0,10.6,0.456,0.299,0.203,1.7,10.7,6.2,26.7,1.9,0.1,20.0,18.5,-0.4,0.5,0.0,0.002,-1.6,-1.5,-3.1,-0.2,,2010.0,5
Ronny Turiaf,27.0,GSW,5.0,42.0,20.0,872.0,12.6,0.574,0.007,0.534,6.8,17.7,12.2,13.8,1.3,4.4,21.4,11.3,0.8,0.7,1.4,0.078,-1.5,1.7,0.1,0.5,,2010.0,4
Julian Wright,22.0,NOH,3.0,68.0,14.0,871.0,11.8,0.518,0.026,0.177,7.7,11.8,9.7,7.0,1.7,1.6,15.0,15.4,0.2,0.6,0.8,0.044,-1.6,-0.5,-2.1,0.0,,2010.0,2
A.J. Price,23.0,IND,1.0,56.0,2.0,865.0,14.0,0.53,0.492,0.212,1.5,9.7,5.6,20.5,2.0,0.2,13.2,22.7,0.4,0.8,1.2,0.065,-0.1,-0.4,-0.5,0.3,,2010.0,5
Anthony Carter,34.0,DEN,1.0,54.0,7.0,859.0,10.3,0.482,0.348,0.072,2.3,9.6,6.0,26.6,2.3,1.1,23.7,12.6,0.1,0.8,0.9,0.051,-1.7,0.9,-0.8,0.3,,2010.0,5
Rodney Carney,25.0,PHI,2.0,68.0,0.0,857.0,12.7,0.515,0.479,0.223,3.5,15.5,9.4,6.7,1.5,1.8,6.3,17.6,0.9,0.6,1.5,0.082,-0.6,-0.7,-1.3,0.2,,2010.0,1
Jerry Stackhouse,35.0,MIL,2.0,42.0,0.0,855.0,11.1,0.517,0.411,0.218,2.4,11.3,6.6,13.4,1.3,0.8,16.0,21.9,-0.3,1.1,0.9,0.048,-1.4,-0.3,-1.7,0.1,,2010.0,5
Jannero Pargo,30.0,CHI,1.0,63.0,5.0,829.0,8.9,0.429,0.362,0.118,1.2,9.1,5.2,17.5,1.8,0.2,11.1,24.4,-1.1,0.9,-0.3,-0.015,-3.7,-1.1,-4.8,-0.6,,2010.0,1
Luther Head,27.0,IND,2.0,47.0,10.0,813.0,11.5,0.53,0.338,0.186,0.8,10.0,5.4,14.8,1.1,0.8,13.8,21.2,-0.1,0.6,0.6,0.034,-1.5,-0.9,-2.4,-0.1,,2010.0,1
Theo Ratliff,36.0,2TM,5.0,49.0,29.0,807.0,10.3,0.511,0.0,0.329,8.9,14.3,11.6,4.7,0.8,6.0,19.1,12.3,0.1,1.4,1.4,0.084,-3.9,1.8,-2.1,0.0,,2010.0,4
Ronnie Price,26.0,UTA,1.0,60.0,4.0,806.0,10.3,0.476,0.26,0.244,4.2,6.6,5.4,22.0,2.5,1.3,17.3,18.0,-0.1,1.0,0.9,0.056,-2.5,1.2,-1.3,0.1,,2010.0,5
Stephen Graham,27.0,CHA,2.0,70.0,8.0,804.0,11.2,0.551,0.208,0.271,3.7,16.3,10.1,5.0,1.3,1.0,11.8,17.6,0.4,1.2,1.6,0.094,-2.4,0.8,-1.6,0.1,,2010.0,5
DeMarre Carroll,23.0,MEM,3.0,71.0,1.0,795.0,8.5,0.426,0.027,0.239,7.8,14.3,11.0,5.9,1.8,0.9,8.9,14.8,-0.1,0.6,0.5,0.031,-3.8,-0.4,-4.2,-0.4,,2010.0,1
Leandro Barbosa,27.0,PHO,1.0,44.0,5.0,786.0,14.0,0.526,0.373,0.2,1.7,7.9,5.0,12.5,1.5,1.1,10.4,24.9,0.7,0.4,1.1,0.065,-0.8,-1.3,-2.1,0.0,,2010.0,5
Chris Hunter,25.0,GSW,5.0,60.0,9.0,783.0,12.2,0.546,0.018,0.318,7.9,16.0,11.9,6.7,0.8,3.2,10.8,15.2,0.9,0.4,1.3,0.08,-3.1,-1.0,-4.1,-0.4,,2010.0,4
Devean George,32.0,GSW,3.0,45.0,4.0,761.0,11.6,0.56,0.597,0.112,3.0,13.8,8.3,5.8,2.6,0.9,6.5,13.0,0.8,0.5,1.3,0.084,-0.9,0.1,-0.8,0.2,,2010.0,1
Joey Graham,27.0,DEN,3.0,63.0,18.0,759.0,10.6,0.568,0.064,0.361,6.0,12.7,9.3,4.5,1.5,0.7,15.5,16.2,0.5,0.6,1.1,0.072,-2.6,-0.3,-3.0,-0.2,,2010.0,1
James Johnson,22.0,CHI,4.0,65.0,11.0,757.0,10.4,0.532,0.219,0.333,5.1,13.6,9.4,9.8,1.4,4.3,20.5,18.0,-0.3,1.1,0.8,0.054,-4.0,1.5,-2.4,-0.1,,2010.0,2
Jawad Williams,26.0,CLE,1.0,54.0,6.0,742.0,8.2,0.496,0.451,0.218,2.7,10.2,6.7,6.8,0.8,0.5,7.4,15.3,0.3,0.7,1.1,0.069,-3.1,-1.0,-4.1,-0.4,,2010.0,1
Jeff Teague,21.0,ATL,1.0,71.0,3.0,719.0,11.0,0.459,0.141,0.216,0.8,10.2,5.4,25.1,2.5,1.2,16.7,19.1,-0.2,0.8,0.6,0.042,-3.8,0.3,-3.6,-0.3,,2010.0,2
Jodie Meeks,22.0,2TM,2.0,60.0,0.0,719.0,10.8,0.493,0.493,0.146,1.4,14.9,7.9,8.7,1.3,0.5,8.1,19.6,0.1,0.8,0.9,0.06,-1.5,-0.5,-2.1,0.0,,2010.0,2
Michael Finley,36.0,2TM,3.0,46.0,7.0,709.0,9.0,0.53,0.446,0.082,1.0,10.7,6.0,9.2,0.7,0.6,9.9,13.8,0.3,0.7,1.0,0.066,-0.9,-0.4,-1.3,0.1,,2010.0,1
Dante Cunningham,22.0,POR,4.0,63.0,2.0,707.0,14.3,0.517,0.009,0.224,9.4,18.7,14.0,3.3,1.9,2.5,6.0,16.8,0.9,1.0,1.9,0.129,-2.0,0.2,-1.8,0.0,,2010.0,2
Rodrigue Beaubois,21.0,DAL,1.0,56.0,16.0,700.0,18.5,0.617,0.368,0.174,2.0,10.7,6.4,18.6,2.1,1.3,14.4,24.7,1.1,0.8,2.0,0.134,1.3,0.2,1.5,0.6,,2010.0,2
Daequan Cook,22.0,MIA,2.0,45.0,3.0,691.0,7.5,0.422,0.498,0.099,1.5,12.3,7.0,9.8,1.1,1.2,8.3,19.6,-0.7,0.8,0.1,0.01,-2.9,-0.4,-3.3,-0.2,,2010.0,2
Eduardo Nájera,33.0,2TM,4.0,46.0,5.0,685.0,8.4,0.501,0.438,0.164,5.7,13.7,9.6,6.5,2.0,1.5,13.8,12.2,0.1,0.8,0.8,0.058,-3.7,0.6,-3.1,-0.2,,2010.0,5
Solomon Jones,25.0,IND,5.0,52.0,2.0,675.0,9.9,0.499,0.017,0.403,8.2,15.1,11.6,7.3,1.0,3.9,16.2,16.1,0.0,0.8,0.8,0.058,-5.0,0.8,-4.2,-0.4,,2010.0,4
Kwame Brown,27.0,DET,5.0,48.0,1.0,660.0,7.9,0.47,0.008,0.79,9.1,24.3,16.2,5.1,1.2,1.5,20.5,14.7,-0.6,0.5,-0.1,-0.009,-5.0,-0.6,-5.6,-0.6,,2010.0,4
Sebastian Telfair,24.0,2TM,1.0,43.0,1.0,659.0,10.3,0.479,0.279,0.184,0.9,7.1,4.0,29.9,1.9,0.6,18.7,18.4,-0.1,0.4,0.3,0.02,-3.4,-1.0,-4.4,-0.4,,2010.0,5
Jason Smith,23.0,PHI,4.0,56.0,2.0,658.0,10.6,0.491,0.167,0.241,9.5,14.7,12.1,7.5,1.7,3.4,15.4,15.8,0.1,0.6,0.7,0.048,-3.9,-0.4,-4.3,-0.4,,2010.0,4
Jon Brockman,22.0,SAC,4.0,52.0,4.0,654.0,12.4,0.564,0.0,0.602,18.2,19.2,18.7,4.8,1.2,0.6,15.0,10.4,1.2,0.5,1.7,0.125,-1.8,-1.2,-3.0,-0.2,,2010.0,2
Fabricio Oberto,34.0,WAS,5.0,57.0,20.0,650.0,5.7,0.654,0.0,0.304,5.9,12.8,9.3,11.1,0.9,1.1,36.2,6.9,0.2,0.4,0.6,0.047,-5.3,0.8,-4.4,-0.4,,2010.0,4
Brandon Bass,24.0,ORL,4.0,50.0,3.0,648.0,16.5,0.556,0.0,0.27,10.0,12.6,11.3,5.1,1.0,3.1,10.6,20.9,1.0,1.0,2.0,0.147,-0.7,0.1,-0.6,0.2,,2010.0,4
Jordan Hill,22.0,2TM,4.0,47.0,0.0,624.0,15.0,0.528,0.01,0.338,13.5,18.7,16.0,5.2,1.1,2.5,11.5,18.7,0.8,0.6,1.4,0.105,-2.1,-1.4,-3.5,-0.2,,2010.0,2
Shelden Williams,26.0,BOS,4.0,54.0,0.0,597.0,14.1,0.612,0.008,0.81,9.9,19.8,15.0,5.3,1.1,2.8,15.5,15.3,1.1,0.9,2.0,0.162,-2.0,0.6,-1.4,0.1,,2010.0,4
Joe Smith,34.0,ATL,4.0,64.0,1.0,592.0,11.2,0.453,0.036,0.249,12.9,18.1,15.5,5.3,0.5,2.4,9.3,18.4,0.3,0.6,0.9,0.077,-3.8,-1.6,-5.5,-0.5,,2010.0,4
Josh Powell,27.0,LAL,4.0,63.0,0.0,581.0,6.7,0.407,0.082,0.16,8.5,13.7,11.2,9.0,0.8,0.8,13.7,18.6,-0.7,0.7,0.0,0.001,-5.2,-1.1,-6.3,-0.6,,2010.0,1
Sasha Vujačić,25.0,LAL,2.0,67.0,1.0,575.0,11.4,0.518,0.494,0.201,4.9,10.4,7.7,10.5,1.8,0.5,8.7,15.2,0.7,0.7,1.4,0.12,-1.7,1.0,-0.7,0.2,,2010.0,5
Quinton Ross,28.0,2TM,3.0,52.0,7.0,562.0,3.0,0.393,0.189,0.126,3.5,6.6,5.0,3.0,1.2,0.8,8.6,10.4,-0.4,0.3,-0.1,-0.008,-6.0,-0.4,-6.4,-0.6,,2010.0,1
Derrick Brown,22.0,CHA,3.0,57.0,0.0,535.0,12.6,0.52,0.048,0.49,7.1,10.4,8.8,6.0,2.1,1.5,9.6,17.2,0.5,0.8,1.3,0.114,-1.7,1.1,-0.6,0.2,,2010.0,2
Josh McRoberts,22.0,IND,5.0,42.0,3.0,524.0,14.8,0.55,0.158,0.26,8.3,18.2,13.2,13.5,1.6,2.2,10.5,15.3,0.8,0.7,1.5,0.134,-1.1,0.9,-0.2,0.2,,2010.0,2
Bobby Brown,25.0,2TM,1.0,45.0,0.0,519.0,9.3,0.441,0.414,0.063,2.0,6.6,4.3,27.5,1.5,0.1,15.9,25.4,-0.7,0.2,-0.5,-0.05,-2.7,-2.6,-5.3,-0.4,,2010.0,5
Brian Scalabrine,31.0,BOS,4.0,52.0,3.0,472.0,3.6,0.445,0.576,0.071,2.4,9.9,6.2,8.1,1.0,0.7,16.2,10.4,-0.3,0.5,0.2,0.019,-4.4,0.1,-4.3,-0.3,,2010.0,1
Mardy Collins,25.0,LAC,2.0,43.0,0.0,470.0,5.7,0.404,0.133,0.164,3.2,9.2,6.2,14.1,2.5,0.2,18.9,16.3,-0.8,0.3,-0.5,-0.049,-6.3,0.5,-5.8,-0.4,,2010.0,5
Malik Allen,31.0,DEN,4.0,51.0,3.0,456.0,5.9,0.431,0.052,0.112,9.2,11.5,10.4,5.1,1.2,0.8,15.3,14.0,-0.3,0.3,0.1,0.009,-4.7,-1.0,-5.7,-0.4,,2010.0,4
Oleksiy Pecherov,24.0,MIN,5.0,44.0,5.0,447.0,12.0,0.487,0.277,0.17,7.9,23.4,15.5,4.0,1.0,2.4,13.7,22.8,-0.3,0.4,0.1,0.01,-2.7,-1.6,-4.2,-0.3,,2010.0,1
Rasho Nesterović,33.0,TOR,5.0,42.0,8.0,413.0,16.0,0.539,0.0,0.034,10.9,14.5,12.7,9.9,1.2,3.2,9.6,18.5,0.6,0.2,0.8,0.089,-0.2,-1.0,-1.2,0.1,,2010.0,4
Kyrylo Fesenko,23.0,UTA,5.0,49.0,5.0,408.0,9.7,0.533,0.011,0.6,9.8,16.1,13.1,5.3,0.8,3.7,16.7,15.8,0.1,0.5,0.6,0.07,-4.7,0.2,-4.4,-0.3,,2010.0,4
DaJuan Summers,22.0,DET,3.0,44.0,0.0,405.0,7.5,0.457,0.323,0.292,3.9,9.9,6.7,6.3,1.1,1.5,9.8,18.5,-0.1,0.1,0.0,0.002,-3.4,-1.8,-5.2,-0.3,,2010.0,2
Earl Clark,22.0,PHO,4.0,51.0,0.0,383.0,8.5,0.42,0.033,0.238,5.6,12.3,9.1,7.8,0.9,2.4,12.1,21.9,-0.5,0.2,-0.3,-0.033,-3.9,-1.6,-5.5,-0.3,,2010.0,2
Steve Novak,26.0,LAC,3.0,54.0,0.0,362.0,8.3,0.505,0.657,0.083,0.3,10.3,5.3,2.6,1.0,0.4,1.8,14.2,0.2,0.1,0.3,0.043,-2.4,-1.3,-3.7,-0.2,,2010.0,1
D.J. Mbenga,29.0,LAL,5.0,49.0,2.0,355.0,11.6,0.471,0.0,0.184,10.2,17.2,13.7,3.4,0.7,6.2,11.9,16.0,0.0,0.6,0.6,0.084,-4.9,0.8,-4.1,-0.2,,2010.0,4
Gerald Henderson,22.0,CHA,2.0,43.0,0.0,355.0,9.7,0.453,0.183,0.452,5.2,13.3,9.3,6.0,1.5,2.1,10.1,18.2,-0.1,0.5,0.4,0.056,-3.1,0.5,-2.5,0.0,,2010.0,2
Royal Ivey,28.0,2TM,2.0,44.0,0.0,326.0,11.0,0.527,0.422,0.145,2.1,10.3,6.1,12.4,3.1,0.5,11.1,13.8,0.2,0.3,0.6,0.086,-2.3,1.6,-0.7,0.1,,2010.0,5
Malik Hairston,22.0,SAS,2.0,47.0,0.0,317.0,11.6,0.555,0.145,0.395,4.9,13.1,9.1,7.5,0.7,2.0,11.0,14.5,0.3,0.4,0.7,0.107,-2.2,0.3,-1.9,0.0,,2010.0,2
Dominic McGuire,24.0,2TM,3.0,51.0,2.0,307.0,3.8,0.345,0.0,0.135,8.5,21.3,14.8,5.1,0.8,1.0,23.6,10.6,-0.5,0.3,-0.2,-0.038,-5.7,-0.5,-6.2,-0.3,,2010.0,4
Monta Ellis,25.0,GSW,2.0,80.0,80.0,3227.0,18.6,0.536,0.235,0.268,1.5,8.5,4.9,23.4,2.6,0.5,12.3,28.1,4.3,1.7,6.0,0.089,1.7,-0.9,0.8,2.3,,2011.0,0
LaMarcus Aldridge,25.0,POR,4.0,81.0,81.0,3211.0,21.5,0.549,0.016,0.314,10.1,17.2,13.5,10.1,1.4,2.4,8.7,25.7,7.6,3.5,11.1,0.166,2.6,-0.5,2.1,3.4,NBA3,2011.0,0
Luol Deng,25.0,CHI,3.0,82.0,82.0,3208.0,15.5,0.549,0.288,0.291,4.4,12.8,8.7,11.9,1.3,1.1,10.7,20.9,4.7,5.2,9.9,0.149,1.1,0.6,1.7,3.0,DPOY-10,2011.0,0
Dorell Wright,25.0,GSW,3.0,82.0,82.0,3147.0,15.0,0.539,0.45,0.199,3.1,12.6,7.8,11.6,2.0,1.5,9.6,19.3,3.9,1.8,5.8,0.088,1.3,-0.5,0.8,2.2,,2011.0,0
Blake Griffin,21.0,LAC,4.0,82.0,82.0,3112.0,21.9,0.549,0.017,0.505,10.2,26.9,18.6,18.7,1.0,1.1,11.7,27.3,6.5,3.4,9.8,0.152,3.0,-0.3,2.6,3.6,"MVP-10,ROY-1,AS",2011.0,0
LeBron James,26.0,MIA,3.0,79.0,79.0,3063.0,27.3,0.594,0.188,0.446,3.3,18.7,11.4,34.9,2.1,1.3,13.8,31.5,10.3,5.3,15.6,0.244,6.3,1.8,8.1,7.8,"MVP-3,DPOY-9,AS,NBA1,DEF1",2011.0,0
Kevin Durant,22.0,OKC,3.0,78.0,78.0,3038.0,23.6,0.589,0.269,0.439,2.3,17.7,10.3,13.2,1.5,1.8,10.6,30.6,8.6,3.3,12.0,0.189,5.2,-0.3,4.9,5.3,"MVP-5,AS,NBA1",2011.0,0
Pau Gasol,30.0,LAL,5.0,82.0,82.0,3037.0,23.3,0.589,0.003,0.384,10.3,20.5,15.6,15.1,0.8,3.3,9.8,21.8,10.0,4.7,14.7,0.232,3.9,0.9,4.8,5.2,"AS,NBA2",2011.0,0
Derrick Rose,22.0,CHI,1.0,81.0,81.0,3026.0,23.5,0.55,0.241,0.348,3.2,9.4,6.4,38.7,1.5,1.3,13.1,32.2,8.3,4.8,13.1,0.208,6.3,0.5,6.8,6.7,"MVP-1,AS,NBA1",2011.0,0
Al Jefferson,26.0,UTA,5.0,82.0,82.0,2940.0,20.1,0.528,0.0,0.219,9.6,23.2,16.3,9.2,0.8,4.2,6.8,24.2,5.1,2.7,7.8,0.128,1.6,-1.0,0.6,1.9,,2011.0,0
Dwight Howard,25.0,ORL,5.0,78.0,78.0,2935.0,26.1,0.616,0.007,0.877,12.6,30.6,21.8,6.8,1.9,4.9,16.2,27.2,6.7,7.7,14.4,0.235,2.9,2.4,5.3,5.4,"MVP-2,DPOY-1,AS,NBA1,DEF1",2011.0,4
Jrue Holiday,20.0,PHI,1.0,82.0,82.0,2901.0,15.4,0.525,0.222,0.209,2.7,10.5,6.6,29.0,2.2,0.8,16.7,20.8,2.2,3.5,5.7,0.094,0.4,0.4,0.8,2.0,,2011.0,2
Ray Allen,35.0,BOS,2.0,80.0,80.0,2890.0,16.4,0.615,0.387,0.224,2.3,9.0,5.8,12.7,1.4,0.4,9.8,19.8,5.8,4.2,10.0,0.166,2.3,0.6,2.9,3.6,AS,2011.0,0
Brook Lopez,22.0,NJN,5.0,82.0,82.0,2889.0,19.3,0.549,0.001,0.374,7.8,12.3,10.0,8.8,0.9,3.2,10.4,27.3,4.4,1.9,6.3,0.105,1.4,-0.9,0.6,1.9,,2011.0,2
Chris Paul,25.0,NOH,1.0,80.0,80.0,2880.0,23.7,0.578,0.197,0.414,1.6,12.3,6.9,45.8,3.5,0.1,13.9,21.1,9.5,4.4,13.9,0.232,4.4,2.8,7.1,6.7,"MVP-13,DPOY-12,AS,NBA3,DEF2",2011.0,0
Mike Conley,23.0,MEM,1.0,81.0,81.0,2872.0,15.9,0.521,0.228,0.259,1.3,9.0,5.1,28.0,2.6,0.5,14.2,19.4,3.4,3.2,6.6,0.111,0.7,0.5,1.2,2.3,,2011.0,0
Amar'e Stoudemire,28.0,NYK,5.0,78.0,78.0,2870.0,22.7,0.565,0.016,0.403,7.8,17.6,12.7,13.2,1.2,3.8,12.5,30.9,5.4,2.6,8.0,0.134,2.0,-0.6,1.4,2.4,"MVP-9,AS,NBA2",2011.0,0
DeMar DeRozan,21.0,TOR,2.0,82.0,82.0,2851.0,14.5,0.53,0.045,0.348,3.0,10.2,6.5,8.6,1.5,0.8,9.8,23.2,2.8,0.5,3.2,0.055,-0.9,-1.5,-2.5,-0.3,,2011.0,2
Russell Westbrook,22.0,OKC,1.0,82.0,82.0,2847.0,23.6,0.538,0.074,0.454,5.2,10.3,7.8,42.7,2.8,0.8,15.9,31.6,6.3,3.1,9.4,0.159,4.3,-0.1,4.2,4.4,"AS,NBA2",2011.0,0
Dwyane Wade,29.0,MIA,2.0,76.0,76.0,2823.0,25.6,0.581,0.149,0.471,5.5,14.4,10.2,23.5,2.1,2.4,12.4,31.6,8.1,4.7,12.8,0.218,5.5,1.1,6.6,6.1,"MVP-7,DPOY-16,AS,NBA2",2011.0,0
Elton Brand,31.0,PHI,4.0,81.0,81.0,2809.0,18.5,0.553,0.001,0.278,9.7,18.0,13.9,7.1,1.7,2.9,8.4,19.7,5.1,4.4,9.4,0.161,0.7,0.6,1.3,2.4,,2011.0,0
Chris Bosh,26.0,MIA,4.0,77.0,77.0,2795.0,19.4,0.569,0.024,0.446,6.4,20.0,13.6,8.9,1.1,1.4,9.8,23.5,6.1,4.3,10.3,0.177,1.4,-0.2,1.3,2.3,AS,2011.0,0
Kobe Bryant,32.0,LAL,2.0,82.0,82.0,2779.0,23.9,0.548,0.217,0.356,3.5,13.3,8.5,26.7,1.9,0.3,11.4,35.1,6.8,3.5,10.3,0.178,5.4,-0.2,5.2,5.0,"MVP-4,DPOY-11,AS,NBA1,DEF1",2011.0,0
Boris Diaw,28.0,CHA,4.0,82.0,82.0,2778.0,13.9,0.558,0.292,0.159,4.5,13.6,9.0,20.6,1.4,1.3,16.7,16.8,2.4,2.3,4.8,0.082,0.3,0.3,0.6,1.8,,2011.0,3
Paul Pierce,33.0,BOS,3.0,80.0,80.0,2774.0,19.7,0.62,0.291,0.44,1.6,16.6,9.5,16.1,1.5,1.4,12.3,24.0,6.5,5.1,11.6,0.201,3.0,1.6,4.6,4.6,AS,2011.0,0
Danny Granger,27.0,IND,3.0,79.0,79.0,2763.0,17.8,0.554,0.323,0.37,3.5,13.5,8.5,13.0,1.6,1.6,12.3,26.7,3.7,3.2,6.9,0.12,2.2,-0.1,2.1,2.9,,2011.0,0
Wesley Matthews,24.0,POR,2.0,82.0,69.0,2758.0,15.5,0.582,0.386,0.322,2.0,9.7,5.7,10.2,2.0,0.3,11.0,21.3,5.0,2.3,7.2,0.126,1.0,-0.1,0.9,2.0,,2011.0,0
D.J. Augustin,23.0,CHA,1.0,82.0,82.0,2757.0,15.9,0.541,0.348,0.31,1.7,8.3,4.9,31.1,1.0,0.1,12.5,21.2,4.9,1.3,6.2,0.108,1.7,-1.6,0.1,1.5,,2011.0,0
Carmelo Anthony,26.0,2TM,3.0,77.0,77.0,2751.0,21.7,0.557,0.167,0.403,5.0,18.3,11.8,14.7,1.2,1.3,10.4,32.0,5.4,2.5,7.9,0.138,3.2,-1.2,1.9,2.7,AS,2011.0,0
Carmelo Anthony,26.0,DEN,3.0,50.0,50.0,1774.0,21.2,0.547,0.13,0.431,5.2,19.3,12.4,14.3,1.2,1.3,11.0,32.5,2.8,1.9,4.7,0.127,2.4,-1.0,1.4,1.5,,2011.0,0
Raymond Felton,26.0,2TM,2.0,75.0,54.0,2737.0,16.6,0.524,0.327,0.24,2.0,9.2,5.6,35.8,2.3,0.3,16.6,21.6,3.6,1.8,5.4,0.094,1.6,-1.0,0.6,1.8,,2011.0,0
Raymond Felton,26.0,NYK,1.0,54.0,54.0,2074.0,17.3,0.524,0.335,0.226,2.2,8.6,5.3,37.3,2.3,0.4,16.7,22.6,2.9,1.2,4.0,0.093,1.9,-1.5,0.4,1.3,,2011.0,0
Beno Udrih,28.0,SAC,1.0,79.0,64.0,2734.0,15.7,0.587,0.221,0.277,1.7,9.6,5.5,22.1,1.7,0.2,13.2,16.9,5.6,1.6,7.2,0.126,0.5,0.0,0.5,1.7,,2011.0,0
Zach Randolph,29.0,MEM,4.0,75.0,74.0,2724.0,22.6,0.552,0.036,0.333,14.2,26.0,20.1,10.2,1.2,0.7,10.0,25.0,6.8,3.7,10.5,0.185,3.8,-1.2,2.6,3.2,NBA3,2011.0,0
Jason Richardson,30.0,2TM,2.0,80.0,80.0,2715.0,15.0,0.555,0.454,0.151,2.9,11.1,7.1,9.2,1.8,0.4,7.8,20.6,3.6,3.3,6.9,0.123,1.2,0.5,1.7,2.5,,2011.0,0
Jason Richardson,30.0,ORL,2.0,55.0,55.0,1919.0,13.2,0.543,0.496,0.13,2.1,11.0,6.7,9.7,1.8,0.4,8.4,18.6,2.1,2.9,5.0,0.125,0.4,1.3,1.6,1.7,,2011.0,1
Al Horford,24.0,ATL,5.0,77.0,77.0,2704.0,20.7,0.587,0.004,0.204,8.2,23.7,16.0,17.5,1.2,2.3,10.6,19.7,6.4,3.7,10.1,0.179,2.5,1.1,3.6,3.9,"AS,NBA3",2011.0,0
Gerald Wallace,28.0,2TM,3.0,71.0,63.0,2693.0,16.2,0.548,0.219,0.439,4.9,21.0,12.8,10.9,2.1,1.9,13.0,20.3,2.6,3.6,6.2,0.111,0.4,1.1,1.5,2.4,DPOY-23,2011.0,0
Gerald Wallace,28.0,CHA,3.0,48.0,48.0,1872.0,15.0,0.53,0.182,0.488,4.6,21.0,12.7,10.5,1.7,2.1,12.4,20.2,1.3,2.3,3.6,0.092,-0.3,0.7,0.4,1.1,,2011.0,0
Jason Kidd,37.0,DAL,1.0,80.0,80.0,2653.0,14.4,0.5,0.656,0.129,1.6,13.4,7.7,35.4,2.7,0.8,22.1,14.3,2.5,3.9,6.4,0.116,0.9,2.0,2.8,3.3,,2011.0,0
Andre Miller,34.0,POR,1.0,81.0,81.0,2650.0,17.8,0.529,0.044,0.346,4.3,9.9,7.0,35.7,2.3,0.4,16.8,20.6,4.6,2.4,7.0,0.127,1.5,0.1,1.6,2.4,,2011.0,0
Josh Smith,25.0,ATL,4.0,77.0,77.0,2645.0,19.2,0.54,0.148,0.304,6.2,23.7,15.0,17.1,2.0,3.5,14.3,24.7,1.9,4.5,6.4,0.116,1.0,1.7,2.8,3.2,DPOY-25,2011.0,0
Lamar Odom,31.0,LAL,4.0,82.0,35.0,2639.0,19.4,0.589,0.199,0.275,7.8,22.2,15.2,15.5,0.9,1.8,12.2,19.7,6.1,4.0,10.1,0.184,2.8,0.8,3.5,3.7,6MOY-1,2011.0,0
David Lee,27.0,GSW,4.0,73.0,73.0,2634.0,17.8,0.549,0.003,0.273,9.1,21.9,15.4,14.0,1.4,0.9,13.4,21.2,4.1,2.0,6.0,0.11,0.5,-0.9,-0.4,1.1,,2011.0,0
Kevin Love,22.0,MIN,4.0,73.0,73.0,2611.0,24.3,0.593,0.206,0.486,13.7,34.2,23.6,11.8,0.9,0.8,11.1,22.9,8.9,2.5,11.4,0.21,5.7,-1.3,4.4,4.2,"MIP-1,AS",2011.0,0
John Wall,20.0,WAS,1.0,69.0,64.0,2606.0,15.8,0.494,0.118,0.404,1.5,12.8,6.9,36.0,2.4,1.0,18.6,23.8,0.3,1.9,2.2,0.041,0.0,-0.8,-0.8,0.8,ROY-2,2011.0,2
Paul Millsap,25.0,UTA,4.0,76.0,76.0,2605.0,19.8,0.578,0.023,0.342,7.5,19.4,13.4,12.6,2.1,2.2,11.3,22.6,5.2,2.5,7.7,0.143,1.6,0.3,1.9,2.5,,2011.0,0
Kevin Martin,27.0,HOU,2.0,80.0,80.0,2603.0,21.4,0.601,0.362,0.528,1.2,10.0,5.6,13.0,1.6,0.4,10.5,29.6,8.0,1.5,9.5,0.175,4.3,-1.0,3.4,3.5,,2011.0,0
Trevor Ariza,25.0,NOH,3.0,75.0,75.0,2600.0,11.3,0.487,0.356,0.259,2.8,16.4,9.5,10.0,2.5,1.0,12.2,17.7,-0.4,3.8,3.4,0.062,-1.7,1.3,-0.4,1.0,,2011.0,3
Marc Gasol,26.0,MEM,5.0,81.0,81.0,2586.0,16.8,0.58,0.01,0.425,7.1,19.4,13.1,11.6,1.5,4.3,15.1,16.9,4.0,3.9,7.9,0.146,0.3,2.0,2.3,2.8,,2011.0,4
Jason Terry,33.0,DAL,2.0,82.0,10.0,2564.0,15.9,0.545,0.322,0.196,1.1,5.7,3.5,22.2,1.9,0.4,12.4,24.7,2.8,2.5,5.3,0.1,1.0,-0.1,0.9,1.9,6MOY-2,2011.0,3
Kyle Lowry,24.0,HOU,1.0,75.0,71.0,2563.0,16.5,0.55,0.424,0.31,3.9,9.7,6.8,29.4,2.0,0.6,14.7,18.6,5.1,1.8,7.0,0.13,2.0,0.0,2.0,2.6,,2011.0,0
Tayshaun Prince,30.0,DET,3.0,78.0,78.0,2562.0,15.1,0.511,0.098,0.168,3.6,12.6,7.9,14.4,0.6,1.3,7.1,21.0,2.9,0.4,3.3,0.062,1.0,-1.8,-0.8,0.7,,2011.0,3
John Salmons,31.0,MIL,2.0,73.0,70.0,2554.0,12.8,0.51,0.244,0.267,1.2,11.2,6.1,17.5,1.5,0.9,12.0,20.9,0.9,3.4,4.3,0.081,-0.9,0.7,-0.3,1.1,,2011.0,3
Joe Johnson,29.0,ATL,2.0,72.0,72.0,2554.0,16.4,0.517,0.258,0.209,2.8,10.9,6.9,24.0,1.0,0.2,10.3,26.3,2.5,1.8,4.2,0.08,1.2,-1.5,-0.3,1.1,AS,2011.0,0
Landry Fields,22.0,NYK,2.0,82.0,81.0,2541.0,13.5,0.598,0.364,0.244,4.7,18.9,11.7,9.0,1.6,0.5,13.8,13.5,3.4,1.8,5.3,0.1,0.6,-0.4,0.2,1.4,ROY-4,2011.0,2
Channing Frye,27.0,PHO,4.0,77.0,64.0,2541.0,12.8,0.557,0.53,0.129,3.0,20.4,11.7,5.7,0.9,2.3,7.7,16.9,2.7,2.1,4.7,0.09,-0.3,0.0,-0.3,1.1,,2011.0,3
Hedo Türkoğlu,31.0,2TM,3.0,81.0,72.0,2540.0,13.4,0.555,0.429,0.216,2.1,14.0,8.2,21.5,1.5,1.0,14.3,16.7,3.4,3.4,6.8,0.129,0.3,1.4,1.7,2.3,,2011.0,3
Hedo Türkoğlu,31.0,ORL,3.0,56.0,56.0,1910.0,13.6,0.55,0.403,0.227,1.6,13.8,7.8,24.0,1.5,0.8,14.8,16.6,2.7,3.0,5.6,0.142,0.2,1.8,2.0,1.9,,2011.0,3
Tony Parker,28.0,SAS,1.0,78.0,78.0,2528.0,20.4,0.569,0.065,0.283,1.4,9.3,5.5,35.2,1.9,0.1,14.3,25.5,5.8,2.4,8.2,0.156,2.3,-0.4,1.8,2.4,MVP-12,2011.0,0
Rajon Rondo,24.0,BOS,1.0,68.0,68.0,2527.0,17.1,0.495,0.064,0.197,4.5,9.7,7.2,47.1,3.2,0.3,24.3,18.3,1.8,4.8,6.6,0.126,1.6,1.4,3.1,3.2,"MVP-10,DPOY-5,AS,DEF1",2011.0,0
Nicolas Batum,22.0,POR,3.0,80.0,67.0,2522.0,14.8,0.563,0.424,0.203,5.1,12.8,8.8,8.1,1.5,1.6,8.6,17.8,4.4,2.3,6.6,0.126,1.1,0.0,1.1,2.0,,2011.0,2
Dirk Nowitzki,32.0,DAL,4.0,73.0,73.0,2504.0,23.4,0.612,0.142,0.376,2.4,20.8,12.0,14.2,0.8,1.4,9.1,28.2,7.8,3.3,11.1,0.213,4.3,0.8,5.1,4.5,"MVP-6,AS,NBA2",2011.0,0
Steve Nash,36.0,PHO,1.0,75.0,75.0,2497.0,20.8,0.601,0.253,0.307,1.8,10.2,6.0,53.1,1.0,0.1,22.4,21.4,7.3,0.7,7.9,0.153,4.7,-1.5,3.2,3.3,,2011.0,0
Stephen Curry,22.0,GSW,1.0,74.0,74.0,2489.0,19.4,0.595,0.325,0.216,2.3,10.9,6.5,28.1,2.2,0.6,16.4,24.4,5.4,1.3,6.6,0.128,3.0,-0.7,2.3,2.7,,2011.0,2
Andre Iguodala,27.0,PHI,3.0,67.0,67.0,2469.0,17.2,0.53,0.238,0.395,2.8,15.2,9.0,26.4,2.1,1.2,13.4,19.2,3.3,3.5,6.7,0.13,1.7,1.6,3.2,3.2,"DPOY-8,DEF2",2011.0,0
Deron Williams,26.0,2TM,1.0,65.0,65.0,2465.0,21.1,0.566,0.325,0.423,1.9,10.9,6.3,45.9,1.7,0.5,16.6,25.8,6.2,1.1,7.3,0.142,4.3,-1.3,3.0,3.1,AS,2011.0,0
Deron Williams,26.0,UTA,1.0,53.0,53.0,2009.0,22.1,0.587,0.32,0.439,1.9,10.5,6.2,43.6,1.7,0.5,16.3,26.2,5.9,0.8,6.7,0.159,5.0,-1.2,3.7,2.9,,2011.0,0
Richard Jefferson,30.0,SAS,3.0,81.0,81.0,2459.0,12.4,0.612,0.478,0.304,2.6,11.8,7.3,6.5,0.8,1.0,11.3,15.4,3.7,2.1,5.9,0.115,0.5,-0.2,0.3,1.4,,2011.0,3
David West,30.0,NOH,4.0,70.0,70.0,2451.0,20.4,0.558,0.009,0.314,7.6,18.7,13.1,12.7,1.5,2.1,10.7,25.8,4.4,3.4,7.8,0.152,2.2,0.6,2.8,3.0,,2011.0,0
Jeff Green,24.0,2TM,3.0,75.0,51.0,2427.0,12.9,0.538,0.257,0.298,3.7,13.5,8.8,7.2,1.1,1.1,9.6,19.5,2.4,2.4,4.8,0.095,-0.6,-0.5,-1.1,0.5,,2011.0,3
Jeff Green,24.0,OKC,4.0,49.0,49.0,1815.0,12.9,0.533,0.298,0.293,3.8,13.5,8.8,7.9,1.1,0.8,9.8,19.3,1.9,1.4,3.3,0.087,-0.3,-0.9,-1.2,0.3,,2011.0,1
Manu Ginóbili,33.0,SAS,2.0,80.0,79.0,2426.0,21.7,0.581,0.433,0.403,2.1,11.8,7.1,26.4,2.6,0.8,12.7,26.0,6.6,3.2,9.9,0.195,4.1,1.3,5.4,4.5,"MVP-8,AS,NBA3",2011.0,0
Luis Scola,30.0,HOU,4.0,74.0,74.0,2412.0,18.4,0.538,0.003,0.257,6.9,21.6,14.2,13.7,1.0,1.3,10.5,25.7,3.3,2.2,5.5,0.11,0.4,-0.8,-0.4,1.0,,2011.0,0
Metta World Peace,31.0,LAL,3.0,82.0,82.0,2410.0,11.2,0.485,0.354,0.207,4.9,7.6,6.3,10.7,2.7,1.1,11.1,15.3,1.2,3.2,4.4,0.088,-1.4,1.5,0.2,1.3,DPOY-18,2011.0,3
Grant Hill,38.0,PHO,3.0,80.0,80.0,2409.0,14.7,0.563,0.138,0.312,3.7,12.5,8.1,13.0,1.4,1.1,12.5,20.1,3.1,1.3,4.4,0.087,-0.2,-0.3,-0.5,0.9,DPOY-7,2011.0,3
Stephen Jackson,32.0,CHA,2.0,67.0,67.0,2405.0,14.6,0.52,0.339,0.288,2.6,12.7,7.7,18.4,1.8,0.9,14.9,27.4,-0.2,2.1,1.9,0.039,0.2,-0.7,-0.5,0.9,,2011.0,3
Wilson Chandler,23.0,2TM,3.0,72.0,49.0,2401.0,14.6,0.537,0.336,0.169,3.6,15.9,9.7,8.1,1.0,2.9,9.2,20.9,2.1,1.9,3.9,0.079,0.2,-0.4,-0.2,1.1,,2011.0,3
Wilson Chandler,23.0,NYK,3.0,51.0,30.0,1759.0,15.7,0.548,0.344,0.167,4.0,15.8,9.8,8.1,1.0,2.9,8.1,21.0,2.3,1.2,3.4,0.094,0.8,-0.8,0.0,0.9,,2011.0,4
Shane Battier,32.0,2TM,3.0,82.0,59.0,2375.0,12.3,0.567,0.525,0.183,4.4,13.7,9.0,11.1,1.5,2.4,12.6,11.7,2.9,2.2,5.1,0.103,0.6,0.9,1.4,2.0,,2011.0,3
Shane Battier,32.0,HOU,3.0,59.0,59.0,1818.0,12.9,0.577,0.551,0.186,3.6,13.9,8.8,12.1,1.5,2.7,12.5,12.3,2.3,1.7,4.0,0.105,0.8,1.1,1.9,1.8,,2011.0,3
Michael Beasley,22.0,MIN,3.0,73.0,73.0,2361.0,15.5,0.51,0.132,0.234,5.4,14.1,9.6,12.3,1.1,1.7,12.4,28.3,0.7,1.0,1.7,0.035,0.0,-1.8,-1.8,0.1,,2011.0,2
Darren Collison,23.0,IND,1.0,79.0,79.0,2360.0,15.6,0.534,0.143,0.267,1.9,8.6,5.3,28.9,1.9,0.4,16.6,21.9,2.1,2.2,4.3,0.087,0.4,-0.7,-0.3,1.0,,2011.0,0
Travis Outlaw,26.0,NJN,3.0,82.0,55.0,2358.0,8.8,0.469,0.345,0.234,2.6,14.0,8.1,5.8,0.8,1.2,8.1,17.3,-0.4,1.2,0.8,0.016,-2.4,-1.1,-3.5,-0.9,,2011.0,3
Andrea Bargnani,25.0,TOR,5.0,66.0,66.0,2353.0,16.4,0.533,0.19,0.298,3.6,13.9,8.6,8.8,0.7,1.5,10.3,28.2,2.2,0.3,2.5,0.052,1.2,-2.6,-1.4,0.4,,2011.0,0
Arron Afflalo,25.0,DEN,2.0,69.0,69.0,2324.0,13.6,0.62,0.396,0.26,2.3,9.9,6.2,10.9,0.7,1.0,9.2,14.8,4.8,1.4,6.2,0.128,1.7,-0.3,1.4,2.0,,2011.0,3
Jameer Nelson,28.0,ORL,1.0,76.0,76.0,2319.0,15.4,0.548,0.354,0.193,1.9,9.3,5.7,33.7,1.7,0.1,17.6,22.0,3.4,3.2,6.6,0.136,1.0,0.1,1.1,1.8,,2011.0,0
Chauncey Billups,34.0,2TM,1.0,72.0,72.0,2310.0,18.7,0.617,0.457,0.528,1.3,8.1,4.7,25.8,1.5,0.5,15.3,22.3,6.6,1.4,8.0,0.166,3.7,-1.2,2.6,2.7,,2011.0,0
Chauncey Billups,34.0,DEN,1.0,51.0,51.0,1646.0,18.6,0.634,0.444,0.535,0.9,7.7,4.4,25.1,1.6,0.6,16.3,21.4,4.7,1.1,5.8,0.171,3.8,-0.9,2.9,2.1,,2011.0,0
DeMarcus Cousins,20.0,SAC,5.0,81.0,62.0,2309.0,14.6,0.484,0.018,0.4,10.4,24.4,17.2,14.7,1.9,2.1,18.5,27.2,-1.9,2.9,1.1,0.022,-2.7,0.1,-2.6,-0.4,ROY-3,2011.0,2
Glen Davis,25.0,BOS,5.0,78.0,13.0,2298.0,12.8,0.499,0.019,0.331,5.7,16.4,11.4,6.6,1.8,1.0,8.5,20.9,0.6,4.3,4.9,0.102,-2.6,0.7,-1.9,0.0,6MOY-4,2011.0,4
Derek Fisher,36.0,LAL,1.0,82.0,82.0,2297.0,8.9,0.486,0.301,0.195,0.7,6.6,3.7,14.0,2.3,0.3,10.9,12.8,1.2,2.5,3.7,0.078,-3.2,1.3,-2.0,0.0,,2011.0,3
Jamal Crawford,30.0,ATL,2.0,76.0,0.0,2297.0,14.2,0.545,0.399,0.297,1.2,5.6,3.4,17.7,1.3,0.5,12.8,23.4,1.9,1.4,3.4,0.071,0.6,-1.6,-1.0,0.6,6MOY-5,2011.0,3
Andrew Bogut,26.0,MIL,5.0,65.0,65.0,2297.0,16.7,0.496,0.005,0.292,9.8,27.1,18.3,10.4,1.1,5.8,13.0,19.6,0.3,5.1,5.4,0.112,-1.0,2.4,1.3,1.9,DPOY-6,2011.0,4
Nenê,28.0,DEN,5.0,75.0,75.0,2291.0,20.4,0.657,0.008,0.615,7.5,20.8,14.4,10.4,1.8,2.4,13.9,18.8,6.4,3.1,9.6,0.201,2.1,1.5,3.6,3.2,,2011.0,4
Emeka Okafor,28.0,NOH,5.0,72.0,72.0,2287.0,16.0,0.584,0.002,0.492,12.2,24.3,18.2,3.0,0.9,4.6,15.7,15.8,2.7,3.8,6.5,0.136,-0.9,0.5,-0.4,0.9,,2011.0,4
Mike Bibby,32.0,3TM,1.0,80.0,68.0,2285.0,10.9,0.57,0.604,0.108,0.9,9.2,5.1,17.9,1.2,0.3,14.3,14.6,2.2,1.8,4.0,0.085,-0.6,-0.4,-0.9,0.6,,2011.0,3
Mike Bibby,32.0,ATL,1.0,56.0,56.0,1674.0,11.7,0.57,0.58,0.104,1.1,9.1,5.1,18.9,1.2,0.3,12.8,15.0,1.9,1.2,3.1,0.089,-0.3,-0.3,-0.6,0.6,,2011.0,1
J.J. Hickson,22.0,CLE,5.0,80.0,66.0,2256.0,15.6,0.503,0.005,0.392,10.8,25.0,17.7,7.5,1.1,1.8,13.6,25.5,-0.2,1.7,1.5,0.032,-1.8,-2.1,-3.8,-1.1,,2011.0,2
Devin Harris,27.0,2TM,1.0,71.0,70.0,2254.0,17.2,0.545,0.221,0.494,0.9,8.2,4.5,38.2,1.7,0.2,17.3,24.6,3.2,1.0,4.2,0.089,1.9,-1.3,0.6,1.5,,2011.0,0
Devin Harris,27.0,NJN,1.0,54.0,54.0,1724.0,17.6,0.543,0.18,0.502,0.7,8.3,4.4,41.2,1.8,0.2,17.5,24.4,2.6,0.9,3.4,0.096,2.0,-0.8,1.2,1.4,,2011.0,5
Shawn Marion,32.0,DAL,3.0,80.0,27.0,2253.0,17.0,0.551,0.04,0.197,9.1,19.2,14.3,8.3,1.6,1.7,12.5,21.5,2.3,3.4,5.6,0.12,-0.1,0.4,0.3,1.3,,2011.0,4
Roy Hibbert,24.0,IND,5.0,81.0,80.0,2244.0,15.9,0.507,0.004,0.309,9.1,21.0,15.1,12.8,0.7,4.6,15.5,23.6,0.3,3.3,3.6,0.077,-1.8,0.7,-1.1,0.5,,2011.0,4
Greg Monroe,20.0,DET,5.0,80.0,48.0,2222.0,18.0,0.575,0.002,0.424,13.0,20.4,16.5,7.5,2.3,1.6,11.0,15.4,4.7,1.9,6.6,0.143,0.9,-0.5,0.4,1.4,ROY-6,2011.0,2
Kevin Garnett,34.0,BOS,4.0,71.0,71.0,2220.0,20.6,0.575,0.006,0.264,4.9,28.7,17.5,13.5,2.3,2.0,11.1,22.3,3.4,5.6,9.0,0.194,1.8,2.9,4.7,3.8,"DPOY-2,AS,DEF1",2011.0,0
Serge Ibaka,21.0,OKC,4.0,82.0,44.0,2216.0,17.7,0.579,0.002,0.298,11.7,20.8,16.4,1.6,0.7,6.5,9.2,15.7,4.3,3.2,7.6,0.164,-0.2,0.7,0.5,1.4,DPOY-14,2011.0,4
JaVale McGee,23.0,WAS,5.0,79.0,75.0,2193.0,17.4,0.566,0.005,0.381,11.2,22.2,16.5,2.8,1.0,6.7,12.6,16.3,2.7,2.5,5.3,0.115,-0.7,0.4,-0.4,0.9,DPOY-19,2011.0,4
James Harden,21.0,OKC,2.0,82.0,5.0,2189.0,16.4,0.598,0.474,0.501,2.3,11.0,6.8,12.8,2.2,0.8,11.3,19.5,5.0,2.1,7.1,0.156,1.3,0.6,1.9,2.2,6MOY-7,2011.0,0
Rodney Stuckey,24.0,DET,1.0,70.0,54.0,2183.0,18.4,0.544,0.109,0.461,3.7,8.6,6.0,27.5,1.9,0.4,13.5,24.5,4.4,0.6,5.0,0.111,1.5,-1.4,0.2,1.2,,2011.0,0
Andray Blatche,24.0,WAS,4.0,64.0,63.0,2172.0,16.9,0.497,0.019,0.296,9.3,18.7,13.8,11.7,2.3,1.8,13.7,25.5,0.3,2.1,2.4,0.053,-0.3,-0.5,-0.9,0.6,,2011.0,0
Brandon Jennings,21.0,MIL,1.0,63.0,61.0,2169.0,15.6,0.493,0.327,0.266,2.2,10.6,6.3,25.9,2.3,0.8,12.4,25.5,0.6,3.3,3.9,0.086,0.8,0.9,1.6,2.0,,2011.0,2
Luke Ridnour,29.0,MIN,1.0,71.0,66.0,2159.0,15.0,0.567,0.27,0.201,1.9,8.6,5.1,28.1,2.1,0.4,17.6,17.8,3.2,0.8,4.0,0.089,0.7,-0.7,0.0,1.1,,2011.0,0
Kirk Hinrich,30.0,2TM,1.0,72.0,51.0,2157.0,12.3,0.543,0.302,0.202,1.1,8.9,4.9,21.1,1.8,0.6,15.1,16.7,1.8,1.2,3.0,0.068,-1.0,-0.2,-1.3,0.4,,2011.0,5
Kirk Hinrich,30.0,WAS,2.0,48.0,29.0,1471.0,13.5,0.548,0.256,0.24,1.0,9.3,5.0,22.7,1.9,0.5,14.8,17.1,1.7,0.6,2.3,0.076,-0.7,-0.3,-1.0,0.4,,2011.0,5
Tim Duncan,34.0,SAS,5.0,76.0,76.0,2156.0,21.9,0.537,0.005,0.307,9.3,26.8,18.3,15.7,1.2,4.8,11.4,22.9,3.7,4.0,7.7,0.171,2.2,2.2,4.4,3.5,"DPOY-17,AS",2011.0,0
Rudy Gay,24.0,MEM,3.0,54.0,54.0,2152.0,17.8,0.548,0.166,0.277,4.5,14.2,9.3,11.6,2.2,2.2,12.2,23.3,2.7,2.9,5.5,0.123,1.9,0.8,2.8,2.6,,2011.0,0
George Hill,24.0,SAS,1.0,76.0,5.0,2148.0,14.6,0.588,0.322,0.427,1.3,9.2,5.4,13.6,1.6,0.7,11.6,18.2,4.0,2.1,6.1,0.136,0.2,0.6,0.8,1.5,6MOY-8,2011.0,3
Jared Dudley,25.0,PHO,3.0,82.0,15.0,2140.0,15.6,0.598,0.402,0.347,6.0,11.2,8.6,7.6,2.1,0.7,9.6,16.9,4.2,1.4,5.6,0.126,1.5,0.2,1.8,2.0,,2011.0,3
Thaddeus Young,22.0,PHI,4.0,82.0,1.0,2135.0,18.4,0.566,0.026,0.205,8.3,15.2,11.7,6.7,2.2,0.9,9.7,22.1,3.2,3.0,6.2,0.139,0.8,0.3,1.0,1.6,6MOY-3,2011.0,2
Ramon Sessions,24.0,CLE,1.0,81.0,38.0,2133.0,19.0,0.559,0.019,0.545,2.4,11.6,6.9,35.0,1.5,0.3,15.6,24.2,3.8,0.6,4.4,0.099,1.8,-1.4,0.3,1.3,,2011.0,3
Ben Gordon,27.0,DET,2.0,82.0,27.0,2131.0,12.4,0.548,0.345,0.208,2.2,9.3,5.6,13.2,1.2,0.6,14.4,21.5,1.3,0.3,1.7,0.037,-0.6,-1.9,-2.5,-0.3,,2011.0,3
Eric Gordon,22.0,LAC,2.0,56.0,56.0,2112.0,18.5,0.566,0.307,0.367,2.5,6.6,4.5,20.7,1.7,0.7,12.0,26.5,4.2,1.1,5.3,0.12,3.0,-1.0,2.0,2.2,,2011.0,2
Tyreke Evans,21.0,SAC,2.0,57.0,53.0,2107.0,14.4,0.482,0.159,0.285,2.4,12.7,7.4,24.9,2.0,1.0,14.9,25.3,-0.1,1.7,1.6,0.036,-0.1,0.2,0.0,1.1,,2011.0,2
Danilo Gallinari,22.0,2TM,3.0,62.0,60.0,2104.0,15.7,0.597,0.458,0.611,3.2,13.4,8.3,7.4,1.2,0.9,9.3,18.9,4.9,1.2,6.1,0.139,1.5,-0.8,0.7,1.4,,2011.0,2
Danilo Gallinari,22.0,NYK,4.0,48.0,48.0,1671.0,15.6,0.6,0.47,0.57,3.3,12.5,7.8,7.4,1.1,0.8,8.4,18.5,4.2,0.7,4.9,0.14,1.4,-1.3,0.1,0.9,,2011.0,2
Ty Lawson,23.0,DEN,1.0,80.0,31.0,2103.0,17.9,0.593,0.249,0.327,3.8,7.6,5.7,28.3,1.9,0.1,14.8,19.6,5.1,1.6,6.7,0.153,2.4,-0.3,2.1,2.2,6MOY-11,2011.0,3
José Calderón,29.0,TOR,1.0,68.0,55.0,2102.0,16.3,0.522,0.262,0.173,1.7,9.9,5.7,43.0,2.0,0.3,18.8,16.8,3.2,0.4,3.7,0.084,1.9,-1.2,0.8,1.5,,2011.0,0
Raja Bell,34.0,UTA,2.0,68.0,63.0,2097.0,8.2,0.528,0.413,0.218,1.8,8.4,5.1,8.3,1.4,0.5,11.0,12.6,1.2,0.5,1.7,0.04,-2.4,-0.7,-3.1,-0.6,,2011.0,3
Ryan Gomes,28.0,LAC,3.0,76.0,62.0,2095.0,9.0,0.504,0.418,0.168,3.4,10.7,7.1,8.5,1.5,0.4,9.2,12.7,1.3,1.2,2.5,0.057,-2.1,0.0,-2.1,-0.1,,2011.0,3
Luc Mbah a Moute,24.0,MIL,4.0,79.0,52.0,2093.0,11.5,0.518,0.016,0.439,9.2,14.3,11.7,5.3,1.8,1.1,13.1,13.1,1.5,3.3,4.8,0.109,-2.3,1.1,-1.3,0.4,,2011.0,4
Anthony Parker,35.0,CLE,3.0,72.0,65.0,2091.0,10.5,0.505,0.411,0.172,1.8,10.5,6.0,16.7,1.7,0.4,11.9,14.6,0.9,0.6,1.5,0.034,-1.7,-0.3,-2.0,0.0,,2011.0,3
Chuck Hayes,27.0,HOU,5.0,74.0,63.0,2079.0,16.2,0.554,0.004,0.307,11.9,20.7,16.3,14.3,1.9,1.6,14.1,13.0,3.9,2.4,6.3,0.146,0.6,1.3,1.9,2.1,DPOY-12,2011.0,4
Wesley Johnson,23.0,MIN,2.0,79.0,63.0,2069.0,10.2,0.491,0.424,0.135,2.7,10.4,6.4,11.0,1.4,2.0,11.6,16.8,0.4,0.9,1.3,0.03,-1.3,-0.4,-1.7,0.2,,2011.0,3
Jodie Meeks,23.0,PHI,2.0,74.0,64.0,2062.0,12.5,0.6,0.611,0.298,1.2,8.4,4.8,5.7,1.6,0.1,8.5,15.7,3.2,1.9,5.1,0.12,0.1,0.1,0.2,1.1,,2011.0,1
Kris Humphries,25.0,NJN,4.0,74.0,44.0,2061.0,17.8,0.555,0.002,0.328,12.5,32.2,22.1,7.0,0.9,3.0,13.4,17.3,2.7,2.7,5.4,0.125,0.5,-0.1,0.4,1.3,,2011.0,4
Tyson Chandler,28.0,DAL,5.0,74.0,74.0,2059.0,18.4,0.697,0.0,0.725,12.2,26.6,19.7,2.4,0.9,3.0,14.1,14.2,5.8,3.5,9.4,0.218,0.6,1.0,1.5,1.8,"DPOY-3,DEF2",2011.0,4
Vince Carter,34.0,2TM,2.0,73.0,63.0,2051.0,14.8,0.528,0.36,0.194,3.1,12.4,7.8,12.1,1.7,0.7,8.5,23.5,2.0,1.9,3.8,0.089,0.1,0.2,0.3,1.2,,2011.0,3
Vince Carter,34.0,PHO,2.0,51.0,41.0,1387.0,14.2,0.516,0.389,0.157,3.6,11.8,7.7,9.6,1.7,0.9,7.5,23.5,0.9,0.8,1.7,0.06,0.0,-0.4,-0.4,0.6,,2011.0,1
Thabo Sefolosha,26.0,OKC,2.0,79.0,79.0,2049.0,10.4,0.545,0.306,0.237,3.8,15.5,9.9,7.9,2.5,1.4,13.0,9.4,1.6,2.5,4.1,0.097,-1.3,1.9,0.6,1.3,DPOY-21,2011.0,3
DeAndre Jordan,22.0,LAC,5.0,80.0,66.0,2047.0,14.8,0.648,0.003,0.636,11.9,20.9,16.5,3.2,1.0,5.4,18.8,11.7,2.6,2.6,5.2,0.122,-1.7,1.0,-0.7,0.7,,2011.0,4
Nick Young,25.0,WAS,2.0,64.0,40.0,2034.0,14.5,0.538,0.29,0.244,1.4,8.6,4.9,6.6,1.1,0.6,8.0,24.4,2.3,0.4,2.8,0.065,0.6,-1.8,-1.3,0.4,,2011.0,1
Marcin Gortat,26.0,2TM,5.0,80.0,14.0,2032.0,17.8,0.594,0.007,0.32,8.5,27.4,18.0,5.5,0.9,3.3,10.5,17.1,3.7,2.7,6.4,0.152,0.2,0.7,0.9,1.5,6MOY-9,2011.0,4
Marcin Gortat,26.0,PHO,5.0,55.0,12.0,1636.0,18.8,0.598,0.008,0.335,7.8,28.5,18.1,5.2,0.9,3.2,9.7,18.3,3.2,1.9,5.1,0.151,0.7,0.3,1.0,1.2,,2011.0,4
Carl Landry,27.0,2TM,4.0,76.0,26.0,2008.0,14.8,0.555,0.006,0.419,9.3,10.8,10.0,5.2,1.0,1.2,11.8,20.5,2.8,1.3,4.1,0.098,-0.5,-1.3,-1.9,0.1,,2011.0,4
Carl Landry,27.0,SAC,4.0,53.0,16.0,1406.0,14.7,0.545,0.006,0.444,10.0,10.5,10.2,5.7,1.1,1.0,12.4,20.3,1.8,0.7,2.5,0.086,-0.4,-1.4,-1.8,0.1,,2011.0,4
Andrei Kirilenko,29.0,UTA,3.0,64.0,62.0,1999.0,16.6,0.567,0.181,0.498,6.0,13.8,9.9,14.9,2.1,3.0,15.0,17.8,2.9,1.7,4.5,0.109,1.7,0.5,2.2,2.1,,2011.0,0
Brandon Bass,25.0,ORL,4.0,76.0,51.0,1980.0,15.9,0.571,0.003,0.361,8.1,16.7,12.5,5.0,0.7,2.0,11.5,19.8,3.2,3.1,6.3,0.153,-0.3,0.5,0.2,1.1,,2011.0,4
Toney Douglas,24.0,NYK,2.0,81.0,9.0,1971.0,15.2,0.534,0.507,0.142,3.7,10.5,7.1,19.5,2.3,0.1,10.0,20.1,3.0,1.2,4.2,0.101,0.9,-0.6,0.4,1.2,6MOY-14,2011.0,3
C.J. Miles,23.0,UTA,3.0,78.0,19.0,1969.0,14.4,0.507,0.377,0.218,3.3,12.4,7.8,11.7,2.0,1.6,8.6,25.1,1.2,1.3,2.5,0.061,-0.1,-0.9,-1.0,0.5,,2011.0,3
J.R. Smith,25.0,DEN,3.0,79.0,6.0,1968.0,16.4,0.55,0.406,0.282,2.7,15.8,9.4,14.2,2.3,0.6,10.2,22.2,2.6,2.3,5.0,0.121,1.1,0.6,1.7,1.9,6MOY-10,2011.0,3
Marco Belinelli,24.0,NOH,2.0,80.0,69.0,1957.0,12.1,0.56,0.469,0.181,1.1,8.4,4.7,8.0,1.1,0.3,9.4,20.0,1.9,1.5,3.4,0.084,0.2,-0.8,-0.6,0.7,,2011.0,3
Samuel Dalembert,29.0,SAC,5.0,80.0,46.0,1938.0,14.1,0.509,0.004,0.261,12.1,26.9,19.3,5.3,0.9,4.3,17.3,17.1,0.4,2.5,2.9,0.072,-2.3,0.2,-2.2,-0.1,,2011.0,4
Carlos Boozer,29.0,CHI,5.0,59.0,59.0,1882.0,18.8,0.542,0.0,0.289,8.3,26.3,17.6,14.3,1.3,0.7,13.5,26.9,1.9,3.9,5.8,0.149,0.2,0.8,1.0,1.4,,2011.0,0
O.J. Mayo,23.0,MEM,2.0,71.0,17.0,1869.0,12.6,0.499,0.353,0.175,2.2,8.7,5.4,12.1,2.0,1.1,11.0,21.8,0.5,1.9,2.4,0.062,-0.4,-0.1,-0.6,0.7,6MOY-11,2011.0,5
Daniel Gibson,24.0,CLE,2.0,67.0,15.0,1865.0,13.2,0.533,0.444,0.247,1.4,9.7,5.5,18.3,1.3,0.9,9.9,19.7,2.0,0.4,2.4,0.062,0.3,-0.7,-0.4,0.8,,2011.0,1
Marvin Williams,24.0,ATL,3.0,65.0,52.0,1865.0,13.5,0.551,0.205,0.324,4.4,15.7,10.1,7.6,1.0,0.9,9.2,17.2,2.3,1.7,4.0,0.102,-0.3,-0.5,-0.8,0.6,,2011.0,3
Anthony Morrow,25.0,NJN,2.0,58.0,47.0,1856.0,12.1,0.573,0.419,0.173,2.3,8.8,5.5,6.3,0.5,0.3,7.5,18.0,2.6,0.4,3.0,0.078,0.3,-1.3,-1.0,0.5,,2011.0,1
Amir Johnson,23.0,TOR,4.0,72.0,54.0,1853.0,17.6,0.608,0.002,0.323,11.8,17.8,14.7,6.8,1.5,3.6,10.9,15.3,4.4,1.2,5.6,0.146,0.3,0.0,0.3,1.1,,2011.0,4
Antawn Jamison,34.0,CLE,4.0,56.0,38.0,1842.0,16.8,0.516,0.3,0.267,5.2,18.5,11.7,9.6,1.4,1.2,7.3,26.0,1.5,1.1,2.6,0.067,1.3,-1.5,-0.1,0.9,,2011.0,0
Eric Bledsoe,21.0,LAC,1.0,81.0,25.0,1841.0,10.8,0.499,0.239,0.274,4.4,9.8,7.1,24.2,2.6,1.1,26.3,17.9,-1.3,1.6,0.3,0.008,-2.4,0.2,-2.2,-0.1,,2011.0,5
Rashard Lewis,31.0,2TM,4.0,57.0,52.0,1824.0,12.0,0.535,0.419,0.165,4.4,14.0,9.1,8.1,1.5,1.3,12.2,17.6,1.2,1.9,3.0,0.079,-0.7,0.3,-0.4,0.7,,2011.0,1
Rudy Fernández,25.0,POR,2.0,78.0,3.0,1821.0,13.4,0.522,0.628,0.254,2.4,9.5,5.8,16.9,2.6,0.6,12.1,18.7,2.0,1.8,3.8,0.1,0.1,0.8,0.9,1.3,,2011.0,3
Evan Turner,22.0,PHI,2.0,78.0,14.0,1797.0,10.8,0.484,0.083,0.236,2.7,16.9,9.8,13.4,1.4,0.6,12.0,17.0,0.0,2.2,2.3,0.06,-2.6,0.4,-2.2,-0.1,,2011.0,2
Jordan Farmar,24.0,NJN,1.0,73.0,18.0,1796.0,14.1,0.504,0.467,0.154,1.5,10.1,5.7,34.9,1.8,0.3,16.7,21.6,0.8,1.0,1.9,0.05,0.8,-1.3,-0.4,0.7,,2011.0,5
Gilbert Arenas,29.0,2TM,1.0,70.0,16.0,1796.0,10.8,0.471,0.446,0.208,1.4,10.7,6.1,25.3,2.1,0.9,18.1,24.7,-1.6,2.2,0.5,0.014,-2.2,-0.3,-2.4,-0.2,,2011.0,5
Gilbert Arenas,29.0,ORL,1.0,49.0,2.0,1070.0,8.6,0.444,0.45,0.213,1.8,11.0,6.5,23.8,2.2,0.7,19.3,23.7,-1.6,1.7,0.2,0.007,-3.9,0.3,-3.6,-0.4,,2011.0,5
Mo Williams,28.0,2TM,1.0,58.0,56.0,1788.0,13.9,0.503,0.334,0.242,1.3,8.7,5.0,36.9,1.5,0.4,17.5,24.7,0.4,0.6,1.0,0.026,-0.1,-2.2,-2.4,-0.2,,2011.0,5
Ronnie Brewer,25.0,CHI,2.0,81.0,1.0,1781.0,13.8,0.518,0.063,0.311,3.7,13.2,8.6,12.1,3.2,0.9,10.2,13.9,1.7,3.8,5.4,0.147,-1.3,3.7,2.4,2.0,,2011.0,5
Marcus Thornton,23.0,2TM,2.0,73.0,23.0,1775.0,16.5,0.525,0.297,0.228,4.0,13.3,8.6,13.2,1.9,0.4,9.5,24.9,1.9,1.6,3.5,0.095,1.4,-0.4,1.0,1.3,,2011.0,3
Marcus Thornton,23.0,NOH,2.0,46.0,0.0,745.0,14.0,0.494,0.278,0.198,4.1,17.4,10.7,10.3,1.4,0.4,9.2,25.6,0.0,0.9,0.9,0.057,0.2,-0.5,-0.3,0.3,,2011.0,5
Keyon Dooling,30.0,MIL,1.0,80.0,22.0,1757.0,11.3,0.509,0.451,0.181,0.8,7.1,3.9,23.4,1.6,0.2,14.0,17.3,0.8,2.1,2.9,0.08,-1.4,0.2,-1.2,0.4,,2011.0,3
Brandon Rush,25.0,IND,2.0,67.0,21.0,1754.0,10.6,0.54,0.433,0.206,2.1,11.6,6.9,5.6,1.2,1.5,10.9,15.9,0.9,1.7,2.6,0.07,-0.9,0.0,-0.8,0.5,,2011.0,1
Jason Thompson,24.0,SAC,4.0,75.0,39.0,1748.0,13.6,0.533,0.006,0.375,9.1,20.7,14.8,7.9,0.8,1.8,13.7,17.9,1.4,1.5,2.9,0.079,-1.7,-0.5,-2.2,-0.1,,2011.0,4
Lou Williams,24.0,PHI,2.0,75.0,0.0,1747.0,18.9,0.54,0.318,0.448,2.1,7.7,4.9,24.1,1.4,0.7,9.7,27.8,3.5,1.6,5.1,0.141,3.0,-0.7,2.3,1.9,6MOY-6,2011.0,3
Taj Gibson,25.0,CHI,4.0,80.0,19.0,1742.0,14.3,0.502,0.016,0.295,11.2,19.4,15.4,5.3,1.2,4.6,11.1,16.8,1.4,3.8,5.2,0.143,-2.2,1.4,-0.9,0.5,,2011.0,4
Chase Budinger,22.0,HOU,3.0,78.0,22.0,1738.0,14.2,0.534,0.418,0.21,3.4,15.0,9.2,11.5,1.2,0.7,8.5,19.9,2.2,1.2,3.4,0.095,0.6,-0.8,-0.2,0.8,,2011.0,2
DeJuan Blair,21.0,SAS,4.0,81.0,65.0,1734.0,17.1,0.524,0.003,0.235,14.8,22.9,18.9,7.1,2.8,1.7,14.9,20.1,1.5,3.2,4.8,0.132,-1.2,0.7,-0.5,0.7,,2011.0,2
Courtney Lee,25.0,HOU,2.0,81.0,1.0,1723.0,12.6,0.534,0.302,0.208,3.3,10.4,6.9,8.9,1.7,0.7,9.8,17.9,1.6,1.1,2.7,0.076,-0.7,-0.5,-1.1,0.4,,2011.0,3
Jarrett Jack,27.0,2TM,2.0,83.0,15.0,1722.0,14.2,0.503,0.17,0.336,1.4,10.9,6.1,23.3,1.7,0.3,13.1,23.0,0.9,1.4,2.4,0.066,-0.3,-0.4,-0.7,0.5,,2011.0,3
Jarrett Jack,27.0,NOH,2.0,70.0,2.0,1375.0,14.6,0.505,0.163,0.326,1.2,10.4,5.8,22.6,1.6,0.4,11.4,23.1,1.0,1.3,2.4,0.082,0.0,-0.3,-0.3,0.6,,2011.0,5
Spencer Hawes,22.0,PHI,5.0,81.0,81.0,1718.0,12.8,0.481,0.065,0.155,8.7,22.5,15.6,11.2,0.9,3.1,13.8,18.9,-0.3,2.6,2.4,0.066,-2.5,0.7,-1.9,0.0,,2011.0,2
Kwame Brown,28.0,CHA,5.0,66.0,50.0,1714.0,12.8,0.55,0.0,0.616,10.3,21.6,15.9,4.1,0.8,1.8,12.6,14.9,1.8,1.7,3.5,0.097,-1.9,-0.9,-2.8,-0.3,,2011.0,4
Omri Casspi,22.0,SAC,3.0,71.0,27.0,1702.0,11.7,0.517,0.452,0.185,4.8,16.0,10.3,6.6,1.6,0.6,10.3,16.7,1.1,1.3,2.5,0.069,-0.1,-0.4,-0.6,0.6,,2011.0,2
Tracy McGrady,31.0,DET,2.0,72.0,39.0,1686.0,14.9,0.503,0.171,0.251,3.4,15.4,9.1,23.6,2.1,1.6,15.2,18.6,1.0,1.1,2.1,0.061,0.1,0.5,0.6,1.1,,2011.0,5
Darko Miličić,25.0,MIN,5.0,69.0,69.0,1686.0,12.2,0.482,0.0,0.199,8.5,15.4,11.8,9.9,1.6,6.3,19.4,19.7,-1.5,1.7,0.2,0.007,-3.9,1.3,-2.7,-0.3,,2011.0,4
Gary Neal,26.0,SAS,2.0,80.0,1.0,1685.0,13.1,0.578,0.487,0.165,1.5,11.8,6.8,9.1,0.8,0.2,10.3,20.6,2.1,1.4,3.5,0.099,0.5,-0.8,-0.3,0.7,ROY-5,2011.0,3
Mike Dunleavy,30.0,IND,2.0,61.0,44.0,1683.0,14.6,0.593,0.488,0.24,1.9,16.2,9.1,10.1,1.2,1.3,10.7,16.9,2.6,1.9,4.5,0.129,1.1,0.4,1.6,1.5,,2011.0,1
Willie Green,29.0,NOH,2.0,77.0,13.0,1674.0,10.8,0.515,0.255,0.164,1.6,10.2,5.9,7.6,1.2,0.6,9.3,20.5,0.3,1.5,1.8,0.052,-2.1,-0.7,-2.8,-0.3,,2011.0,3
J.J. Barea,26.0,DAL,1.0,81.0,2.0,1669.0,14.8,0.535,0.291,0.242,2.1,8.8,5.6,31.2,0.9,0.0,15.9,23.9,1.9,1.4,3.2,0.093,0.5,-1.0,-0.5,0.6,,2011.0,3
Charlie Villanueva,26.0,DET,4.0,76.0,11.0,1666.0,15.9,0.553,0.456,0.164,3.5,18.8,10.8,5.0,1.4,2.0,8.0,23.1,2.1,1.0,3.1,0.091,1.0,-1.4,-0.4,0.7,,2011.0,4
Al Harrington,30.0,DEN,4.0,73.0,3.0,1665.0,12.3,0.527,0.486,0.173,5.4,17.2,11.5,9.6,1.2,0.5,12.7,22.3,0.6,1.5,2.1,0.06,-0.6,-1.1,-1.7,0.1,,2011.0,1
Gerald Henderson,23.0,CHA,2.0,68.0,30.0,1661.0,13.2,0.509,0.063,0.286,3.5,11.6,7.5,10.7,1.6,1.6,9.1,19.9,0.9,1.4,2.4,0.068,-1.6,-0.2,-1.8,0.1,,2011.0,1
Kyle Korver,29.0,CHI,2.0,82.0,0.0,1649.0,13.0,0.572,0.519,0.156,0.9,9.5,5.3,12.1,1.1,0.9,9.2,18.3,2.7,2.4,5.1,0.149,0.4,0.7,1.1,1.3,,2011.0,3
Baron Davis,31.0,2TM,1.0,58.0,44.0,1649.0,17.0,0.506,0.345,0.189,2.5,8.6,5.5,41.2,2.4,1.3,16.3,24.4,1.5,1.3,2.8,0.081,2.2,-0.3,1.9,1.6,,2011.0,5
Baron Davis,31.0,LAC,1.0,43.0,35.0,1269.0,16.3,0.492,0.295,0.202,2.7,8.3,5.5,39.9,2.5,1.4,16.0,23.5,1.0,1.1,2.1,0.079,1.4,-0.1,1.3,1.0,,2011.0,5
Sasha Vujačić,26.0,2TM,2.0,67.0,17.0,1648.0,12.3,0.515,0.44,0.161,2.1,11.5,6.7,13.7,1.7,0.2,9.4,19.8,1.1,1.0,2.1,0.061,-1.0,-0.5,-1.5,0.2,,2011.0,1
Sasha Vujačić,26.0,NJN,2.0,56.0,17.0,1594.0,12.6,0.518,0.446,0.164,2.1,11.7,6.7,13.6,1.8,0.2,9.0,19.6,1.2,1.0,2.2,0.066,-0.8,-0.4,-1.2,0.3,,2011.0,1
Dante Cunningham,23.0,2TM,4.0,78.0,18.0,1637.0,10.7,0.483,0.028,0.131,6.9,13.9,10.3,4.3,1.8,2.2,9.3,15.7,0.3,1.7,2.0,0.06,-3.2,-0.1,-3.3,-0.5,,2011.0,4
Dante Cunningham,23.0,POR,4.0,56.0,9.0,1108.0,9.5,0.457,0.014,0.155,7.7,13.4,10.4,4.3,1.9,2.4,9.6,14.5,0.1,1.2,1.3,0.057,-3.9,0.4,-3.5,-0.4,,2011.0,1
Reggie Williams,24.0,GSW,3.0,80.0,9.0,1626.0,14.9,0.585,0.421,0.234,3.1,12.2,7.5,11.4,0.9,0.1,8.3,18.7,3.4,0.3,3.7,0.109,1.6,-1.8,-0.2,0.7,,2011.0,3
Darrell Arthur,22.0,MEM,4.0,80.0,9.0,1609.0,15.7,0.534,0.01,0.215,8.5,17.0,12.7,5.4,1.7,3.2,11.4,21.6,1.5,2.2,3.8,0.113,-1.8,0.2,-1.6,0.2,,2011.0,2
Ed Davis,21.0,TOR,4.0,65.0,17.0,1602.0,15.8,0.583,0.0,0.343,12.1,22.3,17.1,3.8,1.3,3.2,10.1,13.3,2.9,1.1,4.0,0.119,-0.2,-0.8,-0.9,0.4,,2011.0,2
Josh McRoberts,23.0,IND,4.0,72.0,51.0,1597.0,16.0,0.608,0.155,0.308,7.6,18.8,13.3,15.0,1.5,2.6,17.5,14.7,2.6,2.2,4.9,0.147,0.6,1.7,2.3,1.7,,2011.0,4
Carlos Delfino,28.0,MIL,3.0,49.0,40.0,1590.0,13.1,0.517,0.554,0.146,1.7,13.2,7.3,12.1,2.6,0.4,9.5,17.7,0.9,2.6,3.5,0.105,-0.3,1.7,1.5,1.4,,2011.0,5
Steve Blake,30.0,LAL,1.0,79.0,0.0,1581.0,7.5,0.5,0.631,0.098,1.4,9.5,5.6,15.0,1.3,0.1,18.6,11.3,0.3,1.5,1.8,0.055,-2.6,0.2,-2.3,-0.1,,2011.0,5
Mario Chalmers,24.0,MIA,1.0,70.0,28.0,1579.0,10.3,0.538,0.595,0.16,1.0,9.5,5.5,16.8,2.5,0.3,18.0,15.0,0.7,2.3,2.9,0.089,-2.3,1.5,-0.8,0.5,,2011.0,5
Sam Young,25.0,MEM,3.0,78.0,46.0,1577.0,12.5,0.525,0.101,0.235,3.0,11.2,7.1,6.9,2.3,1.2,10.1,17.3,1.1,1.8,2.9,0.088,-1.6,0.7,-0.9,0.5,,2011.0,3
Joakim Noah,25.0,CHI,5.0,48.0,48.0,1576.0,18.8,0.579,0.002,0.468,13.9,22.8,18.5,10.7,1.6,3.5,15.7,16.8,3.1,3.6,6.7,0.205,0.8,2.1,2.9,1.9,"DPOY-15,DEF2",2011.0,4
Nenad Krstić,27.0,2TM,5.0,71.0,67.0,1571.0,13.1,0.557,0.0,0.323,9.9,15.4,12.7,2.8,0.9,1.2,9.8,16.9,2.3,1.7,4.0,0.122,-1.4,-1.0,-2.5,-0.2,,2011.0,3
Nenad Krstić,27.0,OKC,5.0,47.0,47.0,1018.0,12.5,0.534,0.0,0.216,9.2,14.4,11.9,3.0,0.9,1.2,9.0,16.4,1.2,0.8,2.0,0.096,-1.5,-1.4,-2.8,-0.2,,2011.0,1
Shannon Brown,25.0,LAL,2.0,82.0,0.0,1568.0,13.6,0.518,0.33,0.157,2.6,8.5,5.7,10.0,2.3,0.8,9.8,22.2,1.1,1.9,3.1,0.093,-0.9,0.2,-0.8,0.5,,2011.0,3
Earl Watson,31.0,UTA,1.0,80.0,13.0,1567.0,10.2,0.5,0.349,0.267,4.0,10.1,7.0,25.7,2.1,0.9,25.3,13.4,0.2,0.8,1.0,0.03,-1.9,-0.3,-2.1,-0.1,,2011.0,5
Randy Foye,27.0,LAC,2.0,63.0,24.0,1551.0,11.4,0.516,0.409,0.281,1.0,6.7,3.9,17.5,1.6,1.1,13.7,19.9,0.9,0.8,1.7,0.051,-1.1,-0.7,-1.8,0.1,,2011.0,1
James Jones,30.0,MIA,3.0,81.0,8.0,1549.0,11.1,0.629,0.829,0.208,1.9,9.9,6.1,4.1,1.0,1.0,5.3,12.0,3.0,1.7,4.7,0.145,0.7,0.3,1.0,1.2,,2011.0,3
Maurice Evans,32.0,2TM,3.0,73.0,24.0,1549.0,9.1,0.513,0.394,0.137,3.9,8.0,5.9,4.5,1.1,0.7,6.8,14.2,1.0,0.7,1.7,0.054,-2.2,-1.0,-3.2,-0.5,,2011.0,1
Maurice Evans,32.0,ATL,3.0,47.0,12.0,837.0,7.5,0.492,0.443,0.139,3.3,8.7,6.0,5.4,1.0,0.5,6.6,13.0,0.3,0.6,0.9,0.05,-3.1,-0.5,-3.7,-0.4,,2011.0,1
Marcus Camby,36.0,POR,5.0,59.0,51.0,1540.0,14.8,0.426,0.003,0.238,13.8,35.2,24.1,11.7,1.4,5.0,16.0,11.7,0.8,3.0,3.7,0.116,-0.7,2.2,1.5,1.4,,2011.0,4
Tyler Hansbrough,25.0,IND,4.0,70.0,29.0,1535.0,16.4,0.529,0.003,0.413,10.6,15.9,13.2,4.7,1.2,0.7,9.5,23.1,2.2,1.6,3.8,0.118,-0.6,-1.3,-1.9,0.0,,2011.0,4
Derrick Favors,19.0,2TM,4.0,78.0,27.0,1535.0,13.9,0.542,0.0,0.416,12.9,19.1,16.0,4.2,1.0,3.5,13.5,17.1,1.5,1.4,2.9,0.091,-2.6,-0.6,-3.2,-0.5,,2011.0,2
Derrick Favors,19.0,NJN,4.0,56.0,23.0,1091.0,12.6,0.54,0.0,0.42,13.3,19.1,16.1,3.2,0.9,2.9,14.6,16.3,0.9,1.0,1.9,0.083,-3.2,-0.7,-3.9,-0.5,,2011.0,2
Nick Collison,30.0,OKC,5.0,71.0,2.0,1524.0,10.8,0.6,0.0,0.302,9.5,14.6,12.1,6.7,1.4,1.5,16.7,9.8,2.1,1.5,3.6,0.113,-1.9,0.7,-1.2,0.3,,2011.0,4
JJ Redick,26.0,ORL,2.0,59.0,5.0,1513.0,12.8,0.589,0.49,0.286,0.5,8.1,4.4,11.0,1.0,0.2,9.5,17.0,2.7,1.8,4.5,0.142,0.4,0.7,1.1,1.2,6MOY-15,2011.0,1
Corey Brewer,24.0,2TM,2.0,69.0,24.0,1510.0,11.0,0.482,0.23,0.393,4.2,8.9,6.5,9.1,3.3,0.8,13.2,18.8,-0.1,1.3,1.1,0.036,-3.5,1.2,-2.3,-0.1,,2011.0,5
Corey Brewer,24.0,MIN,3.0,56.0,22.0,1362.0,10.3,0.471,0.227,0.391,3.6,9.0,6.2,8.6,3.3,0.8,13.1,18.4,-0.4,1.0,0.6,0.023,-3.8,1.0,-2.8,-0.3,,2011.0,5
Ersan İlyasova,23.0,MIL,4.0,60.0,34.0,1505.0,14.3,0.516,0.239,0.205,7.9,20.7,14.1,6.6,1.8,1.3,10.2,19.1,1.1,2.7,3.8,0.121,-1.2,0.6,-0.6,0.5,,2011.0,1
Andrew Bynum,23.0,LAL,5.0,54.0,47.0,1500.0,21.1,0.606,0.0,0.506,13.3,24.7,19.2,7.7,0.7,5.4,12.8,17.6,3.8,2.8,6.6,0.21,1.8,1.4,3.2,2.0,DPOY-22,2011.0,4
Richard Hamilton,32.0,DET,2.0,55.0,39.0,1498.0,15.8,0.52,0.215,0.256,1.9,8.7,5.1,19.8,1.4,0.2,10.5,26.0,1.6,0.2,1.8,0.059,0.6,-2.2,-1.6,0.1,,2011.0,3
Jerryd Bayless,22.0,2TM,1.0,71.0,14.0,1496.0,14.1,0.536,0.282,0.398,2.0,11.3,6.6,27.6,1.3,0.3,17.3,22.1,1.4,0.3,1.6,0.053,0.1,-1.9,-1.8,0.1,,2011.0,2
Jerryd Bayless,22.0,TOR,1.0,60.0,14.0,1347.0,14.9,0.545,0.282,0.404,2.1,11.4,6.6,27.4,1.4,0.2,16.6,22.0,1.7,0.1,1.8,0.064,0.6,-1.8,-1.2,0.3,,2011.0,2
Tony Allen,29.0,MEM,2.0,72.0,31.0,1494.0,18.4,0.562,0.047,0.37,5.5,9.9,7.7,10.9,4.5,2.4,13.1,19.9,2.0,2.7,4.7,0.152,0.1,3.5,3.6,2.1,"DPOY-4,6MOY-11,DEF2",2011.0,5
Joel Anthony,28.0,MIA,5.0,75.0,11.0,1463.0,7.3,0.583,0.0,0.737,9.0,12.4,10.8,2.2,0.4,5.0,21.5,5.3,1.2,2.1,3.3,0.107,-3.2,1.6,-1.6,0.2,,2011.0,4
Keith Bogans,30.0,CHI,2.0,82.0,82.0,1461.0,9.0,0.559,0.772,0.104,1.6,10.1,5.9,10.1,1.4,0.5,11.3,11.4,1.4,2.2,3.6,0.118,-1.5,1.4,-0.2,0.7,DPOY-19,2011.0,3
Al-Farouq Aminu,20.0,LAC,3.0,81.0,14.0,1452.0,9.6,0.499,0.352,0.293,6.1,15.4,10.8,6.4,2.1,1.3,18.3,17.3,-0.8,1.4,0.7,0.022,-2.7,-0.1,-2.8,-0.3,,2011.0,2
Austin Daye,22.0,DET,3.0,72.0,16.0,1446.0,13.0,0.518,0.365,0.229,5.2,18.6,11.6,8.5,1.5,2.2,10.2,18.6,1.2,0.9,2.1,0.07,-0.8,-0.5,-1.3,0.3,,2011.0,2
Matt Bonner,30.0,SAS,4.0,66.0,1.0,1432.0,13.5,0.617,0.62,0.116,5.0,14.2,9.7,6.2,0.9,1.0,6.5,13.4,3.0,1.4,4.4,0.147,1.7,0.2,1.9,1.4,6MOY-15,2011.0,1
Ryan Anderson,22.0,ORL,4.0,64.0,14.0,1424.0,19.0,0.591,0.65,0.223,10.8,18.1,14.5,6.2,1.1,2.1,7.8,20.4,4.0,2.5,6.4,0.216,4.2,0.4,4.6,2.4,,2011.0,2
Hakim Warrick,28.0,PHO,4.0,80.0,6.0,1416.0,16.5,0.581,0.025,0.659,7.2,17.0,12.1,7.6,1.1,0.5,12.1,20.9,2.6,0.8,3.4,0.116,0.1,-1.0,-1.0,0.3,,2011.0,4
Sonny Weems,24.0,TOR,3.0,59.0,28.0,1413.0,10.2,0.492,0.119,0.183,3.2,9.8,6.4,11.6,1.2,0.1,13.4,20.3,-0.4,0.0,-0.4,-0.013,-2.5,-2.2,-4.6,-0.9,,2011.0,1
Corey Maggette,31.0,MIL,3.0,67.0,18.0,1401.0,15.8,0.573,0.14,0.581,3.6,16.8,10.0,11.3,0.8,0.3,15.3,27.7,1.5,1.9,3.4,0.115,-0.6,-0.2,-0.8,0.5,,2011.0,4
Andris Biedriņš,24.0,GSW,5.0,59.0,55.0,1397.0,12.1,0.526,0.0,0.117,11.5,23.3,17.3,6.0,1.9,2.8,16.9,10.6,1.1,1.5,2.6,0.088,-2.5,0.2,-2.3,-0.1,,2011.0,4
Leandro Barbosa,28.0,TOR,2.0,58.0,0.0,1395.0,15.3,0.539,0.326,0.21,1.2,7.4,4.2,14.6,1.9,0.3,10.5,25.6,1.4,0.1,1.5,0.052,0.4,-1.7,-1.3,0.2,,2011.0,3
Antonio McDyess,36.0,SAS,4.0,73.0,16.0,1387.0,12.8,0.516,0.003,0.224,10.5,22.3,16.5,9.0,1.3,2.0,16.0,14.9,1.0,2.1,3.0,0.105,-1.8,1.1,-0.7,0.4,,2011.0,4
Francisco García,29.0,SAC,3.0,58.0,34.0,1386.0,13.5,0.551,0.472,0.16,1.9,9.2,5.5,8.0,1.9,2.6,8.1,17.3,1.9,1.1,3.0,0.104,0.4,0.6,1.0,1.0,,2011.0,1
Al Thornton,27.0,2TM,4.0,71.0,23.0,1383.0,11.7,0.531,0.06,0.329,4.5,13.4,8.8,7.2,1.3,0.7,11.5,17.8,1.0,0.6,1.6,0.054,-2.4,-1.0,-3.3,-0.4,,2011.0,1
Al Thornton,27.0,WAS,3.0,49.0,23.0,1069.0,11.8,0.525,0.076,0.327,4.7,12.2,8.3,7.7,1.3,0.6,10.5,17.3,0.9,0.4,1.3,0.058,-1.8,-0.9,-2.7,-0.2,,2011.0,1
Anthony Tolliver,25.0,MIN,3.0,65.0,4.0,1362.0,13.3,0.585,0.367,0.419,7.3,17.0,12.0,8.9,1.0,1.6,11.7,13.1,2.6,0.7,3.3,0.115,0.1,0.0,0.0,0.7,,2011.0,1
Brendan Haywood,31.0,DAL,5.0,72.0,8.0,1331.0,11.7,0.532,0.004,0.794,11.8,20.9,16.5,2.1,0.6,4.2,14.5,12.4,0.8,2.1,2.9,0.104,-2.5,0.6,-1.9,0.0,,2011.0,4
Shawne Williams,24.0,NYK,4.0,64.0,11.0,1323.0,12.2,0.558,0.551,0.127,5.1,15.6,10.3,5.3,1.5,2.8,10.2,15.2,1.4,1.1,2.5,0.089,-0.5,-0.2,-0.7,0.4,,2011.0,1
Brandon Roy,26.0,POR,2.0,47.0,23.0,1310.0,13.9,0.491,0.218,0.264,2.5,9.1,5.6,16.8,1.5,0.8,8.6,22.8,1.2,0.9,2.1,0.077,0.2,-0.4,-0.2,0.6,,2011.0,1
Aaron Brooks,26.0,2TM,1.0,59.0,12.0,1284.0,13.1,0.489,0.402,0.239,1.8,5.2,3.5,28.9,1.3,0.2,13.2,25.9,0.7,0.4,1.1,0.04,-0.3,-2.7,-3.0,-0.3,,2011.0,5
Nazr Mohammed,33.0,2TM,5.0,75.0,37.0,1280.0,15.9,0.538,0.002,0.25,13.2,21.2,17.2,3.3,1.2,3.5,12.3,20.6,1.0,1.6,2.7,0.1,-2.0,-0.8,-2.8,-0.3,,2011.0,4
Nazr Mohammed,33.0,CHA,5.0,51.0,30.0,851.0,15.9,0.52,0.003,0.278,13.3,22.6,17.9,3.7,0.9,4.4,12.5,22.4,0.3,1.1,1.4,0.08,-2.4,-0.8,-3.2,-0.3,,2011.0,4
Paul George,20.0,IND,2.0,61.0,19.0,1265.0,13.0,0.542,0.349,0.256,3.3,16.3,9.8,8.3,2.5,1.5,13.7,17.8,0.5,1.9,2.4,0.091,-1.6,1.4,-0.1,0.6,,2011.0,2
Shaun Livingston,25.0,CHA,1.0,73.0,0.0,1261.0,14.3,0.53,0.01,0.315,2.8,11.6,7.2,22.5,2.0,1.9,16.3,20.1,0.7,1.2,1.9,0.073,-1.0,1.0,0.0,0.7,,2011.0,5
Zaza Pachulia,26.0,ATL,5.0,79.0,7.0,1244.0,12.4,0.562,0.0,0.772,11.6,20.6,16.1,7.0,1.5,1.3,18.2,14.5,1.5,1.6,3.1,0.118,-2.8,0.1,-2.8,-0.2,,2011.0,4
Ben Wallace,36.0,DET,5.0,54.0,49.0,1238.0,12.3,0.442,0.013,0.383,12.2,22.9,17.3,8.1,2.3,3.5,20.2,8.2,0.5,1.4,1.9,0.072,-1.3,1.3,0.0,0.6,,2011.0,4
Goran Dragić,24.0,2TM,1.0,70.0,5.0,1234.0,13.2,0.524,0.351,0.302,3.3,9.9,6.6,25.6,2.1,0.6,19.0,22.4,0.2,0.8,1.0,0.04,-0.9,-0.5,-1.3,0.2,,2011.0,5
Goran Dragić,24.0,PHO,1.0,48.0,2.0,856.0,11.2,0.492,0.32,0.307,3.2,8.4,5.8,26.8,2.1,0.5,21.1,24.0,-0.7,0.5,-0.2,-0.012,-2.3,-1.2,-3.5,-0.3,,2011.0,5
Kenyon Martin,33.0,DEN,4.0,48.0,48.0,1233.0,14.1,0.526,0.025,0.199,6.5,20.9,13.9,13.6,1.8,2.2,13.0,16.4,1.0,1.6,2.7,0.104,-0.8,1.7,0.9,0.9,DPOY-23,2011.0,4
Gordon Hayward,20.0,UTA,3.0,72.0,17.0,1218.0,10.7,0.578,0.253,0.331,4.0,9.8,6.9,10.2,1.3,1.3,17.3,15.3,0.8,0.4,1.2,0.048,-1.2,-1.1,-2.2,-0.1,,2011.0,2
Eric Maynor,23.0,OKC,1.0,82.0,0.0,1200.0,11.7,0.485,0.288,0.177,2.5,9.1,5.9,30.3,1.5,0.4,17.7,16.5,0.7,0.8,1.5,0.061,-0.8,-1.1,-1.8,0.1,,2011.0,3
Carlos Arroyo,31.0,2TM,1.0,64.0,43.0,1185.0,9.0,0.528,0.253,0.172,2.2,7.9,5.2,15.8,0.9,0.1,17.0,14.0,0.5,1.1,1.7,0.068,-2.1,-0.2,-2.3,-0.1,,2011.0,5
Carlos Arroyo,31.0,MIA,1.0,49.0,42.0,995.0,9.5,0.541,0.269,0.147,1.6,7.5,4.8,15.3,0.7,0.1,14.5,13.9,0.8,0.9,1.6,0.078,-1.7,-0.5,-2.2,0.0,,2011.0,5
Ryan Hollins,26.0,CLE,5.0,70.0,16.0,1182.0,10.7,0.642,0.0,0.744,6.6,11.6,9.0,3.6,1.0,2.7,18.7,13.7,1.3,0.5,1.8,0.072,-4.0,-0.3,-4.3,-0.7,,2011.0,4
Wayne Ellington,23.0,MIN,2.0,62.0,8.0,1181.0,8.6,0.488,0.305,0.134,2.4,7.9,5.1,9.4,1.2,0.2,11.2,17.1,0.1,0.1,0.3,0.01,-2.3,-1.3,-3.5,-0.5,,2011.0,1
Kurt Thomas,38.0,CHI,4.0,52.0,37.0,1178.0,10.0,0.527,0.005,0.172,7.7,21.9,15.0,7.4,1.4,2.7,17.3,9.4,0.7,2.6,3.2,0.131,-3.4,2.8,-0.6,0.4,,2011.0,4
Vladimir Radmanović,30.0,GSW,4.0,74.0,6.0,1169.0,12.6,0.562,0.544,0.107,6.1,14.7,10.3,9.6,1.9,2.9,14.6,14.7,1.2,0.9,2.1,0.086,-0.5,0.4,-0.1,0.6,,2011.0,1
DeShawn Stevenson,29.0,DAL,2.0,72.0,54.0,1158.0,9.8,0.549,0.755,0.13,2.1,8.4,5.4,10.0,1.0,0.3,11.2,15.9,0.8,1.0,1.8,0.074,-0.1,-0.3,-0.4,0.5,,2011.0,1
Zydrunas Ilgauskas,35.0,MIA,5.0,72.0,51.0,1145.0,12.8,0.531,0.003,0.144,11.9,17.5,14.9,3.6,1.1,4.0,13.3,16.0,1.0,1.9,2.9,0.122,-3.1,0.4,-2.7,-0.2,,2011.0,4
Ronny Turiaf,28.0,NYK,5.0,64.0,21.0,1141.0,13.6,0.648,0.0,0.601,6.4,14.4,10.4,11.5,1.5,4.7,16.6,9.6,2.1,1.1,3.2,0.134,-0.8,2.2,1.4,1.0,,2011.0,4
Donté Greene,22.0,SAC,3.0,69.0,21.0,1127.0,9.7,0.482,0.399,0.168,4.8,10.2,7.4,6.5,1.6,1.3,12.6,18.2,-0.2,0.8,0.5,0.022,-1.8,-0.4,-2.2,-0.1,,2011.0,2
Jordan Hill,23.0,HOU,5.0,72.0,11.0,1125.0,13.1,0.521,0.006,0.241,12.9,18.0,15.4,4.0,0.6,3.2,13.7,17.7,0.8,1.0,1.8,0.079,-2.9,-1.4,-4.3,-0.7,,2011.0,4
Will Bynum,28.0,DET,1.0,61.0,5.0,1125.0,15.2,0.524,0.123,0.3,1.6,6.7,4.0,28.6,2.5,0.3,15.3,22.5,1.1,0.4,1.5,0.066,-0.8,-1.0,-1.9,0.0,,2011.0,5
Alonzo Gee,23.0,3TM,2.0,56.0,34.0,1118.0,10.8,0.544,0.193,0.348,6.2,12.7,9.3,5.4,1.8,1.2,15.3,14.5,0.5,0.6,1.0,0.045,-2.1,-0.4,-2.5,-0.1,,2011.0,1
Yi Jianlian,23.0,WAS,4.0,63.0,11.0,1112.0,10.1,0.459,0.037,0.262,7.8,18.0,12.7,3.5,1.2,2.2,11.6,17.4,-0.4,0.8,0.4,0.016,-3.7,-1.6,-5.3,-0.9,,2011.0,1
Mickaël Piétrus,28.0,2TM,3.0,57.0,4.0,1107.0,9.8,0.526,0.647,0.156,1.6,11.5,6.6,4.6,1.3,1.4,9.1,17.6,0.3,1.0,1.3,0.055,-1.2,0.2,-1.0,0.3,,2011.0,1
Jason Smith,24.0,NOH,5.0,77.0,6.0,1102.0,10.8,0.49,0.007,0.228,9.8,16.9,13.3,5.3,1.3,2.4,13.6,16.9,0.2,1.4,1.6,0.07,-3.6,0.1,-3.5,-0.4,,2011.0,4
Martell Webster,24.0,MIN,3.0,46.0,1.0,1094.0,12.4,0.575,0.388,0.359,3.6,11.6,7.5,7.5,1.3,0.6,12.8,17.6,1.4,0.3,1.8,0.077,-0.4,-0.9,-1.3,0.2,,2011.0,1
C.J. Watson,26.0,CHI,1.0,82.0,1.0,1091.0,12.8,0.466,0.284,0.236,1.8,8.1,5.0,26.9,2.7,0.8,14.4,21.4,0.2,2.0,2.1,0.093,-1.4,1.1,-0.3,0.5,,2011.0,5
Trevor Booker,23.0,WAS,4.0,65.0,14.0,1063.0,15.3,0.582,0.004,0.399,10.2,17.0,13.5,5.2,1.4,3.0,11.3,13.9,1.8,0.8,2.6,0.119,-0.6,-0.3,-0.9,0.3,,2011.0,4
Jamario Moon,30.0,2TM,3.0,59.0,20.0,1042.0,10.1,0.499,0.496,0.069,2.5,16.0,9.1,7.8,1.4,2.4,7.9,12.0,0.4,0.7,1.1,0.05,-1.5,0.5,-1.1,0.2,,2011.0,1
Ekpe Udoh,23.0,GSW,5.0,58.0,18.0,1030.0,9.7,0.472,0.0,0.288,8.6,11.4,10.0,5.4,1.1,6.4,16.1,12.8,0.0,0.7,0.7,0.032,-4.4,0.6,-3.8,-0.5,,2011.0,4
Jordan Crawford,22.0,2TM,2.0,42.0,18.0,1027.0,11.8,0.456,0.256,0.168,3.4,8.6,5.9,19.8,2.0,0.2,13.4,27.0,-1.0,0.5,-0.6,-0.026,-1.5,-2.3,-3.8,-0.5,,2011.0,2
Matt Barnes,30.0,LAL,3.0,53.0,0.0,1020.0,14.6,0.569,0.384,0.276,8.4,16.7,12.7,10.5,2.0,1.6,15.6,16.6,1.4,1.6,3.0,0.142,-0.5,1.0,0.6,0.7,,2011.0,5
Brad Miller,34.0,HOU,5.0,60.0,5.0,1015.0,16.3,0.566,0.361,0.318,4.9,19.9,12.4,21.4,1.4,1.4,13.8,17.0,2.0,1.0,3.0,0.142,1.7,1.1,2.8,1.2,,2011.0,4
Nate Robinson,26.0,2TM,1.0,59.0,11.0,1013.0,10.0,0.507,0.532,0.117,1.9,8.6,5.5,17.8,1.5,0.3,14.7,21.9,-0.4,1.5,1.1,0.051,-2.5,-0.1,-2.6,-0.2,,2011.0,1
Nate Robinson,26.0,BOS,1.0,55.0,11.0,983.0,10.2,0.512,0.532,0.111,2.0,8.7,5.6,17.4,1.6,0.3,14.8,21.7,-0.3,1.5,1.1,0.054,-2.3,0.0,-2.3,-0.1,,2011.0,1
Chris Wilcox,28.0,DET,4.0,57.0,29.0,995.0,18.0,0.587,0.003,0.276,11.2,22.7,16.7,7.4,1.6,1.4,10.6,18.9,2.0,0.8,2.8,0.133,-0.3,-1.1,-1.4,0.2,,2011.0,4
Robin Lopez,22.0,PHO,5.0,67.0,56.0,991.0,13.9,0.539,0.0,0.28,9.5,15.6,12.6,1.3,0.9,3.4,10.7,20.4,0.8,0.8,1.5,0.074,-3.1,-1.0,-4.1,-0.5,,2011.0,2
Ömer Aşık,24.0,CHI,5.0,82.0,0.0,989.0,11.8,0.559,0.0,1.028,13.7,22.3,18.1,4.7,1.1,4.3,23.8,12.5,0.5,2.2,2.7,0.13,-3.6,1.8,-1.8,0.1,,2011.0,4
Jonny Flynn,21.0,MIN,1.0,53.0,8.0,983.0,7.1,0.444,0.338,0.142,1.3,7.5,4.3,27.6,1.7,0.2,26.4,18.5,-1.6,0.2,-1.3,-0.064,-3.9,-2.4,-6.3,-1.1,,2011.0,2
Eddie House,32.0,MIA,2.0,56.0,1.0,978.0,11.9,0.535,0.545,0.125,1.2,9.5,5.6,10.0,1.7,0.2,7.9,17.6,1.0,1.2,2.2,0.108,-0.5,0.2,-0.3,0.4,,2011.0,1
Jeff Teague,22.0,ATL,1.0,70.0,7.0,963.0,14.6,0.521,0.158,0.319,1.4,11.3,6.4,23.3,2.5,2.0,15.6,20.3,0.4,1.2,1.7,0.083,-0.8,1.3,0.5,0.6,,2011.0,2
Stephen Graham,28.0,NJN,2.0,59.0,28.0,959.0,4.4,0.457,0.105,0.19,2.0,13.4,7.6,6.5,0.8,0.1,14.9,12.3,-0.7,0.4,-0.3,-0.014,-5.8,-1.0,-6.8,-1.2,,2011.0,1
Quentin Richardson,30.0,ORL,3.0,57.0,19.0,955.0,8.1,0.454,0.573,0.173,4.9,16.6,10.9,6.1,1.4,0.4,10.7,14.9,-0.2,1.5,1.3,0.067,-2.4,0.9,-1.5,0.1,,2011.0,1
Christian Eyenga,21.0,CLE,3.0,44.0,18.0,947.0,9.0,0.476,0.297,0.092,3.2,12.0,7.5,6.2,1.9,2.3,12.9,17.5,-0.8,0.5,-0.3,-0.016,-3.4,-0.6,-4.0,-0.5,,2011.0,2
Jeff Foster,34.0,IND,5.0,56.0,3.0,940.0,14.3,0.497,0.018,0.287,19.1,22.3,20.7,7.3,1.3,2.4,12.1,10.1,1.6,1.4,3.0,0.152,-0.6,0.1,-0.5,0.4,,2011.0,4
Marquis Daniels,30.0,BOS,3.0,49.0,0.0,938.0,11.7,0.527,0.091,0.246,3.3,11.0,7.4,10.6,2.2,1.8,12.9,15.1,0.3,1.7,2.0,0.103,-1.7,2.3,0.6,0.6,,2011.0,5
Manny Harris,21.0,CLE,2.0,54.0,15.0,933.0,10.4,0.486,0.318,0.322,4.3,13.2,8.6,14.8,1.7,0.6,16.0,19.1,-0.4,0.4,0.0,0.002,-2.3,-1.2,-3.5,-0.4,,2011.0,2
Andrés Nocioni,31.0,PHI,3.0,54.0,17.0,931.0,10.1,0.538,0.426,0.22,2.4,18.6,10.5,7.4,0.8,1.2,13.4,17.4,0.2,1.1,1.3,0.067,-2.2,-0.3,-2.5,-0.1,,2011.0,1
Jason Maxiell,27.0,DET,4.0,57.0,14.0,930.0,9.4,0.51,0.0,0.524,8.3,14.7,11.4,2.7,1.4,1.8,15.9,13.9,0.0,0.4,0.5,0.024,-3.3,-1.1,-4.4,-0.6,,2011.0,4
Shelden Williams,27.0,2TM,4.0,59.0,38.0,911.0,12.3,0.522,0.0,0.341,12.0,22.3,17.3,5.1,1.3,2.1,14.5,14.5,0.9,1.1,1.9,0.102,-2.3,-0.4,-2.7,-0.2,,2011.0,4
Shelden Williams,27.0,DEN,4.0,42.0,32.0,713.0,11.3,0.492,0.0,0.254,12.3,23.4,18.0,3.9,1.3,2.3,15.5,14.9,0.2,0.9,1.2,0.078,-2.8,-0.3,-3.1,-0.2,,2011.0,4
Josh Childress,27.0,PHO,2.0,54.0,3.0,894.0,13.0,0.567,0.075,0.276,8.9,11.1,10.0,7.0,1.9,1.9,15.5,14.3,0.8,0.6,1.4,0.076,-0.6,0.1,-0.5,0.3,,2011.0,1
Johan Petro,25.0,NJN,5.0,77.0,1.0,893.0,9.9,0.452,0.014,0.097,8.0,20.4,14.0,8.4,2.0,2.9,13.2,18.1,-0.7,1.1,0.4,0.024,-5.5,0.9,-4.7,-0.6,,2011.0,4
Nikola Peković,25.0,MIN,5.0,65.0,11.0,887.0,11.2,0.573,0.0,0.433,11.0,13.2,12.1,4.8,1.0,3.0,22.5,19.4,0.2,0.5,0.6,0.035,-4.8,-0.9,-5.7,-0.8,,2011.0,4
Chris Douglas-Roberts,24.0,MIL,3.0,44.0,12.0,884.0,11.5,0.517,0.168,0.326,0.9,11.0,5.8,9.8,1.8,1.2,10.1,18.4,0.4,1.3,1.6,0.088,-2.5,1.0,-1.4,0.1,,2011.0,1
Larry Sanders,22.0,MIL,5.0,60.0,12.0,872.0,11.0,0.448,0.0,0.187,7.7,16.3,11.9,3.2,1.3,6.5,11.6,17.6,-0.7,1.8,1.0,0.057,-5.2,1.7,-3.5,-0.3,,2011.0,4
Patrick Patterson,21.0,HOU,4.0,52.0,6.0,868.0,16.7,0.574,0.007,0.157,11.2,14.9,13.1,7.6,1.0,3.0,9.8,16.1,1.7,0.7,2.4,0.134,0.4,-0.1,0.3,0.5,,2011.0,2
Earl Boykins,34.0,MIL,1.0,57.0,0.0,862.0,17.6,0.526,0.202,0.233,2.0,5.5,3.7,30.9,2.4,0.3,11.8,23.9,1.1,1.1,2.3,0.125,2.1,0.4,2.4,1.0,,2011.0,5
Greivis Vásquez,24.0,MEM,1.0,70.0,1.0,860.0,9.4,0.493,0.369,0.189,1.7,8.6,5.1,25.3,1.3,0.4,21.7,16.9,-0.1,0.7,0.5,0.03,-2.4,-0.9,-3.3,-0.3,,2011.0,5
Eugene Jeter,27.0,SAC,1.0,62.0,1.0,858.0,11.1,0.46,0.116,0.158,1.2,8.3,4.6,28.4,1.7,0.2,15.5,16.5,0.2,0.5,0.7,0.037,-2.2,-1.1,-3.3,-0.3,,2011.0,5
James Posey,34.0,IND,3.0,49.0,0.0,839.0,7.5,0.485,0.88,0.062,1.3,18.0,9.7,6.1,1.4,0.5,8.8,14.3,0.0,1.0,1.0,0.056,-2.6,0.5,-2.0,0.0,,2011.0,1
Erick Dampier,35.0,MIA,5.0,51.0,22.0,815.0,9.7,0.591,0.011,0.494,8.2,17.1,12.9,3.8,0.9,4.5,22.8,8.1,0.5,1.4,1.9,0.109,-2.0,1.7,-0.3,0.4,,2011.0,4
A.J. Price,24.0,IND,1.0,50.0,0.0,795.0,10.7,0.454,0.466,0.253,2.3,7.8,5.0,22.7,1.8,0.1,13.0,22.7,-0.4,0.7,0.3,0.02,-1.9,-1.1,-2.9,-0.2,,2011.0,5
Gary Forbes,25.0,DEN,3.0,63.0,11.0,791.0,11.7,0.524,0.212,0.319,4.2,12.5,8.5,9.7,1.5,0.6,12.9,20.1,0.3,0.7,0.9,0.055,-2.0,-0.8,-2.9,-0.2,,2011.0,1
Henry Walker,23.0,NYK,2.0,61.0,1.0,784.0,11.3,0.583,0.648,0.186,2.3,15.6,8.9,6.6,1.3,0.6,12.7,16.6,0.7,0.4,1.1,0.069,-0.6,-1.2,-1.8,0.0,,2011.0,1
Patty Mills,22.0,POR,1.0,64.0,0.0,783.0,13.0,0.506,0.405,0.143,2.8,5.2,4.0,24.3,1.9,0.1,15.1,24.5,0.2,0.5,0.7,0.044,-0.1,-1.4,-1.5,0.1,,2011.0,2
Chris Duhon,28.0,ORL,1.0,51.0,5.0,774.0,5.6,0.446,0.403,0.194,1.4,6.3,3.9,22.4,1.1,0.2,30.3,12.0,-0.7,0.9,0.2,0.014,-3.8,0.0,-3.8,-0.3,,2011.0,5
Rasual Butler,31.0,2TM,2.0,47.0,2.0,770.0,6.2,0.446,0.574,0.114,1.5,10.1,5.9,5.3,0.5,1.5,8.8,15.8,-0.5,0.3,-0.1,-0.009,-2.3,-1.5,-3.8,-0.4,,2011.0,1
Julian Wright,23.0,TOR,3.0,52.0,6.0,766.0,12.1,0.525,0.063,0.269,7.1,11.3,9.1,11.0,2.6,2.0,19.4,13.0,0.2,0.4,0.6,0.038,-0.7,0.7,0.0,0.4,,2011.0,5
Dominic McGuire,25.0,CHA,3.0,52.0,8.0,760.0,10.4,0.437,0.011,0.214,10.0,21.8,15.9,9.0,0.7,3.5,11.2,13.8,0.1,0.9,0.9,0.059,-3.3,0.3,-2.9,-0.2,,2011.0,4
Tiago Splitter,26.0,SAS,5.0,60.0,6.0,738.0,16.0,0.55,0.005,0.733,11.6,19.8,15.8,5.3,2.0,1.6,11.2,17.7,1.1,1.1,2.3,0.149,-1.3,0.5,-0.8,0.2,,2011.0,4
Quincy Pondexter,22.0,NOH,3.0,66.0,6.0,734.0,8.5,0.482,0.278,0.189,3.8,10.8,7.3,5.9,1.3,1.1,7.6,13.7,0.2,0.7,0.9,0.06,-2.4,0.1,-2.3,-0.1,,2011.0,2
Marreese Speights,23.0,PHI,5.0,64.0,1.0,734.0,15.3,0.532,0.014,0.251,10.1,22.9,16.5,7.0,0.6,2.0,11.0,22.8,0.7,1.0,1.7,0.11,-2.2,-0.8,-3.0,-0.2,,2011.0,4
Chris Andersen,32.0,DEN,5.0,45.0,0.0,732.0,19.0,0.636,0.007,0.985,12.2,22.1,17.3,4.0,1.6,6.0,11.3,13.5,1.9,1.2,3.2,0.207,1.2,1.8,3.0,0.9,,2011.0,4
Acie Law,26.0,2TM,1.0,51.0,0.0,726.0,9.9,0.502,0.194,0.344,1.9,8.2,5.0,16.3,2.2,0.0,16.7,15.7,0.1,0.3,0.4,0.027,-3.5,-0.5,-4.0,-0.4,,2011.0,5
Ronnie Price,27.0,UTA,2.0,59.0,0.0,717.0,5.5,0.434,0.329,0.186,3.7,6.6,5.1,11.7,3.1,0.6,19.5,18.0,-1.2,0.5,-0.7,-0.048,-6.2,-0.1,-6.3,-0.8,,2011.0,5
Lou Amundson,28.0,GSW,4.0,46.0,7.0,691.0,11.5,0.452,0.0,0.475,13.0,17.4,15.2,3.5,1.0,3.6,9.8,15.7,0.2,0.5,0.6,0.044,-3.1,-1.4,-4.5,-0.4,,2011.0,4
D.J. White,24.0,2TM,5.0,47.0,0.0,685.0,15.3,0.542,0.009,0.292,7.6,20.0,13.8,4.9,0.9,2.3,5.4,17.7,1.1,0.7,1.8,0.128,-0.6,-0.5,-1.1,0.2,,2011.0,4
Jon Brockman,23.0,MIL,5.0,63.0,6.0,677.0,9.6,0.567,0.0,0.628,12.4,19.4,15.8,4.2,1.1,0.3,16.7,10.0,0.8,1.0,1.9,0.132,-4.1,0.2,-3.9,-0.3,,2011.0,4
Damien Wilkins,31.0,ATL,3.0,52.0,0.0,676.0,11.4,0.557,0.073,0.409,4.1,11.9,8.0,9.3,2.1,1.0,11.5,12.8,0.7,0.8,1.5,0.104,-2.4,1.4,-1.0,0.2,,2011.0,5
Josh Powell,28.0,ATL,4.0,54.0,0.0,653.0,8.0,0.492,0.005,0.216,9.1,15.8,12.5,5.5,0.4,0.6,18.9,20.4,-0.7,0.5,-0.2,-0.012,-5.0,-2.3,-7.3,-0.9,,2011.0,4
Luke Harangody,23.0,2TM,4.0,49.0,0.0,640.0,10.1,0.444,0.32,0.126,7.5,18.9,13.2,7.6,1.2,2.0,6.9,16.8,-0.1,0.7,0.6,0.048,-3.3,-0.4,-3.7,-0.3,,2011.0,1
Kevin Séraphin,21.0,WAS,4.0,58.0,1.0,635.0,8.4,0.479,0.0,0.211,13.9,13.4,13.7,2.4,1.4,3.4,20.7,14.1,-0.2,0.5,0.2,0.017,-5.8,-1.0,-6.9,-0.8,,2011.0,2
Brian Cardinal,33.0,DAL,3.0,56.0,4.0,618.0,9.7,0.672,0.87,0.18,2.0,8.9,5.6,9.1,2.0,0.9,13.6,9.5,1.0,0.7,1.7,0.132,-1.2,2.4,1.2,0.5,,2011.0,1
Francisco Elson,34.0,UTA,5.0,62.0,1.0,610.0,8.9,0.529,0.0,0.274,6.9,16.0,11.4,7.9,1.8,1.9,20.2,11.9,0.1,0.5,0.6,0.046,-3.8,0.3,-3.5,-0.2,,2011.0,4
Jared Jeffries,29.0,2TM,4.0,42.0,9.0,601.0,8.0,0.375,0.105,0.337,11.7,10.3,11.0,8.1,2.6,2.0,17.5,8.8,0.0,0.5,0.6,0.045,-2.8,0.5,-2.2,0.0,,2011.0,4
Daequan Cook,23.0,OKC,2.0,43.0,0.0,598.0,12.8,0.63,0.851,0.11,1.6,12.1,7.0,5.3,1.2,0.1,8.2,15.7,1.2,0.4,1.6,0.126,1.8,-0.7,1.1,0.5,,2011.0,1
Jason Collins,32.0,ATL,5.0,49.0,28.0,593.0,5.4,0.539,0.014,0.577,6.1,14.5,10.4,5.3,0.8,1.2,22.6,9.2,0.1,0.5,0.6,0.049,-5.3,0.4,-4.8,-0.4,,2011.0,4
Juwan Howard,37.0,MIA,4.0,57.0,0.0,592.0,8.4,0.495,0.0,0.28,7.7,16.3,12.2,5.8,0.9,0.5,15.1,13.1,0.2,0.8,0.9,0.074,-3.5,0.0,-3.5,-0.2,,2011.0,4
Dahntay Jones,30.0,IND,2.0,45.0,2.0,589.0,13.7,0.558,0.182,0.421,0.8,11.4,6.1,9.5,1.7,0.9,10.9,21.4,0.6,0.6,1.2,0.102,-1.7,0.5,-1.2,0.1,,2011.0,1
Craig Smith,27.0,LAC,4.0,48.0,0.0,586.0,15.4,0.592,0.027,0.362,8.7,14.7,11.7,9.1,1.4,0.9,13.2,19.1,1.0,0.4,1.5,0.12,-0.8,-0.3,-1.1,0.1,,2011.0,4
Matt Carroll,30.0,CHA,2.0,54.0,1.0,582.0,12.2,0.53,0.231,0.261,2.5,11.7,7.1,6.9,1.6,0.8,9.4,19.8,0.3,0.5,0.8,0.062,-1.9,-0.8,-2.7,-0.1,,2011.0,1
Derrick Brown,23.0,2TM,3.0,49.0,1.0,576.0,12.9,0.588,0.076,0.458,8.5,12.2,10.3,9.5,1.8,1.4,18.2,15.5,0.5,0.5,1.0,0.083,-1.4,-0.1,-1.6,0.1,,2011.0,1
Von Wafer,25.0,BOS,2.0,58.0,2.0,553.0,10.6,0.524,0.421,0.239,1.7,8.8,5.5,9.8,1.7,0.7,10.2,17.0,0.2,0.9,1.1,0.092,-2.3,0.9,-1.4,0.1,,2011.0,5
Cartier Martin,26.0,WAS,3.0,52.0,1.0,542.0,11.7,0.524,0.544,0.22,4.1,11.8,7.8,5.2,1.7,0.8,7.4,17.6,0.5,0.3,0.8,0.071,0.2,-0.8,-0.6,0.2,,2011.0,1
Timofey Mozgov,24.0,2TM,5.0,45.0,14.0,524.0,10.8,0.523,0.0,0.391,10.0,16.4,13.2,4.2,1.4,3.5,18.3,16.2,0.1,0.5,0.6,0.053,-4.3,-0.4,-4.7,-0.3,,2011.0,4
Joey Dorsey,27.0,TOR,5.0,43.0,9.0,522.0,14.2,0.529,0.0,0.657,17.5,25.8,21.6,7.4,2.4,2.5,23.4,14.3,0.2,0.5,0.8,0.072,-1.6,0.1,-1.6,0.1,,2011.0,4
Ian Mahinmi,24.0,DAL,5.0,56.0,0.0,488.0,13.7,0.645,0.02,0.837,10.7,17.8,14.4,2.5,1.5,2.3,15.7,15.3,1.0,0.8,1.8,0.177,-3.3,1.1,-2.1,0.0,,2011.0,4
Hilton Armstrong,26.0,2TM,5.0,53.0,2.0,488.0,8.8,0.508,0.053,0.434,9.5,21.6,15.4,4.2,1.9,3.3,23.6,10.9,-0.1,0.6,0.5,0.045,-4.7,1.0,-3.7,-0.2,,2011.0,4
Darnell Jackson,25.0,SAC,4.0,59.0,2.0,486.0,12.3,0.521,0.07,0.31,11.2,10.8,11.0,4.6,1.2,0.4,11.4,18.0,0.4,0.3,0.7,0.069,-1.9,-1.6,-3.5,-0.2,,2011.0,1
Luke Walton,30.0,LAL,3.0,54.0,0.0,484.0,5.1,0.378,0.293,0.086,2.2,13.1,7.8,18.0,1.0,0.6,20.5,14.3,-0.7,0.5,-0.2,-0.016,-4.8,-0.2,-5.0,-0.4,,2011.0,5
Earl Clark,23.0,2TM,3.0,42.0,0.0,464.0,10.1,0.456,0.032,0.297,9.5,15.7,12.7,3.1,0.9,3.0,13.5,20.5,-0.4,0.7,0.3,0.03,-3.9,0.1,-3.8,-0.2,,2011.0,4
Jeremy Evans,23.0,UTA,3.0,49.0,3.0,463.0,18.8,0.678,0.009,0.322,9.3,16.1,12.6,8.5,1.9,3.0,12.6,14.9,1.2,0.4,1.6,0.167,1.5,0.6,2.1,0.5,,2011.0,4
Dan Gadzuric,32.0,2TM,5.0,42.0,9.0,463.0,9.9,0.419,0.008,0.209,17.2,16.4,16.8,4.5,1.4,4.8,17.1,16.5,-0.3,0.4,0.1,0.014,-5.7,-1.3,-7.0,-0.6,,2011.0,4
Kyrylo Fesenko,24.0,UTA,5.0,53.0,1.0,456.0,5.8,0.441,0.01,0.46,8.9,19.8,14.3,5.9,0.5,2.9,17.2,14.6,-0.4,0.3,-0.1,-0.011,-6.5,-0.9,-7.4,-0.6,,2011.0,4
Ish Smith,22.0,2TM,1.0,43.0,3.0,442.0,7.6,0.406,0.087,0.183,1.8,10.3,6.1,25.5,2.1,0.3,21.5,15.9,-0.5,0.4,-0.1,-0.016,-4.5,-0.5,-5.0,-0.3,,2011.0,2
Ben Uzoh,22.0,NJN,1.0,42.0,0.0,438.0,14.7,0.468,0.056,0.389,7.9,8.6,8.2,26.7,1.6,1.4,12.9,20.5,0.2,0.2,0.5,0.054,0.4,-1.0,-0.6,0.2,,2011.0,2
Kosta Koufos,21.0,2TM,5.0,50.0,2.0,434.0,12.6,0.474,0.013,0.287,14.6,19.1,16.8,2.5,1.1,4.4,15.5,19.9,-0.2,0.4,0.2,0.027,-3.9,-1.6,-5.5,-0.4,,2011.0,2
Lazar Hayward,24.0,MIN,3.0,42.0,0.0,419.0,10.8,0.464,0.39,0.273,5.9,12.8,9.3,10.3,1.4,1.3,9.9,19.5,0.1,0.2,0.3,0.035,-1.6,-1.3,-2.9,-0.1,,2011.0,1
Hasheem Thabeet,23.0,2TM,5.0,47.0,0.0,373.0,4.7,0.478,0.0,0.875,7.6,16.5,12.0,1.4,1.3,3.5,23.5,8.7,-0.2,0.5,0.3,0.043,-6.5,0.9,-5.7,-0.3,,2011.0,4
Hasheem Thabeet,23.0,MEM,5.0,45.0,0.0,369.0,4.9,0.487,0.0,0.897,7.7,16.7,12.1,1.4,1.3,3.3,23.8,8.7,-0.1,0.5,0.3,0.045,-6.3,0.8,-5.5,-0.3,,2011.0,4
Kevin Durant,23.0,OKC,3.0,66.0,66.0,2546.0,26.2,0.61,0.265,0.386,1.9,20.4,11.8,17.5,1.8,2.2,14.0,31.3,8.5,3.7,12.2,0.23,6.2,0.8,7.0,5.8,"MVP-2,AS,NBA1",2012.0,0
Pau Gasol,31.0,LAL,4.0,65.0,65.0,2430.0,20.4,0.547,0.029,0.285,8.8,21.8,15.6,17.2,0.8,2.6,12.1,22.1,5.2,3.1,8.3,0.165,2.6,0.8,3.4,3.3,,2012.0,0
Rudy Gay,25.0,MEM,3.0,65.0,65.0,2422.0,17.8,0.521,0.162,0.246,6.1,14.1,10.1,10.8,2.1,1.8,12.0,25.1,2.8,3.3,6.0,0.12,1.7,0.2,1.9,2.4,,2012.0,0
Blake Griffin,22.0,LAC,4.0,66.0,66.0,2392.0,23.4,0.557,0.016,0.458,10.7,25.1,17.8,16.6,1.2,1.7,10.9,26.6,6.6,2.6,9.2,0.185,3.9,-0.2,3.7,3.4,"AS,NBA2",2012.0,0
John Wall,21.0,WAS,1.0,66.0,66.0,2386.0,17.7,0.502,0.047,0.45,2.2,12.0,7.1,36.9,2.1,1.8,19.2,24.9,1.7,1.9,3.5,0.071,1.3,-0.6,0.7,1.6,,2012.0,2
Marc Gasol,27.0,MEM,5.0,65.0,65.0,2370.0,18.4,0.541,0.016,0.428,5.8,23.1,14.3,14.1,1.4,4.1,12.1,19.1,4.2,4.0,8.2,0.166,1.0,2.1,3.1,3.1,"DPOY-12,AS",2012.0,0
Brandon Jennings,22.0,MIL,1.0,66.0,66.0,2331.0,18.4,0.514,0.346,0.213,2.3,8.6,5.3,26.7,2.3,0.7,10.6,25.9,3.8,1.8,5.5,0.114,3.0,-0.3,2.7,2.8,,2012.0,2
Russell Westbrook,23.0,OKC,1.0,66.0,66.0,2331.0,22.9,0.538,0.155,0.326,5.0,9.4,7.4,29.8,2.5,0.7,14.2,32.7,5.5,2.4,7.9,0.163,3.7,-0.7,3.0,3.0,"MVP-12,DPOY-18,AS,NBA2",2012.0,0
Josh Smith,26.0,ATL,4.0,66.0,66.0,2329.0,21.1,0.499,0.099,0.292,6.9,24.8,15.9,20.6,2.1,3.8,11.7,28.4,1.9,4.9,6.8,0.139,1.7,2.1,3.8,3.3,DPOY-10,2012.0,0
LeBron James,27.0,MIA,3.0,62.0,62.0,2326.0,30.7,0.605,0.127,0.429,5.0,19.7,12.6,33.6,2.6,1.7,13.3,32.0,10.0,4.5,14.5,0.298,8.2,2.7,10.9,7.6,"MVP-1,DPOY-4,AS,NBA1,DEF1",2012.0,0
Kobe Bryant,33.0,LAL,2.0,58.0,58.0,2232.0,21.9,0.527,0.215,0.338,3.5,11.8,7.8,23.7,1.6,0.6,11.7,35.7,4.2,2.0,6.2,0.132,4.2,-0.9,3.3,2.9,"MVP-4,AS,NBA1,DEF2",2012.0,0
Wesley Matthews,25.0,POR,2.0,66.0,53.0,2228.0,14.1,0.539,0.442,0.224,2.9,9.0,5.9,8.3,2.3,0.5,8.0,18.7,3.4,1.4,4.8,0.104,0.3,0.1,0.3,1.3,,2012.0,3
Andre Iguodala,28.0,PHI,3.0,62.0,62.0,2209.0,17.6,0.537,0.305,0.31,2.8,16.4,9.6,23.7,2.6,1.0,13.8,17.7,3.1,4.2,7.3,0.158,1.5,2.5,4.0,3.3,"DPOY-7,AS",2012.0,0
DeMar DeRozan,22.0,TOR,2.0,63.0,63.0,2206.0,12.8,0.503,0.102,0.367,2.1,9.0,5.6,10.8,1.2,0.6,10.5,25.0,1.1,1.4,2.5,0.054,-1.4,-1.3,-2.7,-0.4,,2012.0,2
Jrue Holiday,21.0,PHI,1.0,65.0,65.0,2196.0,14.7,0.496,0.205,0.144,2.9,7.9,5.4,21.6,2.5,0.6,13.2,21.8,0.9,3.3,4.2,0.092,-0.5,0.9,0.4,1.3,,2012.0,2
Jeff Teague,23.0,ATL,1.0,66.0,66.0,2183.0,15.8,0.551,0.222,0.275,1.1,7.4,4.3,24.3,2.6,1.3,15.1,19.1,3.0,3.0,6.0,0.131,0.0,1.3,1.3,1.8,,2012.0,0
Chris Paul,26.0,LAC,1.0,60.0,60.0,2181.0,27.0,0.581,0.239,0.339,2.3,9.4,5.8,43.8,3.8,0.2,10.8,24.3,10.4,2.3,12.7,0.278,6.7,2.4,9.2,6.1,"MVP-3,DPOY-12,AS,NBA1,DEF1",2012.0,0
Mike Conley,24.0,MEM,1.0,62.0,61.0,2174.0,16.8,0.523,0.232,0.231,1.2,7.4,4.2,29.8,3.3,0.4,14.2,18.3,3.6,2.8,6.4,0.141,1.0,1.4,2.4,2.4,DPOY-14,2012.0,5
Tyreke Evans,22.0,SAC,2.0,63.0,61.0,2162.0,16.4,0.512,0.11,0.287,3.1,12.0,7.3,22.1,2.0,1.0,14.4,23.8,2.0,0.6,2.7,0.059,0.3,-0.9,-0.6,0.8,,2012.0,2
Kris Humphries,26.0,NJN,4.0,62.0,62.0,2162.0,17.9,0.539,0.0,0.414,12.2,24.8,18.3,7.4,1.2,2.6,13.0,19.3,3.6,1.7,5.3,0.118,0.2,-1.2,-0.9,0.6,,2012.0,4
Antawn Jamison,35.0,CLE,4.0,65.0,65.0,2151.0,16.1,0.481,0.256,0.26,6.3,15.7,10.8,11.9,1.2,1.5,7.2,26.2,2.1,1.0,3.1,0.07,1.4,-1.6,-0.3,0.9,,2012.0,0
Kevin Love,23.0,MIN,4.0,55.0,55.0,2145.0,25.4,0.568,0.266,0.434,11.6,26.4,19.0,10.0,1.1,0.9,9.2,28.8,7.6,2.3,10.0,0.223,6.1,-0.9,5.2,3.9,"MVP-6,AS,NBA2",2012.0,0
Brandon Knight,20.0,DET,1.0,66.0,60.0,2129.0,11.7,0.511,0.359,0.178,1.8,10.3,5.9,20.8,1.2,0.4,17.1,21.7,0.3,1.0,1.3,0.029,-0.9,-1.7,-2.6,-0.3,ROY-8,2012.0,2
Luol Deng,26.0,CHI,3.0,54.0,54.0,2129.0,14.1,0.5,0.285,0.219,4.1,14.0,9.2,11.7,1.4,1.2,10.4,19.8,2.3,3.6,5.8,0.132,0.6,1.1,1.7,2.0,"DPOY-9,AS,DEF2",2012.0,1
Joe Johnson,30.0,ATL,2.0,60.0,60.0,2127.0,18.4,0.557,0.346,0.2,2.9,9.2,6.1,19.7,1.2,0.5,10.3,24.9,4.4,2.1,6.4,0.145,3.1,-1.0,2.1,2.2,"MVP-15,AS",2012.0,0
Ty Lawson,24.0,DEN,1.0,61.0,61.0,2124.0,19.4,0.579,0.261,0.282,3.1,9.2,6.2,30.2,2.0,0.2,14.7,21.2,5.7,1.2,6.9,0.157,3.6,-0.4,3.2,2.8,,2012.0,0
David Lee,28.0,GSW,4.0,57.0,57.0,2121.0,19.7,0.549,0.005,0.304,9.2,19.9,14.6,13.6,1.3,0.8,12.5,26.0,3.8,1.2,5.0,0.113,1.2,-1.6,-0.3,0.9,,2012.0,0
Monta Ellis,26.0,2TM,2.0,58.0,58.0,2120.0,17.5,0.509,0.193,0.264,1.1,9.6,5.3,28.6,2.1,0.6,13.2,28.7,1.6,0.9,2.6,0.059,1.0,-1.3,-0.3,0.9,,2012.0,0
Marcin Gortat,27.0,PHO,5.0,66.0,66.0,2114.0,21.2,0.578,0.003,0.326,10.0,25.0,17.6,4.8,1.2,3.4,9.3,20.8,4.9,2.7,7.6,0.172,2.2,0.0,2.2,2.3,,2012.0,0
Andrew Bynum,24.0,LAL,5.0,60.0,60.0,2112.0,22.9,0.594,0.006,0.425,10.6,26.1,18.7,7.4,0.7,4.0,13.9,23.8,4.8,3.3,8.0,0.183,2.7,0.2,2.9,2.6,"AS,NBA2",2012.0,0
Paul Millsap,26.0,UTA,4.0,64.0,62.0,2100.0,21.8,0.545,0.036,0.296,9.7,21.2,15.4,12.4,2.9,2.0,10.3,23.2,4.9,2.9,7.8,0.179,2.6,1.3,3.9,3.1,,2012.0,0
Tayshaun Prince,31.0,DET,3.0,63.0,63.0,2087.0,12.8,0.47,0.13,0.144,4.0,12.4,8.0,13.2,0.7,1.2,8.0,20.4,1.2,0.9,2.1,0.048,0.0,-1.5,-1.5,0.3,,2012.0,3
Arron Afflalo,26.0,DEN,2.0,62.0,62.0,2086.0,14.7,0.584,0.316,0.353,2.3,8.5,5.5,11.1,0.9,0.5,9.5,19.1,4.7,0.6,5.3,0.121,1.4,-1.2,0.1,1.1,,2012.0,3
Greg Monroe,21.0,DET,5.0,66.0,66.0,2082.0,22.0,0.563,0.001,0.348,13.3,23.6,18.3,14.0,2.1,1.7,15.2,23.6,4.3,2.7,7.0,0.161,2.8,0.1,2.9,2.6,DPOY-18,2012.0,2
Dirk Nowitzki,33.0,DAL,4.0,62.0,62.0,2079.0,21.7,0.564,0.205,0.343,2.5,19.9,11.3,12.6,1.1,1.2,9.0,29.2,5.0,2.6,7.6,0.175,3.7,0.1,3.7,3.0,"MVP-12,AS,NBA3",2012.0,0
Gerald Wallace,29.0,2TM,3.0,58.0,58.0,2076.0,15.9,0.547,0.237,0.356,4.8,17.2,10.8,13.2,2.2,1.3,13.2,18.6,3.0,1.8,4.8,0.112,0.4,0.7,1.0,1.6,,2012.0,0
Gerald Wallace,29.0,POR,3.0,42.0,42.0,1503.0,15.5,0.556,0.228,0.374,4.8,17.0,10.7,12.4,2.2,1.3,14.4,17.8,2.0,1.4,3.5,0.111,0.1,0.9,0.9,1.1,,2012.0,0
Al Jefferson,27.0,UTA,5.0,61.0,61.0,2075.0,22.8,0.52,0.004,0.169,7.3,25.3,16.2,12.1,1.2,3.9,5.2,25.7,4.9,2.5,7.5,0.173,3.5,0.2,3.7,3.0,,2012.0,0
Paul Pierce,34.0,BOS,3.0,61.0,61.0,2075.0,19.6,0.567,0.307,0.387,2.2,15.2,9.0,24.3,1.8,1.0,14.2,28.1,3.3,3.7,7.0,0.161,3.0,1.1,4.2,3.2,AS,2012.0,0
Dwight Howard,26.0,ORL,5.0,54.0,54.0,2070.0,24.2,0.569,0.01,0.788,11.0,33.1,21.9,9.8,2.1,4.4,15.2,26.1,3.3,4.4,7.7,0.179,2.2,2.0,4.3,3.3,"MVP-7,DPOY-3,AS,NBA1,DEF1",2012.0,4
Luis Scola,31.0,HOU,4.0,66.0,66.0,2067.0,15.4,0.526,0.003,0.223,6.8,17.3,12.0,12.0,0.9,0.9,13.6,24.8,1.8,1.6,3.4,0.08,-1.0,-0.9,-1.9,0.0,,2012.0,0
Danny Granger,28.0,IND,3.0,62.0,62.0,2062.0,18.6,0.542,0.343,0.309,4.3,12.3,8.4,9.7,1.6,1.5,9.3,25.9,4.5,2.2,6.7,0.155,3.5,-0.6,2.9,2.5,,2012.0,0
Tyson Chandler,29.0,NYK,5.0,62.0,62.0,2061.0,18.7,0.708,0.006,0.887,11.8,22.7,17.2,4.3,1.4,3.4,17.1,13.0,5.8,3.6,9.5,0.22,1.2,1.1,2.3,2.2,"DPOY-1,NBA3,DEF2",2012.0,4
Jared Dudley,26.0,PHO,2.0,65.0,60.0,2020.0,15.4,0.575,0.325,0.255,5.4,11.4,8.4,8.8,1.3,0.7,9.1,17.7,4.0,1.1,5.1,0.121,1.6,-0.4,1.2,1.7,,2012.0,3
Gordon Hayward,21.0,UTA,3.0,66.0,58.0,2015.0,15.5,0.568,0.271,0.396,3.3,9.9,6.6,15.9,1.4,1.6,13.7,17.8,3.8,1.0,4.9,0.116,1.7,-0.1,1.5,1.8,,2012.0,2
Chris Bosh,27.0,MIA,4.0,57.0,57.0,2007.0,18.9,0.551,0.043,0.346,5.8,20.5,13.5,9.1,1.3,1.8,11.2,24.2,3.6,3.3,6.9,0.165,1.0,-0.2,0.8,1.4,AS,2012.0,0
Jason Terry,34.0,DAL,2.0,63.0,1.0,2000.0,15.7,0.54,0.44,0.134,0.9,7.4,4.2,19.9,1.9,0.4,12.6,23.3,2.0,1.8,3.8,0.092,1.7,-0.3,1.4,1.7,6MOY-3,2012.0,3
Deron Williams,27.0,NJN,1.0,55.0,55.0,1999.0,20.3,0.527,0.356,0.317,1.3,9.6,5.3,46.6,1.8,0.8,16.7,30.1,3.7,0.4,4.1,0.099,4.2,-1.9,2.3,2.2,AS,2012.0,0
LaMarcus Aldridge,26.0,POR,4.0,55.0,55.0,1994.0,22.7,0.56,0.012,0.291,8.6,17.5,12.9,13.2,1.3,1.7,9.5,27.0,5.4,1.6,7.0,0.169,3.4,-0.4,3.0,2.5,AS,2012.0,0
Marco Belinelli,25.0,NOH,2.0,66.0,55.0,1966.0,11.9,0.525,0.414,0.188,1.2,9.1,5.2,8.9,1.3,0.2,8.5,19.5,1.9,1.0,2.9,0.071,-0.4,-0.8,-1.2,0.4,,2012.0,1
Ryan Anderson,23.0,ORL,4.0,61.0,61.0,1964.0,21.2,0.589,0.557,0.226,13.0,14.7,13.8,5.1,1.4,1.0,6.4,21.2,7.0,1.9,8.9,0.219,5.2,-1.1,4.0,3.0,MIP-1,2012.0,0
Steve Nash,37.0,PHO,1.0,62.0,62.0,1961.0,20.3,0.625,0.254,0.256,1.5,9.1,5.3,53.1,1.0,0.3,27.1,19.6,5.2,0.6,5.9,0.144,4.7,-1.2,3.4,2.7,"MVP-9,AS",2012.0,0
Paul George,21.0,IND,2.0,66.0,66.0,1958.0,16.5,0.555,0.366,0.285,3.2,17.9,10.6,13.6,2.9,1.5,14.0,19.3,2.8,3.2,6.0,0.148,1.4,2.1,3.4,2.7,,2012.0,2
Rajon Rondo,25.0,BOS,1.0,53.0,53.0,1957.0,17.5,0.483,0.073,0.316,3.9,11.2,7.7,52.5,2.6,0.1,22.8,20.7,1.5,3.4,4.9,0.121,1.5,0.6,2.2,2.1,"MVP-8,AS,NBA3,DEF2",2012.0,0
DeMarcus Cousins,21.0,SAC,5.0,64.0,62.0,1950.0,21.7,0.499,0.014,0.373,14.2,25.9,19.8,9.5,2.4,2.8,12.8,29.7,2.1,2.2,4.2,0.104,0.4,-1.3,-0.8,0.6,,2012.0,2
Carlos Boozer,30.0,CHI,4.0,66.0,66.0,1948.0,19.7,0.549,0.001,0.163,6.7,25.3,16.1,11.8,1.7,0.9,11.3,23.8,3.3,4.3,7.6,0.187,1.1,1.6,2.7,2.3,,2012.0,0
James Harden,22.0,OKC,2.0,62.0,2.0,1946.0,21.1,0.66,0.464,0.587,1.9,12.2,7.4,19.3,1.6,0.6,14.8,21.6,7.5,1.8,9.3,0.23,4.1,0.2,4.3,3.1,6MOY-1,2012.0,0
Joakim Noah,26.0,CHI,5.0,64.0,64.0,1945.0,19.6,0.561,0.002,0.42,14.1,21.8,18.0,12.7,1.1,3.4,13.7,15.8,4.9,4.2,9.0,0.223,1.7,2.1,3.8,2.8,DPOY-11,2012.0,0
Roy Hibbert,25.0,IND,5.0,65.0,65.0,1937.0,19.3,0.539,0.001,0.358,12.5,20.7,16.6,9.9,0.9,5.2,14.2,21.1,3.2,3.0,6.2,0.154,1.0,0.4,1.4,1.7,AS,2012.0,4
David West,31.0,IND,4.0,66.0,66.0,1925.0,17.8,0.531,0.013,0.246,6.9,18.3,12.6,13.1,1.4,1.9,10.5,20.9,3.4,2.5,5.9,0.147,1.4,0.4,1.8,1.8,,2012.0,0
Tony Parker,29.0,SAS,1.0,60.0,60.0,1923.0,22.0,0.539,0.069,0.319,1.3,8.7,5.1,40.3,1.5,0.2,13.1,27.7,5.5,1.6,7.1,0.177,3.6,-0.9,2.7,2.3,"MVP-5,AS,NBA2",2012.0,0
Shawn Marion,33.0,DAL,3.0,63.0,63.0,1919.0,15.0,0.488,0.105,0.144,8.6,18.6,13.6,11.5,1.8,1.5,12.5,19.0,1.0,2.7,3.7,0.092,-0.2,0.6,0.5,1.2,DPOY-8,2012.0,0
Raymond Felton,27.0,POR,1.0,60.0,56.0,1906.0,13.4,0.491,0.316,0.193,1.6,7.6,4.6,33.3,2.2,0.4,19.6,20.8,0.7,1.0,1.7,0.042,-0.3,-1.2,-1.5,0.2,,2012.0,5
Landry Fields,23.0,NYK,2.0,66.0,62.0,1894.0,12.0,0.506,0.236,0.267,3.6,13.5,8.5,14.5,2.1,0.7,15.1,16.0,0.8,2.6,3.4,0.085,-1.1,1.1,0.0,1.0,,2012.0,5
Darren Collison,24.0,IND,1.0,60.0,56.0,1878.0,13.6,0.526,0.18,0.293,1.8,9.3,5.6,24.9,1.4,0.6,16.2,17.0,2.3,1.5,3.8,0.098,0.3,-0.5,-0.2,0.9,,2012.0,5
Carmelo Anthony,27.0,NYK,3.0,55.0,55.0,1876.0,21.1,0.525,0.198,0.358,5.4,15.9,10.6,21.0,1.7,1.0,10.8,31.8,3.7,2.6,6.2,0.16,3.8,-0.2,3.6,2.7,"AS,NBA3",2012.0,0
Caron Butler,31.0,LAC,3.0,63.0,63.0,1871.0,11.7,0.501,0.365,0.152,2.8,12.0,7.3,6.8,1.5,0.4,9.3,20.4,1.2,1.1,2.3,0.059,-0.8,-1.2,-2.0,0.0,,2012.0,1
Brandon Bass,26.0,BOS,4.0,59.0,39.0,1868.0,14.1,0.524,0.0,0.258,6.3,16.3,11.5,5.1,1.0,2.2,8.5,19.8,1.5,3.2,4.7,0.122,-1.3,0.3,-1.0,0.5,,2012.0,1
Kevin Garnett,35.0,BOS,5.0,60.0,60.0,1864.0,20.4,0.55,0.012,0.243,4.4,25.8,15.6,17.9,1.6,2.5,11.1,24.9,2.6,4.3,6.9,0.178,1.8,2.5,4.3,2.9,"DPOY-5,DEF2",2012.0,0
Gerald Henderson,24.0,CHA,2.0,55.0,55.0,1831.0,14.0,0.511,0.065,0.282,3.9,10.5,7.0,13.5,1.4,0.8,11.0,23.0,0.8,0.2,1.0,0.026,-1.0,-1.7,-2.7,-0.3,,2012.0,1
Alonzo Gee,24.0,CLE,2.0,63.0,31.0,1827.0,13.2,0.516,0.249,0.385,6.1,14.3,10.0,10.6,2.4,0.7,15.0,18.7,1.2,1.2,2.4,0.063,-1.2,-0.2,-1.4,0.3,,2012.0,5
Mario Chalmers,25.0,MIA,1.0,64.0,64.0,1825.0,12.9,0.578,0.522,0.203,1.1,9.8,5.6,19.0,2.8,0.5,20.7,17.4,1.5,2.8,4.3,0.112,-0.8,1.2,0.4,1.1,,2012.0,5
Andre Miller,35.0,DEN,2.0,66.0,7.0,1809.0,14.8,0.51,0.15,0.306,3.5,10.5,7.1,36.5,1.8,0.4,22.0,19.8,1.9,1.0,2.9,0.078,0.5,-0.9,-0.3,0.7,6MOY-18,2012.0,5
Chandler Parsons,23.0,HOU,3.0,63.0,57.0,1804.0,13.3,0.513,0.324,0.142,5.7,13.6,9.6,11.7,2.1,1.2,12.2,16.7,1.6,1.8,3.4,0.09,0.1,0.7,0.8,1.3,ROY-9,2012.0,5
José Calderón,30.0,TOR,1.0,53.0,53.0,1799.0,16.7,0.547,0.333,0.143,1.3,9.1,5.2,44.2,1.4,0.1,17.0,16.0,3.9,1.2,5.1,0.136,2.4,-0.7,1.7,1.7,,2012.0,0
DeAndre Jordan,23.0,LAC,5.0,66.0,66.0,1798.0,16.4,0.626,0.003,0.433,13.2,23.0,18.1,1.5,0.9,6.2,16.0,11.9,3.2,2.4,5.6,0.15,-0.4,0.4,0.1,0.9,,2012.0,4
Serge Ibaka,22.0,OKC,4.0,66.0,66.0,1792.0,19.0,0.556,0.006,0.241,13.2,18.2,15.9,2.5,1.0,9.8,12.7,15.7,3.0,3.2,6.2,0.167,0.1,2.3,2.3,1.9,"DPOY-2,DEF1",2012.0,4
Kemba Walker,21.0,CHA,1.0,66.0,25.0,1792.0,14.9,0.464,0.295,0.278,1.9,13.5,7.5,30.2,1.8,0.8,12.1,25.2,-0.2,0.5,0.3,0.009,0.7,-1.4,-0.8,0.6,ROY-11,2012.0,2
Nicolas Batum,23.0,POR,3.0,59.0,34.0,1791.0,17.3,0.575,0.427,0.248,5.2,12.6,8.8,7.9,1.7,2.6,11.2,20.5,3.3,1.4,4.8,0.127,2.6,0.0,2.5,2.0,,2012.0,3
Marcus Thornton,24.0,SAC,2.0,51.0,51.0,1780.0,17.4,0.544,0.386,0.203,4.9,6.7,5.8,9.4,2.0,0.5,8.8,23.4,3.7,0.1,3.8,0.103,2.4,-1.4,1.1,1.4,,2012.0,3
O.J. Mayo,24.0,MEM,2.0,66.0,0.0,1771.0,14.7,0.513,0.374,0.234,1.9,12.1,6.9,16.1,2.1,1.1,13.3,23.9,1.3,2.2,3.5,0.094,0.5,0.4,0.8,1.3,6MOY-7,2012.0,5
JJ Redick,27.0,ORL,2.0,65.0,22.0,1765.0,15.1,0.575,0.459,0.269,1.2,8.8,4.9,16.2,0.8,0.3,9.4,19.2,4.2,1.0,5.2,0.142,1.6,-0.6,1.0,1.3,,2012.0,3
Al Harrington,31.0,DEN,4.0,64.0,1.0,1761.0,15.3,0.535,0.392,0.228,4.9,20.4,12.9,8.2,1.7,0.5,11.6,24.4,1.6,1.6,3.2,0.088,0.5,-0.8,-0.4,0.7,6MOY-4,2012.0,4
Courtney Lee,26.0,HOU,2.0,58.0,26.0,1757.0,12.6,0.534,0.374,0.148,1.7,8.9,5.2,7.9,2.0,0.9,9.4,17.6,1.8,1.4,3.2,0.087,-0.4,0.3,0.0,0.9,,2012.0,5
Thaddeus Young,23.0,PHI,4.0,63.0,1.0,1755.0,18.9,0.538,0.006,0.21,8.6,12.0,10.3,7.3,2.0,1.8,6.8,21.5,3.4,2.9,6.3,0.171,1.4,0.6,2.0,1.8,6MOY-9,2012.0,4
Jordan Crawford,23.0,WAS,2.0,64.0,32.0,1753.0,14.5,0.488,0.313,0.233,2.8,8.1,5.4,19.3,1.7,0.2,12.8,28.1,0.3,0.7,1.1,0.029,0.4,-2.1,-1.7,0.1,,2012.0,5
Goran Dragić,25.0,HOU,1.0,66.0,28.0,1752.0,18.0,0.567,0.337,0.317,3.5,7.7,5.6,32.5,2.5,0.4,18.7,21.8,3.6,1.5,5.1,0.139,1.9,0.0,1.9,1.7,,2012.0,0
Luke Ridnour,30.0,MIN,2.0,53.0,53.0,1750.0,13.6,0.53,0.276,0.216,1.2,7.8,4.5,24.0,1.6,0.7,13.7,17.8,2.4,0.9,3.3,0.09,-0.6,0.2,-0.5,0.7,,2012.0,5
Richard Jefferson,31.0,2TM,3.0,63.0,44.0,1748.0,11.1,0.55,0.551,0.174,1.7,12.4,7.2,7.3,1.1,0.8,8.7,15.1,1.9,1.2,3.1,0.085,-0.2,-0.3,-0.5,0.6,,2012.0,1
Kendrick Perkins,27.0,OKC,5.0,65.0,65.0,1744.0,8.7,0.528,0.0,0.427,8.4,18.8,13.9,6.4,0.7,3.0,27.5,11.1,0.0,2.1,2.0,0.056,-3.0,0.9,-2.1,0.0,,2012.0,4
Devin Harris,28.0,UTA,1.0,63.0,63.0,1741.0,16.0,0.564,0.393,0.386,0.8,6.7,3.7,28.3,1.9,0.6,16.1,19.5,3.3,0.8,4.2,0.115,1.6,-0.8,0.8,1.2,,2012.0,0
Elton Brand,32.0,PHI,5.0,60.0,60.0,1732.0,18.0,0.521,0.002,0.2,9.2,18.3,13.7,9.2,1.8,4.2,9.3,18.9,2.5,3.6,6.1,0.168,-0.2,1.8,1.6,1.6,,2012.0,4
Nick Young,26.0,2TM,2.0,62.0,35.0,1729.0,12.9,0.512,0.36,0.216,2.0,6.8,4.4,5.7,1.3,0.8,8.8,24.5,1.4,0.6,1.9,0.053,-0.3,-2.1,-2.4,-0.2,,2012.0,1
Metta World Peace,32.0,LAL,3.0,64.0,45.0,1720.0,11.0,0.478,0.406,0.247,4.8,9.1,7.1,12.5,2.1,1.1,11.8,15.6,0.9,1.7,2.6,0.073,-1.6,1.0,-0.7,0.6,,2012.0,5
Brandon Rush,26.0,GSW,3.0,65.0,1.0,1717.0,15.2,0.628,0.467,0.175,2.2,14.4,8.3,7.9,1.1,2.6,11.9,15.4,2.9,0.6,3.5,0.099,2.1,-0.4,1.7,1.6,,2012.0,1
Evan Turner,23.0,PHI,3.0,65.0,20.0,1713.0,12.6,0.478,0.083,0.183,1.7,22.8,12.2,16.9,1.2,0.9,14.1,20.3,-0.6,3.0,2.4,0.068,-2.2,1.0,-1.3,0.3,,2012.0,1
Ramon Sessions,25.0,2TM,1.0,64.0,23.0,1707.0,16.7,0.535,0.172,0.439,2.2,12.0,7.1,35.5,1.4,0.1,17.3,21.6,2.9,0.8,3.7,0.104,1.0,-1.4,-0.4,0.7,,2012.0,5
Greivis Vásquez,25.0,NOH,1.0,66.0,26.0,1706.0,14.2,0.513,0.258,0.224,1.6,10.3,6.0,35.7,1.9,0.4,20.5,20.0,1.0,1.3,2.3,0.064,-0.2,-0.9,-1.1,0.4,,2012.0,5
Jameer Nelson,29.0,ORL,1.0,57.0,57.0,1706.0,14.6,0.524,0.381,0.145,1.9,10.4,6.1,34.0,1.2,0.2,17.3,21.4,2.3,1.2,3.5,0.099,0.8,-0.9,-0.1,0.8,,2012.0,5
Iman Shumpert,21.0,NYK,1.0,59.0,35.0,1705.0,10.8,0.484,0.294,0.204,2.8,9.9,6.3,15.6,3.1,0.4,16.0,18.2,-0.1,2.5,2.4,0.068,-3.0,1.6,-1.4,0.2,"ROY-5,DPOY-14",2012.0,2
Randy Foye,28.0,LAC,2.0,65.0,48.0,1682.0,13.5,0.522,0.511,0.132,1.7,8.1,4.9,14.2,1.5,1.2,9.7,20.7,2.4,0.8,3.2,0.092,1.1,-0.9,0.2,0.9,,2012.0,1
Lou Williams,25.0,PHI,1.0,64.0,0.0,1682.0,20.2,0.525,0.293,0.373,2.0,8.3,5.1,22.4,1.7,0.8,7.2,27.4,3.9,2.2,6.1,0.174,3.7,0.2,4.0,2.5,6MOY-2,2012.0,3
Channing Frye,28.0,PHO,4.0,64.0,59.0,1669.0,14.9,0.519,0.429,0.134,4.8,20.6,12.8,8.3,1.3,3.0,8.8,19.3,1.8,1.9,3.7,0.106,0.2,0.7,0.9,1.2,,2012.0,1
Jason Thompson,25.0,SAC,4.0,64.0,47.0,1657.0,16.4,0.558,0.005,0.409,10.5,19.3,14.7,7.5,1.3,1.9,11.5,15.5,3.1,0.8,3.9,0.114,0.2,-1.1,-0.9,0.5,,2012.0,4
Isaiah Thomas,22.0,SAC,1.0,65.0,37.0,1656.0,17.6,0.574,0.384,0.324,3.0,8.4,5.6,25.6,1.6,0.4,13.9,19.8,4.2,0.0,4.3,0.124,2.4,-1.6,0.8,1.2,ROY-7,2012.0,2
Ersan İlyasova,24.0,MIL,4.0,60.0,41.0,1655.0,20.5,0.577,0.188,0.307,12.7,22.8,17.6,7.0,1.3,2.0,10.1,20.1,4.4,2.0,6.4,0.185,3.1,-1.1,1.9,1.6,,2012.0,4
Hedo Türkoğlu,32.0,ORL,3.0,53.0,53.0,1653.0,11.7,0.528,0.512,0.188,1.7,12.4,7.0,24.1,1.5,0.8,20.6,19.5,0.6,1.5,2.1,0.06,-1.0,0.1,-0.9,0.5,,2012.0,5
Dorell Wright,26.0,GSW,3.0,61.0,61.0,1650.0,15.0,0.553,0.555,0.186,4.1,14.9,9.6,8.8,1.8,1.2,8.2,17.3,2.6,0.8,3.4,0.099,1.6,-0.7,0.9,1.2,,2012.0,1
MarShon Brooks,23.0,NJN,2.0,56.0,47.0,1648.0,12.9,0.502,0.234,0.231,4.8,9.4,7.0,14.6,1.7,0.7,14.3,22.9,0.5,0.3,0.8,0.022,-0.7,-1.7,-2.4,-0.2,ROY-10,2012.0,1
Jodie Meeks,24.0,PHI,2.0,66.0,50.0,1644.0,11.5,0.551,0.57,0.182,1.1,9.8,5.4,5.0,1.3,0.1,5.4,15.2,2.1,2.0,4.1,0.12,-0.8,0.1,-0.7,0.5,,2012.0,1
Rodney Stuckey,25.0,DET,2.0,55.0,48.0,1644.0,17.6,0.55,0.174,0.536,2.7,7.8,5.2,22.7,1.4,0.5,12.6,23.7,3.8,0.7,4.5,0.131,1.7,-1.0,0.6,1.1,,2012.0,0
Zaza Pachulia,27.0,ATL,5.0,58.0,44.0,1640.0,14.0,0.557,0.0,0.466,11.1,21.5,16.4,7.4,1.8,1.4,16.5,14.0,2.3,2.8,5.0,0.147,-1.5,0.8,-0.7,0.5,,2012.0,4
Anthony Morrow,26.0,NJN,2.0,62.0,18.0,1636.0,13.1,0.531,0.435,0.158,2.1,7.0,4.5,6.8,1.5,0.4,9.0,21.6,1.7,0.0,1.7,0.051,0.1,-2.0,-1.9,0.0,,2012.0,1
Ronnie Brewer,26.0,CHI,2.0,66.0,43.0,1635.0,12.3,0.465,0.155,0.225,5.0,10.6,7.9,12.7,2.4,0.9,10.8,15.3,1.0,2.9,3.9,0.113,-1.5,2.2,0.7,1.1,,2012.0,5
Tim Duncan,35.0,SAS,5.0,58.0,58.0,1634.0,22.5,0.531,0.005,0.34,7.9,28.2,18.3,13.5,1.2,3.9,10.3,26.2,3.0,2.9,5.9,0.174,2.0,1.3,3.3,2.2,MVP-14,2012.0,0
Dwyane Wade,30.0,MIA,2.0,49.0,49.0,1625.0,26.3,0.559,0.067,0.355,5.6,11.6,8.7,27.3,2.7,3.1,11.8,31.3,4.8,2.9,7.7,0.227,6.0,1.9,7.9,4.0,"MVP-10,DPOY-18,AS,NBA3",2012.0,0
Jamal Crawford,31.0,POR,1.0,60.0,6.0,1613.0,15.7,0.506,0.353,0.28,1.1,7.5,4.3,20.5,1.8,0.7,11.8,26.6,1.6,0.7,2.3,0.069,1.0,-1.2,-0.2,0.7,6MOY-11,2012.0,3
Klay Thompson,21.0,GSW,2.0,66.0,29.0,1608.0,14.9,0.545,0.373,0.127,1.7,9.6,5.7,14.2,1.6,1.0,12.0,24.7,1.4,0.3,1.7,0.05,0.3,-1.7,-1.4,0.2,ROY-6,2012.0,2
Jason Richardson,31.0,ORL,2.0,54.0,54.0,1591.0,13.3,0.502,0.465,0.116,2.6,11.6,7.0,12.0,1.8,1.1,8.7,20.2,1.2,1.6,2.8,0.084,0.3,0.4,0.7,1.1,,2012.0,1
Udonis Haslem,31.0,MIA,4.0,64.0,10.0,1589.0,10.9,0.479,0.0,0.286,9.1,25.6,17.7,4.0,1.2,1.2,13.0,13.5,0.7,2.8,3.5,0.106,-2.2,-0.2,-2.4,-0.2,,2012.0,4
Ray Allen,36.0,BOS,2.0,46.0,42.0,1565.0,14.8,0.607,0.475,0.215,1.1,9.2,5.3,11.8,1.7,0.4,11.2,18.6,2.5,2.2,4.7,0.145,1.5,0.7,2.2,1.6,,2012.0,1
James Johnson,24.0,TOR,3.0,62.0,40.0,1561.0,14.5,0.498,0.116,0.222,5.6,16.2,11.0,13.9,2.4,4.4,15.1,20.2,0.1,2.5,2.6,0.079,-0.9,2.3,1.5,1.3,,2012.0,5
Kyrie Irving,19.0,CLE,1.0,51.0,51.0,1558.0,21.4,0.566,0.245,0.262,3.1,11.2,7.0,36.5,1.8,1.0,16.1,28.7,3.4,0.6,4.1,0.125,4.6,-0.5,4.1,2.4,ROY-1,2012.0,0
Amir Johnson,24.0,TOR,4.0,64.0,43.0,1553.0,14.4,0.6,0.015,0.247,11.4,19.4,15.4,8.7,1.1,3.6,20.0,14.3,1.9,2.0,4.0,0.122,-1.4,0.9,-0.5,0.6,,2012.0,4
Amar'e Stoudemire,29.0,NYK,4.0,47.0,47.0,1543.0,17.7,0.541,0.032,0.372,7.9,19.8,13.7,6.3,1.3,2.3,12.8,25.4,1.8,2.3,4.1,0.128,0.1,-0.4,-0.3,0.7,,2012.0,0
Vince Carter,35.0,DAL,2.0,61.0,40.0,1542.0,13.6,0.519,0.378,0.212,2.3,12.5,7.5,15.0,1.9,1.3,12.4,20.4,1.0,1.8,2.9,0.09,-0.7,0.8,0.1,0.8,,2012.0,5
Carlos Delfino,29.0,MIL,3.0,54.0,53.0,1537.0,11.7,0.515,0.528,0.106,1.4,13.9,7.5,11.9,2.6,0.5,12.2,15.5,0.8,1.6,2.4,0.075,-1.1,1.1,-0.1,0.8,,2012.0,5
JaVale McGee,24.0,2TM,5.0,61.0,45.0,1535.0,19.9,0.552,0.0,0.303,12.1,23.3,17.7,3.5,1.2,6.6,12.2,20.7,1.9,2.2,4.1,0.127,0.1,0.0,0.2,0.8,,2012.0,4
Ed Davis,22.0,TOR,4.0,66.0,9.0,1534.0,14.2,0.544,0.003,0.316,10.4,23.0,16.7,6.5,1.4,3.4,14.9,13.8,1.6,2.3,3.9,0.121,-1.2,0.8,-0.3,0.7,,2012.0,2
Kawhi Leonard,20.0,SAS,3.0,64.0,39.0,1534.0,16.6,0.573,0.27,0.218,7.9,16.4,12.2,6.6,2.9,1.1,9.0,14.5,3.1,2.4,5.5,0.171,1.6,1.8,3.4,2.1,ROY-4,2012.0,2
Jarrett Jack,28.0,NOH,1.0,45.0,39.0,1530.0,17.9,0.54,0.192,0.254,1.8,11.7,6.8,34.0,1.1,0.5,14.1,23.3,2.9,0.9,3.8,0.119,2.5,-0.9,1.6,1.4,,2012.0,0
Tony Allen,30.0,MEM,2.0,58.0,57.0,1525.0,15.7,0.541,0.058,0.391,7.4,10.6,8.9,8.3,3.6,1.8,15.2,18.4,1.7,2.5,4.2,0.131,-0.6,2.3,1.7,1.4,"DPOY-6,DEF1",2012.0,5
Danny Green,24.0,SAS,2.0,66.0,38.0,1522.0,15.5,0.579,0.491,0.21,4.2,12.9,8.6,8.3,2.0,2.2,11.4,17.6,2.5,2.0,4.5,0.142,1.8,1.2,3.0,1.9,,2012.0,3
Kyle Lowry,25.0,HOU,1.0,47.0,38.0,1510.0,18.8,0.558,0.411,0.386,2.8,13.7,8.2,32.3,2.5,0.7,17.8,22.0,3.3,1.6,4.9,0.156,2.8,1.2,4.1,2.3,,2012.0,0
Derek Fisher,37.0,2TM,1.0,63.0,43.0,1508.0,8.0,0.464,0.313,0.193,0.9,7.7,4.5,16.7,1.8,0.2,16.2,13.6,0.1,1.1,1.2,0.038,-3.7,0.4,-3.3,-0.5,,2012.0,5
Derek Fisher,37.0,LAL,1.0,43.0,43.0,1101.0,8.8,0.479,0.308,0.221,1.1,8.0,4.7,19.2,1.9,0.2,18.1,13.4,0.2,0.9,1.1,0.048,-3.4,0.8,-2.6,-0.2,,2012.0,5
Marvin Williams,25.0,ATL,3.0,57.0,37.0,1500.0,15.8,0.542,0.317,0.311,6.0,16.9,11.5,7.7,1.7,0.9,6.8,18.0,2.7,2.1,4.9,0.156,1.1,0.2,1.3,1.2,,2012.0,4
Shane Battier,33.0,MIA,3.0,65.0,10.0,1499.0,9.7,0.504,0.627,0.127,4.6,7.7,6.2,8.0,2.2,1.8,10.7,10.7,1.2,2.1,3.3,0.104,-0.7,1.6,0.9,1.1,,2012.0,5
Patrick Patterson,22.0,HOU,4.0,64.0,1.0,1483.0,11.5,0.457,0.006,0.112,8.7,13.7,11.2,5.7,1.0,1.8,8.4,17.9,0.5,1.1,1.6,0.052,-2.0,-0.9,-2.9,-0.3,,2012.0,2
Al-Farouq Aminu,21.0,NOH,3.0,66.0,21.0,1477.0,10.6,0.481,0.129,0.312,7.8,16.9,12.4,7.2,2.2,1.9,18.0,16.2,-0.4,1.8,1.4,0.044,-2.9,0.7,-2.2,-0.1,,2012.0,2
Mo Williams,29.0,LAC,2.0,52.0,1.0,1472.0,15.0,0.53,0.391,0.131,1.8,6.2,4.0,18.5,1.9,0.4,11.7,22.9,2.2,0.7,2.8,0.093,1.4,-1.2,0.2,0.8,6MOY-8,2012.0,3
Wesley Johnson,24.0,MIN,3.0,65.0,64.0,1469.0,8.0,0.477,0.426,0.086,1.8,11.6,6.7,6.4,1.2,2.3,12.7,14.3,-0.4,1.0,0.6,0.021,-2.7,0.6,-2.1,0.0,,2012.0,1
Kyle Korver,30.0,CHI,2.0,65.0,7.0,1469.0,13.6,0.6,0.658,0.16,2.0,9.9,6.0,11.7,1.3,0.7,10.7,15.3,3.1,2.1,5.3,0.172,1.1,1.2,2.2,1.6,6MOY-10,2012.0,1
Drew Gooden,30.0,MIL,5.0,56.0,46.0,1469.0,18.8,0.512,0.084,0.317,9.5,18.0,13.6,16.5,1.6,1.7,12.7,25.7,2.0,1.5,3.6,0.116,1.5,-0.6,1.0,1.1,,2012.0,0
Jonas Jerebko,24.0,DET,4.0,64.0,13.0,1468.0,14.2,0.548,0.234,0.274,7.6,17.8,12.5,5.1,1.5,1.1,11.5,18.1,2.0,1.3,3.3,0.108,-0.8,-0.7,-1.5,0.2,,2012.0,1
Jason Maxiell,28.0,DET,4.0,65.0,42.0,1466.0,11.7,0.493,0.005,0.277,9.9,17.4,13.6,4.7,1.2,2.7,14.2,15.8,0.4,1.3,1.7,0.057,-2.6,-0.6,-3.2,-0.5,,2012.0,1
Byron Mullens,22.0,CHA,5.0,65.0,25.0,1465.0,13.0,0.473,0.086,0.19,7.3,18.8,12.8,7.5,0.8,2.6,10.4,22.5,-0.4,0.6,0.2,0.007,-2.5,-2.1,-4.6,-1.0,,2012.0,2
Bismack Biyombo,19.0,CHA,5.0,63.0,41.0,1455.0,10.6,0.48,0.0,0.514,8.6,20.8,14.5,3.1,0.7,5.9,17.2,13.1,-0.5,1.1,0.6,0.019,-4.5,-0.2,-4.6,-1.0,,2012.0,2
Samuel Dalembert,30.0,HOU,5.0,65.0,45.0,1446.0,16.9,0.551,0.003,0.286,12.6,24.1,18.3,3.6,1.3,5.7,15.6,16.6,1.8,2.3,4.1,0.137,-1.1,1.1,0.1,0.7,,2012.0,4
Mike Dunleavy,31.0,MIL,3.0,55.0,3.0,1445.0,16.6,0.597,0.413,0.284,2.2,13.7,7.8,13.0,1.0,0.4,9.3,19.0,3.5,0.9,4.4,0.146,2.3,-0.9,1.4,1.3,6MOY-15,2012.0,3
Derrick Brown,24.0,CHA,3.0,65.0,17.0,1443.0,14.7,0.556,0.059,0.345,7.3,11.6,9.4,8.5,1.8,0.6,10.5,16.8,2.0,0.3,2.3,0.076,-0.3,-1.2,-1.5,0.2,,2012.0,1
Tyler Hansbrough,26.0,IND,4.0,66.0,0.0,1442.0,14.7,0.511,0.002,0.58,8.9,13.7,11.3,3.5,2.0,0.5,9.8,20.9,2.2,1.7,3.9,0.129,-1.1,-0.7,-1.8,0.1,6MOY-15,2012.0,4
Matt Barnes,31.0,LAL,3.0,63.0,16.0,1440.0,15.5,0.554,0.357,0.331,7.9,18.3,13.3,13.8,1.3,2.4,14.1,16.4,2.4,1.8,4.3,0.142,0.4,1.3,1.6,1.3,,2012.0,4
Chris Singleton,22.0,WAS,3.0,66.0,51.0,1431.0,8.3,0.462,0.407,0.141,3.4,15.1,9.2,5.0,2.5,1.6,10.3,11.5,0.1,1.5,1.5,0.052,-3.5,1.2,-2.2,-0.1,,2012.0,2
Glen Davis,26.0,ORL,4.0,61.0,13.0,1427.0,13.2,0.466,0.026,0.313,8.5,18.4,13.4,5.9,1.6,1.0,11.0,22.4,0.0,1.7,1.7,0.057,-2.4,-0.7,-3.2,-0.4,,2012.0,1
Tristan Thompson,20.0,CLE,4.0,60.0,25.0,1424.0,13.3,0.469,0.005,0.434,14.4,16.8,15.5,3.3,1.0,3.3,13.3,19.2,0.3,0.9,1.1,0.038,-2.4,-2.3,-4.7,-1.0,,2012.0,2
Boris Diaw,29.0,2TM,4.0,57.0,35.0,1424.0,11.2,0.498,0.282,0.1,5.5,17.3,11.3,23.8,1.2,1.3,23.4,15.5,-0.3,0.8,0.6,0.019,-1.6,-0.2,-1.8,0.1,,2012.0,5
Derrick Williams,20.0,MIN,4.0,66.0,15.0,1418.0,12.9,0.499,0.277,0.392,6.0,18.4,12.2,4.5,1.1,1.6,11.7,20.7,0.6,1.2,1.8,0.059,-1.4,-0.7,-2.1,0.0,,2012.0,2
D.J. Augustin,24.0,CHA,1.0,48.0,46.0,1408.0,14.1,0.493,0.368,0.246,1.9,7.2,4.4,38.9,1.3,0.1,16.9,21.3,0.7,-0.2,0.5,0.018,0.7,-3.2,-2.5,-0.2,,2012.0,5
Shannon Brown,26.0,PHO,2.0,59.0,19.0,1400.0,13.6,0.507,0.314,0.166,3.1,9.5,6.3,8.1,1.6,0.8,9.1,22.8,0.8,0.8,1.6,0.054,-0.2,-0.9,-1.0,0.3,,2012.0,1
Ben Gordon,28.0,DET,2.0,52.0,21.0,1398.0,13.5,0.549,0.277,0.257,1.2,9.5,5.2,16.5,1.3,0.6,16.3,23.3,1.0,0.7,1.7,0.058,-0.3,-1.4,-1.7,0.1,,2012.0,5
Leandro Barbosa,29.0,2TM,2.0,64.0,0.0,1382.0,14.0,0.512,0.267,0.195,2.8,7.9,5.3,13.3,2.2,0.4,12.0,26.5,0.5,1.2,1.7,0.06,-0.6,-0.6,-1.2,0.3,,2012.0,5
Leandro Barbosa,29.0,TOR,2.0,42.0,0.0,946.0,14.2,0.518,0.244,0.2,2.6,7.1,4.9,13.3,2.0,0.6,12.1,28.0,0.2,0.8,1.0,0.052,-0.5,-0.6,-1.1,0.2,,2012.0,5
Jason Kidd,38.0,DAL,1.0,48.0,48.0,1379.0,13.1,0.524,0.817,0.103,1.2,14.8,8.1,28.4,3.1,0.6,24.2,12.7,0.9,2.1,3.0,0.104,-0.8,2.4,1.6,1.2,,2012.0,5
Grant Hill,39.0,PHO,3.0,49.0,46.0,1378.0,12.3,0.5,0.118,0.242,2.4,11.5,7.0,12.1,1.5,1.5,11.5,18.6,0.6,0.9,1.6,0.055,-1.4,0.5,-0.9,0.4,DPOY-14,2012.0,1
Derrick Favors,20.0,UTA,4.0,65.0,9.0,1376.0,17.1,0.537,0.0,0.436,13.0,22.5,17.7,5.0,1.4,3.8,16.3,20.7,1.4,1.6,3.0,0.105,-0.6,-0.5,-1.1,0.3,,2012.0,2
Chris Kaman,29.0,NOH,5.0,47.0,33.0,1372.0,15.3,0.478,0.0,0.179,7.9,23.5,15.8,14.0,1.0,4.7,16.7,26.6,-1.2,1.9,0.7,0.024,-1.8,0.5,-1.3,0.2,,2012.0,4
Avery Bradley,21.0,BOS,1.0,64.0,28.0,1368.0,11.3,0.555,0.134,0.194,3.1,6.7,5.0,10.8,1.7,0.7,14.7,17.9,0.6,1.9,2.4,0.085,-2.3,0.7,-1.7,0.1,DPOY-14,2012.0,2
DeJuan Blair,22.0,SAS,4.0,64.0,62.0,1363.0,17.6,0.549,0.002,0.236,13.2,16.3,14.8,9.2,2.2,0.6,14.2,21.7,2.2,1.8,4.0,0.142,-0.4,0.0,-0.3,0.6,,2012.0,2
Marcus Camby,37.0,2TM,5.0,59.0,53.0,1352.0,16.2,0.455,0.017,0.223,13.3,32.7,22.8,11.9,1.9,4.8,15.3,12.6,1.1,2.5,3.6,0.127,-0.1,2.3,2.2,1.4,,2012.0,4
Danilo Gallinari,23.0,DEN,3.0,43.0,40.0,1351.0,16.5,0.563,0.393,0.448,2.5,14.6,8.7,13.0,1.6,1.3,10.9,20.7,2.9,1.0,3.9,0.14,1.9,-0.1,1.8,1.3,,2012.0,3
Joel Anthony,29.0,MIA,5.0,64.0,51.0,1349.0,10.3,0.598,0.0,0.467,9.2,12.8,11.1,1.0,1.4,5.1,19.7,7.8,1.2,2.2,3.4,0.122,-2.0,1.6,-0.5,0.5,,2012.0,4
Marreese Speights,24.0,MEM,4.0,60.0,54.0,1345.0,14.1,0.491,0.006,0.223,11.3,21.4,16.2,6.0,0.8,1.8,12.1,20.5,0.9,1.7,2.7,0.096,-1.8,-1.2,-3.0,-0.4,,2012.0,4
Omri Casspi,23.0,CLE,3.0,65.0,35.0,1341.0,11.2,0.499,0.408,0.262,5.1,14.5,9.7,8.4,1.5,1.2,12.2,17.6,0.6,0.6,1.2,0.044,-1.3,-0.9,-2.2,-0.1,,2012.0,1
Matt Bonner,31.0,SAS,4.0,65.0,2.0,1326.0,13.2,0.597,0.714,0.06,2.6,15.7,9.3,6.5,0.6,1.1,3.8,12.8,2.7,1.2,4.0,0.143,2.4,0.3,2.6,1.5,,2012.0,1
Nick Collison,31.0,OKC,4.0,63.0,0.0,1307.0,12.1,0.622,0.005,0.308,11.1,12.7,12.0,9.3,1.3,1.6,21.1,10.0,2.3,1.2,3.5,0.13,-0.5,0.7,0.2,0.7,,2012.0,4
Chase Budinger,23.0,HOU,3.0,58.0,9.0,1298.0,14.9,0.556,0.465,0.149,3.4,16.2,9.7,9.3,1.2,0.4,9.9,19.5,2.0,1.0,3.0,0.111,1.8,-0.6,1.2,1.0,,2012.0,1
Ekpe Udoh,24.0,2TM,5.0,61.0,11.0,1290.0,12.5,0.493,0.007,0.386,8.6,13.5,11.0,6.4,1.6,6.0,13.3,14.0,0.9,1.2,2.1,0.077,-2.9,1.3,-1.5,0.2,,2012.0,4
Corey Brewer,25.0,DEN,3.0,59.0,17.0,1287.0,13.7,0.505,0.274,0.281,4.0,9.4,6.8,10.6,2.9,1.0,9.7,20.0,1.1,1.1,2.3,0.085,-0.8,0.7,-0.1,0.6,,2012.0,5
Taj Gibson,26.0,CHI,4.0,63.0,0.0,1284.0,16.9,0.522,0.0,0.334,12.0,16.8,14.4,5.9,1.1,4.5,11.5,18.6,1.8,2.6,4.5,0.167,-0.7,1.5,0.8,0.9,6MOY-5,2012.0,4
Anthony Parker,36.0,CLE,3.0,51.0,51.0,1280.0,10.9,0.523,0.423,0.172,0.9,11.8,6.1,15.7,1.6,0.4,12.5,14.1,1.0,0.4,1.4,0.052,-1.3,-0.3,-1.7,0.1,,2012.0,1
Shelden Williams,28.0,NJN,5.0,58.0,35.0,1276.0,11.9,0.543,0.0,0.517,12.5,19.6,15.9,4.3,2.0,2.3,21.1,11.2,1.1,1.0,2.1,0.078,-2.7,-0.6,-3.3,-0.4,,2012.0,4
George Hill,25.0,IND,1.0,50.0,9.0,1274.0,15.7,0.557,0.387,0.308,2.8,10.5,6.7,18.8,1.7,1.1,10.8,17.2,2.8,1.3,4.0,0.152,1.8,0.5,2.3,1.4,6MOY-18,2012.0,3
Nikola Peković,26.0,MIN,5.0,47.0,35.0,1264.0,21.4,0.607,0.0,0.412,15.8,14.6,15.2,4.6,1.2,1.8,14.0,21.9,3.6,0.9,4.5,0.17,2.3,-1.3,1.0,1.0,,2012.0,4
Trevor Booker,24.0,WAS,4.0,50.0,32.0,1261.0,15.4,0.549,0.006,0.273,10.6,18.6,14.5,5.1,2.0,2.6,13.2,15.6,1.6,1.4,3.0,0.113,-0.8,0.0,-0.8,0.4,,2012.0,4
Norris Cole,23.0,MIA,1.0,65.0,2.0,1260.0,7.9,0.452,0.169,0.189,2.1,6.4,4.3,17.0,1.8,0.1,17.7,21.8,-1.4,1.4,0.0,0.0,-4.9,-1.4,-6.3,-1.4,,2012.0,5
John Salmons,32.0,SAC,3.0,46.0,32.0,1250.0,9.0,0.471,0.325,0.13,1.7,10.5,5.9,11.1,1.5,0.4,11.0,14.2,0.3,0.1,0.4,0.014,-2.7,-0.7,-3.4,-0.5,,2012.0,1
J.J. Hickson,23.0,2TM,4.0,54.0,19.0,1244.0,14.9,0.501,0.005,0.342,11.7,19.0,15.2,5.9,1.2,2.1,13.4,18.7,0.9,0.8,1.7,0.066,-0.8,-1.5,-2.3,-0.1,,2012.0,4
Steve Blake,31.0,LAL,1.0,53.0,5.0,1237.0,8.5,0.493,0.59,0.101,0.9,6.6,3.8,21.0,1.7,0.1,20.5,13.0,0.2,0.8,1.0,0.04,-2.5,0.0,-2.5,-0.2,,2012.0,5
Kirk Hinrich,31.0,ATL,2.0,48.0,31.0,1237.0,9.2,0.511,0.461,0.108,1.1,8.5,4.8,16.3,1.6,0.7,15.8,13.9,0.4,1.4,1.8,0.069,-2.6,0.5,-2.1,-0.1,,2012.0,5
Markieff Morris,22.0,PHO,4.0,63.0,7.0,1227.0,12.1,0.484,0.284,0.243,6.4,19.1,12.8,8.2,1.7,2.5,12.7,20.4,0.1,1.4,1.5,0.059,-2.6,0.5,-2.1,0.0,,2012.0,2
Chris Duhon,29.0,ORL,1.0,63.0,9.0,1226.0,8.4,0.558,0.586,0.103,1.3,8.4,4.8,19.1,1.5,0.6,27.6,11.2,0.4,0.9,1.3,0.051,-2.4,0.6,-1.8,0.1,,2012.0,5
Stephen Jackson,33.0,2TM,3.0,47.0,14.0,1212.0,10.7,0.485,0.4,0.268,2.0,13.1,7.6,14.6,2.3,0.8,17.8,21.3,-0.7,1.3,0.6,0.025,-2.6,0.2,-2.3,-0.1,,2012.0,5
Gary Neal,27.0,SAS,2.0,56.0,7.0,1206.0,14.2,0.542,0.407,0.132,1.2,9.9,5.6,15.1,1.2,0.1,10.5,21.7,1.6,0.9,2.5,0.101,0.7,-0.8,-0.1,0.6,6MOY-15,2012.0,1
Nate Robinson,27.0,GSW,1.0,51.0,9.0,1192.0,18.0,0.534,0.374,0.233,1.4,8.1,4.8,31.8,2.6,0.1,12.3,23.6,2.4,0.4,2.8,0.111,1.5,-1.1,0.4,0.7,,2012.0,5
Kevin Séraphin,22.0,WAS,5.0,57.0,21.0,1176.0,15.8,0.549,0.003,0.183,9.8,17.1,13.4,4.8,0.8,5.0,13.8,18.2,1.2,1.1,2.3,0.094,-1.4,-0.3,-1.7,0.1,,2012.0,2
C.J. Watson,27.0,CHI,1.0,49.0,25.0,1159.0,13.3,0.491,0.396,0.238,2.1,7.9,5.1,27.2,2.1,0.5,16.7,22.8,0.8,1.8,2.6,0.109,-0.5,0.2,-0.3,0.5,6MOY-11,2012.0,5
Rodrigue Beaubois,23.0,DAL,1.0,53.0,12.0,1151.0,15.3,0.496,0.297,0.155,1.9,12.8,7.4,22.7,2.6,1.9,12.8,22.0,0.5,1.7,2.2,0.092,-0.4,1.7,1.3,1.0,,2012.0,5
Brendan Haywood,32.0,DAL,5.0,54.0,54.0,1146.0,12.9,0.52,0.0,0.421,13.7,18.0,15.9,2.6,1.1,3.8,14.5,12.8,1.1,1.6,2.7,0.114,-2.1,0.2,-1.9,0.0,,2012.0,4
C.J. Miles,24.0,UTA,2.0,56.0,14.0,1145.0,12.4,0.484,0.323,0.292,2.7,9.0,5.8,9.6,2.1,1.3,9.2,22.7,0.7,0.8,1.5,0.063,-1.4,-0.4,-1.8,0.0,,2012.0,5
Martell Webster,25.0,MIN,3.0,47.0,26.0,1140.0,10.0,0.533,0.401,0.265,4.1,12.3,8.2,5.5,1.4,1.1,13.2,13.6,0.8,0.7,1.5,0.064,-1.9,0.2,-1.6,0.1,,2012.0,1
Ian Mahinmi,25.0,DAL,5.0,61.0,12.0,1139.0,13.5,0.585,0.004,0.618,10.7,17.7,14.3,1.7,1.8,2.2,14.2,14.4,1.7,1.7,3.4,0.144,-2.8,0.4,-2.3,-0.1,,2012.0,4
Jimmer Fredette,22.0,SAC,1.0,61.0,7.0,1135.0,10.8,0.495,0.484,0.108,1.6,5.7,3.5,15.1,1.3,0.2,12.5,20.4,0.5,-0.2,0.3,0.012,-0.9,-2.5,-3.4,-0.4,,2012.0,2
Dominic McGuire,26.0,GSW,4.0,64.0,6.0,1127.0,11.8,0.486,0.019,0.252,7.4,17.4,12.4,14.0,2.0,2.5,19.4,11.8,0.6,0.9,1.5,0.062,-1.8,1.0,-0.8,0.3,,2012.0,4
Dante Cunningham,24.0,MEM,4.0,64.0,5.0,1124.0,14.9,0.538,0.007,0.247,9.3,16.4,12.8,5.2,2.0,2.5,8.6,13.6,1.8,1.7,3.4,0.147,-0.3,1.0,0.8,0.8,,2012.0,4
Tiago Splitter,27.0,SAS,5.0,59.0,2.0,1121.0,20.5,0.649,0.0,0.528,9.7,21.4,15.7,9.2,1.0,3.0,17.1,20.7,3.0,1.6,4.6,0.197,0.9,1.1,2.0,1.1,,2012.0,4
D.J. White,25.0,CHA,4.0,58.0,11.0,1098.0,12.4,0.516,0.003,0.173,5.0,17.2,10.9,8.1,0.8,1.6,10.2,17.8,0.5,0.3,0.8,0.034,-2.3,-1.5,-3.8,-0.5,,2012.0,1
Shaun Livingston,26.0,MIL,2.0,58.0,27.0,1092.0,11.0,0.52,0.011,0.292,3.8,8.7,6.2,16.6,1.3,1.4,17.8,15.0,0.7,0.6,1.3,0.055,-1.5,0.2,-1.3,0.2,,2012.0,5
Gustavo Ayón,26.0,NOH,4.0,54.0,24.0,1088.0,16.7,0.552,0.004,0.241,9.6,19.3,14.5,11.5,2.6,3.5,13.7,14.5,1.5,1.7,3.2,0.142,0.0,2.5,2.5,1.2,,2012.0,5
Michael Beasley,23.0,MIN,3.0,47.0,7.0,1087.0,13.0,0.502,0.203,0.191,4.0,17.2,10.6,7.7,0.9,1.2,12.9,25.3,-0.3,0.8,0.5,0.022,-1.2,-0.9,-2.1,0.0,,2012.0,5
Beno Udrih,29.0,MIL,2.0,59.0,0.0,1080.0,13.1,0.488,0.178,0.166,2.6,8.0,5.2,32.2,1.8,0.1,17.8,17.7,0.8,0.6,1.4,0.061,-0.9,-1.2,-2.1,0.0,,2012.0,5
Jan Veselý,21.0,WAS,4.0,57.0,20.0,1078.0,11.5,0.544,0.005,0.284,10.5,15.6,13.0,6.7,1.9,2.3,19.7,12.7,0.7,1.0,1.7,0.076,-3.0,0.4,-2.6,-0.2,,2012.0,2
Delonte West,28.0,DAL,1.0,44.0,33.0,1060.0,15.3,0.539,0.211,0.194,1.4,9.3,5.4,22.2,2.9,0.8,16.3,20.4,0.8,1.4,2.2,0.098,-0.6,1.6,1.0,0.8,,2012.0,5
Linas Kleiza,27.0,TOR,3.0,49.0,3.0,1057.0,12.4,0.521,0.437,0.244,4.7,17.2,11.0,7.9,1.2,0.3,12.4,23.1,0.5,1.0,1.5,0.066,-0.8,-1.2,-2.0,0.0,,2012.0,1
Dahntay Jones,31.0,IND,3.0,65.0,3.0,1052.0,10.3,0.533,0.274,0.352,2.5,10.0,6.3,9.6,1.2,0.8,12.4,16.0,1.1,0.8,2.0,0.09,-1.7,-0.1,-1.9,0.0,,2012.0,1
Chuck Hayes,28.0,SAC,5.0,54.0,9.0,1039.0,8.9,0.459,0.012,0.229,7.3,18.0,12.4,10.4,1.8,1.2,21.1,9.9,0.1,0.5,0.6,0.028,-3.2,0.2,-3.0,-0.3,,2012.0,4
Kenneth Faried,22.0,DEN,4.0,46.0,39.0,1037.0,21.9,0.618,0.0,0.531,16.5,22.9,19.8,5.5,1.7,3.6,12.4,18.7,3.2,1.3,4.6,0.212,2.4,-0.2,2.2,1.1,ROY-3,2012.0,2
Earl Watson,32.0,UTA,1.0,50.0,2.0,1033.0,9.5,0.413,0.325,0.288,3.3,10.2,6.7,28.9,2.7,1.7,32.0,11.5,-0.6,0.9,0.4,0.018,-2.6,1.2,-1.4,0.2,,2012.0,5
Lamar Odom,32.0,DAL,3.0,50.0,4.0,1027.0,9.2,0.423,0.318,0.281,4.0,18.7,11.4,12.9,1.0,1.4,11.7,20.1,-0.9,1.2,0.3,0.014,-3.2,0.1,-3.1,-0.3,,2012.0,1
Steve Novak,28.0,NYK,4.0,54.0,0.0,1020.0,15.9,0.684,0.837,0.077,1.0,10.9,5.9,2.0,0.8,0.7,5.7,16.2,2.9,0.9,3.9,0.181,4.6,-0.5,4.1,1.6,,2012.0,1
Tyrus Thomas,25.0,CHA,4.0,54.0,30.0,1013.0,9.0,0.418,0.009,0.254,5.4,17.7,11.3,6.0,1.9,4.4,12.7,19.0,-1.5,0.8,-0.6,-0.029,-5.9,-0.1,-6.0,-1.0,,2012.0,4
Luc Mbah a Moute,25.0,MIL,4.0,43.0,22.0,1009.0,13.9,0.544,0.015,0.395,8.2,16.9,12.4,4.4,2.0,1.6,11.3,15.1,1.2,1.1,2.4,0.112,-1.2,0.1,-1.1,0.2,,2012.0,4
Quincy Pondexter,23.0,MEM,3.0,64.0,8.0,1002.0,9.4,0.517,0.305,0.222,6.3,8.5,7.3,4.1,1.4,0.4,10.3,13.2,0.9,0.9,1.7,0.082,-1.9,-0.1,-2.0,0.0,,2012.0,1
Josh Howard,31.0,UTA,3.0,43.0,18.0,991.0,10.5,0.461,0.102,0.269,4.5,13.9,9.2,7.9,1.7,0.8,11.6,20.7,-0.2,0.7,0.5,0.025,-2.8,-0.9,-3.7,-0.4,,2012.0,1
Daequan Cook,24.0,OKC,2.0,57.0,22.0,989.0,9.2,0.509,0.77,0.074,1.5,11.9,7.0,2.3,1.1,0.8,5.0,14.7,0.8,0.8,1.6,0.078,-0.5,-0.7,-1.3,0.2,,2012.0,1
Ben Wallace,37.0,DET,5.0,62.0,11.0,980.0,10.7,0.398,0.047,0.547,9.6,23.7,16.4,6.4,2.6,4.1,24.2,6.6,-0.1,1.6,1.4,0.07,-1.8,2.4,0.6,0.7,,2012.0,4
Wayne Ellington,24.0,MIN,2.0,51.0,4.0,973.0,9.4,0.487,0.358,0.132,1.6,9.7,5.6,5.5,1.4,0.7,7.5,15.8,0.3,0.5,0.8,0.041,-2.7,-0.2,-2.8,-0.2,,2012.0,1
Ömer Aşık,25.0,CHI,5.0,66.0,2.0,971.0,13.4,0.509,0.0,0.66,14.9,25.1,20.1,4.8,1.7,5.0,25.2,12.6,0.1,2.5,2.6,0.129,-3.2,2.5,-0.7,0.3,,2012.0,4
DeShawn Stevenson,30.0,NJN,3.0,51.0,30.0,960.0,4.3,0.413,0.843,0.093,0.8,11.7,6.1,6.5,1.1,0.3,9.6,9.4,-0.3,0.1,-0.3,-0.014,-3.9,-0.6,-4.4,-0.6,,2012.0,1
Troy Murphy,31.0,LAL,4.0,59.0,0.0,956.0,9.0,0.537,0.392,0.053,4.9,16.9,11.2,7.9,0.8,1.2,12.9,9.6,0.8,0.9,1.7,0.088,-2.0,0.9,-1.1,0.2,,2012.0,1
Kenyon Martin,34.0,LAC,4.0,42.0,0.0,940.0,9.9,0.445,0.059,0.245,6.1,16.9,11.5,2.9,2.5,3.8,11.6,13.5,-0.3,1.2,0.9,0.048,-3.5,1.5,-2.1,0.0,,2012.0,5
Alec Burks,20.0,UTA,2.0,59.0,0.0,939.0,14.0,0.506,0.126,0.401,6.9,9.3,8.1,9.5,1.5,0.4,10.8,22.5,1.1,0.4,1.5,0.076,-0.6,-1.4,-2.0,0.0,,2012.0,2
Ivan Johnson,27.0,ATL,4.0,56.0,0.0,934.0,14.3,0.558,0.022,0.364,8.2,20.1,14.2,5.7,2.4,1.5,17.8,19.5,0.5,1.7,2.2,0.113,-2.8,0.6,-2.2,0.0,,2012.0,4
Damien Wilkins,32.0,DET,3.0,60.0,2.0,922.0,6.9,0.445,0.119,0.28,2.8,10.4,6.5,7.5,1.7,1.1,12.2,12.4,-0.2,0.6,0.4,0.019,-4.2,0.2,-4.0,-0.5,,2012.0,1
Willie Green,30.0,ATL,2.0,53.0,2.0,922.0,13.9,0.578,0.348,0.172,1.9,8.2,5.1,7.4,1.3,0.5,8.6,19.5,1.4,0.9,2.4,0.122,0.1,-0.6,-0.5,0.3,,2012.0,1
Mickaël Piétrus,29.0,BOS,2.0,42.0,6.0,921.0,8.5,0.509,0.674,0.115,2.4,13.7,8.3,4.4,1.2,0.8,10.4,16.5,-0.2,1.4,1.2,0.063,-2.1,0.3,-1.8,0.0,,2012.0,1
Johan Petro,26.0,NJN,5.0,59.0,10.0,920.0,10.3,0.452,0.004,0.142,8.3,20.3,14.1,8.2,1.2,1.9,12.1,15.6,0.1,0.6,0.7,0.034,-3.9,-0.9,-4.7,-0.6,,2012.0,4
Thabo Sefolosha,27.0,OKC,2.0,42.0,42.0,914.0,9.8,0.584,0.458,0.277,2.8,12.5,8.0,7.4,2.1,1.4,18.7,10.6,0.8,1.0,1.8,0.095,-1.3,1.7,0.4,0.6,,2012.0,5
Robin Lopez,23.0,PHO,5.0,64.0,0.0,895.0,15.2,0.526,0.0,0.52,11.5,14.8,13.2,3.4,1.0,4.8,11.5,18.9,1.2,0.9,2.1,0.115,-2.2,0.0,-2.2,0.0,,2012.0,4
Sebastian Telfair,26.0,PHO,1.0,60.0,1.0,895.0,13.2,0.495,0.307,0.196,2.5,8.9,5.7,24.5,2.4,1.0,15.5,22.3,0.4,0.7,1.1,0.058,-1.7,0.4,-1.3,0.1,,2012.0,5
Charles Jenkins,22.0,GSW,1.0,51.0,28.0,893.0,12.4,0.482,0.069,0.134,1.0,7.6,4.3,29.9,1.9,0.5,16.3,19.0,0.4,0.1,0.5,0.028,-2.7,-1.5,-4.2,-0.5,,2012.0,2
Anthony Tolliver,26.0,MIN,3.0,51.0,0.0,882.0,8.3,0.504,0.555,0.302,6.2,13.0,9.6,3.8,1.0,1.5,14.5,12.2,0.3,0.6,0.9,0.049,-2.8,0.1,-2.6,-0.2,,2012.0,1
Enes Freedom,19.0,UTA,5.0,66.0,0.0,874.0,14.5,0.539,0.004,0.445,13.9,22.7,18.3,1.4,1.1,2.1,16.1,17.3,0.9,0.8,1.7,0.095,-1.2,-1.7,-3.0,-0.2,,2012.0,2
Quentin Richardson,31.0,ORL,3.0,48.0,3.0,866.0,8.7,0.511,0.614,0.152,2.0,14.6,8.2,7.0,1.7,0.5,12.1,13.0,0.4,0.9,1.3,0.07,-2.5,1.0,-1.6,0.1,,2012.0,1
Tracy McGrady,32.0,ATL,3.0,52.0,0.0,837.0,13.6,0.51,0.143,0.359,3.3,18.2,10.8,20.8,1.0,1.4,16.5,18.0,0.5,1.1,1.6,0.094,-0.1,0.7,0.6,0.5,,2012.0,5
Samardo Samuels,23.0,CLE,5.0,54.0,0.0,825.0,11.1,0.517,0.0,0.506,8.4,16.8,12.4,4.2,1.3,1.8,16.5,18.4,0.2,0.5,0.7,0.039,-4.0,-1.3,-5.3,-0.7,,2012.0,4
Aaron Gray,27.0,TOR,5.0,49.0,40.0,813.0,11.1,0.526,0.0,0.292,12.1,28.3,20.3,5.5,1.5,1.7,21.9,13.5,0.1,1.3,1.4,0.082,-3.6,0.1,-3.5,-0.3,,2012.0,4
Nikola Vučević,21.0,PHI,5.0,51.0,15.0,812.0,14.3,0.462,0.027,0.117,12.0,21.7,16.8,6.2,1.3,3.1,9.7,19.6,0.2,1.6,1.8,0.109,-2.5,0.3,-2.2,0.0,,2012.0,2
Kurt Thomas,39.0,POR,5.0,53.0,3.0,803.0,9.5,0.483,0.0,0.127,5.5,22.1,13.7,8.7,1.6,3.0,15.8,11.2,0.2,0.9,1.1,0.067,-4.0,2.1,-1.9,0.0,,2012.0,4
Francisco García,30.0,SAC,3.0,49.0,3.0,798.0,10.7,0.483,0.572,0.131,1.4,12.7,6.8,5.8,2.3,3.4,8.3,14.4,0.3,0.5,0.8,0.048,-1.6,0.9,-0.7,0.3,,2012.0,1
Sundiata Gaines,25.0,NJN,2.0,57.0,12.0,793.0,15.0,0.465,0.303,0.354,3.8,12.2,7.9,27.2,3.7,0.2,14.2,21.1,0.4,0.6,1.0,0.059,-0.5,0.8,0.3,0.5,,2012.0,5
Kosta Koufos,22.0,DEN,5.0,48.0,24.0,792.0,17.3,0.608,0.0,0.286,14.4,23.3,19.0,2.9,1.5,4.1,13.2,14.0,1.7,1.0,2.7,0.163,0.5,0.4,0.9,0.6,,2012.0,2
Brandan Wright,24.0,DAL,5.0,49.0,0.0,791.0,21.6,0.632,0.004,0.352,8.9,15.8,12.4,2.9,1.5,6.4,7.2,17.0,2.2,1.3,3.5,0.215,1.9,1.8,3.7,1.1,,2012.0,4
Shelvin Mack,21.0,WAS,1.0,64.0,0.0,779.0,11.9,0.468,0.191,0.268,1.7,11.7,6.7,26.0,1.9,0.2,16.3,16.9,0.2,0.5,0.7,0.042,-2.0,-0.7,-2.6,-0.1,,2012.0,2
Donté Greene,23.0,SAC,4.0,53.0,7.0,777.0,11.8,0.491,0.395,0.207,2.6,16.9,9.4,6.8,1.2,2.7,9.9,18.0,0.3,0.3,0.7,0.041,-1.6,-0.8,-2.4,-0.1,,2012.0,1
Reggie Evans,31.0,LAC,4.0,56.0,0.0,771.0,9.2,0.504,0.0,0.986,15.3,26.7,20.9,3.1,2.2,0.6,29.9,8.8,0.2,1.0,1.3,0.079,-3.5,-0.2,-3.7,-0.3,,2012.0,4
Michael Redd,32.0,PHO,2.0,51.0,2.0,770.0,13.9,0.511,0.367,0.308,2.1,9.1,5.6,7.1,0.9,0.0,8.3,26.3,0.6,0.2,0.8,0.052,-0.2,-2.4,-2.6,-0.1,,2012.0,5
Greg Stiemsma,26.0,BOS,5.0,55.0,3.0,766.0,13.6,0.579,0.0,0.339,7.7,19.0,13.6,5.6,2.6,8.5,19.2,10.8,0.6,2.2,2.7,0.17,-4.0,5.5,1.4,0.7,,2012.0,4
Xavier Henry,20.0,NOH,2.0,45.0,0.0,759.0,9.2,0.45,0.075,0.373,3.8,12.7,8.3,7.6,1.9,0.9,11.7,18.7,-0.4,0.7,0.2,0.015,-3.7,-0.3,-4.0,-0.4,,2012.0,2
Vladimir Radmanović,31.0,ATL,3.0,49.0,3.0,755.0,11.7,0.524,0.685,0.147,5.3,16.8,11.1,10.9,1.5,1.5,14.3,15.2,0.5,1.1,1.6,0.103,-0.4,0.6,0.2,0.4,,2012.0,1
Lou Amundson,29.0,IND,4.0,60.0,0.0,753.0,11.5,0.438,0.0,0.396,14.1,19.0,16.6,3.0,1.9,4.6,15.6,17.3,-0.3,1.3,1.0,0.062,-4.0,0.1,-4.0,-0.4,,2012.0,4
Andris Biedriņš,25.0,GSW,5.0,47.0,35.0,739.0,8.8,0.581,0.0,0.141,6.9,20.0,13.5,3.0,1.6,4.7,17.1,5.1,0.6,0.7,1.3,0.085,-3.8,1.5,-2.3,0.0,,2012.0,4
John Lucas III,29.0,CHI,1.0,49.0,2.0,726.0,16.3,0.496,0.391,0.089,3.4,8.1,5.8,25.8,1.4,0.1,10.1,26.0,1.2,1.0,2.2,0.143,2.9,0.0,2.9,0.9,,2012.0,3
Josh McRoberts,24.0,LAL,4.0,50.0,6.0,718.0,10.9,0.516,0.059,0.305,9.9,16.4,13.3,10.5,1.1,1.8,18.8,10.5,0.6,0.8,1.4,0.095,-2.1,0.7,-1.4,0.1,,2012.0,4
Gary Forbes,26.0,TOR,2.0,48.0,2.0,713.0,13.3,0.513,0.306,0.336,4.5,12.2,8.4,13.7,1.8,0.5,14.8,24.1,0.1,0.7,0.8,0.053,-0.4,-0.6,-1.0,0.2,,2012.0,5
Roger Mason,31.0,WAS,2.0,52.0,0.0,697.0,12.1,0.53,0.597,0.105,1.1,10.1,5.6,11.0,1.0,0.6,10.6,19.4,0.6,0.2,0.9,0.059,0.8,-1.8,-1.0,0.2,,2012.0,1
Nazr Mohammed,34.0,OKC,5.0,63.0,1.0,692.0,11.0,0.477,0.006,0.136,10.4,17.1,14.0,3.1,1.5,3.9,12.7,13.4,0.3,1.0,1.3,0.09,-3.0,0.7,-2.4,-0.1,,2012.0,4
Timofey Mozgov,25.0,DEN,5.0,44.0,35.0,687.0,13.2,0.556,0.0,0.3,9.3,20.8,15.2,4.9,1.1,4.8,19.8,17.4,0.3,0.8,1.1,0.074,-2.9,0.4,-2.5,-0.1,,2012.0,4
Jannero Pargo,32.0,ATL,1.0,50.0,0.0,671.0,13.6,0.539,0.545,0.079,1.6,11.1,6.4,24.1,1.6,0.2,15.8,21.8,0.6,0.8,1.3,0.095,0.0,-0.6,-0.6,0.2,,2012.0,5
James Jones,31.0,MIA,2.0,51.0,10.0,666.0,9.7,0.567,0.76,0.2,1.1,7.4,4.4,4.2,1.3,1.1,5.8,12.1,0.9,0.7,1.7,0.12,-0.4,0.4,0.0,0.3,,2012.0,1
Keyon Dooling,31.0,BOS,2.0,46.0,2.0,662.0,6.9,0.515,0.497,0.19,0.6,6.1,3.5,12.1,1.0,0.2,16.1,15.3,-0.2,0.8,0.6,0.042,-3.8,-0.5,-4.3,-0.4,,2012.0,5
Larry Sanders,23.0,MIL,4.0,52.0,0.0,643.0,13.3,0.463,0.011,0.207,10.3,17.3,13.7,7.8,2.5,8.9,17.6,16.7,-0.3,1.2,1.0,0.072,-5.0,3.1,-1.9,0.0,,2012.0,4
Jordan Williams,21.0,NJN,5.0,43.0,5.0,635.0,14.5,0.544,0.0,0.434,11.7,16.9,14.3,2.9,1.8,1.8,11.3,14.7,1.0,0.4,1.3,0.101,-0.9,-1.2,-2.1,0.0,,2012.0,2
Lance Thomas,23.0,NOH,4.0,42.0,10.0,630.0,10.1,0.541,0.008,0.492,9.4,14.3,11.9,3.0,0.9,0.9,13.5,13.3,0.7,0.4,1.2,0.088,-3.3,-1.0,-4.3,-0.4,,2012.0,4
James Anderson,22.0,SAS,2.0,51.0,2.0,603.0,8.8,0.483,0.391,0.299,3.1,11.8,7.5,9.6,0.7,0.2,13.2,17.2,0.1,0.4,0.5,0.04,-2.7,-1.4,-4.1,-0.3,,2012.0,2
Matt Carroll,31.0,CHA,2.0,53.0,2.0,596.0,5.6,0.409,0.274,0.242,1.5,10.0,5.6,10.6,1.4,0.9,12.1,15.3,-0.7,0.1,-0.6,-0.051,-5.9,-1.5,-7.4,-0.8,,2012.0,1
A.J. Price,25.0,IND,1.0,44.0,1.0,568.0,11.5,0.454,0.506,0.201,2.6,9.4,6.0,23.9,1.9,0.3,14.5,17.7,0.2,0.5,0.7,0.063,-0.6,-0.5,-1.0,0.1,,2012.0,5
Jeremy Tyler,20.0,GSW,5.0,42.0,23.0,568.0,10.4,0.442,0.005,0.249,10.8,17.1,14.0,4.5,1.5,2.7,13.4,21.8,-0.5,0.4,-0.2,-0.014,-5.5,-2.3,-7.8,-0.8,,2012.0,2
Earl Clark,24.0,ORL,4.0,45.0,1.0,559.0,8.1,0.405,0.0,0.209,7.1,18.6,12.8,5.2,1.2,4.5,14.1,14.8,-0.5,0.8,0.3,0.027,-5.6,0.7,-4.9,-0.4,,2012.0,4
Jon Leuer,22.0,MIL,4.0,46.0,12.0,555.0,15.3,0.536,0.047,0.147,8.7,15.3,11.9,7.3,1.3,2.3,8.1,17.6,0.9,0.5,1.4,0.122,-0.3,0.0,-0.3,0.2,,2012.0,2
Nolan Smith,23.0,POR,1.0,44.0,4.0,541.0,7.8,0.434,0.25,0.156,3.6,8.6,6.0,18.2,1.8,0.4,17.9,19.8,-0.6,0.3,-0.3,-0.029,-4.2,-1.3,-5.5,-0.5,,2012.0,5
Sasha Pavlović,28.0,BOS,3.0,45.0,7.0,527.0,6.7,0.456,0.453,0.063,0.9,14.5,8.0,5.3,2.0,2.2,13.2,13.8,-0.6,1.0,0.4,0.039,-4.4,2.1,-2.3,0.0,,2012.0,5
Reggie Jackson,21.0,OKC,1.0,45.0,0.0,501.0,9.2,0.408,0.39,0.182,3.4,8.3,6.0,21.2,2.6,0.1,17.3,18.7,-0.4,0.5,0.1,0.011,-3.3,-0.3,-3.6,-0.2,,2012.0,2
Tobias Harris,19.0,MIL,3.0,42.0,9.0,479.0,14.2,0.54,0.136,0.32,6.7,16.8,11.6,7.4,1.4,1.1,13.9,20.6,0.4,0.4,0.9,0.087,-1.0,-0.9,-1.9,0.0,,2012.0,2
Craig Smith,28.0,POR,4.0,47.0,0.0,464.0,13.6,0.556,0.009,0.453,8.1,19.8,13.8,6.6,1.8,0.8,14.6,16.2,0.6,0.4,1.0,0.105,-1.8,0.3,-1.5,0.1,,2012.0,4
Lance Stephenson,21.0,IND,2.0,42.0,1.0,442.0,7.0,0.4,0.24,0.136,3.1,10.4,6.7,16.5,2.5,0.9,21.4,17.3,-0.8,0.5,-0.3,-0.031,-4.3,0.6,-3.7,-0.2,,2012.0,2
Jeremy Pargo,25.0,MEM,1.0,44.0,5.0,424.0,4.4,0.389,0.253,0.18,3.2,7.0,5.1,20.2,1.9,0.0,22.1,22.2,-1.1,0.4,-0.8,-0.085,-6.1,-1.5,-7.6,-0.6,,2012.0,5
Jimmy Butler,22.0,CHI,2.0,42.0,0.0,359.0,12.5,0.526,0.139,0.709,7.3,10.1,8.7,5.7,1.6,1.0,11.9,14.9,0.5,0.6,1.1,0.144,-1.8,0.5,-1.3,0.1,,2012.0,2
Damian Lillard,22.0,POR,1.0,82.0,82.0,3167.0,16.4,0.546,0.391,0.249,1.5,8.0,4.7,28.8,1.2,0.5,14.5,24.2,5.1,0.7,5.8,0.088,2.1,-1.9,0.3,1.8,ROY-1,2013.0,2
Kevin Durant,24.0,OKC,3.0,81.0,81.0,3119.0,28.3,0.647,0.233,0.523,1.8,20.3,11.8,21.7,1.9,2.6,13.7,29.8,13.6,5.3,18.9,0.291,7.6,1.7,9.3,8.9,"MVP-2,AS,NBA1",2013.0,0
Monta Ellis,27.0,MIL,2.0,82.0,82.0,3076.0,16.2,0.493,0.228,0.26,1.5,9.8,5.5,27.1,2.8,0.9,13.7,26.3,1.2,3.3,4.6,0.071,0.3,0.3,0.6,2.1,,2013.0,0
DeMar DeRozan,23.0,TOR,2.0,82.0,82.0,3013.0,14.7,0.523,0.097,0.347,1.9,10.9,6.3,12.0,1.3,0.6,9.6,24.2,3.1,1.6,4.7,0.075,-0.2,-1.2,-1.4,0.4,,2013.0,3
Kobe Bryant,34.0,LAL,2.0,78.0,78.0,3013.0,23.0,0.57,0.255,0.392,2.5,13.1,7.9,29.7,1.8,0.6,13.3,31.9,8.4,2.6,10.9,0.174,4.7,-0.1,4.6,5.0,"MVP-5,AS,NBA1",2013.0,0
James Harden,23.0,HOU,2.0,78.0,78.0,2985.0,22.9,0.6,0.364,0.592,2.4,11.9,7.2,25.7,2.4,1.0,14.9,29.0,9.8,3.0,12.8,0.206,5.2,0.5,5.6,5.8,"MVP-8,AS,NBA3",2013.0,0
Stephen Curry,24.0,GSW,1.0,78.0,78.0,2983.0,21.3,0.589,0.432,0.21,2.3,9.1,5.8,31.1,2.1,0.3,13.7,26.4,8.4,2.8,11.2,0.18,5.3,0.1,5.4,5.6,MVP-11,2013.0,0
Paul George,22.0,IND,3.0,79.0,79.0,2972.0,16.8,0.531,0.399,0.233,3.4,19.0,11.3,19.6,2.6,1.3,15.2,23.5,2.7,6.3,9.0,0.145,1.5,2.3,3.8,4.4,"DPOY-8,MIP-1,AS,NBA3,DEF2",2013.0,0
Klay Thompson,22.0,GSW,2.0,82.0,82.0,2936.0,12.7,0.533,0.437,0.13,1.2,10.0,5.7,10.1,1.5,1.2,11.0,21.8,1.7,2.6,4.3,0.07,-0.1,-0.2,-0.3,1.3,,2013.0,2
Jrue Holiday,22.0,PHI,1.0,78.0,78.0,2926.0,16.7,0.496,0.192,0.188,3.3,9.5,6.4,36.5,2.2,0.9,17.3,26.6,0.6,2.7,3.3,0.055,1.2,-0.7,0.5,1.9,AS,2013.0,2
O.J. Mayo,25.0,DAL,2.0,82.0,82.0,2913.0,13.9,0.556,0.34,0.227,1.4,9.6,5.6,19.4,1.6,0.6,15.7,20.9,2.3,1.8,4.2,0.069,0.1,-0.6,-0.5,1.1,,2013.0,3
David Lee,29.0,GSW,4.0,79.0,79.0,2907.0,19.2,0.561,0.003,0.276,8.5,24.5,16.8,16.5,1.2,0.6,13.7,23.2,5.4,3.7,9.1,0.15,1.4,0.4,1.8,2.8,"MVP-12,AS,NBA3",2013.0,0
Luol Deng,27.0,CHI,3.0,75.0,75.0,2903.0,15.1,0.508,0.213,0.258,6.3,12.6,9.4,13.2,1.5,0.8,10.6,21.5,3.0,3.3,6.3,0.105,1.0,-0.3,0.8,2.0,"DPOY-15,AS",2013.0,0
Brandon Jennings,23.0,MIL,1.0,80.0,80.0,2897.0,16.1,0.51,0.37,0.225,2.1,7.2,4.6,29.1,2.2,0.3,12.9,23.7,3.6,2.2,5.8,0.096,1.7,-0.6,1.1,2.2,,2013.0,0
Evan Turner,24.0,PHI,3.0,82.0,82.0,2892.0,12.1,0.478,0.151,0.198,2.1,18.5,10.1,19.7,1.3,0.5,14.0,21.2,-0.7,2.9,2.1,0.035,-2.2,-0.2,-2.3,-0.3,,2013.0,3
LeBron James,28.0,MIA,4.0,76.0,76.0,2877.0,31.6,0.64,0.188,0.395,4.4,20.8,13.1,36.4,2.4,1.9,12.4,30.2,14.6,4.7,19.3,0.322,9.3,2.4,11.7,9.9,"MVP-1,DPOY-2,AS,NBA1,DEF1",2013.0,0
Russell Westbrook,24.0,OKC,1.0,82.0,82.0,2861.0,23.9,0.532,0.195,0.375,4.8,11.8,8.6,38.4,2.6,0.6,13.2,32.8,7.7,3.9,11.6,0.195,4.6,-0.2,4.4,4.6,"MVP-9,DPOY-17,AS,NBA2",2013.0,0
Kemba Walker,22.0,CHA,1.0,82.0,82.0,2859.0,18.8,0.517,0.267,0.298,2.3,9.2,5.7,31.2,2.9,0.9,12.4,25.6,3.7,1.1,4.8,0.08,2.2,-0.8,1.4,2.4,,2013.0,2
Deron Williams,28.0,BRK,1.0,78.0,78.0,2842.0,20.3,0.574,0.398,0.328,1.2,8.5,4.8,37.5,1.4,0.8,14.5,24.4,9.1,1.8,10.9,0.184,4.5,-0.7,3.8,4.2,,2013.0,0
Nicolas Batum,24.0,POR,3.0,73.0,73.0,2807.0,15.7,0.566,0.533,0.252,4.0,13.2,8.5,20.3,1.7,2.2,17.0,18.2,3.8,1.9,5.8,0.099,2.3,0.5,2.8,3.4,,2013.0,3
Marc Gasol,28.0,MEM,5.0,80.0,80.0,2796.0,19.5,0.559,0.016,0.364,7.6,18.9,13.1,19.1,1.6,4.1,13.5,19.2,6.1,5.4,11.5,0.197,2.1,3.1,5.2,5.1,"MVP-12,DPOY-1,NBA2,DEF2",2013.0,0
LaMarcus Aldridge,27.0,POR,4.0,74.0,74.0,2790.0,20.4,0.53,0.011,0.264,7.2,20.9,14.0,13.0,1.2,2.5,8.9,26.5,4.8,2.3,7.2,0.124,1.7,-0.4,1.3,2.3,AS,2013.0,0
Andre Iguodala,29.0,DEN,2.0,80.0,80.0,2779.0,15.2,0.52,0.327,0.307,3.4,13.5,8.5,22.4,2.5,1.5,17.1,18.8,2.4,3.2,5.6,0.097,1.2,1.4,2.6,3.3,DPOY-9,2013.0,0
Chandler Parsons,24.0,HOU,3.0,76.0,76.0,2758.0,15.3,0.584,0.421,0.165,3.3,13.2,8.3,15.6,1.4,0.9,12.7,18.3,4.9,2.1,7.0,0.121,2.0,0.0,2.0,2.8,,2013.0,0
Mike Conley,25.0,MEM,1.0,80.0,80.0,2757.0,18.3,0.549,0.312,0.3,1.8,7.9,4.8,29.5,3.4,0.7,15.1,21.0,5.1,4.7,9.9,0.172,2.3,2.3,4.6,4.6,"DPOY-21,DEF2",2013.0,0
Al Horford,26.0,ATL,5.0,74.0,74.0,2756.0,19.8,0.56,0.006,0.196,8.2,23.0,15.7,15.3,1.5,2.2,11.3,21.8,4.7,4.1,8.8,0.153,1.3,0.6,1.9,2.7,,2013.0,0
Dwight Howard,27.0,LAL,5.0,76.0,76.0,2722.0,19.4,0.573,0.007,0.887,10.4,27.4,19.1,6.6,1.6,4.9,16.6,22.2,2.8,4.8,7.6,0.134,-0.6,1.1,0.6,1.8,"DPOY-14,AS,NBA3",2013.0,4
Greg Monroe,22.0,DET,5.0,81.0,81.0,2687.0,19.5,0.527,0.004,0.371,9.9,23.6,16.7,18.6,2.1,1.6,16.0,24.8,2.7,3.2,5.9,0.105,1.5,0.4,1.8,2.6,,2013.0,2
Rudy Gay,26.0,2TM,3.0,75.0,74.0,2687.0,15.6,0.494,0.208,0.235,4.3,16.3,10.2,13.6,2.3,1.6,12.5,27.2,0.1,3.9,4.0,0.072,0.5,0.5,1.1,2.1,,2013.0,0
Rudy Gay,26.0,MEM,3.0,42.0,42.0,1541.0,14.1,0.478,0.188,0.227,4.2,15.1,9.5,12.4,2.0,1.7,12.1,25.7,-0.2,2.6,2.4,0.075,-0.2,0.7,0.5,0.9,,2013.0,5
Greivis Vásquez,26.0,NOH,1.0,78.0,78.0,2685.0,16.3,0.502,0.24,0.152,1.9,13.3,7.5,44.9,1.3,0.2,18.6,23.0,3.0,0.7,3.8,0.067,1.6,-1.9,-0.4,1.1,,2013.0,0
Josh Smith,27.0,ATL,4.0,76.0,76.0,2683.0,17.7,0.501,0.17,0.272,5.8,21.3,13.6,20.9,1.8,3.9,14.6,26.7,-0.3,4.5,4.2,0.075,0.3,1.5,1.8,2.5,,2013.0,0
J.R. Smith,27.0,NYK,2.0,80.0,0.0,2678.0,17.6,0.522,0.349,0.249,2.7,16.3,9.3,14.5,2.0,0.8,8.8,26.5,4.0,2.7,6.7,0.12,1.6,-0.4,1.3,2.2,6MOY-1,2013.0,3
Joe Johnson,31.0,BRK,2.0,72.0,72.0,2642.0,14.1,0.521,0.375,0.153,2.4,7.4,4.9,16.7,1.0,0.4,9.9,21.7,3.9,1.2,5.1,0.092,1.4,-1.4,0.0,1.3,,2013.0,3
Jeremy Lin,24.0,HOU,1.0,82.0,82.0,2640.0,14.9,0.538,0.287,0.307,1.4,9.1,5.3,29.4,2.5,0.8,18.8,20.8,3.0,2.5,5.4,0.099,-0.1,0.4,0.3,1.5,,2013.0,0
Tayshaun Prince,32.0,2TM,3.0,82.0,81.0,2631.0,11.5,0.486,0.115,0.159,3.1,13.2,8.1,12.1,1.0,0.8,9.2,16.8,1.5,2.1,3.6,0.065,-0.9,-0.2,-1.2,0.5,,2013.0,3
Tayshaun Prince,32.0,DET,3.0,45.0,45.0,1457.0,12.5,0.502,0.11,0.192,3.3,13.4,8.3,12.6,0.8,0.7,9.3,18.1,1.2,0.6,1.7,0.057,-0.4,-1.0,-1.4,0.2,,2013.0,1
Thaddeus Young,24.0,PHI,4.0,76.0,76.0,2629.0,18.2,0.541,0.008,0.196,7.6,17.2,12.3,8.2,2.7,1.6,8.0,19.8,3.7,3.7,7.4,0.136,0.2,1.0,1.2,2.1,,2013.0,0
Jeff Teague,24.0,ATL,1.0,80.0,78.0,2628.0,16.8,0.543,0.255,0.232,1.1,6.7,3.9,36.1,2.3,0.8,17.6,23.0,3.5,2.6,6.1,0.111,0.9,-0.6,0.3,1.5,,2013.0,0
George Hill,26.0,IND,1.0,76.0,76.0,2620.0,16.6,0.558,0.405,0.245,2.0,9.9,6.0,23.4,1.6,0.7,10.7,18.8,5.9,3.8,9.7,0.177,2.2,1.1,3.3,3.5,,2013.0,0
Zach Randolph,31.0,MEM,4.0,76.0,75.0,2607.0,17.9,0.506,0.022,0.293,13.8,25.1,19.3,7.3,1.3,1.0,11.5,23.1,3.2,4.7,7.9,0.145,1.0,-0.7,0.2,1.5,AS,2013.0,0
Blake Griffin,23.0,LAC,4.0,80.0,80.0,2598.0,22.4,0.572,0.026,0.397,8.7,21.5,15.2,19.9,2.0,1.6,12.8,25.4,6.8,3.9,10.6,0.196,3.2,0.8,4.1,4.0,"AS,NBA2",2013.0,0
Goran Dragić,26.0,PHO,1.0,77.0,77.0,2581.0,17.5,0.54,0.305,0.36,2.6,8.0,5.2,35.7,2.5,0.8,16.8,21.7,4.1,1.6,5.7,0.106,1.7,-0.3,1.4,2.2,,2013.0,0
Al Jefferson,28.0,UTA,5.0,78.0,78.0,2578.0,20.9,0.522,0.014,0.176,7.0,25.9,16.3,12.0,1.6,2.7,7.3,25.3,4.3,3.3,7.7,0.143,2.2,0.1,2.4,2.8,,2013.0,0
Paul Pierce,35.0,BOS,3.0,77.0,77.0,2575.0,19.1,0.559,0.35,0.387,2.1,19.7,11.2,25.1,1.7,0.9,14.3,27.4,3.5,3.7,7.2,0.135,3.0,0.7,3.6,3.6,,2013.0,0
Tristan Thompson,21.0,CLE,4.0,82.0,82.0,2564.0,16.1,0.516,0.004,0.364,13.2,22.1,17.5,6.9,1.2,2.2,11.7,18.3,3.2,2.0,5.2,0.098,-0.2,-1.6,-1.8,0.1,,2013.0,2
Nikola Vučević,22.0,ORL,5.0,77.0,77.0,2559.0,17.8,0.534,0.003,0.142,12.0,28.4,20.2,9.3,1.2,2.4,13.0,19.3,2.8,2.9,5.7,0.106,0.0,-0.5,-0.5,0.9,,2013.0,2
Carlos Boozer,31.0,CHI,4.0,79.0,79.0,2546.0,17.1,0.51,0.002,0.232,7.8,27.2,17.4,13.4,1.4,0.8,12.3,25.8,1.4,4.3,5.7,0.108,-0.3,0.2,-0.1,1.2,,2013.0,0
Alonzo Gee,25.0,CLE,3.0,82.0,82.0,2541.0,10.5,0.505,0.294,0.276,3.3,11.7,7.3,8.2,2.2,0.9,13.7,16.9,0.5,1.5,1.9,0.036,-2.2,-0.3,-2.6,-0.4,,2013.0,3
Metta World Peace,33.0,LAL,3.0,75.0,66.0,2530.0,12.5,0.517,0.5,0.205,4.5,11.5,8.1,6.9,2.5,1.2,9.8,17.5,1.9,2.6,4.6,0.086,-0.5,0.9,0.4,1.5,,2013.0,3
Ty Lawson,25.0,DEN,1.0,73.0,71.0,2513.0,17.9,0.549,0.239,0.32,1.6,7.1,4.4,30.2,2.1,0.2,14.1,22.3,5.6,1.8,7.4,0.141,2.5,-0.5,2.0,2.5,MVP-12,2013.0,0
Ryan Anderson,24.0,NOH,4.0,81.0,22.0,2503.0,18.1,0.548,0.5,0.161,8.9,15.9,12.4,6.9,0.9,1.0,7.5,24.0,5.7,0.8,6.5,0.125,4.1,-2.1,2.0,2.5,6MOY-5,2013.0,4
Serge Ibaka,23.0,OKC,4.0,80.0,80.0,2486.0,19.4,0.612,0.073,0.246,11.1,17.0,14.2,2.8,0.6,7.4,12.7,18.1,5.3,4.1,9.4,0.181,0.9,0.7,1.5,2.2,"DPOY-3,DEF1",2013.0,4
Carmelo Anthony,28.0,NYK,4.0,67.0,67.0,2482.0,24.8,0.56,0.278,0.344,6.1,15.9,10.8,14.1,1.1,1.1,9.3,35.6,7.5,2.0,9.5,0.184,6.0,-1.7,4.3,3.9,"MVP-3,AS,NBA2",2013.0,0
Luke Ridnour,31.0,MIN,2.0,82.0,82.0,2474.0,13.0,0.532,0.261,0.202,1.8,7.9,4.8,21.0,1.7,0.5,12.8,18.3,2.6,1.8,4.3,0.084,-1.0,0.2,-0.8,0.8,,2013.0,3
Ömer Aşık,26.0,HOU,5.0,82.0,82.0,2464.0,14.9,0.558,0.002,0.487,12.8,31.0,22.0,4.6,0.9,2.7,18.8,16.3,2.0,3.5,5.5,0.108,-1.3,-0.3,-1.6,0.3,,2013.0,4
Chris Bosh,28.0,MIA,5.0,74.0,74.0,2454.0,20.0,0.592,0.082,0.333,7.0,17.6,12.6,8.4,1.4,3.4,11.0,22.7,5.6,3.4,9.0,0.175,1.5,-0.2,1.3,2.1,AS,2013.0,0
David West,32.0,IND,4.0,73.0,73.0,2435.0,20.1,0.545,0.019,0.312,6.8,18.8,12.9,16.8,1.6,2.1,12.0,24.4,4.4,4.7,9.1,0.179,2.4,1.5,4.0,3.7,,2013.0,0
Joakim Noah,27.0,CHI,5.0,66.0,64.0,2426.0,18.1,0.534,0.008,0.376,12.2,22.6,17.3,17.6,1.7,4.4,19.3,17.2,2.7,4.7,7.3,0.145,0.6,2.7,3.4,3.3,"MVP-12,DPOY-4,AS,DEF1",2013.0,4
Wesley Matthews,26.0,POR,2.0,69.0,69.0,2403.0,14.1,0.574,0.526,0.231,1.7,7.6,4.6,11.8,2.0,0.6,10.9,19.1,3.6,1.0,4.7,0.093,0.7,-0.2,0.5,1.5,,2013.0,5
Dwyane Wade,31.0,MIA,2.0,69.0,69.0,2391.0,24.0,0.571,0.06,0.389,4.7,12.6,8.9,26.6,2.8,1.9,13.2,29.5,6.1,3.5,9.6,0.192,3.7,0.7,4.4,3.8,"MVP-10,DPOY-16,AS,NBA3",2013.0,0
JJ Redick,28.0,2TM,2.0,78.0,13.0,2379.0,14.7,0.571,0.513,0.216,0.8,7.3,4.0,20.0,0.8,0.3,12.5,20.8,4.0,0.5,4.5,0.091,1.3,-1.7,-0.4,0.9,6MOY-14,2013.0,3
JJ Redick,28.0,ORL,2.0,50.0,11.0,1575.0,16.1,0.592,0.515,0.222,0.6,7.9,4.3,22.7,1.0,0.2,14.1,21.5,3.0,0.2,3.2,0.097,2.2,-1.8,0.4,0.9,,2013.0,0
Paul Millsap,27.0,UTA,4.0,78.0,78.0,2375.0,19.8,0.55,0.045,0.407,8.6,18.8,13.7,14.5,2.3,2.7,11.8,22.4,4.8,2.9,7.6,0.154,1.7,1.0,2.7,2.8,,2013.0,0
Darren Collison,25.0,DAL,1.0,81.0,47.0,2372.0,16.3,0.575,0.188,0.38,1.5,8.7,5.1,26.8,2.2,0.3,17.0,19.6,4.0,1.7,5.6,0.114,0.4,-0.3,0.1,1.3,,2013.0,3
Brandon Knight,21.0,DET,1.0,75.0,75.0,2365.0,12.0,0.511,0.372,0.256,2.6,9.6,6.0,21.3,1.3,0.3,17.3,22.8,0.3,0.8,1.1,0.022,-0.9,-1.9,-2.8,-0.5,,2013.0,2
Jarrett Jack,29.0,GSW,2.0,79.0,4.0,2349.0,15.9,0.542,0.237,0.231,1.0,10.1,5.7,29.9,1.3,0.4,14.3,21.0,3.9,1.8,5.6,0.115,1.1,-0.6,0.5,1.4,6MOY-3,2013.0,3
Chris Paul,27.0,LAC,1.0,70.0,70.0,2335.0,26.4,0.594,0.271,0.377,2.8,10.5,6.7,46.5,3.8,0.4,13.7,22.6,10.6,3.4,13.9,0.287,6.4,2.4,8.8,6.4,"MVP-4,DPOY-11,AS,NBA1,DEF1",2013.0,0
Amir Johnson,25.0,TOR,4.0,81.0,38.0,2325.0,17.3,0.591,0.021,0.309,11.4,20.0,15.6,8.7,1.8,3.8,14.5,16.1,4.4,2.9,7.3,0.151,0.0,1.0,1.0,1.8,,2013.0,4
J.J. Hickson,24.0,POR,5.0,80.0,80.0,2323.0,19.7,0.591,0.003,0.36,13.2,28.5,20.7,6.6,1.1,1.7,14.4,19.9,4.6,2.3,6.9,0.142,1.3,-1.1,0.2,1.3,,2013.0,4
Raymond Felton,28.0,NYK,1.0,68.0,68.0,2313.0,15.2,0.505,0.293,0.145,2.5,7.5,4.9,27.0,2.2,0.5,14.2,22.1,2.5,1.7,4.2,0.087,0.9,-0.8,0.1,1.2,,2013.0,0
Danilo Gallinari,24.0,DEN,3.0,71.0,71.0,2309.0,16.7,0.561,0.416,0.4,3.2,14.4,8.9,11.2,1.4,1.2,9.8,21.3,5.2,2.0,7.2,0.151,2.9,-0.1,2.8,2.8,,2013.0,0
Arron Afflalo,27.0,ORL,3.0,64.0,64.0,2307.0,13.0,0.527,0.265,0.246,1.4,10.3,5.8,14.6,0.9,0.4,12.1,22.5,1.5,0.5,2.0,0.042,-1.1,-1.8,-2.9,-0.5,,2013.0,3
Kyle Singler,24.0,DET,3.0,82.0,74.0,2293.0,10.0,0.517,0.312,0.193,5.4,11.3,8.3,5.3,1.3,1.3,12.3,15.8,1.1,1.2,2.3,0.048,-2.2,-0.8,-3.0,-0.6,,2013.0,3
DeMarcus Cousins,22.0,SAC,5.0,75.0,74.0,2289.0,20.2,0.524,0.021,0.408,10.9,27.0,18.7,15.3,2.4,1.9,15.5,28.1,2.0,2.3,4.4,0.092,0.7,-0.5,0.2,1.2,,2013.0,2
Jason Thompson,26.0,SAC,4.0,82.0,81.0,2285.0,14.6,0.533,0.004,0.277,8.4,19.5,13.8,6.0,1.1,2.1,10.8,18.2,2.7,0.9,3.6,0.075,-1.0,-1.6,-2.6,-0.3,,2013.0,3
Lance Stephenson,22.0,IND,2.0,78.0,72.0,2278.0,11.8,0.53,0.314,0.192,2.3,12.3,7.4,16.2,1.9,0.5,14.4,15.2,1.8,3.6,5.5,0.115,-1.7,1.7,0.0,1.2,,2013.0,2
John Salmons,33.0,SAC,3.0,76.0,72.0,2278.0,10.2,0.509,0.436,0.18,1.6,9.0,5.2,14.8,1.1,0.9,11.4,14.5,1.8,-0.1,1.6,0.034,-1.1,-1.5,-2.5,-0.3,,2013.0,3
Roy Hibbert,26.0,IND,5.0,79.0,79.0,2269.0,17.3,0.489,0.005,0.261,14.8,17.4,16.1,8.9,0.9,6.7,14.5,22.5,1.3,4.9,6.1,0.129,-1.7,1.4,-0.3,0.9,DPOY-10,2013.0,4
Kyle Korver,31.0,ATL,3.0,74.0,60.0,2259.0,13.9,0.637,0.689,0.13,1.2,13.5,7.4,9.9,1.6,1.3,9.9,14.5,4.0,2.5,6.4,0.137,1.1,0.7,1.8,2.2,,2013.0,1
Brook Lopez,24.0,BRK,5.0,74.0,74.0,2253.0,24.7,0.567,0.001,0.358,10.8,16.1,13.4,6.4,0.8,5.2,9.4,28.6,6.4,2.6,9.0,0.191,3.4,-0.2,3.2,3.0,AS,2013.0,0
Jeff Green,26.0,BOS,4.0,81.0,17.0,2252.0,15.0,0.561,0.226,0.329,3.0,13.4,8.3,9.6,1.3,2.4,12.5,22.2,1.9,2.8,4.7,0.099,-0.2,-0.1,-0.3,1.0,,2013.0,4
Randy Foye,29.0,UTA,2.0,82.0,72.0,2249.0,11.7,0.55,0.588,0.195,0.9,5.8,3.3,11.7,1.5,0.9,10.3,18.1,2.8,0.9,3.7,0.08,0.1,-0.7,-0.6,0.8,,2013.0,3
Kenneth Faried,23.0,DEN,4.0,80.0,80.0,2248.0,18.5,0.573,0.0,0.386,13.2,23.2,18.3,5.1,1.8,2.9,12.3,17.7,4.5,3.4,7.8,0.167,0.9,0.2,1.1,1.7,DPOY-17,2013.0,0
Brandon Bass,27.0,BOS,4.0,81.0,69.0,2239.0,12.3,0.535,0.003,0.255,7.0,15.2,11.2,6.0,1.0,2.3,10.9,15.5,2.0,2.7,4.7,0.101,-1.9,0.0,-1.9,0.1,,2013.0,3
Spencer Hawes,24.0,PHI,5.0,82.0,40.0,2233.0,16.0,0.514,0.107,0.194,8.5,21.7,14.9,13.5,0.6,3.9,13.0,20.9,1.7,2.8,4.5,0.096,-1.1,0.6,-0.5,0.9,,2013.0,4
Jamal Crawford,32.0,LAC,2.0,76.0,0.0,2230.0,16.8,0.558,0.39,0.244,1.2,5.6,3.4,14.4,1.9,0.5,11.5,26.0,3.7,1.7,5.4,0.116,2.3,-1.3,1.0,1.7,6MOY-2,2013.0,3
Thabo Sefolosha,28.0,OKC,2.0,81.0,81.0,2229.0,12.8,0.617,0.554,0.148,3.2,12.4,8.2,8.2,2.4,1.5,11.4,11.4,3.6,3.1,6.8,0.146,0.6,1.8,2.4,2.5,,2013.0,3
Danny Green,25.0,SAS,2.0,80.0,80.0,2201.0,14.1,0.6,0.623,0.119,2.0,10.3,6.4,9.5,2.1,1.8,11.9,16.6,2.6,3.2,5.9,0.128,1.4,1.4,2.8,2.7,,2013.0,3
Martell Webster,26.0,WAS,3.0,76.0,62.0,2200.0,13.9,0.601,0.517,0.311,2.7,12.2,7.4,10.7,1.2,0.6,11.1,16.9,3.9,2.4,6.3,0.138,0.5,0.3,0.8,1.6,,2013.0,3
Bismack Biyombo,20.0,CHA,5.0,80.0,65.0,2186.0,10.1,0.472,0.0,0.41,9.9,20.9,15.2,2.5,0.7,5.3,16.7,10.2,0.1,1.3,1.4,0.031,-3.6,-0.8,-4.4,-1.3,,2013.0,2
Luis Scola,32.0,PHO,4.0,82.0,67.0,2184.0,16.7,0.516,0.017,0.251,8.1,20.4,14.1,14.5,1.6,1.2,11.0,23.3,2.4,1.9,4.4,0.096,-0.3,-0.2,-0.5,0.8,,2013.0,4
Tony Parker,30.0,SAS,1.0,66.0,66.0,2174.0,23.0,0.588,0.068,0.332,1.0,9.1,5.3,40.4,1.3,0.2,13.0,27.7,7.1,2.3,9.3,0.206,4.1,-0.5,3.6,3.1,"MVP-6,AS,NBA2",2013.0,0
Rodney Stuckey,26.0,DET,2.0,76.0,24.0,2171.0,13.0,0.505,0.243,0.364,2.2,9.1,5.6,20.3,1.2,0.6,13.4,21.0,1.7,0.8,2.5,0.055,-0.6,-1.3,-1.8,0.1,,2013.0,3
Jared Dudley,27.0,PHO,3.0,79.0,50.0,2170.0,14.9,0.582,0.405,0.242,4.1,8.9,6.4,14.9,1.8,0.3,12.0,17.2,3.9,0.9,4.8,0.106,1.0,-0.4,0.6,1.5,,2013.0,3
Tyson Chandler,30.0,NYK,5.0,66.0,66.0,2164.0,18.9,0.671,0.0,0.645,14.1,24.3,19.0,4.5,1.0,3.0,14.5,13.0,6.7,2.6,9.3,0.207,1.5,-0.3,1.3,1.8,"DPOY-13,AS,DEF1",2013.0,4
José Calderón,31.0,2TM,1.0,73.0,58.0,2160.0,18.8,0.616,0.444,0.126,1.1,8.6,4.8,39.8,1.4,0.3,15.8,17.0,6.6,0.9,7.4,0.165,4.3,-1.2,3.1,2.8,,2013.0,0
José Calderón,31.0,TOR,1.0,45.0,30.0,1273.0,19.2,0.594,0.462,0.131,1.3,8.7,5.0,43.7,1.2,0.4,15.1,18.1,4.0,0.5,4.4,0.167,5.0,-1.4,3.6,1.8,,2013.0,0
Andre Miller,36.0,DEN,1.0,82.0,11.0,2151.0,15.7,0.548,0.101,0.307,3.2,9.1,6.2,32.2,1.7,0.4,19.3,17.9,3.9,1.5,5.4,0.12,1.1,-0.2,0.9,1.6,6MOY-6,2013.0,3
Robin Lopez,24.0,NOH,5.0,82.0,82.0,2136.0,18.9,0.573,0.0,0.288,12.4,13.4,12.9,5.3,0.8,5.0,12.0,20.0,4.4,1.2,5.6,0.126,1.3,-0.7,0.6,1.4,,2013.0,4
Kevin Martin,29.0,OKC,2.0,77.0,0.0,2136.0,16.0,0.608,0.477,0.316,1.8,7.4,4.8,7.9,1.7,0.3,10.2,21.0,5.0,2.0,7.0,0.157,1.7,-0.7,1.0,1.6,6MOY-4,2013.0,3
Jimmy Butler,23.0,CHI,3.0,82.0,20.0,2134.0,15.2,0.574,0.205,0.455,7.2,10.4,8.8,8.6,2.0,1.1,9.2,14.6,4.4,2.6,7.0,0.158,1.0,1.0,2.0,2.1,DPOY-17,2013.0,0
Gerald Henderson,25.0,CHA,2.0,68.0,58.0,2133.0,16.4,0.531,0.117,0.366,2.9,10.8,6.7,15.6,1.7,1.3,9.8,23.5,2.9,0.3,3.3,0.073,0.3,-1.4,-1.1,0.5,,2013.0,0
Jason Terry,35.0,BOS,2.0,79.0,24.0,2124.0,12.8,0.566,0.511,0.202,1.1,7.6,4.4,14.9,1.6,0.4,12.6,18.0,2.1,1.9,4.0,0.091,0.0,-0.2,-0.2,1.0,,2013.0,3
Isaiah Thomas,23.0,SAC,1.0,79.0,62.0,2122.0,17.5,0.574,0.386,0.345,1.5,7.3,4.4,24.6,1.6,0.1,12.7,23.0,5.2,-0.1,5.0,0.114,2.5,-2.0,0.5,1.3,,2013.0,0
Tony Allen,31.0,MEM,2.0,79.0,79.0,2109.0,13.2,0.489,0.038,0.293,6.6,13.8,10.2,7.6,3.1,1.7,11.5,17.8,1.0,4.1,5.1,0.115,-2.0,2.4,0.4,1.2,"DPOY-5,DEF1",2013.0,3
Gordon Hayward,22.0,UTA,3.0,72.0,27.0,2104.0,16.8,0.564,0.318,0.38,2.8,9.8,6.3,16.7,1.5,1.4,11.7,22.1,4.2,1.2,5.4,0.123,2.5,-0.5,2.0,2.1,6MOY-14,2013.0,2
Vince Carter,36.0,DAL,3.0,81.0,3.0,2093.0,17.8,0.571,0.467,0.261,3.1,14.4,8.9,15.0,1.8,1.6,10.0,23.1,3.9,2.0,6.0,0.137,2.7,0.3,3.1,2.6,6MOY-14,2013.0,3
Nate Robinson,28.0,CHI,1.0,82.0,23.0,2086.0,17.4,0.54,0.378,0.183,1.6,8.6,5.1,31.4,2.2,0.4,12.6,25.1,3.5,2.4,5.9,0.136,2.5,0.3,2.8,2.5,6MOY-8,2013.0,3
Tim Duncan,36.0,SAS,5.0,69.0,69.0,2078.0,24.4,0.554,0.007,0.307,7.3,29.6,19.1,15.5,1.2,6.4,11.7,27.8,3.4,4.9,8.3,0.191,2.4,2.9,5.3,3.8,"MVP-7,DPOY-6,AS,NBA1,DEF2",2013.0,0
Gerald Wallace,30.0,BRK,3.0,69.0,68.0,2076.0,11.6,0.49,0.356,0.415,3.9,14.3,9.1,13.3,2.5,1.7,16.9,14.5,0.6,2.5,3.1,0.072,-1.2,1.8,0.7,1.3,,2013.0,5
Mario Chalmers,26.0,MIA,1.0,77.0,77.0,2068.0,13.3,0.576,0.569,0.212,1.2,8.6,5.1,19.4,3.0,0.5,17.1,16.1,2.6,2.5,5.2,0.12,-0.5,0.9,0.4,1.3,,2013.0,5
Al-Farouq Aminu,22.0,NOH,3.0,76.0,71.0,2066.0,13.7,0.519,0.04,0.289,7.9,26.2,16.9,7.8,2.4,2.1,17.8,14.6,0.7,2.4,3.1,0.073,-1.3,1.2,-0.1,1.0,,2013.0,2
Harrison Barnes,20.0,GSW,3.0,81.0,81.0,2058.0,11.0,0.526,0.231,0.303,2.9,14.5,8.9,7.3,1.3,0.5,12.4,17.7,0.9,1.9,2.8,0.065,-1.6,-0.1,-1.7,0.1,ROY-6,2013.0,2
Matt Barnes,32.0,LAC,3.0,80.0,4.0,2058.0,15.5,0.566,0.481,0.173,6.5,14.5,10.6,9.2,2.1,2.6,11.0,18.1,3.5,2.8,6.3,0.146,1.1,0.7,1.8,2.0,,2013.0,3
Emeka Okafor,30.0,WAS,5.0,79.0,77.0,2052.0,15.8,0.496,0.0,0.278,10.7,26.8,18.7,7.9,1.1,3.0,12.2,19.5,0.7,3.7,4.5,0.104,-1.0,0.3,-0.7,0.7,,2013.0,4
Kyrie Irving,20.0,CLE,1.0,59.0,59.0,2048.0,21.4,0.553,0.261,0.271,1.8,10.8,6.1,32.7,2.3,0.8,13.8,30.2,4.2,1.1,5.3,0.125,4.3,-0.7,3.7,3.0,AS,2013.0,0
Jason Kidd,39.0,NYK,2.0,76.0,48.0,2043.0,13.5,0.532,0.795,0.117,2.8,16.2,9.3,17.8,3.3,1.1,15.0,11.6,2.6,2.8,5.4,0.128,0.6,2.7,3.3,2.7,,2013.0,5
Ray Allen,37.0,MIA,2.0,79.0,0.0,2035.0,14.7,0.599,0.51,0.243,2.6,10.1,6.6,10.2,1.7,0.6,12.5,19.3,3.4,1.9,5.4,0.126,1.1,-0.8,0.3,1.2,,2013.0,3
Andrei Kirilenko,31.0,MIN,3.0,64.0,64.0,2034.0,17.6,0.59,0.214,0.446,5.6,15.1,10.2,14.4,2.4,2.4,15.1,17.4,3.4,2.6,6.0,0.142,1.8,1.8,3.5,2.9,,2013.0,0
Tyler Zeller,23.0,CLE,5.0,77.0,55.0,2033.0,11.0,0.486,0.007,0.281,8.7,16.7,12.5,7.4,0.9,2.8,13.1,15.9,0.8,1.2,2.0,0.048,-3.1,-0.9,-4.0,-1.0,,2013.0,4
Michael Kidd-Gilchrist,19.0,CHA,3.0,78.0,77.0,2025.0,14.0,0.506,0.015,0.305,7.2,18.9,12.9,10.1,1.4,2.8,12.7,17.9,1.1,1.0,2.1,0.051,-1.6,-0.9,-2.6,-0.3,ROY-8,2013.0,2
Kevin Garnett,36.0,BOS,5.0,68.0,68.0,2022.0,19.2,0.535,0.019,0.236,4.5,25.8,15.5,14.4,2.0,2.4,10.5,24.5,1.8,3.8,5.6,0.133,0.9,1.7,2.6,2.3,"MVP-12,AS",2013.0,0
Kyle Lowry,26.0,TOR,1.0,68.0,52.0,2020.0,17.5,0.543,0.448,0.384,3.2,15.9,9.5,34.6,2.5,1.0,17.7,20.3,3.5,2.1,5.6,0.133,2.0,0.9,2.9,2.5,,2013.0,0
Tyreke Evans,23.0,SAC,2.0,65.0,61.0,2016.0,18.1,0.558,0.174,0.354,3.1,13.5,8.2,19.0,2.3,1.0,12.6,22.3,3.6,0.8,4.4,0.105,2.0,-0.2,1.8,1.9,,2013.0,0
Ersan İlyasova,25.0,MIL,4.0,73.0,54.0,2012.0,18.3,0.552,0.267,0.196,7.9,20.3,13.9,9.6,1.7,1.3,7.9,20.5,4.1,2.5,6.7,0.159,2.0,0.0,2.0,2.0,,2013.0,0
DeAndre Jordan,24.0,LAC,5.0,82.0,82.0,2010.0,17.2,0.606,0.0,0.51,12.7,22.4,17.6,2.2,1.3,4.7,14.3,15.9,3.0,3.2,6.2,0.148,-0.1,-0.2,-0.2,0.9,,2013.0,4
Dante Cunningham,25.0,MIN,4.0,80.0,9.0,2010.0,13.3,0.485,0.009,0.154,7.8,15.6,11.6,5.7,2.2,1.5,7.3,17.2,1.1,2.4,3.5,0.084,-1.8,0.4,-1.4,0.3,,2013.0,4
Shawn Marion,34.0,DAL,4.0,67.0,67.0,2010.0,18.0,0.553,0.106,0.146,8.2,20.6,14.5,13.1,1.9,1.8,12.3,19.0,2.9,2.5,5.3,0.127,1.6,0.6,2.2,2.1,,2013.0,0
Corey Brewer,26.0,DEN,3.0,82.0,2.0,2003.0,14.7,0.506,0.348,0.245,3.1,9.9,6.6,9.5,3.0,0.9,9.4,23.4,1.7,2.2,3.9,0.093,-0.2,0.6,0.4,1.2,6MOY-8,2013.0,3
Tiago Splitter,28.0,SAS,4.0,81.0,58.0,1997.0,18.7,0.609,0.004,0.506,8.8,20.3,14.9,10.0,1.6,2.3,12.7,18.2,4.7,3.5,8.2,0.197,0.8,1.3,2.2,2.1,,2013.0,4
Jameer Nelson,30.0,ORL,1.0,56.0,56.0,1977.0,14.4,0.498,0.455,0.131,1.3,10.6,6.0,33.3,1.9,0.2,15.7,22.5,1.1,1.0,2.1,0.05,0.1,-1.3,-1.2,0.4,,2013.0,5
Maurice Harkless,19.0,ORL,3.0,76.0,59.0,1974.0,12.5,0.504,0.207,0.227,7.0,12.2,9.6,3.9,2.3,2.4,10.0,15.9,0.7,1.7,2.4,0.059,-1.6,0.3,-1.3,0.4,,2013.0,2
Reggie Evans,32.0,BRK,4.0,80.0,56.0,1967.0,12.8,0.506,0.0,0.851,15.5,38.0,26.7,3.2,2.0,0.5,23.6,11.0,0.8,3.5,4.3,0.105,-1.7,0.0,-1.7,0.1,,2013.0,4
Nikola Peković,27.0,MIN,5.0,62.0,62.0,1959.0,20.2,0.572,0.0,0.437,13.0,19.0,15.9,4.9,1.1,2.0,10.3,22.5,4.6,2.1,6.7,0.163,1.7,-1.2,0.5,1.2,,2013.0,4
Kendrick Perkins,28.0,OKC,5.0,78.0,78.0,1954.0,8.2,0.479,0.003,0.23,7.0,19.5,13.7,7.9,1.1,3.2,24.0,10.6,-0.5,3.0,2.5,0.062,-3.2,1.4,-1.8,0.1,,2013.0,4
Mike Dunleavy,32.0,MIL,3.0,75.0,3.0,1943.0,13.6,0.577,0.479,0.205,1.7,14.9,8.0,11.5,1.0,1.3,11.7,17.3,2.7,1.7,4.4,0.109,0.5,-0.2,0.4,1.2,,2013.0,3
Courtney Lee,27.0,BOS,2.0,78.0,39.0,1941.0,11.7,0.545,0.294,0.136,1.9,9.4,5.8,11.7,2.4,0.9,13.0,15.7,0.9,2.4,3.3,0.082,-1.8,1.2,-0.5,0.7,,2013.0,3
Larry Sanders,24.0,MIL,5.0,71.0,55.0,1937.0,18.7,0.523,0.003,0.225,12.0,25.8,18.6,6.8,1.4,7.6,11.6,16.9,2.3,3.7,6.0,0.149,-1.1,2.0,1.0,1.5,DPOY-7,2013.0,4
Derrick Williams,21.0,MIN,4.0,78.0,56.0,1916.0,14.5,0.515,0.249,0.346,5.6,20.6,12.8,4.2,1.2,1.5,10.0,23.5,1.0,2.1,3.0,0.076,-0.5,-1.0,-1.5,0.2,,2013.0,2
P.J. Tucker,27.0,PHO,2.0,79.0,45.0,1910.0,11.6,0.525,0.158,0.194,7.7,13.3,10.4,8.6,1.7,0.7,12.2,12.8,1.8,1.2,2.9,0.074,-1.3,-0.1,-1.5,0.2,,2013.0,3
Marco Belinelli,26.0,CHI,2.0,73.0,27.0,1882.0,10.4,0.513,0.362,0.275,0.8,7.8,4.3,12.9,1.3,0.2,10.7,18.7,1.3,1.6,3.0,0.076,-1.9,-0.4,-2.3,-0.1,,2013.0,1
Caron Butler,32.0,LAC,3.0,78.0,78.0,1879.0,12.4,0.535,0.458,0.125,2.6,11.4,7.1,6.5,1.4,0.5,8.7,20.2,1.9,1.6,3.6,0.091,-0.1,-1.2,-1.3,0.3,,2013.0,3
Carl Landry,29.0,GSW,4.0,81.0,2.0,1876.0,17.5,0.605,0.005,0.453,10.9,17.3,14.2,5.6,0.9,1.3,13.7,20.0,4.3,1.9,6.2,0.159,0.5,-0.7,-0.2,0.8,6MOY-8,2013.0,4
Marcin Gortat,28.0,PHO,5.0,61.0,61.0,1876.0,15.4,0.543,0.005,0.244,7.6,24.0,15.6,6.5,1.1,3.9,13.6,17.2,1.3,2.1,3.4,0.086,-0.8,0.3,-0.5,0.7,,2013.0,4
Anthony Davis,19.0,NOH,4.0,64.0,60.0,1846.0,21.7,0.559,0.009,0.333,10.5,23.5,16.8,6.1,2.2,5.1,10.3,21.8,3.7,2.4,6.1,0.159,1.8,0.7,2.5,2.1,ROY-2,2013.0,2
Alexey Shved,24.0,MIN,2.0,77.0,16.0,1840.0,11.0,0.474,0.454,0.236,2.5,8.6,5.4,25.2,1.5,1.1,17.3,20.6,-0.6,1.4,0.8,0.02,-1.1,-0.6,-1.7,0.1,,2013.0,3
Markieff Morris,23.0,PHO,4.0,82.0,32.0,1837.0,12.6,0.473,0.205,0.194,7.9,16.7,12.3,9.4,2.2,2.6,12.8,19.7,-0.2,1.9,1.7,0.044,-2.2,0.2,-1.9,0.0,,2013.0,4
Kosta Koufos,23.0,DEN,5.0,81.0,81.0,1817.0,17.2,0.585,0.002,0.205,13.3,21.2,17.3,2.6,1.2,4.4,8.7,14.5,3.9,2.5,6.5,0.171,0.2,0.4,0.6,1.2,,2013.0,4
Kawhi Leonard,21.0,SAS,3.0,58.0,57.0,1810.0,16.4,0.592,0.331,0.24,4.3,17.1,11.1,7.7,2.7,1.3,9.6,16.4,3.0,3.3,6.2,0.166,1.1,2.0,3.1,2.3,,2013.0,2
Jason Maxiell,29.0,DET,4.0,72.0,71.0,1789.0,11.3,0.478,0.0,0.317,8.5,18.0,13.2,4.7,0.9,4.2,13.5,15.3,0.1,1.7,1.8,0.047,-3.3,-0.1,-3.4,-0.6,,2013.0,3
Derrick Favors,21.0,UTA,4.0,77.0,8.0,1787.0,17.5,0.533,0.009,0.458,11.9,24.0,17.9,6.8,2.0,5.7,15.9,20.6,1.5,2.9,4.4,0.117,-1.6,1.1,-0.5,0.7,,2013.0,2
Shane Battier,34.0,MIA,3.0,72.0,20.0,1786.0,10.7,0.623,0.873,0.105,2.7,8.4,5.7,5.7,1.2,2.5,8.2,11.0,2.8,1.6,4.4,0.119,0.9,0.1,1.0,1.4,6MOY-12,2013.0,1
Dorell Wright,27.0,PHI,3.0,79.0,8.0,1783.0,16.0,0.551,0.603,0.235,2.6,17.0,9.6,13.1,1.8,1.5,8.8,18.7,2.8,2.1,4.9,0.132,1.9,0.6,2.6,2.1,,2013.0,3
Patrick Patterson,23.0,2TM,4.0,71.0,41.0,1775.0,15.2,0.566,0.212,0.101,7.2,14.4,10.8,7.5,0.9,1.7,8.6,17.6,3.1,1.0,4.1,0.111,0.9,-0.9,-0.1,0.9,,2013.0,4
Patrick Patterson,23.0,HOU,4.0,47.0,38.0,1219.0,15.5,0.571,0.211,0.108,6.9,13.6,10.3,7.0,0.7,1.7,8.1,18.6,2.2,0.8,3.0,0.12,1.1,-0.9,0.2,0.7,,2013.0,4
Jerryd Bayless,24.0,MEM,1.0,80.0,4.0,1765.0,13.5,0.514,0.324,0.196,1.4,10.5,5.9,24.9,1.8,0.8,15.1,20.8,1.5,2.5,4.0,0.108,-0.6,0.7,0.1,1.0,,2013.0,3
Kirk Hinrich,32.0,CHI,1.0,60.0,60.0,1764.0,10.8,0.493,0.431,0.232,1.0,9.3,5.1,27.5,1.9,1.1,17.5,14.7,1.0,2.1,3.1,0.085,-2.0,1.2,-0.9,0.5,,2013.0,5
Dion Waiters,21.0,CLE,2.0,61.0,48.0,1756.0,13.7,0.492,0.249,0.261,1.4,8.8,4.9,18.4,1.7,0.7,11.8,26.1,0.3,0.6,0.9,0.026,-0.4,-1.8,-2.1,-0.1,ROY-5,2013.0,2
Bradley Beal,19.0,WAS,2.0,56.0,46.0,1745.0,13.6,0.515,0.344,0.231,2.7,10.8,6.7,13.7,1.5,1.3,10.6,22.2,1.0,2.0,3.0,0.082,0.0,0.2,0.2,1.0,ROY-3,2013.0,2
Marvin Williams,26.0,UTA,3.0,73.0,51.0,1727.0,10.9,0.515,0.353,0.211,3.7,14.3,8.9,6.9,1.1,1.7,10.5,15.1,1.1,1.1,2.3,0.063,-0.8,-0.4,-1.2,0.4,,2013.0,1
Marcus Thornton,25.0,SAC,2.0,72.0,8.0,1726.0,16.3,0.552,0.49,0.163,3.2,9.0,6.0,9.0,1.8,0.2,7.6,23.1,3.1,0.1,3.2,0.089,2.3,-2.0,0.3,1.0,,2013.0,3
Kevin Séraphin,23.0,WAS,5.0,79.0,8.0,1721.0,10.3,0.478,0.0,0.123,6.8,15.5,11.1,6.1,0.7,2.7,14.7,23.5,-2.1,2.2,0.1,0.004,-4.9,-0.7,-5.5,-1.5,,2013.0,4
J.J. Barea,28.0,MIN,1.0,74.0,2.0,1713.0,14.1,0.51,0.369,0.177,2.2,11.9,6.9,30.6,1.0,0.0,15.1,25.1,0.8,1.0,1.9,0.053,0.7,-1.3,-0.6,0.6,,2013.0,5
Boris Diaw,30.0,SAS,4.0,75.0,20.0,1709.0,11.9,0.603,0.235,0.196,4.7,12.0,8.6,15.0,1.6,1.1,18.9,12.0,2.2,2.3,4.4,0.124,-0.7,1.5,0.8,1.2,,2013.0,4
Jordan Crawford,24.0,2TM,2.0,70.0,14.0,1709.0,13.8,0.512,0.339,0.219,2.9,10.9,6.9,23.5,1.2,0.3,15.1,25.3,0.2,1.7,1.9,0.052,0.3,-1.1,-0.9,0.5,6MOY-7,2013.0,5
Jordan Crawford,24.0,WAS,2.0,43.0,12.0,1127.0,14.7,0.512,0.337,0.209,3.0,10.3,6.6,25.5,1.2,0.4,14.9,26.4,0.2,1.1,1.4,0.058,1.3,-0.8,0.5,0.7,,2013.0,3
Ricky Rubio,22.0,MIN,1.0,57.0,47.0,1691.0,16.2,0.482,0.179,0.514,2.9,12.9,7.7,38.8,4.2,0.2,21.4,21.2,0.4,2.6,3.0,0.085,-0.8,1.9,1.1,1.3,,2013.0,0
Carlos Delfino,30.0,HOU,3.0,67.0,5.0,1689.0,13.3,0.549,0.679,0.09,1.2,13.4,7.4,12.5,2.0,0.4,10.0,18.6,2.0,1.5,3.5,0.101,1.1,0.3,1.4,1.5,,2013.0,3
E'Twaun Moore,23.0,ORL,2.0,75.0,21.0,1682.0,10.7,0.471,0.329,0.099,3.2,8.0,5.6,19.1,1.6,1.1,14.4,19.7,-0.4,0.7,0.2,0.006,-1.6,-0.7,-2.3,-0.1,,2013.0,3
Lavoy Allen,23.0,PHI,5.0,79.0,37.0,1669.0,11.5,0.474,0.002,0.132,10.5,16.5,13.4,6.7,0.8,2.6,10.3,14.8,0.9,1.6,2.5,0.072,-3.0,-0.3,-3.3,-0.6,,2013.0,4
Jodie Meeks,25.0,LAL,2.0,78.0,10.0,1663.0,11.4,0.54,0.645,0.181,2.5,8.7,5.7,6.4,1.8,0.2,8.3,16.7,1.9,1.1,3.0,0.085,-0.7,-0.3,-1.0,0.4,,2013.0,3
Dirk Nowitzki,34.0,DAL,4.0,53.0,47.0,1661.0,19.8,0.564,0.216,0.265,2.5,21.5,12.2,13.5,1.2,1.7,7.9,24.2,3.3,1.8,5.0,0.145,3.0,0.1,3.1,2.2,,2013.0,0
Wayne Ellington,25.0,2TM,2.0,78.0,21.0,1661.0,12.2,0.546,0.454,0.142,1.7,10.3,5.8,10.1,1.4,0.1,9.2,16.8,2.1,1.1,3.2,0.093,0.0,-0.5,-0.5,0.6,,2013.0,3
Nenê,30.0,WAS,4.0,61.0,49.0,1659.0,17.0,0.538,0.002,0.453,6.7,20.6,13.6,19.0,1.7,1.8,16.3,23.4,1.3,2.7,4.0,0.116,-0.4,1.7,1.3,1.3,,2013.0,0
Pau Gasol,32.0,LAL,4.0,49.0,42.0,1655.0,16.7,0.512,0.048,0.307,7.6,20.1,14.0,19.9,0.7,2.7,13.7,20.5,2.0,1.7,3.7,0.107,1.1,0.9,2.0,1.7,,2013.0,4
Ramon Sessions,26.0,CHA,2.0,61.0,0.0,1652.0,17.7,0.529,0.158,0.513,1.8,10.1,5.9,25.5,1.5,0.3,11.2,25.7,2.9,0.0,2.9,0.084,1.6,-2.0,-0.4,0.7,6MOY-12,2013.0,0
Steve Novak,29.0,NYK,3.0,81.0,1.0,1641.0,11.3,0.602,0.816,0.077,1.2,10.0,5.4,3.3,0.9,0.4,2.6,13.0,3.2,0.8,4.0,0.116,1.0,-1.0,0.1,0.9,,2013.0,3
Antawn Jamison,36.0,LAL,4.0,76.0,6.0,1636.0,15.3,0.561,0.405,0.237,7.5,16.6,12.2,5.0,0.9,1.0,7.7,18.7,3.0,1.3,4.3,0.126,1.0,-1.1,-0.1,0.8,,2013.0,4
Ed Davis,23.0,2TM,4.0,81.0,28.0,1631.0,17.8,0.561,0.0,0.346,10.9,22.8,16.7,6.7,1.2,4.2,10.2,17.6,2.9,2.4,5.4,0.159,-0.2,0.4,0.2,0.9,,2013.0,4
Ed Davis,23.0,TOR,5.0,45.0,24.0,1087.0,18.1,0.57,0.0,0.301,10.2,22.8,16.4,8.8,1.2,2.8,10.5,18.3,2.1,1.2,3.3,0.147,0.7,-0.3,0.4,0.6,,2013.0,4
Steve Nash,38.0,LAL,1.0,50.0,50.0,1627.0,16.0,0.605,0.274,0.244,1.8,7.7,4.8,32.8,0.9,0.2,19.3,17.8,3.7,0.6,4.3,0.127,1.8,-1.4,0.4,1.0,,2013.0,0
Lamar Odom,33.0,LAC,4.0,82.0,2.0,1616.0,10.9,0.429,0.246,0.115,8.8,26.3,17.7,12.4,2.2,3.0,18.3,13.3,-0.3,3.0,2.7,0.081,-2.8,2.1,-0.7,0.6,,2013.0,4
John Wall,22.0,WAS,1.0,49.0,42.0,1602.0,20.8,0.521,0.061,0.416,2.4,11.2,6.8,43.9,2.1,1.8,15.3,29.3,2.2,2.2,4.5,0.134,2.7,1.1,3.9,2.4,,2013.0,0
Norris Cole,24.0,MIA,1.0,80.0,4.0,1590.0,7.9,0.483,0.231,0.188,1.5,8.2,5.0,15.2,1.9,0.4,18.4,17.0,-0.8,1.4,0.6,0.019,-4.3,-0.6,-4.9,-1.2,,2013.0,3
Nick Collison,32.0,OKC,5.0,81.0,2.0,1583.0,13.6,0.624,0.014,0.264,9.6,14.2,12.1,11.3,1.7,1.4,17.3,11.5,3.2,2.1,5.2,0.158,-0.2,1.1,0.9,1.2,,2013.0,4
Ben Gordon,29.0,CHA,2.0,75.0,0.0,1560.0,12.7,0.515,0.384,0.167,1.3,8.5,4.8,17.6,1.2,0.8,14.3,27.8,-0.4,-0.2,-0.6,-0.018,-0.2,-3.2,-3.4,-0.6,,2013.0,3
Andray Blatche,26.0,BRK,5.0,82.0,8.0,1555.0,21.9,0.547,0.033,0.32,12.2,19.6,15.8,10.5,3.0,2.7,13.8,26.5,2.4,2.5,4.9,0.153,1.3,0.9,2.2,1.6,,2013.0,4
Michael Beasley,24.0,PHO,3.0,75.0,20.0,1554.0,10.8,0.462,0.188,0.164,3.7,17.2,10.3,12.5,1.0,1.6,14.9,27.6,-2.5,1.0,-1.5,-0.047,-2.7,-2.0,-4.7,-1.1,,2013.0,1
Eric Bledsoe,23.0,LAC,1.0,76.0,12.0,1553.0,17.5,0.513,0.137,0.236,6.1,11.1,8.6,23.5,3.7,3.0,17.9,22.5,1.1,2.6,3.7,0.115,1.3,2.2,3.5,2.2,,2013.0,5
Elton Brand,33.0,DAL,5.0,72.0,18.0,1527.0,15.2,0.499,0.002,0.195,9.7,21.5,15.7,7.1,1.7,4.6,9.9,17.2,1.2,2.2,3.4,0.107,-1.7,0.9,-0.9,0.4,,2013.0,4
Marcus Morris,23.0,2TM,4.0,77.0,23.0,1524.0,11.3,0.516,0.443,0.222,6.0,14.6,10.3,6.4,1.5,1.0,11.8,18.9,0.6,1.2,1.8,0.058,-1.2,-0.8,-2.0,0.0,,2013.0,3
Marcus Morris,23.0,HOU,4.0,54.0,17.0,1154.0,12.1,0.537,0.485,0.188,6.3,15.2,10.8,6.3,1.2,1.1,10.9,18.4,1.1,0.9,2.0,0.084,-0.3,-0.8,-1.2,0.2,,2013.0,1
C.J. Watson,28.0,BRK,1.0,80.0,8.0,1521.0,13.9,0.544,0.466,0.198,2.9,8.4,5.6,17.2,2.3,0.6,12.1,17.2,2.5,1.3,3.8,0.12,0.3,0.6,0.9,1.1,,2013.0,3
Jeff Taylor,23.0,CHA,3.0,77.0,29.0,1507.0,10.3,0.531,0.386,0.258,3.8,7.7,5.7,7.0,1.6,0.8,9.7,14.9,1.2,0.0,1.2,0.039,-2.1,-1.5,-3.6,-0.6,,2013.0,3
Alan Anderson,30.0,TOR,3.0,65.0,2.0,1495.0,12.6,0.509,0.463,0.239,2.7,9.2,5.9,11.7,1.7,0.4,10.5,23.6,0.8,0.8,1.6,0.052,-0.5,-1.3,-1.8,0.1,,2013.0,1
Josh McRoberts,25.0,2TM,4.0,67.0,22.0,1487.0,12.7,0.527,0.245,0.248,7.0,18.1,12.4,14.8,1.1,1.4,14.8,13.7,1.5,0.7,2.2,0.072,-1.1,-0.2,-1.4,0.2,,2013.0,1
Gary Neal,28.0,SAS,2.0,68.0,17.0,1484.0,11.5,0.512,0.42,0.124,1.1,9.6,5.6,13.5,1.0,0.1,9.9,21.7,0.4,1.5,1.9,0.06,-1.2,-0.9,-2.0,0.0,,2013.0,1
Jonas Valančiūnas,20.0,TOR,5.0,62.0,57.0,1482.0,15.6,0.619,0.0,0.505,9.6,20.5,14.9,5.0,0.6,4.2,17.4,16.9,2.5,1.5,3.9,0.127,-1.1,0.0,-1.2,0.3,ROY-9,2013.0,2
Trevor Ariza,27.0,WAS,3.0,56.0,15.0,1471.0,14.0,0.538,0.463,0.211,3.3,16.9,10.0,12.7,2.5,1.1,14.6,17.9,0.7,2.4,3.1,0.102,0.1,2.0,2.1,1.6,DPOY-17,2013.0,5
Taj Gibson,27.0,CHI,4.0,65.0,5.0,1459.0,14.4,0.518,0.009,0.297,9.7,17.5,13.6,7.1,1.0,4.7,13.2,18.1,1.0,2.3,3.3,0.109,-2.1,1.0,-1.1,0.3,,2013.0,4
Beno Udrih,30.0,2TM,2.0,66.0,9.0,1457.0,14.2,0.516,0.214,0.216,2.5,8.2,5.3,32.3,1.5,0.2,17.2,19.3,1.5,0.7,2.2,0.071,0.0,-1.4,-1.4,0.2,,2013.0,5
Shaun Livingston,27.0,2TM,1.0,66.0,16.0,1455.0,13.0,0.536,0.012,0.283,2.4,10.4,6.2,23.2,1.7,1.7,16.3,14.3,1.7,0.9,2.6,0.086,-1.5,0.4,-1.0,0.4,,2013.0,5
Shaun Livingston,27.0,CLE,1.0,49.0,12.0,1135.0,14.6,0.559,0.004,0.296,2.8,9.8,6.2,24.6,1.7,2.1,15.7,14.7,1.9,0.6,2.4,0.102,-0.3,0.1,-0.2,0.5,,2013.0,5
Avery Bradley,22.0,BOS,1.0,50.0,50.0,1435.0,8.8,0.461,0.264,0.103,2.5,6.5,4.6,11.6,2.3,1.0,12.6,18.8,-1.3,1.6,0.4,0.012,-4.0,0.3,-3.7,-0.6,"DPOY-12,DEF2",2013.0,2
JaVale McGee,25.0,DEN,5.0,79.0,0.0,1433.0,20.7,0.589,0.002,0.353,12.6,17.1,14.9,2.7,1.1,8.5,12.9,21.1,2.7,2.2,4.9,0.163,0.4,1.2,1.6,1.3,,2013.0,4
Byron Mullens,23.0,CHA,4.0,53.0,41.0,1428.0,12.3,0.465,0.369,0.176,5.5,22.0,13.5,10.1,1.2,1.8,10.9,21.7,-0.6,0.7,0.1,0.005,-1.4,-2.0,-3.4,-0.5,,2013.0,1
Devin Harris,29.0,ATL,2.0,58.0,34.0,1421.0,14.6,0.565,0.519,0.348,0.5,8.7,4.7,21.7,2.3,0.7,14.7,19.5,1.8,1.5,3.3,0.111,-0.5,0.6,0.1,0.8,,2013.0,5
Austin Rivers,20.0,NOH,2.0,61.0,26.0,1418.0,5.9,0.431,0.221,0.277,1.3,8.0,4.6,13.9,1.0,0.5,14.5,16.8,-1.2,0.1,-1.1,-0.038,-4.7,-1.6,-6.2,-1.5,,2013.0,2
Mo Williams,30.0,UTA,1.0,46.0,46.0,1418.0,14.4,0.519,0.289,0.159,2.0,7.2,4.5,33.2,1.7,0.5,18.0,22.3,1.2,0.7,1.8,0.062,0.9,-1.7,-0.9,0.4,,2013.0,5
Udonis Haslem,32.0,MIA,4.0,75.0,59.0,1414.0,9.9,0.535,0.0,0.179,9.0,25.3,17.6,3.8,1.1,0.9,14.2,10.7,1.2,2.0,3.2,0.108,-2.6,-0.5,-3.2,-0.4,,2013.0,3
Nick Young,27.0,PHI,2.0,59.0,17.0,1411.0,13.3,0.525,0.387,0.236,1.9,8.7,5.2,9.7,1.3,0.8,7.7,21.2,1.4,1.0,2.3,0.079,-0.1,-0.6,-0.7,0.5,,2013.0,1
Keith Bogans,32.0,BRK,2.0,74.0,23.0,1408.0,6.7,0.533,0.863,0.06,1.3,8.8,5.0,8.1,1.1,0.2,14.4,11.2,0.7,0.7,1.4,0.047,-2.3,-0.3,-2.6,-0.2,,2013.0,1
Shannon Brown,27.0,PHO,2.0,59.0,22.0,1402.0,13.1,0.493,0.247,0.219,3.5,8.7,6.0,12.8,2.2,0.8,10.6,22.2,0.4,0.8,1.2,0.041,-1.1,-0.5,-1.6,0.2,,2013.0,5
Manu Ginóbili,35.0,SAS,2.0,60.0,0.0,1393.0,19.0,0.56,0.436,0.382,2.6,13.4,8.3,30.6,2.9,0.7,17.3,25.2,2.1,2.4,4.5,0.155,2.1,1.5,3.6,2.0,6MOY-8,2013.0,0
Tyler Hansbrough,27.0,IND,4.0,81.0,8.0,1366.0,15.3,0.527,0.007,0.737,13.4,17.0,15.2,4.4,1.1,1.0,12.6,20.6,2.1,2.2,4.4,0.154,-1.3,-0.7,-1.9,0.0,,2013.0,4
C.J. Miles,25.0,CLE,3.0,65.0,13.0,1364.0,15.3,0.551,0.534,0.174,1.9,13.4,7.4,8.1,1.9,1.0,9.5,23.9,1.8,0.8,2.6,0.092,2.0,-0.9,1.1,1.1,,2013.0,3
Chris Kaman,30.0,DAL,5.0,66.0,52.0,1363.0,16.3,0.529,0.002,0.138,8.1,22.1,15.2,6.6,1.1,3.0,13.6,25.3,0.0,1.6,1.6,0.058,-1.5,-0.8,-2.4,-0.1,,2013.0,4
Earl Clark,25.0,LAL,4.0,59.0,36.0,1363.0,12.4,0.51,0.269,0.197,6.8,19.1,13.1,7.4,1.3,2.3,12.9,15.7,0.7,1.5,2.3,0.08,-1.2,0.5,-0.7,0.4,,2013.0,1
Jae Crowder,22.0,DAL,3.0,78.0,16.0,1353.0,10.2,0.491,0.523,0.199,2.9,12.3,7.7,10.0,2.4,1.0,10.9,15.1,0.2,1.3,1.5,0.055,-1.9,0.9,-1.0,0.3,,2013.0,2
Luc Mbah a Moute,26.0,MIL,3.0,58.0,45.0,1326.0,9.1,0.447,0.098,0.334,7.0,14.0,10.4,6.1,1.6,0.8,13.9,16.5,-0.8,1.2,0.5,0.017,-3.5,-0.6,-4.1,-0.7,,2013.0,1
Brian Roberts,27.0,NOH,1.0,78.0,5.0,1324.0,14.6,0.509,0.299,0.151,1.5,7.3,4.4,28.2,1.5,0.2,11.5,21.6,2.0,0.2,2.2,0.078,0.8,-1.4,-0.6,0.5,,2013.0,3
Ian Mahinmi,26.0,IND,5.0,80.0,2.0,1322.0,10.6,0.497,0.006,0.52,9.9,16.2,13.1,3.3,1.6,3.7,18.5,17.1,-0.4,2.6,2.3,0.083,-4.7,1.4,-3.4,-0.5,,2013.0,4
Ekpe Udoh,25.0,MIL,5.0,76.0,9.0,1312.0,12.0,0.503,0.004,0.442,8.9,11.7,10.3,4.7,1.5,4.7,11.8,12.1,1.1,1.5,2.7,0.098,-2.8,1.1,-1.7,0.1,,2013.0,4
Marreese Speights,25.0,2TM,5.0,79.0,3.0,1300.0,17.3,0.498,0.017,0.3,12.7,22.3,17.4,6.5,1.0,3.3,10.8,25.8,1.1,1.7,2.8,0.104,-1.3,-1.4,-2.8,-0.2,,2013.0,4
Tobias Harris,20.0,2TM,3.0,55.0,34.0,1299.0,16.0,0.527,0.211,0.268,6.2,18.6,12.4,8.8,1.3,2.6,10.3,22.1,1.2,1.2,2.4,0.089,0.0,-0.5,-0.5,0.5,,2013.0,2
Toney Douglas,26.0,2TM,1.0,71.0,0.0,1289.0,13.4,0.531,0.464,0.18,3.0,9.2,6.1,18.3,2.8,0.2,13.9,19.9,1.4,1.0,2.4,0.089,-0.9,0.3,-0.5,0.5,,2013.0,5
Toney Douglas,26.0,HOU,1.0,49.0,0.0,913.0,12.3,0.522,0.46,0.193,2.9,8.2,5.6,16.0,2.2,0.2,12.8,21.0,0.8,0.7,1.5,0.081,-1.2,-0.3,-1.5,0.1,,2013.0,5
A.J. Price,26.0,WAS,1.0,57.0,22.0,1278.0,12.4,0.501,0.484,0.15,1.7,8.2,4.9,26.4,1.3,0.2,12.7,18.0,1.0,1.2,2.2,0.084,-0.2,-0.4,-0.6,0.5,,2013.0,5
Eric Gordon,24.0,NOH,2.0,42.0,40.0,1264.0,15.4,0.523,0.296,0.38,0.9,6.4,3.6,19.3,1.9,0.5,14.6,29.4,0.8,0.3,1.1,0.042,0.6,-1.9,-1.3,0.2,,2013.0,0
Pablo Prigioni,35.0,NYK,1.0,78.0,18.0,1263.0,13.0,0.595,0.609,0.114,3.7,9.8,6.6,27.5,2.9,0.1,27.1,11.7,2.0,1.3,3.2,0.123,-0.8,0.9,0.1,0.7,,2013.0,5
Andrew Nicholson,23.0,ORL,4.0,75.0,28.0,1249.0,15.1,0.557,0.0,0.193,6.2,17.1,11.7,6.1,1.0,2.0,13.0,22.1,0.9,0.8,1.7,0.065,-1.8,-0.9,-2.7,-0.2,,2013.0,4
Andre Drummond,19.0,DET,5.0,60.0,10.0,1243.0,21.6,0.578,0.006,0.465,15.4,27.2,21.2,4.1,2.5,6.1,12.2,17.2,2.2,2.3,4.5,0.172,1.0,1.5,2.5,1.4,ROY-4,2013.0,4
Quincy Pondexter,24.0,MEM,3.0,59.0,1.0,1243.0,11.0,0.565,0.508,0.251,4.0,8.6,6.3,7.6,1.5,0.4,11.2,13.9,1.7,1.5,3.2,0.125,-0.8,0.6,-0.1,0.6,,2013.0,1
Terrence Ross,21.0,TOR,2.0,73.0,2.0,1239.0,10.4,0.491,0.429,0.092,3.3,10.6,6.9,7.2,1.8,0.9,9.2,19.6,0.0,0.8,0.9,0.034,-1.7,-0.7,-2.5,-0.1,,2013.0,2
D.J. Augustin,25.0,IND,1.0,76.0,5.0,1226.0,11.0,0.527,0.646,0.337,1.9,6.3,4.1,21.6,1.5,0.2,16.8,15.1,1.4,1.5,2.8,0.112,-0.7,0.1,-0.6,0.5,,2013.0,5
Jamaal Tinsley,34.0,UTA,1.0,66.0,32.0,1221.0,10.6,0.467,0.543,0.111,1.6,9.5,5.5,34.1,2.8,0.9,30.2,13.1,-0.2,1.0,0.9,0.035,-1.8,0.3,-1.5,0.2,,2013.0,5
Roger Mason,32.0,NOH,2.0,69.0,13.0,1219.0,10.0,0.57,0.521,0.141,1.1,12.0,6.5,9.5,1.2,0.8,13.6,14.3,1.1,0.3,1.4,0.057,-1.3,-0.5,-1.9,0.1,,2013.0,1
Will Bynum,30.0,DET,1.0,65.0,0.0,1219.0,16.6,0.532,0.141,0.243,2.6,6.6,4.6,34.8,2.0,0.3,17.3,27.0,1.2,0.5,1.7,0.067,0.6,-1.6,-1.0,0.3,,2013.0,5
Greg Stiemsma,27.0,MIN,5.0,76.0,19.0,1209.0,10.5,0.498,0.0,0.248,5.6,19.5,12.3,3.9,1.9,5.8,16.1,13.6,-0.3,2.0,1.7,0.069,-5.1,2.3,-2.8,-0.3,,2013.0,4
Chuck Hayes,29.0,SAC,5.0,74.0,1.0,1209.0,10.7,0.469,0.005,0.253,10.5,18.2,14.2,13.1,1.3,1.2,17.2,9.4,1.1,0.4,1.5,0.06,-1.2,-0.2,-1.4,0.2,,2013.0,4
Meyers Leonard,20.0,POR,5.0,69.0,9.0,1206.0,12.1,0.596,0.025,0.321,7.6,17.1,12.3,4.3,0.5,2.4,13.4,13.9,1.8,0.7,2.4,0.097,-2.7,-0.6,-3.3,-0.4,,2013.0,2
Kris Humphries,27.0,BRK,4.0,65.0,21.0,1191.0,13.6,0.515,0.006,0.397,12.4,23.9,18.1,4.3,0.7,2.1,13.5,16.3,1.4,1.3,2.7,0.109,-1.9,-1.0,-3.0,-0.3,,2013.0,4
Willie Green,31.0,LAC,2.0,72.0,60.0,1188.0,11.8,0.562,0.43,0.083,1.7,7.9,4.9,7.1,1.3,0.8,7.2,16.6,1.7,0.9,2.5,0.103,-0.2,-0.7,-0.8,0.3,,2013.0,1
Steve Blake,32.0,LAL,1.0,45.0,13.0,1175.0,11.7,0.573,0.633,0.13,2.0,10.1,6.2,21.9,1.5,0.4,17.8,13.2,1.6,0.8,2.4,0.097,0.1,0.4,0.5,0.7,,2013.0,5
Brendan Haywood,33.0,CHA,5.0,61.0,17.0,1162.0,8.7,0.441,0.005,0.306,12.0,16.7,14.3,3.9,0.7,3.4,16.9,11.5,-0.2,0.4,0.1,0.006,-4.2,-1.8,-6.0,-1.2,,2013.0,4
DeShawn Stevenson,31.0,ATL,2.0,56.0,31.0,1158.0,8.1,0.522,0.798,0.088,1.8,10.1,6.0,6.5,1.3,0.4,7.8,11.8,0.5,0.9,1.5,0.061,-2.0,-0.4,-2.4,-0.1,,2013.0,1
Garrett Temple,26.0,WAS,2.0,51.0,36.0,1156.0,8.8,0.478,0.31,0.143,2.8,9.1,5.9,15.5,2.3,1.2,18.2,13.2,-0.3,1.5,1.2,0.049,-3.8,1.5,-2.3,-0.1,,2013.0,5
Brandan Wright,25.0,DAL,5.0,64.0,16.0,1149.0,21.0,0.606,0.007,0.238,8.4,16.7,12.6,5.6,1.2,5.2,7.1,19.0,2.8,1.3,4.1,0.172,2.1,0.4,2.5,1.3,,2013.0,4
Alec Burks,21.0,UTA,2.0,64.0,0.0,1137.0,11.5,0.507,0.237,0.332,3.8,11.2,7.5,13.0,1.6,0.9,14.3,20.7,0.3,0.7,1.0,0.044,-1.9,-0.7,-2.6,-0.2,,2013.0,2
Zaza Pachulia,28.0,ATL,5.0,52.0,15.0,1134.0,13.1,0.534,0.012,0.427,13.5,20.3,17.0,10.3,1.6,0.8,19.6,14.6,1.2,1.5,2.7,0.116,-2.0,0.2,-1.7,0.1,,2013.0,4
Festus Ezeli,23.0,GSW,5.0,78.0,41.0,1120.0,9.3,0.467,0.0,0.479,14.3,16.4,15.4,2.7,1.0,5.2,23.5,10.7,0.0,1.5,1.5,0.066,-4.0,0.7,-3.4,-0.4,,2013.0,4
DeMarre Carroll,26.0,UTA,3.0,66.0,12.0,1111.0,15.5,0.535,0.216,0.302,9.1,10.8,9.9,8.7,2.8,1.7,8.5,16.4,2.0,1.1,3.1,0.134,0.4,0.9,1.3,0.9,,2013.0,4
Greg Smith,22.0,HOU,5.0,70.0,10.0,1110.0,16.1,0.636,0.004,0.474,11.5,21.2,16.4,3.5,0.8,2.7,11.0,14.7,2.8,1.2,4.0,0.172,-0.6,0.0,-0.6,0.4,,2013.0,2
Damien Wilkins,33.0,PHI,2.0,61.0,21.0,1095.0,12.5,0.533,0.161,0.345,3.2,7.8,5.4,12.9,1.8,1.3,11.9,17.4,1.0,0.9,1.9,0.083,-2.3,0.1,-2.2,-0.1,,2013.0,1
Charlie Villanueva,28.0,DET,4.0,69.0,0.0,1092.0,14.0,0.481,0.558,0.106,5.1,20.6,12.7,8.4,1.5,2.8,7.4,21.9,0.4,1.1,1.6,0.069,0.5,-0.5,0.0,0.6,,2013.0,1
Richard Hamilton,34.0,CHI,2.0,50.0,45.0,1088.0,10.6,0.481,0.109,0.162,1.7,7.2,4.4,19.9,1.2,0.3,14.2,25.0,-0.6,0.9,0.4,0.016,-2.8,-1.2,-4.0,-0.6,,2013.0,5
Marquis Daniels,32.0,MIL,3.0,59.0,33.0,1085.0,9.2,0.432,0.205,0.154,4.6,10.5,7.4,9.0,2.4,0.7,10.7,16.9,-0.6,1.1,0.5,0.023,-3.5,0.6,-2.9,-0.2,,2013.0,5
Gerald Green,27.0,IND,3.0,60.0,7.0,1080.0,9.9,0.465,0.443,0.153,3.3,11.1,7.3,7.9,0.9,1.6,10.5,21.3,-0.3,1.5,1.3,0.056,-1.6,-0.3,-1.9,0.0,,2013.0,1
Wilson Chandler,25.0,DEN,4.0,43.0,8.0,1079.0,16.6,0.556,0.277,0.244,4.8,17.6,11.3,8.3,2.1,0.9,10.6,22.7,1.8,1.3,3.1,0.137,0.7,-0.1,0.5,0.7,,2013.0,4
Enes Freedom,20.0,UTA,5.0,70.0,2.0,1078.0,17.6,0.588,0.003,0.309,14.5,18.6,16.5,5.0,1.4,2.3,19.0,22.4,1.2,1.0,2.3,0.101,-0.7,-1.4,-2.1,0.0,,2013.0,2
Stephen Jackson,34.0,SAS,3.0,55.0,6.0,1075.0,8.0,0.473,0.515,0.212,2.5,13.5,8.3,10.7,1.8,0.9,17.6,18.7,-1.2,1.5,0.3,0.013,-3.6,0.1,-3.5,-0.4,,2013.0,5
Draymond Green,22.0,GSW,3.0,79.0,1.0,1061.0,7.1,0.404,0.261,0.214,6.2,20.3,13.5,7.0,2.0,1.8,15.4,14.0,-0.9,1.6,0.6,0.028,-5.0,1.4,-3.6,-0.4,,2013.0,2
Thomas Robinson,21.0,2TM,4.0,70.0,0.0,1056.0,10.9,0.451,0.003,0.34,13.0,21.3,17.1,6.7,2.0,1.9,19.3,19.1,-0.9,0.9,-0.1,-0.002,-3.8,-1.5,-5.3,-0.9,,2013.0,2
Thomas Robinson,21.0,SAC,4.0,51.0,0.0,809.0,10.6,0.45,0.0,0.292,12.7,21.3,16.9,6.8,1.6,2.0,19.2,18.6,-0.7,0.5,-0.2,-0.01,-3.7,-1.9,-5.6,-0.7,,2013.0,2
Landry Fields,24.0,TOR,3.0,51.0,22.0,1037.0,10.3,0.487,0.063,0.238,6.7,17.4,11.9,8.9,1.6,0.6,14.6,12.9,0.3,0.8,1.1,0.052,-1.8,0.0,-1.8,0.1,,2013.0,1
Ivan Johnson,28.0,ATL,4.0,69.0,5.0,1035.0,15.7,0.546,0.037,0.368,8.5,20.7,14.7,7.4,2.8,1.0,14.7,21.7,0.6,1.7,2.3,0.106,-2.3,0.7,-1.6,0.1,,2013.0,4
Jermaine O'Neal,34.0,PHO,5.0,55.0,4.0,1029.0,16.7,0.538,0.0,0.31,8.9,23.8,16.2,6.8,0.9,5.7,14.8,21.4,0.7,1.3,2.0,0.092,-1.9,0.6,-1.3,0.2,,2013.0,4
Francisco García,31.0,2TM,3.0,58.0,20.0,1029.0,11.0,0.519,0.597,0.07,0.9,9.4,5.1,9.2,2.3,2.9,9.4,14.7,0.6,0.6,1.3,0.059,-0.7,0.8,0.2,0.6,,2013.0,1
Dahntay Jones,32.0,2TM,3.0,78.0,19.0,1016.0,6.4,0.482,0.221,0.509,2.7,8.4,5.6,6.7,1.1,0.5,12.3,14.0,0.0,0.6,0.6,0.026,-4.9,-0.6,-5.5,-0.9,,2013.0,1
Dahntay Jones,32.0,DAL,3.0,50.0,15.0,635.0,6.9,0.494,0.264,0.586,2.3,9.8,6.1,6.1,0.8,0.6,11.1,14.2,0.2,0.3,0.4,0.033,-4.0,-0.8,-4.8,-0.4,,2013.0,1
Aaron Brooks,28.0,2TM,1.0,53.0,20.0,997.0,11.8,0.555,0.424,0.165,1.5,7.9,4.6,18.0,1.5,0.8,16.5,18.1,0.8,0.0,0.8,0.041,-0.8,-1.4,-2.2,0.0,,2013.0,5
Aaron Brooks,28.0,SAC,1.0,46.0,20.0,959.0,12.1,0.562,0.419,0.172,1.4,8.1,4.7,17.8,1.5,0.6,16.2,18.0,0.9,0.0,0.9,0.045,-0.7,-1.4,-2.1,0.0,,2013.0,5
Iman Shumpert,22.0,NYK,2.0,45.0,45.0,996.0,11.7,0.516,0.462,0.171,3.5,12.8,8.0,11.6,2.3,0.6,11.1,15.6,1.0,1.0,1.9,0.094,-0.8,0.7,-0.1,0.5,,2013.0,2
Reggie Jackson,22.0,OKC,1.0,70.0,0.0,993.0,14.2,0.531,0.32,0.191,2.6,15.6,9.6,19.3,1.5,1.0,13.1,18.6,1.2,1.3,2.5,0.121,-0.4,0.5,0.1,0.5,,2013.0,2
Sebastian Telfair,27.0,2TM,1.0,59.0,2.0,980.0,10.9,0.488,0.485,0.223,1.5,8.5,4.9,23.9,2.0,0.8,15.9,18.5,0.3,0.5,0.8,0.039,-1.5,-0.2,-1.7,0.1,,2013.0,5
Sebastian Telfair,27.0,PHO,1.0,46.0,2.0,795.0,10.9,0.505,0.457,0.231,1.7,8.2,4.9,21.9,1.8,0.9,16.3,18.2,0.3,0.4,0.7,0.042,-1.4,-0.3,-1.7,0.1,,2013.0,5
Darrell Arthur,24.0,MEM,4.0,59.0,3.0,970.0,11.8,0.477,0.05,0.128,8.1,12.5,10.3,5.9,1.3,2.8,10.2,20.1,0.2,1.5,1.7,0.084,-2.8,0.4,-2.4,-0.1,,2013.0,1
Jimmer Fredette,23.0,SAC,2.0,69.0,0.0,967.0,14.6,0.546,0.381,0.242,2.2,6.4,4.2,15.9,1.6,0.2,13.1,23.9,1.1,-0.1,1.1,0.052,1.1,-2.5,-1.3,0.2,,2013.0,1
Anthony Tolliver,27.0,ATL,3.0,62.0,11.0,963.0,8.4,0.531,0.616,0.236,3.7,14.5,9.2,4.8,0.8,1.0,13.1,13.2,0.3,0.9,1.2,0.059,-2.5,-0.5,-3.1,-0.3,,2013.0,1
Eric Maynor,25.0,2TM,1.0,64.0,0.0,963.0,9.3,0.472,0.342,0.221,1.1,4.4,2.8,28.7,1.2,0.1,20.4,18.4,-0.1,0.3,0.2,0.008,-1.9,-2.6,-4.5,-0.6,,2013.0,5
Wesley Johnson,25.0,PHO,3.0,50.0,21.0,953.0,10.3,0.485,0.391,0.088,2.5,12.4,7.3,5.9,1.2,1.4,10.4,21.4,-0.5,0.5,0.0,0.0,-1.6,-1.7,-3.3,-0.3,,2013.0,1
Chris Singleton,23.0,WAS,4.0,57.0,11.0,924.0,7.8,0.425,0.149,0.29,6.1,16.1,11.0,6.3,2.1,2.1,14.2,15.7,-1.0,1.5,0.5,0.028,-5.6,1.3,-4.3,-0.6,,2013.0,5
Nando De Colo,25.0,SAS,2.0,72.0,6.0,920.0,11.1,0.53,0.34,0.183,3.1,13.7,8.7,21.6,2.3,0.5,23.7,17.1,0.0,1.4,1.3,0.07,-2.4,1.2,-1.2,0.2,,2013.0,5
Daniel Gibson,26.0,CLE,1.0,46.0,3.0,919.0,7.7,0.475,0.66,0.15,0.6,7.3,3.8,13.4,1.7,0.4,10.5,14.3,0.3,0.2,0.5,0.026,-2.8,-0.6,-3.4,-0.3,,2013.0,1
MarShon Brooks,24.0,BRK,2.0,73.0,2.0,912.0,13.5,0.523,0.164,0.281,4.1,9.4,6.7,14.6,2.0,1.3,15.5,22.5,0.5,0.8,1.3,0.068,-1.6,-0.1,-1.7,0.1,,2013.0,5
Matt Bonner,32.0,SAS,4.0,68.0,4.0,909.0,11.8,0.609,0.522,0.065,3.4,12.5,8.2,5.8,1.0,1.5,6.3,12.8,1.4,1.1,2.5,0.133,-0.2,0.4,0.2,0.5,,2013.0,1
John Jenkins,21.0,ATL,2.0,61.0,2.0,902.0,13.0,0.576,0.469,0.238,2.2,9.6,6.0,9.8,0.7,0.8,11.0,18.7,1.1,0.6,1.7,0.091,0.4,-1.2,-0.8,0.3,ROY-10,2013.0,2
Mike Miller,32.0,MIA,3.0,59.0,17.0,900.0,13.5,0.596,0.758,0.048,2.6,18.0,10.7,16.2,1.2,0.4,12.9,14.4,1.6,1.0,2.6,0.137,1.8,-0.3,1.5,0.8,,2013.0,1
Will Barton,22.0,POR,2.0,73.0,5.0,894.0,9.1,0.437,0.21,0.21,4.6,14.3,9.4,10.4,2.0,0.8,15.1,20.4,-1.1,0.6,-0.5,-0.028,-4.0,-0.6,-4.6,-0.6,,2013.0,2
Jonas Jerebko,25.0,DET,4.0,49.0,2.0,892.0,15.7,0.531,0.263,0.278,8.6,15.4,11.9,8.1,2.3,0.7,10.6,20.2,1.2,0.8,2.0,0.107,0.3,-0.4,-0.1,0.4,,2013.0,4
Jared Sullinger,20.0,BOS,4.0,45.0,5.0,892.0,13.5,0.534,0.022,0.28,12.6,22.1,17.5,6.2,1.3,1.9,10.3,14.9,1.3,1.4,2.7,0.146,-2.3,0.4,-1.9,0.0,,2013.0,2
Trevor Booker,25.0,WAS,4.0,48.0,14.0,887.0,13.9,0.509,0.023,0.327,12.2,17.8,14.9,7.4,1.9,1.4,11.0,14.5,0.9,1.4,2.3,0.126,-1.5,0.6,-1.0,0.2,,2013.0,4
James Johnson,25.0,SAC,3.0,54.0,11.0,878.0,10.2,0.442,0.074,0.237,6.2,12.9,9.5,10.2,2.4,4.5,17.9,19.3,-1.1,0.6,-0.5,-0.028,-3.9,0.3,-3.5,-0.3,,2013.0,4
Jason Smith,26.0,NOH,5.0,51.0,0.0,876.0,16.8,0.544,0.012,0.299,8.6,16.9,12.7,7.0,0.9,4.3,12.5,23.4,1.1,0.6,1.7,0.095,-1.4,-0.3,-1.6,0.1,,2013.0,4
Chris Copeland,28.0,NYK,4.0,56.0,13.0,862.0,16.8,0.583,0.368,0.218,4.5,11.9,8.1,5.7,1.0,1.2,10.7,25.3,1.5,0.6,2.1,0.117,1.1,-1.6,-0.5,0.3,ROY-6,2013.0,4
Mike James,37.0,DAL,1.0,45.0,23.0,862.0,9.5,0.481,0.461,0.107,1.2,8.0,4.7,23.7,1.5,0.3,16.2,17.9,0.0,0.5,0.4,0.024,-2.5,-1.0,-3.5,-0.3,,2013.0,5
Luke Walton,32.0,CLE,4.0,50.0,0.0,857.0,11.3,0.453,0.37,0.11,4.9,15.2,9.8,28.7,2.5,1.2,24.0,13.0,0.1,0.7,0.8,0.045,-1.9,0.9,-1.0,0.2,,2013.0,5
Ronnie Brewer,27.0,2TM,3.0,60.0,34.0,853.0,10.0,0.416,0.384,0.197,5.7,13.5,9.6,8.6,2.7,0.6,7.7,12.7,0.1,1.0,1.1,0.06,-1.7,0.9,-0.7,0.3,,2013.0,5
Ronnie Brewer,27.0,NYK,3.0,46.0,34.0,711.0,10.2,0.432,0.406,0.223,4.6,12.1,8.2,8.4,2.6,0.7,6.8,13.6,0.1,0.7,0.8,0.057,-1.6,0.8,-0.8,0.2,,2013.0,5
DeJuan Blair,23.0,SAS,4.0,61.0,16.0,851.0,14.6,0.543,0.004,0.258,9.5,21.1,15.6,8.3,2.2,0.9,14.0,19.0,0.7,1.5,2.2,0.126,-2.4,0.8,-1.6,0.1,,2013.0,4
Chris Wilcox,30.0,BOS,5.0,61.0,7.0,830.0,15.3,0.725,0.007,0.379,8.1,17.3,12.8,4.2,2.0,2.7,16.0,12.1,1.8,1.3,3.1,0.181,-1.5,1.5,0.0,0.4,,2013.0,4
Earl Watson,33.0,UTA,1.0,48.0,4.0,829.0,7.7,0.366,0.233,0.208,3.2,9.1,6.1,31.8,2.5,0.8,34.5,11.0,-0.6,0.7,0.0,0.001,-3.9,0.4,-3.5,-0.3,,2013.0,5
John Henson,22.0,MIL,4.0,63.0,9.0,827.0,18.2,0.497,0.009,0.313,14.5,24.4,19.3,6.3,1.2,3.7,11.0,22.6,0.6,1.2,1.9,0.109,-0.7,-1.0,-1.7,0.1,,2013.0,2
John Lucas III,30.0,TOR,1.0,63.0,0.0,827.0,12.8,0.483,0.452,0.075,1.1,8.3,4.7,21.5,1.5,0.1,7.0,20.8,0.7,0.3,1.1,0.061,0.6,-1.2,-0.6,0.3,,2013.0,5
Chris Duhon,30.0,LAL,1.0,46.0,9.0,820.0,8.0,0.517,0.74,0.106,1.5,7.5,4.6,22.8,1.2,0.1,23.7,9.2,0.6,0.4,1.0,0.056,-2.4,-0.5,-2.9,-0.2,,2013.0,5
Victor Claver,24.0,POR,3.0,49.0,16.0,812.0,7.0,0.462,0.46,0.159,4.4,12.8,8.5,7.9,1.7,1.1,17.5,13.9,-0.6,0.5,-0.1,-0.005,-3.6,0.0,-3.7,-0.3,,2013.0,5
DeQuan Jones,22.0,ORL,3.0,63.0,17.0,803.0,8.4,0.485,0.161,0.234,2.4,12.4,7.4,3.0,1.2,2.1,11.1,15.3,-0.3,0.4,0.1,0.007,-3.8,-0.8,-4.5,-0.5,,2013.0,2
Rashard Lewis,33.0,MIA,4.0,55.0,9.0,792.0,11.1,0.53,0.526,0.181,3.1,15.0,9.4,5.7,1.4,1.4,10.9,18.2,0.3,0.9,1.2,0.071,-1.5,-1.0,-2.5,-0.1,,2013.0,1
Hasheem Thabeet,25.0,OKC,5.0,66.0,4.0,770.0,11.6,0.619,0.0,0.5,11.1,17.5,14.5,2.0,2.0,5.9,24.1,10.1,0.7,1.5,2.2,0.134,-3.9,2.4,-1.5,0.1,,2013.0,4
Samuel Dalembert,31.0,MIL,5.0,47.0,23.0,765.0,18.6,0.565,0.004,0.217,14.2,24.9,19.4,4.5,1.1,5.1,15.5,18.7,0.9,1.2,2.2,0.137,-0.8,0.2,-0.6,0.3,,2013.0,4
Gustavo Ayón,27.0,2TM,5.0,55.0,3.0,734.0,12.8,0.54,0.0,0.299,9.0,21.3,15.1,14.7,1.5,1.8,19.9,14.5,0.4,0.8,1.2,0.077,-3.0,1.3,-1.7,0.1,,2013.0,4
Gustavo Ayón,27.0,ORL,5.0,43.0,3.0,571.0,11.7,0.54,0.0,0.304,7.9,19.8,13.8,15.5,1.2,1.8,21.1,14.3,0.3,0.5,0.7,0.061,-3.3,1.3,-2.0,0.0,,2013.0,4
Luke Babbitt,23.0,POR,4.0,62.0,0.0,730.0,9.4,0.509,0.761,0.056,2.4,19.7,10.9,6.2,1.0,0.5,8.4,16.4,0.3,0.4,0.7,0.047,-1.7,-0.7,-2.4,-0.1,6MOY-14,2013.0,1
Jeff Adrien,26.0,CHA,4.0,52.0,5.0,713.0,13.4,0.493,0.012,0.595,10.6,21.2,15.7,8.3,1.3,3.1,13.1,15.6,0.5,0.4,1.0,0.064,-2.1,-0.9,-3.0,-0.2,,2013.0,4
Kendall Marshall,21.0,PHO,1.0,48.0,3.0,702.0,7.8,0.455,0.483,0.093,0.6,6.3,3.4,29.4,1.6,0.4,26.6,13.6,-0.4,0.2,-0.2,-0.012,-3.5,-1.7,-5.2,-0.6,,2013.0,2
Ronny Turiaf,30.0,LAC,5.0,65.0,0.0,701.0,9.4,0.485,0.0,0.649,7.8,17.9,12.9,6.8,1.4,4.2,18.9,10.0,0.1,1.0,1.1,0.075,-3.2,1.5,-1.7,0.1,,2013.0,4
Royal Ivey,31.0,PHI,2.0,53.0,5.0,698.0,8.1,0.563,0.611,0.111,2.5,6.8,4.6,6.7,1.7,0.3,11.7,11.3,0.5,0.5,1.0,0.066,-3.4,0.6,-2.8,-0.1,,2013.0,1
Darius Miller,22.0,NOH,3.0,52.0,2.0,694.0,6.3,0.529,0.519,0.074,1.3,12.2,6.7,9.3,1.3,1.4,17.1,9.0,0.2,0.3,0.5,0.034,-3.6,0.9,-2.7,-0.1,,2013.0,2
Nazr Mohammed,35.0,CHI,5.0,63.0,12.0,693.0,10.8,0.414,0.011,0.261,12.0,20.4,16.2,5.8,1.6,3.5,10.7,14.9,0.0,1.2,1.2,0.082,-4.1,0.6,-3.6,-0.3,,2013.0,4
Sam Young,27.0,IND,2.0,56.0,3.0,693.0,7.5,0.464,0.351,0.291,4.3,15.3,9.9,9.4,1.2,0.9,16.5,13.2,-0.2,1.1,0.9,0.062,-3.5,0.8,-2.7,-0.1,,2013.0,5
Darius Morris,22.0,LAL,1.0,48.0,17.0,683.0,8.1,0.475,0.351,0.197,4.0,5.2,4.6,16.8,1.6,0.2,18.1,16.2,-0.1,0.3,0.2,0.016,-3.3,-0.9,-4.2,-0.4,,2013.0,2
Austin Daye,24.0,2TM,3.0,55.0,0.0,676.0,12.9,0.554,0.471,0.163,2.7,18.8,10.6,10.1,1.1,2.6,11.5,17.1,0.8,0.9,1.6,0.117,-0.7,1.1,0.4,0.4,,2013.0,1
Ryan Hollins,28.0,LAC,5.0,60.0,0.0,663.0,11.3,0.674,0.0,0.772,9.1,15.7,12.5,2.4,0.5,4.3,22.4,13.6,1.0,0.8,1.7,0.125,-4.0,0.2,-3.9,-0.3,,2013.0,4
Patty Mills,24.0,SAS,1.0,58.0,2.0,656.0,14.1,0.59,0.539,0.079,1.7,6.8,4.4,14.9,2.0,0.4,13.5,20.2,0.7,0.8,1.5,0.109,0.0,0.2,0.2,0.4,,2013.0,1
Lance Thomas,24.0,NOH,3.0,59.0,9.0,646.0,10.1,0.565,0.0,0.557,8.0,13.3,10.6,4.0,0.9,0.9,9.6,10.5,1.0,0.2,1.2,0.087,-2.3,-0.7,-3.0,-0.2,,2013.0,4
Kyle O'Quinn,22.0,ORL,5.0,57.0,5.0,638.0,15.8,0.535,0.005,0.228,11.5,25.5,18.5,13.1,0.9,3.1,14.6,18.1,0.7,0.7,1.4,0.107,-1.9,0.3,-1.6,0.1,,2013.0,2
Xavier Henry,21.0,NOH,3.0,50.0,2.0,625.0,7.6,0.481,0.068,0.571,3.9,13.4,8.6,3.2,1.4,0.7,13.3,17.3,-0.2,0.2,0.0,0.002,-4.6,-1.2,-5.7,-0.6,,2013.0,2
Chris Andersen,34.0,MIA,5.0,42.0,0.0,624.0,17.4,0.631,0.024,0.756,11.9,21.5,17.0,4.0,1.4,5.8,12.8,14.4,1.6,1.1,2.7,0.207,-1.0,0.8,-0.2,0.3,,2013.0,4
Orlando Johnson,23.0,IND,2.0,51.0,0.0,619.0,11.4,0.523,0.522,0.178,3.7,15.9,9.9,12.5,0.9,1.1,13.0,16.4,0.5,1.0,1.5,0.115,-0.5,0.7,0.2,0.3,,2013.0,1
Jan Veselý,22.0,WAS,4.0,51.0,4.0,601.0,7.6,0.48,0.009,0.342,7.9,14.7,11.3,7.3,1.3,2.2,17.1,12.0,-0.1,0.8,0.7,0.059,-5.6,1.0,-4.7,-0.4,,2013.0,2
Doron Lamb,21.0,2TM,2.0,47.0,0.0,577.0,4.8,0.433,0.227,0.209,1.5,7.4,4.4,8.2,1.2,0.0,12.7,15.7,-0.6,0.2,-0.4,-0.032,-5.6,-1.6,-7.3,-0.8,,2013.0,2
Richard Jefferson,32.0,GSW,3.0,56.0,1.0,568.0,10.3,0.552,0.331,0.39,1.0,14.9,8.1,8.0,1.3,1.0,12.6,14.4,0.4,0.6,1.0,0.081,-1.8,0.6,-1.3,0.1,,2013.0,1
Joel Anthony,30.0,MIA,5.0,62.0,3.0,566.0,10.4,0.542,0.0,0.412,10.4,14.4,12.5,3.1,1.2,6.1,21.5,8.6,0.4,0.8,1.2,0.1,-2.3,0.9,-1.3,0.1,,2013.0,4
Rodrigue Beaubois,24.0,DAL,1.0,45.0,0.0,549.0,10.6,0.47,0.409,0.216,1.9,9.6,5.8,22.6,1.8,0.6,14.6,18.7,0.0,0.4,0.4,0.032,-2.3,-0.3,-2.6,-0.1,,2013.0,5
Arnett Moultrie,22.0,PHI,4.0,47.0,0.0,542.0,16.7,0.595,0.0,0.209,15.4,14.8,15.1,2.9,1.7,1.4,11.5,14.1,1.1,0.6,1.7,0.149,0.0,-1.2,-1.2,0.1,,2013.0,2
Donatas Motiejūnas,22.0,HOU,4.0,44.0,14.0,538.0,12.2,0.531,0.39,0.239,7.7,11.9,9.8,9.5,0.6,1.4,13.6,22.1,0.4,0.3,0.7,0.061,-1.9,-1.6,-3.5,-0.2,,2013.0,2
Ish Smith,24.0,2TM,1.0,52.0,3.0,516.0,8.5,0.379,0.17,0.044,2.6,10.7,6.6,25.0,2.1,1.3,18.6,17.4,-0.8,0.4,-0.4,-0.04,-4.1,0.0,-4.1,-0.3,,2013.0,5
Aaron Gray,28.0,TOR,5.0,42.0,16.0,513.0,9.0,0.544,0.0,0.489,10.9,20.0,15.4,9.9,0.7,0.8,24.8,13.1,0.2,0.4,0.5,0.05,-3.9,-0.4,-4.3,-0.3,,2013.0,4
Omri Casspi,24.0,CLE,3.0,43.0,1.0,503.0,12.9,0.486,0.475,0.256,4.4,22.7,13.1,8.8,2.6,1.9,11.0,17.7,0.1,0.6,0.7,0.064,-0.8,0.7,-0.1,0.2,,2013.0,5
Mirza Teletović,27.0,BRK,4.0,53.0,0.0,499.0,12.3,0.495,0.584,0.059,7.8,14.8,11.2,7.7,1.4,1.2,9.5,19.4,0.5,0.5,0.9,0.087,-0.3,-1.0,-1.3,0.1,,2013.0,1
Andris Biedriņš,26.0,GSW,5.0,53.0,9.0,495.0,7.7,0.449,0.0,0.619,7.8,25.7,17.0,3.7,1.5,6.6,34.4,3.7,0.1,1.0,1.1,0.102,-4.8,3.8,-1.0,0.1,,2013.0,4
Joel Freeland,25.0,POR,4.0,51.0,1.0,477.0,9.3,0.435,0.0,0.19,9.6,19.5,14.5,4.3,1.4,1.7,11.0,16.6,-0.2,0.4,0.2,0.022,-4.7,-0.7,-5.4,-0.4,,2013.0,1
Bernard James,27.0,DAL,5.0,46.0,11.0,457.0,14.7,0.541,0.019,0.398,12.9,18.9,16.0,1.9,1.3,6.5,12.9,13.9,0.5,0.7,1.2,0.125,-2.4,0.7,-1.6,0.0,,2013.0,4
Charles Jenkins,23.0,2TM,2.0,59.0,1.0,441.0,7.5,0.425,0.017,0.182,2.0,6.0,4.0,14.8,1.8,0.4,13.8,15.5,-0.3,0.3,0.0,-0.005,-4.6,-0.4,-4.9,-0.3,,2013.0,1
Daequan Cook,25.0,2TM,2.0,49.0,1.0,441.0,5.8,0.398,0.545,0.072,1.8,14.1,7.9,6.7,0.9,1.2,8.0,19.2,-0.6,0.4,-0.2,-0.019,-3.5,-1.3,-4.8,-0.3,,2013.0,1
James White,30.0,NYK,3.0,57.0,16.0,435.0,9.1,0.503,0.353,0.164,1.3,12.0,6.5,10.3,1.6,0.8,12.0,15.2,0.1,0.3,0.5,0.051,-3.3,0.2,-3.1,-0.1,,2013.0,1
Marquis Teague,19.0,CHI,1.0,48.0,0.0,392.0,6.0,0.412,0.204,0.142,0.9,12.1,6.4,25.6,1.2,1.3,22.6,18.2,-0.7,0.4,-0.3,-0.031,-5.5,0.0,-5.6,-0.4,,2013.0,2
Cole Aldrich,24.0,2TM,5.0,45.0,0.0,388.0,11.1,0.563,0.0,0.25,8.7,26.7,17.7,3.4,0.7,4.6,20.6,12.7,0.1,0.4,0.6,0.07,-3.5,0.6,-2.9,-0.1,,2013.0,4
Kevin Durant,25.0,OKC,3.0,81.0,81.0,3122.0,29.8,0.635,0.291,0.477,2.2,18.6,10.8,26.7,1.7,1.5,12.2,33.0,14.8,4.4,19.2,0.295,8.8,1.4,10.2,9.6,"MVP-1,AS,NBA1",2014.0,0
Monta Ellis,28.0,DAL,2.0,82.0,82.0,3023.0,16.8,0.532,0.164,0.336,1.5,9.8,5.6,24.8,2.4,0.6,15.2,26.0,2.8,2.1,4.9,0.078,0.3,-0.5,-0.3,1.3,,2014.0,0
DeMar DeRozan,24.0,TOR,2.0,79.0,79.0,3017.0,18.4,0.532,0.149,0.448,2.0,11.3,6.6,18.9,1.5,0.7,9.5,28.0,5.8,3.0,8.8,0.141,1.9,-0.3,1.7,2.8,AS,2014.0,0
Carmelo Anthony,29.0,NYK,4.0,77.0,77.0,2982.0,24.4,0.561,0.253,0.329,5.6,19.4,12.3,15.8,1.7,1.5,9.5,32.4,8.1,2.5,10.7,0.172,5.8,-0.8,5.0,5.3,"MVP-15,AS",2014.0,0
John Wall,23.0,WAS,1.0,82.0,82.0,2980.0,19.5,0.524,0.23,0.295,1.5,11.7,6.5,40.5,2.6,1.1,16.3,27.4,4.0,4.0,7.9,0.128,2.4,0.4,2.7,3.6,AS,2014.0,0
Nicolas Batum,25.0,POR,3.0,82.0,82.0,2956.0,15.8,0.589,0.491,0.248,4.3,17.8,11.1,20.9,1.3,1.3,18.6,16.5,4.8,3.1,7.9,0.128,2.2,1.2,3.4,4.0,,2014.0,3
Damian Lillard,23.0,POR,1.0,82.0,82.0,2937.0,18.6,0.568,0.425,0.327,1.3,9.2,5.3,25.1,1.1,0.5,11.5,25.0,7.8,1.8,9.6,0.157,3.8,-0.6,3.2,3.9,"AS,NBA3",2014.0,0
LeBron James,29.0,MIA,4.0,77.0,77.0,2902.0,29.3,0.649,0.226,0.432,3.6,18.9,11.5,32.0,2.2,0.8,14.4,31.0,12.3,3.7,15.9,0.264,7.8,1.1,8.8,7.9,"MVP-2,DPOY-6,AS,NBA1,DEF2",2014.0,0
Paul George,23.0,IND,3.0,80.0,80.0,2898.0,20.1,0.555,0.367,0.341,2.6,17.7,10.5,17.9,2.7,0.6,12.5,28.3,4.4,6.4,10.8,0.178,2.7,2.1,4.9,5.0,"MVP-9,DPOY-7,AS,NBA3,DEF1",2014.0,0
DeAndre Jordan,25.0,LAC,5.0,82.0,82.0,2870.0,18.2,0.63,0.0,0.726,13.3,29.3,21.6,3.7,1.4,5.4,15.3,12.4,5.3,5.8,11.1,0.186,0.9,1.6,2.5,3.3,DPOY-3,2014.0,4
Klay Thompson,23.0,GSW,2.0,81.0,81.0,2868.0,14.3,0.555,0.425,0.147,1.5,7.9,4.7,10.2,1.3,1.0,9.2,22.6,3.5,3.2,6.7,0.112,0.9,-0.1,0.8,2.0,,2014.0,3
Blake Griffin,24.0,LAC,4.0,80.0,80.0,2863.0,23.9,0.583,0.032,0.496,7.7,21.2,14.7,19.2,1.6,1.4,11.9,29.0,8.1,4.1,12.2,0.205,3.8,0.7,4.5,4.7,"MVP-3,AS,NBA2",2014.0,0
Kyle Lowry,27.0,TOR,1.0,79.0,79.0,2862.0,20.1,0.567,0.463,0.356,3.6,11.5,7.5,34.7,2.2,0.4,13.4,22.9,8.4,3.3,11.7,0.197,4.1,0.6,4.7,4.8,,2014.0,0
Stephen Curry,25.0,GSW,1.0,78.0,78.0,2846.0,24.1,0.61,0.445,0.252,1.8,10.9,6.4,39.9,2.2,0.4,16.1,28.3,9.3,4.0,13.4,0.225,6.3,1.1,7.4,6.7,"MVP-6,AS,NBA2",2014.0,0
Joakim Noah,28.0,CHI,5.0,80.0,80.0,2820.0,20.0,0.531,0.003,0.419,11.6,24.5,18.2,26.4,1.9,3.3,17.0,18.7,4.5,6.6,11.2,0.19,1.7,3.6,5.3,5.2,"MVP-4,DPOY-1,AS,NBA1,DEF1",2014.0,0
Jeff Green,27.0,BOS,3.0,82.0,82.0,2805.0,13.1,0.52,0.338,0.304,2.1,13.6,7.7,8.4,1.0,1.3,11.1,23.6,1.3,2.0,3.3,0.057,-0.2,-1.3,-1.5,0.3,,2014.0,3
Gordon Hayward,23.0,UTA,3.0,77.0,77.0,2800.0,16.2,0.52,0.271,0.369,2.5,14.0,8.0,24.1,2.1,1.1,15.0,23.1,2.2,1.5,3.6,0.062,1.0,-0.2,0.8,2.0,,2014.0,0
Kevin Love,25.0,MIN,4.0,77.0,77.0,2797.0,26.9,0.591,0.355,0.445,8.5,29.5,18.7,21.4,1.0,1.0,10.3,28.8,10.6,3.7,14.3,0.245,8.3,0.6,8.9,7.7,"MVP-11,AS,NBA2",2014.0,0
Chandler Parsons,25.0,HOU,3.0,74.0,74.0,2783.0,15.9,0.565,0.356,0.224,2.9,12.8,8.2,17.3,1.6,0.8,11.7,19.3,5.1,2.5,7.6,0.131,1.5,0.2,1.7,2.6,,2014.0,0
Wesley Matthews,27.0,POR,2.0,82.0,82.0,2780.0,15.7,0.588,0.506,0.298,2.0,9.1,5.6,10.9,1.4,0.4,8.8,19.6,6.3,1.9,8.2,0.142,1.9,0.1,1.9,2.7,,2014.0,0
James Harden,24.0,HOU,2.0,73.0,73.0,2777.0,23.5,0.618,0.401,0.552,2.6,10.7,6.9,27.3,2.1,0.8,15.0,27.8,10.1,2.7,12.8,0.221,5.4,0.2,5.6,5.3,"MVP-5,AS,NBA1",2014.0,0
Lance Stephenson,23.0,IND,2.0,78.0,78.0,2752.0,14.7,0.564,0.28,0.226,4.1,18.1,11.4,22.1,1.0,0.2,18.0,19.4,2.6,4.8,7.4,0.13,0.4,1.0,1.3,2.3,,2014.0,3
Josh Smith,28.0,DET,3.0,77.0,76.0,2730.0,14.1,0.463,0.215,0.244,3.9,17.6,10.4,15.0,1.9,3.2,12.7,24.5,-1.4,2.5,1.1,0.02,-0.9,0.1,-0.8,0.8,,2014.0,3
Brandon Jennings,24.0,DET,1.0,80.0,79.0,2728.0,15.6,0.486,0.403,0.283,2.2,7.8,4.9,34.4,1.9,0.2,14.4,23.4,3.0,0.9,3.9,0.068,1.9,-1.9,0.1,1.4,,2014.0,0
Trevor Ariza,28.0,WAS,3.0,77.0,77.0,2723.0,15.8,0.59,0.518,0.226,4.1,16.3,10.1,10.8,2.4,0.6,12.3,17.8,4.3,3.7,8.0,0.141,1.3,1.0,2.3,3.0,DPOY-15,2014.0,0
Thaddeus Young,25.0,PHI,4.0,79.0,78.0,2718.0,16.6,0.512,0.228,0.178,6.3,12.8,9.5,11.8,3.0,1.1,10.7,24.1,1.2,2.3,3.5,0.062,0.4,-0.5,-0.1,1.3,,2014.0,3
Zach Randolph,32.0,MEM,4.0,79.0,79.0,2705.0,18.3,0.51,0.017,0.281,11.6,23.3,17.4,12.7,1.1,0.7,12.0,26.1,2.9,3.5,6.4,0.113,0.8,-0.9,-0.1,1.3,,2014.0,0
Greg Monroe,23.0,DET,4.0,82.0,82.0,2690.0,18.1,0.531,0.001,0.362,9.9,21.6,15.4,10.3,1.7,1.4,12.4,21.4,3.7,2.3,5.9,0.106,0.6,-0.6,0.1,1.4,,2014.0,0
Goran Dragić,27.0,PHO,2.0,76.0,75.0,2668.0,21.4,0.604,0.274,0.381,2.9,7.4,5.2,28.1,2.0,0.6,14.3,24.5,8.4,2.0,10.3,0.186,4.1,-0.2,3.9,4.0,"MVP-16,MIP-1,NBA3",2014.0,0
Serge Ibaka,24.0,OKC,4.0,81.0,81.0,2666.0,19.6,0.576,0.061,0.203,10.0,19.6,15.0,5.2,0.7,6.7,10.3,19.8,5.2,4.4,9.6,0.173,1.1,0.6,1.7,2.5,"DPOY-4,DEF1",2014.0,4
Marcin Gortat,29.0,WAS,5.0,81.0,80.0,2655.0,17.6,0.568,0.001,0.273,8.7,25.1,16.7,8.4,0.8,3.8,11.8,18.2,4.1,4.0,8.1,0.146,0.2,0.6,0.8,1.8,,2014.0,0
Ricky Rubio,23.0,MIN,1.0,82.0,82.0,2638.0,15.4,0.491,0.199,0.422,2.5,11.9,7.1,37.8,3.6,0.3,21.8,16.4,2.2,3.6,5.9,0.107,-0.6,1.7,1.2,2.1,,2014.0,0
Dirk Nowitzki,35.0,DAL,4.0,80.0,80.0,2628.0,23.6,0.603,0.258,0.295,1.8,20.0,10.9,14.2,1.4,1.4,7.5,26.9,8.6,2.3,10.9,0.199,5.0,0.0,5.0,4.7,"MVP-14,AS",2014.0,0
Andre Drummond,20.0,DET,5.0,81.0,81.0,2619.0,22.6,0.599,0.003,0.427,17.5,27.7,22.3,2.2,2.0,4.0,10.7,16.7,6.4,3.5,9.9,0.182,2.0,-0.6,1.4,2.3,,2014.0,4
Kemba Walker,23.0,CHA,1.0,73.0,73.0,2614.0,16.8,0.499,0.286,0.295,1.7,11.6,6.6,29.7,1.7,1.0,11.6,25.8,1.8,3.3,5.1,0.093,1.4,0.3,1.7,2.4,,2014.0,0
Corey Brewer,27.0,MIN,3.0,81.0,81.0,2609.0,12.7,0.55,0.261,0.281,2.6,6.2,4.3,7.9,2.9,0.9,10.4,16.5,2.4,2.7,5.2,0.095,-1.7,1.5,-0.2,1.2,,2014.0,3
Robin Lopez,25.0,POR,5.0,82.0,82.0,2603.0,17.7,0.605,0.002,0.376,13.6,15.3,14.5,4.2,0.5,3.7,10.1,14.0,7.0,2.6,9.5,0.176,1.2,-0.1,1.2,2.1,,2014.0,0
Tristan Thompson,22.0,CLE,4.0,82.0,82.0,2594.0,14.9,0.528,0.001,0.445,11.4,21.5,16.3,4.5,0.8,1.1,10.6,17.5,3.4,2.3,5.7,0.106,-0.6,-1.5,-2.1,-0.1,,2014.0,2
Jimmy Butler,24.0,CHI,2.0,67.0,67.0,2591.0,13.5,0.522,0.346,0.488,3.9,10.5,7.2,11.1,2.6,1.1,10.8,16.8,2.4,4.6,7.1,0.131,-0.9,2.0,1.1,2.0,DEF2,2014.0,5
Mike Dunleavy,33.0,CHI,3.0,82.0,61.0,2584.0,12.6,0.549,0.419,0.212,2.1,13.0,7.6,12.3,1.3,1.4,11.3,17.0,2.4,4.1,6.5,0.121,-0.3,1.1,0.8,1.8,,2014.0,3
Joe Johnson,32.0,BRK,2.0,79.0,79.0,2575.0,15.5,0.564,0.397,0.192,2.2,10.3,6.3,15.0,1.0,0.3,9.8,22.3,3.9,1.0,4.9,0.091,2.0,-1.8,0.2,1.4,AS,2014.0,0
Jodie Meeks,26.0,LAL,2.0,77.0,70.0,2556.0,14.7,0.601,0.453,0.289,1.3,6.9,4.1,8.5,2.1,0.1,9.9,19.1,3.8,0.7,4.5,0.084,0.4,-0.5,-0.1,1.2,,2014.0,3
Al Jefferson,29.0,CHA,5.0,73.0,73.0,2553.0,22.7,0.532,0.011,0.201,6.9,28.3,17.5,12.8,1.4,2.4,7.6,29.3,3.1,4.7,7.8,0.146,2.2,0.5,2.7,3.0,"MVP-8,NBA3",2014.0,0
Arron Afflalo,28.0,ORL,2.0,73.0,73.0,2552.0,16.0,0.574,0.297,0.332,1.4,10.2,5.8,16.9,0.7,0.1,11.2,23.3,4.3,1.0,5.3,0.099,1.4,-1.6,-0.2,1.1,,2014.0,0
Jeff Teague,25.0,ATL,1.0,79.0,79.0,2542.0,17.1,0.541,0.216,0.362,1.6,7.9,4.7,35.1,1.8,0.5,16.1,25.7,3.3,1.9,5.2,0.098,1.2,-1.3,-0.1,1.2,,2014.0,0
Chris Bosh,29.0,MIA,5.0,79.0,79.0,2531.0,19.0,0.597,0.229,0.285,5.1,20.3,13.0,5.8,1.7,2.7,10.4,22.6,4.6,3.4,8.0,0.152,1.3,-0.4,0.8,1.8,AS,2014.0,0
Rudy Gay,27.0,2TM,3.0,73.0,73.0,2531.0,18.3,0.54,0.167,0.328,5.0,14.8,9.8,15.1,1.9,1.8,14.2,27.6,2.3,2.5,4.8,0.091,1.8,0.0,1.7,2.4,,2014.0,0
Rudy Gay,27.0,SAC,3.0,55.0,55.0,1892.0,19.6,0.567,0.164,0.354,4.9,13.3,9.1,16.3,1.8,1.4,14.5,26.6,3.0,1.5,4.5,0.114,2.4,-0.3,2.1,2.0,,2014.0,0
Bradley Beal,20.0,WAS,2.0,73.0,73.0,2530.0,14.3,0.507,0.299,0.164,2.4,10.2,6.3,16.0,1.4,0.6,9.4,24.3,1.6,2.4,4.0,0.076,0.3,-0.7,-0.4,1.0,,2014.0,2
LaMarcus Aldridge,28.0,POR,4.0,69.0,69.0,2498.0,21.8,0.507,0.011,0.253,7.2,25.5,16.5,13.0,1.3,1.9,7.2,29.8,4.0,3.5,7.5,0.144,2.3,0.1,2.3,2.7,"MVP-10,AS,NBA3",2014.0,0
Isaiah Thomas,24.0,SAC,1.0,72.0,54.0,2497.0,20.5,0.574,0.332,0.371,2.1,7.5,4.7,32.2,1.9,0.3,14.3,26.3,6.4,1.3,7.7,0.149,3.9,-0.7,3.2,3.2,,2014.0,0
Kyrie Irving,21.0,CLE,1.0,71.0,71.0,2496.0,20.1,0.533,0.278,0.273,2.3,9.5,5.8,31.6,2.2,0.8,12.1,28.2,4.6,2.1,6.7,0.128,3.6,-0.2,3.4,3.3,AS,2014.0,0
P.J. Tucker,28.0,PHO,3.0,81.0,81.0,2490.0,13.3,0.54,0.311,0.327,7.3,16.6,11.9,8.1,2.2,0.7,12.7,14.2,3.3,2.8,6.1,0.117,0.1,0.9,1.0,1.9,DPOY-12,2014.0,3
Victor Oladipo,21.0,ORL,1.0,80.0,44.0,2487.0,13.6,0.514,0.241,0.34,1.9,13.1,7.5,21.9,2.7,1.2,19.2,24.4,-1.4,2.8,1.3,0.026,-1.9,0.4,-1.4,0.3,ROY-2,2014.0,2
Randy Foye,30.0,DEN,2.0,81.0,78.0,2485.0,13.3,0.558,0.569,0.211,1.6,8.5,5.0,17.7,1.3,1.2,13.2,18.8,3.3,1.3,4.6,0.089,0.9,-0.3,0.5,1.6,,2014.0,3
Paul Millsap,28.0,ATL,4.0,74.0,73.0,2482.0,19.8,0.545,0.202,0.373,7.2,21.9,14.6,16.2,2.6,2.5,13.2,25.7,2.7,4.0,6.7,0.129,1.4,1.3,2.8,3.0,AS,2014.0,0
David West,33.0,IND,4.0,80.0,80.0,2472.0,17.5,0.533,0.016,0.267,5.7,18.3,12.3,16.1,1.3,2.3,11.2,21.9,3.1,5.0,8.1,0.157,0.8,1.8,2.6,2.9,,2014.0,0
Spencer Hawes,25.0,2TM,5.0,80.0,78.0,2470.0,15.7,0.554,0.349,0.172,5.6,24.2,14.6,15.8,0.9,3.1,15.4,19.6,2.2,2.3,4.5,0.088,0.3,0.2,0.6,1.6,,2014.0,4
Spencer Hawes,25.0,PHI,5.0,53.0,53.0,1666.0,15.3,0.546,0.346,0.172,5.5,24.6,14.7,16.9,0.9,3.2,15.9,19.0,1.2,1.4,2.6,0.075,0.0,0.2,0.2,0.9,,2014.0,4
José Calderón,32.0,DAL,1.0,81.0,81.0,2468.0,15.2,0.596,0.568,0.084,1.4,7.6,4.5,22.4,1.4,0.4,11.7,16.2,5.4,0.8,6.3,0.122,2.5,-0.7,1.9,2.4,,2014.0,0
Gerald Henderson,26.0,CHA,2.0,77.0,77.0,2461.0,13.1,0.507,0.124,0.332,1.4,12.9,7.1,13.9,1.1,1.0,9.6,22.1,0.8,2.8,3.6,0.071,-1.6,0.1,-1.5,0.3,,2014.0,3
Khris Middleton,22.0,MIL,3.0,82.0,64.0,2460.0,12.5,0.541,0.34,0.16,2.7,12.0,7.2,11.7,1.8,0.7,11.9,19.1,1.9,0.8,2.7,0.053,-1.2,-1.1,-2.3,-0.2,,2014.0,2
Evan Turner,25.0,2TM,3.0,81.0,56.0,2457.0,12.4,0.498,0.153,0.257,2.7,15.7,9.0,17.8,1.3,0.2,14.3,23.2,-0.5,1.8,1.4,0.027,-2.1,-1.2,-3.3,-0.8,,2014.0,3
Evan Turner,25.0,PHI,3.0,54.0,54.0,1886.0,13.2,0.504,0.159,0.274,2.8,16.2,9.2,17.7,1.4,0.2,14.3,24.4,-0.2,0.9,0.7,0.017,-1.9,-1.6,-3.5,-0.7,,2014.0,1
Mike Conley,26.0,MEM,1.0,73.0,73.0,2446.0,20.0,0.545,0.283,0.268,2.0,8.4,5.2,30.1,2.4,0.4,11.5,24.6,5.5,2.7,8.2,0.161,3.4,0.3,3.8,3.6,MVP-17,2014.0,0
George Hill,27.0,IND,1.0,76.0,76.0,2434.0,13.4,0.563,0.422,0.286,2.6,10.1,6.5,17.2,1.6,0.7,11.7,14.8,3.8,4.0,7.8,0.154,-0.1,1.7,1.6,2.2,,2014.0,3
J.R. Smith,28.0,NYK,3.0,74.0,37.0,2421.0,13.9,0.527,0.503,0.145,1.7,13.1,7.2,15.1,1.4,0.7,9.6,21.6,2.5,1.2,3.7,0.073,1.0,-1.2,-0.2,1.1,,2014.0,1
Michael Carter-Williams,22.0,PHI,1.0,70.0,70.0,2414.0,15.5,0.48,0.197,0.348,4.3,15.6,9.8,30.2,2.6,1.4,16.9,25.7,-0.8,2.1,1.3,0.026,-0.2,-0.2,-0.5,0.9,ROY-1,2014.0,2
Roy Hibbert,27.0,IND,5.0,81.0,81.0,2409.0,13.5,0.499,0.007,0.357,9.9,15.0,12.5,6.2,0.6,5.7,14.5,19.4,0.5,5.0,5.4,0.108,-2.9,1.5,-1.4,0.4,"DPOY-2,AS,DEF2",2014.0,4
Shawn Marion,35.0,DAL,3.0,76.0,76.0,2409.0,13.7,0.537,0.229,0.092,6.4,17.4,11.9,7.6,1.9,1.3,11.4,15.7,2.2,2.1,4.3,0.086,0.1,0.1,0.2,1.3,,2014.0,3
Kyle Korver,32.0,ATL,2.0,71.0,71.0,2408.0,13.5,0.653,0.644,0.154,1.1,12.4,6.8,13.3,1.5,0.8,13.6,14.2,3.9,2.0,5.9,0.118,0.9,0.2,1.1,1.9,,2014.0,3
Brandon Knight,22.0,MIL,1.0,72.0,69.0,2400.0,16.5,0.523,0.31,0.296,2.1,10.3,6.1,26.6,1.5,0.6,13.2,26.8,2.4,0.4,2.8,0.055,1.7,-2.2,-0.5,0.9,,2014.0,2
Dwight Howard,28.0,HOU,5.0,71.0,71.0,2396.0,21.3,0.6,0.009,0.798,11.4,27.9,20.1,9.3,1.2,4.0,17.5,24.0,4.0,4.1,8.0,0.161,0.9,0.8,1.8,2.3,"DPOY-8,AS,NBA2",2014.0,4
Josh McRoberts,26.0,CHA,4.0,78.0,78.0,2360.0,13.8,0.548,0.514,0.15,4.0,13.8,8.9,21.9,1.3,1.5,12.1,13.4,3.5,3.0,6.5,0.132,0.5,1.5,2.0,2.3,,2014.0,3
Anthony Davis,20.0,NOP,4.0,67.0,66.0,2358.0,26.5,0.582,0.009,0.438,10.0,23.3,16.6,8.0,2.0,6.7,8.3,25.2,7.2,3.2,10.4,0.212,4.0,0.8,4.8,4.0,"DPOY-8,AS",2014.0,0
Taj Gibson,28.0,CHI,4.0,82.0,8.0,2351.0,16.0,0.524,0.008,0.314,9.8,17.1,13.5,7.3,0.9,3.7,12.8,23.0,1.4,4.4,5.7,0.117,-1.3,0.4,-1.0,0.6,6MOY-2,2014.0,4
DeMarre Carroll,27.0,ATL,3.0,73.0,73.0,2341.0,13.9,0.575,0.417,0.22,5.3,14.5,10.0,8.9,2.3,0.7,10.1,15.2,3.2,2.6,5.8,0.119,-0.1,0.7,0.7,1.6,,2014.0,3
Kyle Singler,25.0,DET,3.0,82.0,36.0,2337.0,11.8,0.574,0.409,0.306,5.2,9.2,7.1,4.7,1.3,1.3,10.4,14.0,3.6,0.7,4.4,0.09,-0.7,-0.7,-1.4,0.3,,2014.0,3
Gerald Green,28.0,PHO,2.0,82.0,48.0,2330.0,16.5,0.585,0.507,0.229,2.3,10.9,6.6,8.6,1.5,1.4,11.6,23.6,4.2,1.9,6.1,0.126,2.0,-0.6,1.4,2.0,,2014.0,3
Channing Frye,30.0,PHO,4.0,82.0,82.0,2312.0,13.2,0.555,0.555,0.122,3.6,16.6,10.1,6.4,1.3,2.1,9.8,17.3,2.9,2.4,5.3,0.109,0.4,0.3,0.7,1.6,,2014.0,3
James Anderson,24.0,PHI,2.0,80.0,62.0,2309.0,10.9,0.53,0.49,0.148,2.7,11.7,7.0,9.9,1.6,1.0,12.2,15.9,0.9,0.9,1.9,0.039,-1.5,-1.0,-2.6,-0.3,,2014.0,3
DeMarcus Cousins,23.0,SAC,5.0,71.0,71.0,2298.0,26.1,0.555,0.006,0.5,10.6,30.5,20.4,17.8,2.4,3.2,14.7,32.7,4.1,3.8,7.9,0.166,3.6,1.6,5.2,4.2,,2014.0,0
David Lee,30.0,GSW,4.0,69.0,67.0,2288.0,19.1,0.566,0.001,0.302,8.8,21.6,15.3,10.9,1.0,0.9,12.0,24.3,4.1,3.5,7.6,0.16,1.1,0.3,1.3,1.9,,2014.0,0
Jonas Valančiūnas,21.0,TOR,5.0,81.0,81.0,2282.0,16.1,0.579,0.001,0.385,11.5,25.1,18.2,4.2,0.5,2.5,14.7,18.5,3.5,3.2,6.7,0.141,-0.6,-0.7,-1.3,0.4,,2014.0,2
Reggie Jackson,23.0,OKC,1.0,80.0,36.0,2277.0,15.4,0.527,0.267,0.193,2.2,12.8,7.8,23.1,1.9,0.3,14.5,22.6,2.3,2.6,4.9,0.104,0.4,-0.3,0.1,1.2,6MOY-5,2014.0,3
Brandon Bass,28.0,BOS,4.0,82.0,73.0,2266.0,15.0,0.549,0.008,0.33,7.8,15.9,11.8,6.4,0.8,2.4,10.9,18.2,3.2,1.9,5.1,0.107,-0.6,-0.6,-1.1,0.5,,2014.0,3
Trey Burke,21.0,UTA,1.0,70.0,68.0,2262.0,12.6,0.473,0.375,0.126,1.8,9.0,5.3,29.4,1.0,0.2,12.2,21.8,1.0,0.0,0.9,0.02,0.0,-2.6,-2.6,-0.4,ROY-3,2014.0,2
Jarrett Jack,30.0,CLE,1.0,80.0,31.0,2252.0,11.5,0.498,0.265,0.213,1.1,10.3,5.6,22.7,1.3,0.8,14.8,17.8,0.9,1.4,2.3,0.049,-1.6,-0.5,-2.1,-0.1,,2014.0,3
Wesley Johnson,26.0,LAL,3.0,79.0,62.0,2240.0,11.0,0.522,0.416,0.118,3.3,13.3,8.3,8.2,1.9,2.5,11.6,15.1,0.4,1.5,1.9,0.041,-1.6,0.5,-1.1,0.5,,2014.0,3
Ty Lawson,26.0,DEN,1.0,62.0,61.0,2222.0,19.0,0.554,0.251,0.504,1.9,8.5,5.2,38.2,2.2,0.3,16.9,22.7,4.8,1.5,6.3,0.136,2.9,-0.5,2.3,2.5,,2014.0,5
Amir Johnson,26.0,TOR,4.0,77.0,72.0,2214.0,15.4,0.592,0.108,0.234,9.0,17.6,13.3,8.7,1.3,3.2,15.4,16.4,3.2,3.1,6.3,0.136,-0.4,1.1,0.7,1.5,,2014.0,4
Ramon Sessions,27.0,2TM,1.0,83.0,19.0,2214.0,16.0,0.539,0.161,0.525,1.9,8.6,5.2,25.7,1.2,0.3,13.5,22.7,3.1,1.2,4.3,0.094,0.7,-1.5,-0.8,0.7,,2014.0,3
Ramon Sessions,27.0,CHA,1.0,55.0,7.0,1305.0,14.6,0.509,0.146,0.503,1.9,8.3,5.1,26.2,1.3,0.4,14.1,23.4,0.8,1.3,2.0,0.075,-0.5,-0.7,-1.3,0.2,,2014.0,5
Richard Jefferson,33.0,UTA,3.0,82.0,78.0,2213.0,11.8,0.573,0.46,0.248,0.9,10.8,5.7,9.6,1.3,0.5,11.5,16.9,2.3,0.4,2.7,0.058,-0.6,-0.9,-1.4,0.3,,2014.0,3
Luol Deng,28.0,2TM,3.0,63.0,63.0,2213.0,15.2,0.517,0.22,0.312,5.0,13.4,9.2,14.6,1.5,0.3,10.4,22.3,2.2,2.3,4.5,0.098,0.6,-0.1,0.4,1.4,,2014.0,0
Harrison Barnes,21.0,GSW,3.0,78.0,24.0,2204.0,9.8,0.486,0.28,0.267,3.3,11.9,7.7,7.6,1.5,0.7,10.0,16.8,0.4,2.8,3.2,0.07,-2.2,0.5,-1.6,0.2,,2014.0,2
Derrick Favors,22.0,UTA,4.0,73.0,73.0,2201.0,19.0,0.556,0.001,0.38,10.1,23.7,16.7,7.3,1.8,3.8,12.9,20.8,2.9,2.3,5.1,0.112,0.0,0.1,0.1,1.2,,2014.0,2
Alec Burks,22.0,UTA,2.0,78.0,12.0,2193.0,15.8,0.547,0.172,0.449,3.0,10.7,6.8,16.9,1.7,0.5,13.0,23.9,2.6,0.6,3.2,0.07,0.2,-1.0,-0.8,0.7,,2014.0,2
Ben McLemore,20.0,SAC,2.0,82.0,55.0,2187.0,7.7,0.485,0.437,0.211,2.7,9.5,6.1,5.8,1.0,0.7,11.5,16.9,-0.1,0.9,0.8,0.016,-2.9,-1.1,-4.0,-1.1,,2014.0,2
Jameer Nelson,31.0,ORL,1.0,68.0,68.0,2179.0,13.9,0.515,0.523,0.15,1.5,10.5,6.0,35.1,1.2,0.2,17.3,20.1,1.6,1.2,2.8,0.062,0.6,-1.7,-1.1,0.5,,2014.0,5
Kenneth Faried,24.0,DEN,4.0,80.0,77.0,2178.0,19.8,0.573,0.004,0.379,11.8,22.2,16.9,7.5,1.6,2.3,12.4,21.3,4.0,2.5,6.5,0.144,1.2,-0.3,1.0,1.6,,2014.0,0
Mario Chalmers,27.0,MIA,1.0,73.0,73.0,2178.0,14.0,0.567,0.404,0.291,2.5,9.6,6.2,24.3,2.9,0.6,20.4,17.4,2.4,2.5,4.8,0.106,-0.3,0.5,0.2,1.2,,2014.0,5
Kevin Martin,30.0,MIN,2.0,68.0,68.0,2177.0,16.3,0.553,0.29,0.332,1.7,8.7,5.1,9.2,1.5,0.2,8.3,25.0,3.8,1.5,5.3,0.117,1.1,-0.8,0.3,1.3,,2014.0,0
Chris Paul,28.0,LAC,1.0,62.0,62.0,2171.0,25.9,0.58,0.244,0.397,2.0,11.4,6.9,48.9,3.5,0.1,12.4,23.7,9.0,3.2,12.2,0.27,6.0,2.6,8.6,5.8,"MVP-7,DPOY-13,AS,NBA1,DEF1",2014.0,0
Terrence Ross,22.0,TOR,2.0,81.0,62.0,2159.0,12.0,0.553,0.543,0.13,2.3,11.3,6.8,6.1,1.5,1.0,10.0,18.6,2.0,2.2,4.2,0.094,0.0,-0.2,-0.2,1.0,,2014.0,2
Tim Duncan,37.0,SAS,5.0,74.0,74.0,2158.0,21.3,0.535,0.006,0.349,8.6,28.3,18.8,16.0,1.0,4.6,13.2,25.2,2.8,4.6,7.4,0.164,1.2,2.1,3.3,2.9,"MVP-12,DPOY-13",2014.0,0
Martell Webster,27.0,WAS,3.0,78.0,13.0,2157.0,11.5,0.591,0.634,0.213,2.0,10.1,6.0,6.7,1.0,0.6,8.3,14.7,3.3,1.7,5.0,0.112,-0.1,-0.3,-0.4,0.9,,2014.0,3
Markieff Morris,24.0,PHO,4.0,81.0,0.0,2153.0,18.4,0.564,0.128,0.387,7.3,18.0,12.6,10.9,1.6,1.8,12.9,23.2,4.0,2.4,6.4,0.143,0.8,0.2,1.0,1.6,6MOY-4,2014.0,4
Carlos Boozer,32.0,CHI,4.0,76.0,76.0,2141.0,14.4,0.489,0.002,0.197,7.4,25.9,16.8,10.9,1.3,0.8,12.6,26.3,-0.9,4.3,3.4,0.076,-2.3,0.2,-2.1,-0.1,,2014.0,0
Enes Freedom,21.0,UTA,5.0,80.0,37.0,2138.0,15.6,0.523,0.001,0.239,11.6,20.9,16.1,6.4,0.7,1.5,13.3,23.3,1.3,0.9,2.2,0.05,-1.2,-2.4,-3.6,-0.9,6MOY-8,2014.0,2
Kirk Hinrich,33.0,CHI,1.0,73.0,61.0,2116.0,10.8,0.494,0.391,0.202,1.7,8.5,5.2,22.6,2.0,1.0,15.1,17.3,0.4,3.3,3.8,0.085,-2.4,1.4,-1.0,0.6,,2014.0,5
Paul Pierce,36.0,BRK,3.0,75.0,68.0,2098.0,16.8,0.595,0.421,0.435,1.5,18.3,9.9,14.5,2.2,1.2,15.3,22.4,2.9,2.3,5.2,0.119,1.3,0.3,1.6,1.9,,2014.0,0
Jamal Crawford,33.0,LAC,2.0,69.0,24.0,2094.0,17.3,0.556,0.441,0.318,1.9,6.4,4.2,17.4,1.4,0.4,10.5,27.2,3.8,1.5,5.3,0.122,3.0,-1.4,1.6,1.9,6MOY-1,2014.0,3
Terrence Jones,22.0,HOU,4.0,76.0,71.0,2078.0,19.1,0.577,0.142,0.274,9.2,18.5,14.1,7.0,1.3,3.5,8.2,18.3,4.6,2.7,7.3,0.169,1.9,0.3,2.2,2.2,,2014.0,2
Dion Waiters,22.0,CLE,2.0,70.0,24.0,2072.0,14.0,0.508,0.252,0.237,1.7,9.0,5.3,18.2,1.6,0.7,12.3,26.9,0.3,1.3,1.6,0.037,-0.3,-1.2,-1.5,0.3,6MOY-8,2014.0,2
Darren Collison,26.0,LAC,1.0,80.0,35.0,2069.0,16.2,0.575,0.272,0.323,2.6,7.3,5.0,21.9,2.2,0.6,14.3,19.7,3.8,2.0,5.9,0.136,1.1,0.4,1.5,1.8,,2014.0,3
Deron Williams,29.0,BRK,1.0,64.0,58.0,2059.0,17.6,0.564,0.374,0.302,0.9,8.9,4.9,32.8,2.4,0.5,15.0,21.8,3.8,1.5,5.4,0.125,1.9,-0.7,1.2,1.7,,2014.0,0
Eric Gordon,25.0,NOP,2.0,64.0,64.0,2057.0,14.9,0.54,0.316,0.273,1.7,7.7,4.7,16.6,1.9,0.5,12.8,23.2,2.0,0.5,2.5,0.058,1.0,-1.4,-0.5,0.8,,2014.0,3
Jeremy Lin,25.0,HOU,1.0,71.0,33.0,2054.0,14.3,0.572,0.346,0.4,2.0,7.8,5.1,22.3,1.6,1.0,18.4,20.4,2.8,1.6,4.4,0.103,0.2,-0.4,-0.2,0.9,,2014.0,5
Al-Farouq Aminu,23.0,NOP,3.0,80.0,65.0,2045.0,13.2,0.516,0.097,0.277,7.2,21.2,14.1,8.4,2.1,1.6,13.7,14.3,1.3,1.8,3.1,0.072,-0.9,0.3,-0.6,0.7,,2014.0,3
Jared Sullinger,21.0,BOS,4.0,74.0,44.0,2041.0,16.4,0.497,0.231,0.226,13.0,20.6,16.7,10.1,0.9,1.8,10.7,24.1,1.9,2.0,3.9,0.091,0.1,-1.5,-1.4,0.3,,2014.0,2
Andre Iguodala,30.0,GSW,3.0,63.0,63.0,2040.0,13.7,0.57,0.382,0.288,2.9,12.6,7.8,18.2,2.3,0.7,16.2,13.3,2.7,3.1,5.8,0.135,-0.1,2.4,2.3,2.2,"DPOY-5,DEF1",2014.0,5
Tyreke Evans,24.0,NOP,3.0,72.0,22.0,2028.0,18.4,0.504,0.106,0.346,4.3,15.4,9.8,30.4,2.2,0.9,14.5,27.1,1.8,1.3,3.1,0.073,1.3,-0.7,0.6,1.3,,2014.0,0
Raymond Felton,29.0,NYK,1.0,65.0,65.0,2017.0,12.9,0.476,0.321,0.201,3.1,8.6,5.7,28.1,2.1,1.2,16.3,18.2,1.1,1.1,2.2,0.053,-0.5,-0.7,-1.2,0.4,,2014.0,5
Marco Belinelli,27.0,SAS,3.0,80.0,25.0,2016.0,15.0,0.605,0.422,0.188,1.0,11.2,6.3,13.2,1.3,0.3,11.2,19.0,3.5,2.4,5.9,0.14,1.0,0.3,1.3,1.7,6MOY-11,2014.0,3
Norris Cole,25.0,MIA,1.0,82.0,6.0,2014.0,8.8,0.497,0.348,0.136,1.1,8.6,5.0,17.9,2.0,0.2,19.3,15.6,-0.5,1.7,1.2,0.029,-2.8,-0.4,-3.1,-0.6,,2014.0,3
Jason Thompson,27.0,SAC,4.0,82.0,61.0,2007.0,11.1,0.523,0.0,0.292,8.5,21.3,14.8,4.1,0.8,2.3,14.5,14.4,0.9,1.7,2.7,0.064,-2.9,-0.4,-3.2,-0.6,,2014.0,3
Tony Parker,31.0,SAS,1.0,68.0,68.0,1997.0,18.9,0.555,0.073,0.266,1.0,7.5,4.4,31.7,0.9,0.3,12.9,26.5,3.9,1.9,5.9,0.141,2.0,-1.2,0.9,1.5,"MVP-12,AS,NBA2",2014.0,0
Boris Diaw,31.0,SAS,4.0,79.0,24.0,1974.0,14.1,0.578,0.193,0.159,4.4,13.8,9.3,16.3,1.1,1.2,16.3,17.0,2.3,2.6,4.9,0.12,0.4,0.9,1.3,1.6,,2014.0,4
Shaun Livingston,28.0,BRK,1.0,76.0,54.0,1974.0,14.5,0.551,0.012,0.392,4.1,10.8,7.5,20.1,2.5,1.3,15.5,16.1,2.6,1.8,4.4,0.108,-0.6,1.1,0.4,1.2,,2014.0,5
Vince Carter,37.0,DAL,2.0,81.0,0.0,1973.0,15.9,0.539,0.457,0.242,4.0,12.6,8.3,16.5,1.6,1.5,10.7,23.1,3.0,1.3,4.3,0.105,1.8,-0.5,1.2,1.6,6MOY-6,2014.0,3
Courtney Lee,28.0,2TM,2.0,79.0,47.0,1973.0,13.8,0.574,0.316,0.182,1.7,9.5,5.6,9.3,1.7,1.2,9.9,17.0,2.8,1.9,4.7,0.114,0.1,0.8,0.9,1.5,,2014.0,3
Courtney Lee,28.0,MEM,2.0,49.0,47.0,1469.0,13.5,0.574,0.329,0.209,1.7,9.5,5.6,8.7,1.6,1.1,9.3,16.3,2.2,1.5,3.7,0.12,-0.2,0.8,0.7,1.0,,2014.0,1
Marc Gasol,29.0,MEM,5.0,59.0,59.0,1970.0,18.2,0.526,0.015,0.339,5.0,20.5,12.7,17.7,1.6,3.2,12.0,21.7,2.6,3.1,5.6,0.137,1.1,2.0,3.0,2.5,DPOY-15,2014.0,4
Miles Plumlee,25.0,PHO,5.0,80.0,79.0,1964.0,14.6,0.529,0.0,0.239,11.3,24.4,17.9,3.3,1.3,3.5,15.4,16.2,1.2,2.8,4.0,0.098,-1.4,0.1,-1.3,0.3,,2014.0,4
Iman Shumpert,23.0,NYK,2.0,74.0,58.0,1962.0,9.6,0.48,0.471,0.147,4.7,14.0,9.2,9.8,2.5,0.6,13.3,14.1,0.4,1.6,2.0,0.048,-2.4,0.4,-2.0,0.0,,2014.0,5
Maurice Harkless,20.0,ORL,3.0,80.0,41.0,1950.0,11.8,0.542,0.319,0.296,4.0,11.4,7.7,6.4,2.5,2.0,13.6,14.8,0.6,2.1,2.8,0.068,-1.5,1.1,-0.4,0.8,,2014.0,2
Rodney Stuckey,27.0,DET,2.0,73.0,5.0,1950.0,14.0,0.516,0.103,0.342,2.1,7.7,4.7,12.7,1.4,0.4,11.3,24.3,1.8,0.4,2.2,0.053,-1.2,-1.7,-2.9,-0.4,,2014.0,5
Tayshaun Prince,33.0,MEM,3.0,76.0,76.0,1948.0,8.2,0.438,0.14,0.122,1.9,12.3,7.1,8.9,1.1,0.8,7.3,13.3,-0.2,1.8,1.5,0.038,-2.7,0.2,-2.5,-0.2,,2014.0,3
D.J. Augustin,26.0,2TM,1.0,71.0,9.0,1939.0,16.2,0.569,0.462,0.316,0.9,6.7,3.8,28.9,1.5,0.1,13.3,22.4,3.8,2.4,6.2,0.154,1.9,-0.4,1.4,1.7,6MOY-7,2014.0,3
D.J. Augustin,26.0,CHI,1.0,61.0,9.0,1857.0,16.8,0.574,0.463,0.318,0.9,6.7,3.9,29.3,1.5,0.1,12.8,22.5,4.0,2.4,6.4,0.166,2.2,-0.3,1.9,1.8,,2014.0,3
Ray Allen,38.0,MIA,2.0,73.0,9.0,1936.0,12.8,0.59,0.569,0.214,1.6,11.4,6.7,11.1,1.5,0.4,12.4,16.8,2.5,1.5,4.1,0.101,0.5,-0.9,-0.4,0.8,,2014.0,1
Wilson Chandler,26.0,DEN,3.0,62.0,55.0,1927.0,12.4,0.526,0.476,0.206,3.2,13.3,8.2,9.3,1.2,1.2,8.9,19.5,1.8,1.2,3.1,0.076,-0.1,-0.6,-0.8,0.6,,2014.0,1
Kawhi Leonard,22.0,SAS,3.0,66.0,65.0,1923.0,19.4,0.602,0.282,0.195,4.6,18.9,12.1,10.4,3.0,1.9,10.3,18.3,3.8,3.9,7.7,0.193,2.1,3.0,5.1,3.5,"DPOY-11,DEF2",2014.0,2
Giannis Antetokounmpo,19.0,MIL,3.0,77.0,23.0,1897.0,10.8,0.518,0.282,0.483,4.6,16.3,10.2,12.1,1.7,2.6,19.4,15.0,0.1,1.1,1.2,0.031,-2.4,-0.1,-2.5,-0.2,ROY-7,2014.0,2
Pau Gasol,33.0,LAL,5.0,60.0,60.0,1884.0,19.3,0.522,0.016,0.287,7.0,25.9,16.4,18.7,0.7,3.5,12.4,26.4,1.3,1.7,3.0,0.076,1.0,0.2,1.2,1.5,,2014.0,0
Tim Hardaway Jr.,21.0,NYK,2.0,81.0,1.0,1875.0,12.7,0.554,0.521,0.186,1.2,6.6,3.8,5.8,1.2,0.3,5.9,19.6,2.7,0.4,3.1,0.08,0.0,-1.8,-1.8,0.1,"ROY-5,6MOY-13",2014.0,2
J.J. Hickson,25.0,DEN,4.0,69.0,52.0,1859.0,16.2,0.521,0.012,0.443,11.9,24.8,18.3,8.4,1.2,2.0,14.1,20.8,1.3,2.1,3.3,0.086,-0.4,-0.5,-0.9,0.5,,2014.0,4
Jordan Crawford,25.0,2TM,1.0,81.0,35.0,1859.0,14.3,0.516,0.362,0.214,1.7,9.5,5.5,25.1,1.3,0.2,13.4,23.7,1.5,1.4,2.8,0.073,0.6,-1.2,-0.6,0.6,,2014.0,3
Jordan Crawford,25.0,GSW,2.0,42.0,0.0,661.0,11.9,0.503,0.384,0.129,1.7,8.6,5.2,14.2,1.0,0.2,12.4,26.8,-0.2,0.7,0.4,0.033,-1.1,-1.5,-2.7,-0.1,,2014.0,5
John Henson,23.0,MIL,4.0,70.0,23.0,1856.0,17.9,0.543,0.002,0.277,10.2,20.8,15.3,10.9,1.2,5.1,13.7,20.3,1.7,1.5,3.3,0.084,-0.3,-0.2,-0.5,0.7,,2014.0,4
Avery Bradley,23.0,BOS,2.0,60.0,58.0,1855.0,12.7,0.51,0.242,0.136,2.9,11.2,6.9,8.1,1.7,0.5,9.9,23.2,0.4,1.4,1.8,0.046,-1.1,-0.8,-1.9,0.1,,2014.0,1
Tobias Harris,21.0,ORL,4.0,61.0,36.0,1850.0,16.5,0.542,0.176,0.341,5.4,20.6,13.0,7.7,1.1,1.0,8.7,22.2,2.4,1.7,4.1,0.107,0.0,-0.7,-0.7,0.6,,2014.0,2
Mo Williams,31.0,POR,1.0,74.0,0.0,1834.0,11.8,0.507,0.335,0.132,2.5,6.4,4.5,26.7,1.5,0.4,17.3,20.5,1.0,1.2,2.2,0.056,-1.2,-0.8,-2.0,0.0,6MOY-13,2014.0,5
Derrick Williams,22.0,2TM,4.0,78.0,15.0,1820.0,11.5,0.524,0.205,0.537,4.3,15.8,10.0,4.7,1.3,0.9,11.3,16.2,1.3,1.3,2.6,0.068,-1.6,-0.5,-2.1,0.0,,2014.0,2
Derrick Williams,22.0,SAC,3.0,67.0,15.0,1658.0,11.9,0.533,0.196,0.568,4.6,15.8,10.1,5.1,1.4,0.8,11.6,16.1,1.4,1.1,2.5,0.073,-1.3,-0.5,-1.9,0.1,,2014.0,2
Nikola Vučević,23.0,ORL,5.0,57.0,57.0,1812.0,18.8,0.536,0.0,0.197,11.5,27.6,19.5,10.2,1.7,2.0,12.9,21.8,1.8,2.6,4.4,0.116,0.1,0.0,0.1,1.0,,2014.0,4
Nick Young,28.0,LAL,2.0,64.0,9.0,1810.0,16.0,0.564,0.394,0.321,1.7,8.1,4.9,9.0,1.2,0.5,8.6,26.8,2.3,0.3,2.5,0.067,1.4,-1.9,-0.5,0.7,6MOY-8,2014.0,3
Marcus Morris,24.0,PHO,3.0,82.0,1.0,1800.0,14.8,0.552,0.399,0.244,5.2,14.6,9.9,7.6,2.0,0.8,11.6,19.9,2.3,1.8,4.2,0.111,0.6,-0.1,0.5,1.1,,2014.0,3
Anderson Varejão,31.0,CLE,5.0,65.0,29.0,1800.0,17.0,0.527,0.015,0.294,11.4,28.2,19.6,12.2,2.0,1.8,12.2,14.6,2.7,2.7,5.4,0.144,0.3,1.1,1.4,1.6,,2014.0,4
Draymond Green,23.0,GSW,3.0,82.0,12.0,1797.0,12.7,0.498,0.359,0.268,5.3,19.3,12.4,11.9,2.8,3.0,15.1,14.8,0.7,3.8,4.5,0.119,-1.7,3.6,1.9,1.8,,2014.0,5
Greivis Vásquez,27.0,2TM,1.0,79.0,23.0,1779.0,14.1,0.537,0.439,0.164,1.3,10.0,5.6,30.4,0.9,0.2,15.4,21.1,2.4,1.2,3.6,0.097,1.1,-1.5,-0.4,0.7,6MOY-13,2014.0,3
Greivis Vásquez,27.0,TOR,1.0,61.0,5.0,1314.0,14.2,0.537,0.47,0.15,1.3,11.1,6.2,29.5,1.0,0.2,15.7,22.2,1.6,1.1,2.6,0.096,1.4,-1.3,0.1,0.7,,2014.0,5
Dwyane Wade,32.0,MIA,2.0,54.0,53.0,1775.0,22.0,0.588,0.042,0.339,4.4,12.3,8.5,25.5,2.3,1.4,15.5,27.9,3.5,2.0,5.5,0.149,2.9,0.0,2.9,2.2,AS,2014.0,0
Alan Anderson,31.0,BRK,3.0,78.0,26.0,1773.0,9.5,0.525,0.511,0.243,2.7,9.1,5.9,7.3,1.4,0.5,10.4,15.9,0.8,0.9,1.7,0.047,-1.8,-1.0,-2.8,-0.4,,2014.0,3
Timofey Mozgov,27.0,DEN,5.0,82.0,30.0,1770.0,16.7,0.584,0.044,0.477,10.4,21.9,16.1,5.5,0.7,4.2,15.6,18.8,2.6,1.9,4.5,0.123,-0.9,0.0,-0.8,0.5,6MOY-13,2014.0,4
Andrew Bogut,29.0,GSW,5.0,67.0,67.0,1769.0,17.0,0.61,0.0,0.171,11.4,29.7,20.7,9.3,1.3,5.2,19.4,12.4,2.4,4.0,6.5,0.176,-0.2,3.2,3.0,2.2,DPOY-10,2014.0,4
Tony Wroten,20.0,PHI,1.0,72.0,16.0,1765.0,12.9,0.493,0.233,0.403,4.1,10.1,7.0,20.9,2.1,0.7,17.7,27.7,-1.8,0.9,-0.9,-0.025,-1.9,-1.8,-3.7,-0.7,,2014.0,2
Patrick Beverley,25.0,HOU,1.0,56.0,55.0,1751.0,12.4,0.545,0.53,0.212,4.9,7.4,6.2,12.8,2.2,1.0,11.2,14.8,2.7,1.6,4.2,0.116,-0.3,0.9,0.6,1.2,"DPOY-17,DEF2",2014.0,5
Hollis Thompson,22.0,PHI,3.0,77.0,41.0,1742.0,9.5,0.57,0.449,0.196,4.4,11.2,7.7,6.1,1.5,0.5,12.9,11.3,1.4,0.6,2.0,0.055,-2.1,-1.0,-3.2,-0.5,,2014.0,2
Marcus Thornton,26.0,2TM,2.0,72.0,27.0,1741.0,12.0,0.511,0.495,0.175,3.7,9.4,6.6,7.3,1.7,0.5,8.9,19.7,1.0,1.0,2.0,0.055,-0.4,-1.1,-1.5,0.2,,2014.0,1
Marcus Thornton,26.0,SAC,2.0,46.0,26.0,1121.0,9.7,0.484,0.48,0.139,3.9,8.7,6.2,6.6,1.4,0.6,8.8,17.1,0.4,0.5,0.9,0.038,-1.4,-0.9,-2.3,-0.1,,2014.0,1
Matt Barnes,33.0,LAC,3.0,63.0,40.0,1735.0,12.0,0.552,0.537,0.171,4.0,14.4,9.3,10.6,1.6,1.2,13.0,16.6,1.5,2.0,3.5,0.097,-0.4,0.2,-0.2,0.8,,2014.0,3
Jared Dudley,28.0,LAC,3.0,74.0,43.0,1729.0,8.9,0.541,0.503,0.13,2.4,7.7,5.1,8.6,1.2,0.4,10.6,13.5,1.2,1.2,2.4,0.068,-1.4,-0.1,-1.5,0.2,,2014.0,1
John Salmons,34.0,2TM,3.0,78.0,8.0,1726.0,7.8,0.462,0.395,0.126,1.3,9.6,5.5,12.8,1.4,0.9,11.0,12.8,0.2,1.4,1.7,0.046,-2.5,0.5,-1.9,0.0,,2014.0,3
John Salmons,34.0,TOR,2.0,60.0,0.0,1281.0,7.6,0.472,0.409,0.152,1.1,9.6,5.3,12.1,1.4,0.7,11.2,12.6,0.2,1.2,1.4,0.052,-2.5,0.7,-1.8,0.1,,2014.0,1
Mike Miller,33.0,MEM,3.0,82.0,4.0,1707.0,12.5,0.619,0.526,0.126,2.1,12.3,7.2,11.5,0.8,0.2,14.1,14.7,2.6,1.4,3.9,0.111,0.7,-0.3,0.4,1.0,,2014.0,3
Jerryd Bayless,25.0,2TM,1.0,72.0,19.0,1686.0,12.0,0.498,0.344,0.191,1.5,8.6,5.0,18.5,1.9,0.4,10.9,20.1,1.1,1.3,2.4,0.069,-1.6,-0.2,-1.8,0.1,,2014.0,5
Marvin Williams,27.0,UTA,4.0,66.0,50.0,1674.0,14.0,0.54,0.445,0.139,5.5,17.9,11.5,7.7,1.7,1.5,8.7,16.7,1.9,1.0,2.9,0.084,0.3,-0.3,0.0,0.9,,2014.0,1
Brian Roberts,28.0,NOP,1.0,72.0,42.0,1667.0,13.4,0.529,0.306,0.229,1.2,8.4,4.7,22.1,1.3,0.4,12.9,20.0,2.0,0.2,2.2,0.063,-0.1,-1.6,-1.7,0.1,,2014.0,5
Nikola Peković,28.0,MIN,5.0,54.0,54.0,1663.0,20.7,0.582,0.0,0.355,13.1,17.6,15.3,5.2,0.9,1.1,9.4,22.9,4.3,1.5,5.9,0.169,2.2,-1.6,0.6,1.1,,2014.0,4
Tyson Chandler,31.0,NYK,5.0,55.0,55.0,1662.0,16.4,0.615,0.003,0.481,10.9,27.0,18.7,5.5,1.2,3.4,15.4,12.9,3.1,1.9,4.9,0.143,0.3,-0.1,0.2,0.9,,2014.0,4
Glen Davis,28.0,2TM,4.0,68.0,44.0,1662.0,13.1,0.491,0.019,0.231,7.4,16.4,11.9,7.8,1.8,1.4,10.4,19.9,0.2,1.8,2.0,0.058,-2.2,-0.3,-2.5,-0.2,,2014.0,1
Glen Davis,28.0,ORL,4.0,45.0,43.0,1354.0,13.7,0.485,0.02,0.223,7.2,16.4,11.8,8.8,1.7,1.3,9.5,20.9,0.2,1.3,1.5,0.053,-1.8,-0.4,-2.1,0.0,,2014.0,1
Danny Green,26.0,SAS,2.0,68.0,59.0,1651.0,13.9,0.58,0.63,0.125,1.8,13.4,7.8,8.9,2.0,2.7,12.5,16.7,1.4,2.8,4.2,0.122,1.2,2.0,3.2,2.2,,2014.0,5
Dante Cunningham,26.0,MIN,4.0,81.0,7.0,1635.0,12.6,0.474,0.01,0.132,7.3,14.9,11.0,7.7,1.9,2.7,7.2,15.1,0.9,2.0,2.9,0.085,-1.7,0.9,-0.8,0.5,,2014.0,4
Andray Blatche,27.0,BRK,4.0,73.0,7.0,1618.0,18.8,0.532,0.08,0.328,8.9,19.9,14.4,12.8,2.4,2.0,12.5,25.6,1.6,2.1,3.7,0.109,0.1,-0.1,0.0,0.8,6MOY-13,2014.0,4
Samuel Dalembert,32.0,DAL,5.0,80.0,68.0,1614.0,16.8,0.605,0.003,0.363,14.4,24.2,19.4,3.4,1.3,4.8,17.1,14.8,2.9,2.1,4.9,0.147,-0.9,0.1,-0.8,0.5,,2014.0,4
Thabo Sefolosha,29.0,OKC,2.0,61.0,61.0,1584.0,10.4,0.517,0.447,0.203,3.7,11.5,7.8,8.3,2.5,0.9,12.9,11.9,0.9,2.1,3.0,0.092,-1.2,1.5,0.3,0.9,,2014.0,5
Kentavious Caldwell-Pope,20.0,DET,2.0,80.0,41.0,1583.0,9.4,0.483,0.402,0.133,2.5,8.6,5.4,5.0,2.4,0.6,5.4,13.9,1.0,0.8,1.8,0.055,-3.0,0.5,-2.6,-0.2,,2014.0,2
Kendall Marshall,22.0,LAL,1.0,54.0,45.0,1564.0,12.6,0.494,0.425,0.086,1.0,9.6,5.3,44.3,1.5,0.2,25.6,16.3,0.6,0.3,0.9,0.029,0.0,-2.4,-2.4,-0.2,,2014.0,5
Nenê,31.0,WAS,4.0,53.0,37.0,1560.0,16.6,0.53,0.008,0.448,4.7,17.3,10.9,16.3,2.1,2.5,14.1,24.0,0.8,2.4,3.2,0.098,-0.9,1.2,0.3,0.9,,2014.0,0
Aaron Brooks,29.0,2TM,1.0,72.0,12.0,1557.0,12.5,0.518,0.427,0.164,3.1,6.7,4.9,23.3,1.6,0.6,15.8,20.5,1.3,0.9,2.2,0.067,-0.2,-0.8,-1.0,0.4,,2014.0,5
Aaron Brooks,29.0,HOU,1.0,43.0,0.0,716.0,11.9,0.529,0.502,0.167,3.8,5.7,4.8,18.1,1.7,0.6,15.3,20.4,0.6,0.5,1.1,0.076,-0.1,-0.3,-0.4,0.3,,2014.0,5
Trevor Booker,26.0,WAS,4.0,72.0,45.0,1553.0,15.0,0.563,0.005,0.189,10.9,17.5,14.1,6.3,1.4,2.4,11.7,14.4,2.3,2.0,4.3,0.132,-0.5,0.4,-0.1,0.7,,2014.0,4
Manu Ginóbili,36.0,SAS,2.0,68.0,3.0,1550.0,20.0,0.59,0.411,0.3,2.3,12.0,7.3,29.0,2.3,0.8,16.4,24.7,3.3,2.4,5.7,0.176,2.8,1.2,4.0,2.4,6MOY-3,2014.0,0
Jeremy Lamb,21.0,OKC,2.0,78.0,0.0,1538.0,13.4,0.522,0.406,0.105,2.1,11.3,6.9,11.8,1.8,1.4,8.7,20.1,1.4,1.8,3.3,0.102,-0.1,0.2,0.1,0.8,,2014.0,2
Patrick Patterson,24.0,2TM,4.0,65.0,13.0,1533.0,14.6,0.533,0.309,0.145,8.8,17.1,12.9,8.5,1.9,1.9,11.1,17.2,1.8,2.0,3.8,0.118,0.0,0.5,0.5,1.0,,2014.0,4
Patrick Patterson,24.0,TOR,4.0,48.0,7.0,1118.0,16.2,0.559,0.305,0.15,8.6,16.8,12.7,9.5,2.0,2.4,11.1,17.9,1.8,1.6,3.4,0.147,1.0,1.0,2.0,1.1,,2014.0,4
Patty Mills,25.0,SAS,1.0,81.0,2.0,1527.0,18.7,0.588,0.477,0.123,2.6,9.6,6.2,15.3,2.3,0.4,8.2,22.6,3.4,2.1,5.6,0.175,2.9,1.1,4.0,2.3,6MOY-13,2014.0,3
E'Twaun Moore,24.0,ORL,2.0,79.0,3.0,1506.0,11.1,0.513,0.353,0.149,2.2,8.1,5.1,11.8,2.0,0.7,10.2,16.4,0.6,1.1,1.7,0.055,-1.9,0.3,-1.6,0.2,,2014.0,3
Evan Fournier,21.0,DEN,2.0,76.0,4.0,1503.0,10.3,0.533,0.436,0.226,2.4,12.1,7.3,11.6,1.1,0.3,14.3,19.7,0.6,0.8,1.4,0.043,-2.0,-0.9,-2.9,-0.4,,2014.0,2
Michael Kidd-Gilchrist,20.0,CHA,3.0,62.0,62.0,1502.0,12.0,0.516,0.025,0.521,8.2,16.2,12.2,5.4,1.5,2.1,12.1,15.2,0.9,2.2,3.1,0.098,-2.9,0.8,-2.1,0.0,,2014.0,2
Jordan Hill,26.0,LAL,4.0,72.0,32.0,1500.0,19.3,0.579,0.002,0.347,13.8,24.3,19.0,5.9,0.9,3.1,11.1,19.7,3.1,1.3,4.4,0.141,0.5,-1.0,-0.5,0.6,,2014.0,4
Steve Blake,33.0,2TM,1.0,55.0,28.0,1498.0,11.0,0.508,0.595,0.122,0.9,10.4,5.7,28.8,1.8,0.4,21.5,13.8,0.7,1.1,1.8,0.058,-1.2,0.1,-1.1,0.4,,2014.0,5
Shelvin Mack,23.0,ATL,1.0,73.0,11.0,1490.0,13.2,0.51,0.367,0.148,1.6,10.7,6.2,28.8,1.7,0.1,14.3,19.0,1.2,1.2,2.3,0.074,-0.6,-0.5,-1.1,0.3,,2014.0,5
Mike Scott,25.0,ATL,4.0,80.0,6.0,1482.0,15.3,0.559,0.318,0.21,4.9,17.2,11.1,8.9,1.0,0.4,10.3,23.5,1.3,1.2,2.6,0.084,0.0,-1.6,-1.6,0.1,,2014.0,4
Ersan İlyasova,26.0,MIL,4.0,55.0,47.0,1478.0,13.8,0.486,0.226,0.225,8.0,18.8,13.3,8.4,1.6,0.4,8.7,21.3,0.9,0.8,1.6,0.053,-1.0,-1.8,-2.8,-0.3,,2014.0,1
J.J. Barea,29.0,MIN,1.0,79.0,1.0,1471.0,11.6,0.471,0.352,0.152,1.2,10.5,5.7,32.7,0.9,0.0,15.2,23.9,-0.1,0.9,0.7,0.024,-0.9,-1.8,-2.7,-0.3,,2014.0,3
Shane Battier,35.0,MIA,3.0,73.0,56.0,1468.0,8.7,0.523,0.764,0.084,3.0,8.6,5.9,6.0,1.8,2.3,6.9,10.0,1.0,1.4,2.4,0.078,-0.6,0.6,0.0,0.7,,2014.0,1
Amar'e Stoudemire,31.0,NYK,5.0,65.0,21.0,1466.0,18.8,0.596,0.0,0.364,8.7,17.2,12.8,4.2,0.8,2.2,12.3,23.4,2.9,0.9,3.8,0.124,0.3,-1.8,-1.6,0.2,,2014.0,4
Lou Williams,27.0,ATL,1.0,60.0,7.0,1445.0,14.2,0.547,0.469,0.363,0.8,9.1,5.0,22.9,1.6,0.2,13.9,20.9,1.6,1.0,2.6,0.087,0.2,-1.0,-0.8,0.5,,2014.0,5
Derek Fisher,39.0,OKC,2.0,81.0,0.0,1428.0,10.1,0.542,0.634,0.197,1.0,8.3,4.8,11.6,2.5,0.2,11.1,13.7,1.4,1.7,3.1,0.103,-1.8,1.2,-0.6,0.5,,2014.0,3
Anthony Morrow,28.0,NOP,2.0,76.0,9.0,1426.0,13.9,0.57,0.375,0.167,2.3,9.2,5.7,6.7,1.4,0.7,8.4,19.4,2.1,0.3,2.4,0.081,0.7,-1.6,-0.9,0.4,,2014.0,3
Caron Butler,33.0,2TM,3.0,56.0,13.0,1419.0,12.2,0.512,0.461,0.139,1.7,16.8,9.2,9.6,1.7,1.0,9.5,20.1,0.6,1.2,1.8,0.062,-0.6,-0.8,-1.4,0.2,,2014.0,1
Cody Zeller,21.0,CHA,5.0,82.0,3.0,1416.0,13.1,0.498,0.002,0.495,9.4,18.8,14.1,10.4,1.5,2.3,15.0,18.9,0.4,2.2,2.6,0.09,-2.9,0.9,-2.0,0.0,,2014.0,2
Gerald Wallace,31.0,BOS,3.0,58.0,16.0,1416.0,10.0,0.543,0.278,0.439,2.8,14.5,8.5,14.9,2.7,0.8,26.1,11.6,-0.3,1.6,1.3,0.043,-2.8,2.0,-0.8,0.4,,2014.0,5
Eric Bledsoe,24.0,PHO,1.0,43.0,40.0,1416.0,19.6,0.578,0.252,0.426,2.1,13.8,8.0,27.0,2.4,0.8,17.8,24.9,2.6,1.6,4.1,0.14,2.3,0.7,3.1,1.8,,2014.0,0
Elton Brand,34.0,ATL,5.0,73.0,15.0,1414.0,14.0,0.561,0.006,0.283,8.0,21.5,14.8,8.1,1.4,4.9,13.8,13.9,1.4,2.1,3.6,0.121,-2.4,1.6,-0.8,0.4,,2014.0,4
Russell Westbrook,25.0,OKC,1.0,46.0,46.0,1412.0,24.7,0.545,0.271,0.37,4.6,15.9,10.5,40.2,3.1,0.4,16.1,34.4,3.0,2.3,5.2,0.178,4.8,0.7,5.5,2.7,,2014.0,0
Kelly Olynyk,22.0,BOS,5.0,70.0,9.0,1400.0,15.2,0.546,0.227,0.243,11.0,18.8,14.8,13.1,1.3,1.5,16.0,21.0,1.5,1.4,2.9,0.101,-0.9,-0.3,-1.2,0.3,,2014.0,2
Luis Scola,33.0,IND,4.0,82.0,2.0,1399.0,13.4,0.505,0.013,0.243,7.2,23.4,15.7,10.4,1.0,0.9,14.8,23.8,-0.4,2.8,2.5,0.084,-2.8,0.4,-2.5,-0.2,,2014.0,4
Chris Andersen,35.0,MIA,5.0,72.0,0.0,1396.0,18.5,0.683,0.044,0.615,12.1,21.7,17.1,2.1,1.2,6.1,13.2,13.8,3.8,2.2,6.0,0.205,0.6,0.7,1.2,1.1,6MOY-11,2014.0,4
Mirza Teletović,28.0,BRK,3.0,72.0,7.0,1396.0,14.3,0.559,0.66,0.117,5.2,17.6,11.4,7.1,1.1,1.4,8.8,20.5,1.6,1.1,2.7,0.094,1.4,-1.6,-0.2,0.6,,2014.0,1
Kris Humphries,28.0,BOS,4.0,69.0,30.0,1376.0,18.2,0.552,0.004,0.312,10.2,24.0,16.9,8.2,1.2,3.4,10.9,19.0,2.3,1.8,4.1,0.143,0.5,0.4,0.9,1.0,,2014.0,4
Nick Collison,33.0,OKC,4.0,81.0,0.0,1353.0,11.8,0.599,0.071,0.386,10.2,14.1,12.2,10.9,1.1,1.7,20.1,11.6,2.0,1.6,3.6,0.128,-1.3,0.5,-0.9,0.4,,2014.0,4
Kosta Koufos,24.0,MEM,5.0,80.0,22.0,1349.0,16.5,0.514,0.0,0.203,14.0,22.7,18.4,4.7,1.3,4.4,11.8,19.4,1.3,2.2,3.5,0.124,-1.5,0.1,-1.5,0.2,,2014.0,4
O.J. Mayo,26.0,MIL,2.0,52.0,23.0,1346.0,11.2,0.516,0.413,0.16,2.0,8.8,5.3,14.6,1.1,0.8,13.9,23.0,0.0,0.0,0.1,0.002,-1.0,-2.4,-3.4,-0.5,,2014.0,1
Austin Rivers,21.0,NOP,1.0,69.0,4.0,1339.0,11.6,0.482,0.209,0.365,2.2,9.1,5.6,18.7,1.8,0.6,12.3,21.3,0.2,0.4,0.6,0.023,-2.0,-1.4,-3.4,-0.5,,2014.0,2
Zaza Pachulia,29.0,MIL,5.0,53.0,43.0,1325.0,14.0,0.502,0.003,0.372,11.8,17.1,14.4,16.3,1.8,0.9,18.5,17.0,1.0,0.7,1.7,0.06,-0.9,-0.9,-1.8,0.1,,2014.0,4
Ryan Kelly,22.0,LAL,4.0,59.0,25.0,1312.0,12.6,0.548,0.383,0.364,3.4,14.4,8.9,10.7,1.2,2.5,9.8,15.9,1.5,0.7,2.2,0.081,-1.4,-0.1,-1.5,0.2,,2014.0,2
Nate Wolters,22.0,MIL,1.0,58.0,31.0,1309.0,12.7,0.486,0.159,0.231,2.8,10.5,6.5,23.3,1.4,0.9,11.7,16.8,0.9,0.2,1.2,0.043,-0.8,-1.0,-1.8,0.1,,2014.0,2
Anthony Tolliver,28.0,CHA,4.0,64.0,9.0,1298.0,11.0,0.605,0.805,0.134,2.9,11.8,7.3,5.0,0.8,0.9,6.6,12.4,1.9,1.3,3.2,0.117,0.1,-0.1,0.0,0.6,,2014.0,1
Omri Casspi,25.0,HOU,4.0,71.0,2.0,1283.0,12.9,0.528,0.429,0.298,5.1,16.8,11.3,10.5,1.7,0.8,13.4,18.3,1.0,1.4,2.4,0.091,-0.4,0.0,-0.3,0.5,,2014.0,1
Pablo Prigioni,36.0,NYK,1.0,66.0,27.0,1283.0,13.0,0.642,0.733,0.063,3.2,8.8,5.9,25.6,2.8,0.1,23.4,9.3,2.5,0.9,3.4,0.127,-0.3,0.8,0.5,0.8,,2014.0,5
Tony Allen,32.0,MEM,2.0,55.0,28.0,1278.0,15.6,0.531,0.114,0.293,7.3,12.0,9.6,11.7,3.8,1.2,16.2,20.1,0.5,2.1,2.7,0.1,-1.1,2.1,1.0,1.0,,2014.0,5
Mason Plumlee,23.0,BRK,5.0,70.0,22.0,1275.0,19.0,0.67,0.01,0.646,9.3,19.6,14.5,8.1,2.0,3.6,16.6,17.1,3.0,1.7,4.7,0.176,0.2,0.8,1.0,1.0,ROY-4,2014.0,4
Matthew Dellavedova,23.0,CLE,2.0,72.0,4.0,1271.0,10.7,0.534,0.524,0.162,2.5,8.5,5.4,22.1,1.3,0.3,15.9,13.2,1.4,0.7,2.1,0.078,-1.6,-0.2,-1.8,0.1,,2014.0,5
Tiago Splitter,29.0,SAS,5.0,59.0,50.0,1271.0,16.5,0.572,0.009,0.5,11.4,20.5,16.1,10.1,1.2,1.8,15.1,17.7,2.3,2.1,4.3,0.163,-0.3,0.9,0.6,0.8,,2014.0,4
Andrea Bargnani,28.0,NYK,5.0,42.0,39.0,1257.0,14.5,0.51,0.215,0.203,6.3,14.7,10.4,6.1,0.6,3.7,9.6,22.4,0.8,0.7,1.5,0.058,-0.7,-1.6,-2.3,-0.1,,2014.0,1
Jae Crowder,23.0,DAL,3.0,78.0,8.0,1254.0,11.9,0.551,0.51,0.206,4.3,13.5,8.9,6.7,2.4,1.4,11.3,13.2,1.2,1.1,2.3,0.089,-0.7,0.8,0.2,0.7,,2014.0,3
Ian Mahinmi,27.0,IND,5.0,77.0,1.0,1248.0,10.2,0.538,0.005,0.767,10.1,12.9,11.6,2.9,1.7,4.4,18.7,11.4,0.7,2.7,3.3,0.129,-4.1,2.7,-1.3,0.2,,2014.0,4
Tony Snell,22.0,CHI,2.0,77.0,12.0,1231.0,8.0,0.489,0.53,0.122,1.8,9.6,5.7,9.1,1.3,0.9,11.1,14.9,-0.1,1.7,1.6,0.063,-3.1,0.5,-2.6,-0.2,,2014.0,2
DeJuan Blair,24.0,DAL,4.0,78.0,13.0,1214.0,17.3,0.557,0.005,0.308,13.3,21.6,17.5,8.9,2.5,1.4,14.7,19.6,1.8,1.5,3.4,0.133,-1.2,0.1,-1.1,0.3,,2014.0,4
Jeremy Evans,26.0,UTA,3.0,66.0,4.0,1209.0,16.2,0.549,0.006,0.226,11.1,18.7,14.8,6.1,1.8,3.0,9.9,15.3,1.9,1.0,2.8,0.112,-0.7,-0.2,-0.9,0.3,,2014.0,4
Kendrick Perkins,29.0,OKC,5.0,62.0,62.0,1207.0,6.3,0.474,0.005,0.347,8.0,19.9,14.2,7.6,1.1,2.2,28.8,11.5,-0.9,1.7,0.8,0.031,-5.0,0.7,-4.2,-0.7,,2014.0,4
Steven Adams,20.0,OKC,5.0,81.0,20.0,1197.0,11.2,0.541,0.0,0.735,14.1,17.1,15.6,4.9,1.7,3.9,22.5,11.7,0.9,1.9,2.9,0.114,-3.1,0.9,-2.2,-0.1,ROY-7,2014.0,4
C.J. Watson,29.0,IND,1.0,63.0,5.0,1193.0,13.0,0.555,0.434,0.263,1.9,7.4,4.8,14.4,2.6,0.5,13.9,16.6,1.1,2.1,3.2,0.13,-1.1,2.3,1.3,1.0,,2014.0,5
Kyle O'Quinn,23.0,ORL,5.0,69.0,19.0,1188.0,16.5,0.526,0.008,0.224,9.5,25.2,17.3,10.9,1.7,5.8,16.1,18.6,0.5,2.0,2.5,0.101,-2.2,1.9,-0.3,0.5,,2014.0,4
Andrew Nicholson,24.0,ORL,4.0,76.0,5.0,1174.0,9.9,0.489,0.212,0.136,5.1,19.5,12.3,3.5,0.8,1.5,10.3,19.3,-0.4,1.0,0.6,0.025,-3.9,-1.2,-5.1,-0.9,,2014.0,4
Nick Calathes,24.0,MEM,2.0,71.0,7.0,1173.0,12.3,0.506,0.196,0.232,2.3,11.5,6.9,26.5,3.0,0.6,22.8,17.5,-0.1,1.6,1.5,0.062,-2.5,1.6,-0.9,0.3,ROY-7,2014.0,5
Darrell Arthur,25.0,DEN,3.0,68.0,1.0,1161.0,9.4,0.459,0.156,0.151,4.8,14.7,9.8,8.0,1.6,3.0,11.7,18.1,-0.5,1.2,0.7,0.029,-4.0,0.8,-3.2,-0.4,,2014.0,1
Elliot Williams,24.0,PHI,2.0,67.0,2.0,1157.0,8.7,0.519,0.371,0.353,2.7,9.7,6.1,9.4,1.5,0.2,14.9,16.7,0.0,0.3,0.3,0.014,-3.9,-1.7,-5.6,-1.1,,2014.0,1
Luke Ridnour,32.0,2TM,1.0,61.0,14.0,1141.0,9.0,0.452,0.33,0.08,2.2,7.6,4.8,24.3,1.5,0.6,16.3,16.1,-0.3,0.4,0.1,0.005,-3.2,-1.1,-4.4,-0.7,,2014.0,5
Phil Pressey,22.0,BOS,1.0,75.0,11.0,1132.0,8.8,0.39,0.419,0.178,1.9,8.8,5.3,30.8,3.1,0.3,24.2,14.1,-1.0,1.1,0.1,0.005,-3.8,0.5,-3.3,-0.4,,2014.0,5
Gary Neal,29.0,2TM,2.0,52.0,3.0,1114.0,12.5,0.53,0.382,0.223,1.0,8.3,4.6,13.0,0.8,0.0,11.0,23.8,0.6,0.3,1.0,0.041,-0.7,-2.3,-3.0,-0.3,,2014.0,1
Kevin Garnett,37.0,BRK,5.0,54.0,54.0,1109.0,13.3,0.467,0.008,0.132,6.5,32.1,19.3,12.4,2.0,3.0,15.5,18.9,-0.7,1.9,1.2,0.054,-2.5,1.3,-1.2,0.2,,2014.0,4
Robert Sacre,24.0,LAL,5.0,65.0,13.0,1089.0,12.1,0.513,0.0,0.313,8.0,16.9,12.5,7.0,1.1,3.1,11.4,15.5,0.7,0.7,1.4,0.061,-3.0,-0.5,-3.6,-0.4,,2014.0,4
Francisco García,32.0,HOU,3.0,55.0,4.0,1083.0,9.3,0.521,0.656,0.065,2.3,9.8,6.3,8.6,1.2,2.3,9.0,13.5,0.8,0.9,1.8,0.078,-0.7,0.6,-0.1,0.5,,2014.0,1
Brandan Wright,26.0,DAL,5.0,58.0,0.0,1077.0,23.5,0.695,0.0,0.32,11.0,15.1,13.1,4.7,1.5,4.2,8.5,17.4,4.1,1.0,5.1,0.227,3.4,0.0,3.4,1.5,,2014.0,4
Bismack Biyombo,21.0,CHA,5.0,77.0,9.0,1072.0,13.3,0.606,0.0,0.618,11.0,27.6,19.3,1.1,0.3,6.3,17.9,9.6,1.1,2.1,3.2,0.144,-2.9,1.7,-1.2,0.2,,2014.0,4
Lavoy Allen,24.0,2TM,4.0,65.0,2.0,1072.0,12.5,0.47,0.043,0.167,11.7,20.0,15.7,10.1,1.1,2.4,12.0,14.6,0.6,0.9,1.5,0.066,-2.6,-0.8,-3.5,-0.4,,2014.0,4
Lavoy Allen,24.0,PHI,4.0,51.0,2.0,960.0,11.9,0.464,0.049,0.15,11.5,20.0,15.6,10.2,1.1,2.2,12.4,14.3,0.4,0.7,1.1,0.053,-2.9,-1.0,-3.8,-0.4,,2014.0,4
Travis Outlaw,29.0,SAC,3.0,63.0,4.0,1065.0,10.4,0.492,0.359,0.16,3.8,14.2,8.9,7.0,1.0,1.4,6.9,15.5,0.8,0.6,1.4,0.062,-1.1,-0.4,-1.4,0.1,,2014.0,1
Will Bynum,31.0,DET,1.0,56.0,3.0,1054.0,14.4,0.502,0.144,0.281,2.4,8.2,5.1,32.5,1.9,0.5,17.6,23.8,0.6,0.4,1.0,0.047,-0.6,-1.5,-2.1,0.0,,2014.0,5
Tyler Zeller,24.0,CLE,5.0,70.0,9.0,1049.0,15.4,0.581,0.003,0.417,10.8,19.6,15.1,5.6,0.9,3.0,14.9,17.1,1.5,1.1,2.6,0.12,-1.8,-0.4,-2.2,-0.1,,2014.0,4
Diante Garrett,25.0,UTA,1.0,71.0,0.0,1048.0,7.1,0.459,0.362,0.045,1.2,9.8,5.3,17.6,2.1,0.4,21.7,15.1,-1.1,0.3,-0.8,-0.036,-4.0,-0.6,-4.6,-0.7,,2014.0,5
Alonzo Gee,26.0,CLE,3.0,65.0,24.0,1020.0,8.6,0.491,0.246,0.258,3.8,12.8,8.2,6.9,2.0,1.2,14.3,13.4,-0.1,1.0,0.9,0.041,-3.7,0.6,-3.1,-0.3,,2014.0,5
Jordan Hamilton,23.0,2TM,3.0,60.0,12.0,1019.0,12.7,0.507,0.527,0.136,3.5,17.1,10.4,7.9,2.1,1.5,10.4,18.7,0.4,1.1,1.6,0.073,0.2,0.6,0.7,0.7,,2014.0,1
Chris Douglas-Roberts,27.0,CHA,3.0,49.0,8.0,1016.0,12.2,0.588,0.524,0.325,1.8,11.5,6.6,7.9,1.5,1.2,11.1,14.7,1.1,1.2,2.4,0.113,-1.1,0.5,-0.5,0.4,,2014.0,1
Greg Stiemsma,28.0,NOP,5.0,55.0,20.0,1007.0,9.7,0.584,0.008,0.262,8.2,18.0,13.0,5.0,1.8,4.7,24.4,8.1,0.5,1.0,1.5,0.072,-3.6,1.9,-1.7,0.1,,2014.0,4
Ish Smith,25.0,PHO,1.0,70.0,1.0,1006.0,11.7,0.438,0.082,0.139,3.5,10.9,7.2,26.0,2.4,1.0,17.9,15.9,0.0,1.0,1.0,0.048,-2.0,0.6,-1.4,0.2,,2014.0,5
Luc Mbah a Moute,27.0,2TM,4.0,64.0,7.0,1003.0,8.3,0.503,0.088,0.347,6.0,10.1,8.0,5.1,1.5,1.1,15.2,11.2,0.2,0.8,1.0,0.049,-3.0,0.2,-2.8,-0.2,,2014.0,4
Luc Mbah a Moute,27.0,MIN,4.0,55.0,2.0,807.0,7.5,0.498,0.087,0.335,6.2,10.0,8.0,3.6,1.3,0.8,16.3,11.6,0.0,0.6,0.6,0.035,-3.4,-0.2,-3.6,-0.3,,2014.0,4
Dorell Wright,28.0,POR,3.0,68.0,13.0,984.0,11.9,0.524,0.68,0.232,3.2,17.5,10.5,9.4,1.2,1.1,10.6,16.2,0.9,1.0,1.9,0.091,0.4,0.5,0.9,0.7,,2014.0,1
C.J. Miles,26.0,CLE,2.0,51.0,34.0,984.0,16.0,0.569,0.516,0.183,2.0,9.9,5.9,9.1,2.4,1.3,9.1,22.0,1.5,0.9,2.5,0.122,1.5,0.9,2.4,1.1,,2014.0,3
Marreese Speights,26.0,GSW,5.0,79.0,3.0,982.0,15.2,0.507,0.07,0.303,11.4,20.6,16.1,5.3,0.5,2.6,11.6,25.4,0.6,1.5,2.1,0.103,-2.8,-0.9,-3.7,-0.4,,2014.0,4
Andre Miller,37.0,2TM,2.0,58.0,2.0,982.0,13.9,0.534,0.091,0.333,3.1,11.7,7.4,29.2,1.7,0.7,18.7,14.5,1.4,0.8,2.2,0.108,-0.3,1.1,0.8,0.7,,2014.0,5
Tyler Hansbrough,28.0,TOR,4.0,64.0,4.0,978.0,14.2,0.562,0.01,0.944,14.2,20.0,17.1,2.7,1.5,1.6,14.5,15.1,1.7,1.4,3.0,0.149,-1.3,-0.6,-1.9,0.0,,2014.0,4
Rashard Lewis,34.0,MIA,3.0,60.0,6.0,971.0,10.7,0.535,0.568,0.14,3.2,10.7,7.1,8.5,2.9,0.7,12.3,14.1,0.5,1.1,1.7,0.083,-1.3,1.0,-0.3,0.4,,2014.0,5
Ömer Aşık,27.0,HOU,5.0,48.0,19.0,968.0,14.0,0.57,0.0,0.663,12.3,30.1,21.7,3.8,0.7,2.8,19.4,13.8,1.0,1.5,2.4,0.121,-1.2,-0.3,-1.5,0.1,,2014.0,4
Jeff Adrien,27.0,2TM,4.0,53.0,12.0,961.0,17.4,0.553,0.0,0.433,11.8,24.8,18.2,6.8,1.3,3.0,10.6,17.3,1.6,1.1,2.7,0.134,0.0,-0.9,-0.9,0.3,,2014.0,4
Ed Davis,24.0,MEM,4.0,63.0,4.0,956.0,15.9,0.542,0.0,0.307,11.4,20.9,16.1,4.5,0.9,3.7,10.8,17.8,1.2,1.4,2.6,0.129,-1.3,0.1,-1.2,0.2,,2014.0,4
James Johnson,26.0,MEM,3.0,52.0,4.0,956.0,18.5,0.552,0.282,0.292,7.4,13.2,10.3,18.2,2.3,5.0,16.0,20.0,1.4,1.6,3.0,0.15,1.6,2.9,4.5,1.6,,2014.0,5
Jeff Ayres,26.0,SAS,4.0,73.0,10.0,952.0,11.1,0.605,0.0,0.316,11.0,19.2,15.3,8.6,0.7,1.9,24.1,12.4,1.0,1.4,2.4,0.121,-3.0,1.0,-2.1,0.0,,2014.0,4
Donatas Motiejūnas,23.0,HOU,4.0,62.0,3.0,952.0,10.7,0.504,0.284,0.324,7.4,18.2,13.1,5.5,1.0,1.6,12.7,17.8,0.3,1.0,1.4,0.069,-3.2,-0.6,-3.8,-0.4,,2014.0,1
Alexis Ajinça,25.0,NOP,5.0,56.0,30.0,951.0,14.6,0.589,0.004,0.269,11.3,22.7,16.9,6.6,1.3,4.1,18.4,16.3,1.2,0.9,2.1,0.104,-2.7,0.1,-2.6,-0.1,,2014.0,4
Cory Joseph,22.0,SAS,2.0,68.0,19.0,936.0,14.7,0.558,0.143,0.362,4.0,8.7,6.4,17.2,1.9,1.1,12.3,16.9,1.6,1.3,2.9,0.148,-0.4,1.3,0.9,0.7,,2014.0,2
Pero Antić,31.0,ATL,5.0,50.0,26.0,925.0,11.7,0.545,0.582,0.224,7.2,18.9,13.1,9.8,1.0,1.0,14.5,18.6,0.5,0.9,1.4,0.075,-1.6,-0.7,-2.3,-0.1,,2014.0,1
Kent Bazemore,24.0,2TM,2.0,67.0,15.0,911.0,11.2,0.515,0.373,0.318,1.2,12.6,6.9,15.7,2.3,1.0,16.8,22.6,-0.6,0.8,0.2,0.011,-3.0,-0.2,-3.3,-0.3,,2014.0,5
Xavier Henry,22.0,LAL,3.0,43.0,5.0,908.0,12.3,0.511,0.235,0.513,2.9,10.5,6.7,8.8,2.4,0.6,11.9,23.1,-0.1,0.5,0.3,0.017,-2.4,-0.5,-2.8,-0.2,,2014.0,2
Reggie Evans,33.0,2TM,4.0,54.0,20.0,899.0,11.7,0.516,0.0,0.867,14.8,28.4,21.5,3.5,2.1,0.3,21.9,13.4,0.3,1.2,1.5,0.08,-2.8,-0.5,-3.4,-0.3,,2014.0,4
Ray McCallum,22.0,SAC,1.0,45.0,10.0,897.0,9.7,0.439,0.197,0.143,2.2,7.8,5.0,21.0,1.2,0.8,10.9,17.6,0.0,0.4,0.4,0.02,-2.3,-0.8,-3.1,-0.3,,2014.0,2
Jermaine O'Neal,35.0,GSW,4.0,44.0,13.0,883.0,15.3,0.57,0.0,0.532,10.7,19.1,15.0,4.2,0.8,3.4,14.5,17.8,1.3,1.4,2.7,0.146,-1.6,0.2,-1.4,0.1,,2014.0,4
Henry Sims,23.0,2TM,5.0,46.0,25.0,875.0,16.1,0.535,0.004,0.442,12.5,17.2,14.8,9.5,1.6,1.9,11.1,18.0,1.4,0.7,2.1,0.115,-0.8,-1.4,-2.2,0.0,,2014.0,4
Thomas Robinson,22.0,POR,4.0,70.0,0.0,873.0,14.1,0.502,0.003,0.345,13.1,24.6,18.9,6.0,1.3,1.6,14.5,19.7,0.4,1.2,1.6,0.09,-2.7,-0.6,-3.2,-0.3,,2014.0,2
Cartier Martin,29.0,2TM,3.0,59.0,6.0,870.0,11.0,0.562,0.572,0.246,1.7,12.8,7.3,5.9,1.6,0.6,10.4,17.1,0.5,0.8,1.3,0.07,-0.9,-0.3,-1.3,0.2,,2014.0,1
Cartier Martin,29.0,ATL,3.0,53.0,6.0,822.0,10.9,0.555,0.57,0.238,1.7,13.0,7.4,5.9,1.6,0.7,10.4,17.5,0.4,0.7,1.1,0.064,-1.0,-0.4,-1.4,0.1,,2014.0,1
Willie Green,32.0,LAC,2.0,55.0,9.0,869.0,7.1,0.477,0.446,0.125,1.6,8.2,5.0,8.3,1.3,1.0,10.6,16.3,-0.2,0.7,0.5,0.028,-3.1,-0.1,-3.2,-0.3,,2014.0,1
Nate Robinson,29.0,DEN,1.0,44.0,1.0,866.0,15.6,0.544,0.402,0.222,2.6,7.5,5.0,21.3,2.0,0.3,12.1,23.5,1.3,0.5,1.8,0.101,0.8,-0.3,0.6,0.6,,2014.0,5
Andrei Kirilenko,32.0,BRK,4.0,45.0,4.0,857.0,12.4,0.532,0.031,0.744,7.7,12.7,10.2,13.1,2.4,1.9,20.3,14.6,0.4,0.9,1.3,0.07,-1.1,0.8,-0.4,0.4,,2014.0,4
Quincy Acy,23.0,2TM,3.0,63.0,0.0,847.0,10.1,0.52,0.106,0.376,9.5,19.5,14.4,4.9,1.4,2.5,15.4,10.1,0.6,0.9,1.5,0.086,-2.5,0.8,-1.7,0.1,,2014.0,4
Quincy Acy,23.0,SAC,3.0,56.0,0.0,786.0,9.6,0.518,0.079,0.354,9.5,19.5,14.4,4.4,1.2,2.4,16.0,9.8,0.5,0.7,1.3,0.078,-2.8,0.6,-2.2,0.0,,2014.0,4
Michael Beasley,25.0,MIA,3.0,55.0,2.0,831.0,16.8,0.559,0.152,0.223,4.9,20.5,13.0,8.8,1.5,2.2,12.8,25.7,0.5,1.1,1.6,0.092,-1.1,-0.9,-2.0,0.0,,2014.0,4
Gorgui Dieng,24.0,MIN,5.0,60.0,15.0,818.0,16.5,0.534,0.004,0.41,13.4,26.9,20.0,7.2,1.8,4.6,16.8,16.8,0.7,1.5,2.2,0.129,-2.0,0.9,-1.1,0.2,ROY-6,2014.0,4
Ekpe Udoh,26.0,MIL,4.0,42.0,14.0,804.0,7.6,0.44,0.0,0.329,8.4,12.8,10.5,5.7,1.0,4.4,18.8,11.4,-0.4,0.4,0.0,0.0,-4.8,-0.1,-4.8,-0.6,,2014.0,4
Quincy Miller,21.0,DEN,4.0,52.0,16.0,789.0,8.6,0.459,0.367,0.215,4.9,15.2,10.1,4.9,1.4,3.0,14.6,17.7,-0.7,0.7,0.0,0.002,-3.4,-0.4,-3.7,-0.4,,2014.0,2
Jan Veselý,23.0,2TM,4.0,54.0,1.0,776.0,12.7,0.498,0.0,0.324,11.7,16.1,13.9,4.0,3.4,3.5,15.4,13.2,0.2,1.4,1.6,0.097,-3.3,2.2,-1.1,0.2,,2014.0,5
Earl Clark,26.0,2TM,4.0,54.0,17.0,768.0,9.1,0.466,0.467,0.13,3.2,18.2,10.5,3.7,1.1,2.8,10.1,17.9,-0.4,0.8,0.3,0.02,-2.5,-0.1,-2.6,-0.1,,2014.0,1
Earl Clark,26.0,CLE,4.0,45.0,17.0,698.0,8.6,0.467,0.483,0.1,3.1,17.6,10.2,3.6,1.2,2.3,10.7,17.9,-0.5,0.7,0.2,0.014,-2.5,-0.1,-2.6,-0.1,,2014.0,1
Perry Jones,22.0,OKC,4.0,62.0,7.0,764.0,10.1,0.541,0.337,0.232,4.3,12.1,8.4,4.9,0.9,2.0,9.5,12.8,0.7,0.8,1.5,0.094,-1.2,-0.2,-1.4,0.1,,2014.0,2
Chuck Hayes,30.0,2TM,5.0,61.0,1.0,754.0,10.0,0.468,0.008,0.192,10.5,21.8,16.1,6.8,2.3,1.3,19.0,10.4,0.2,1.2,1.4,0.086,-3.1,1.3,-1.8,0.0,,2014.0,4
Chuck Hayes,30.0,TOR,5.0,45.0,0.0,575.0,9.6,0.467,0.01,0.184,9.9,23.2,16.5,7.5,2.1,1.4,19.7,10.4,0.1,0.9,1.1,0.088,-3.3,1.5,-1.9,0.0,,2014.0,4
Jonas Jerebko,26.0,DET,4.0,64.0,0.0,741.0,13.4,0.577,0.356,0.284,7.2,19.3,12.9,7.8,1.4,0.6,15.5,16.0,1.0,0.5,1.4,0.092,-0.8,-0.7,-1.5,0.1,,2014.0,1
Joel Freeland,26.0,POR,5.0,52.0,0.0,727.0,11.3,0.498,0.012,0.179,13.2,17.6,15.4,7.1,0.7,2.1,15.5,12.4,0.7,0.7,1.4,0.092,-2.6,0.0,-2.6,-0.1,,2014.0,4
Darius Miller,23.0,NOP,3.0,45.0,7.0,723.0,9.0,0.55,0.464,0.217,1.4,7.0,4.2,8.7,1.7,1.0,10.8,12.8,0.6,0.2,0.8,0.055,-2.8,0.0,-2.8,-0.1,,2014.0,1
Doron Lamb,22.0,ORL,2.0,53.0,0.0,695.0,7.5,0.543,0.563,0.225,1.3,6.7,4.0,9.3,0.8,0.1,13.3,13.3,0.3,0.2,0.5,0.036,-3.0,-1.6,-4.6,-0.5,,2014.0,2
Matt Bonner,33.0,SAS,4.0,61.0,0.0,690.0,11.2,0.582,0.598,0.073,2.7,17.9,10.6,6.1,1.1,1.2,8.6,12.1,0.8,1.0,1.8,0.123,0.0,1.1,1.0,0.5,,2014.0,1
Jeff Withey,23.0,NOP,5.0,58.0,4.0,684.0,15.2,0.59,0.008,0.566,8.2,17.4,12.7,5.6,1.1,6.1,11.0,12.0,1.2,0.6,1.8,0.128,-0.5,0.7,0.2,0.4,,2014.0,4
Toney Douglas,27.0,2TM,1.0,51.0,17.0,675.0,9.2,0.493,0.537,0.179,3.4,11.9,7.8,14.6,1.5,0.6,14.2,16.3,0.2,0.7,0.9,0.061,-2.5,0.5,-2.0,0.0,,2014.0,1
Alexey Shved,25.0,MIN,2.0,63.0,0.0,664.0,10.2,0.452,0.43,0.38,3.4,10.1,6.6,14.9,1.9,1.8,14.8,20.8,-0.4,0.7,0.2,0.017,-1.8,-0.1,-1.9,0.0,,2014.0,5
Anthony Bennett,20.0,CLE,4.0,52.0,0.0,663.0,6.9,0.425,0.236,0.307,8.1,18.4,13.1,4.0,1.6,1.0,15.5,20.3,-1.1,0.7,-0.4,-0.028,-6.0,-1.3,-7.4,-0.9,,2014.0,2
Robbie Hummel,24.0,MIN,3.0,53.0,5.0,655.0,9.6,0.492,0.503,0.09,5.7,16.6,11.0,5.0,1.2,0.2,5.2,12.6,0.6,0.6,1.1,0.084,-1.6,-0.4,-2.0,0.0,,2014.0,1
Udonis Haslem,33.0,MIA,4.0,46.0,18.0,653.0,10.5,0.523,0.0,0.301,8.4,24.7,16.8,2.9,0.9,2.0,12.7,13.9,0.3,0.8,1.1,0.083,-3.1,-0.9,-3.9,-0.3,,2014.0,4
Jon Leuer,24.0,MEM,4.0,49.0,0.0,642.0,17.6,0.566,0.199,0.191,6.8,22.4,14.6,5.2,1.5,1.7,9.2,21.1,1.1,0.9,2.0,0.149,1.0,0.0,1.0,0.5,,2014.0,4
Dennis Schröder,20.0,ATL,1.0,49.0,0.0,641.0,5.8,0.442,0.223,0.229,0.9,9.9,5.4,22.0,1.3,0.0,22.8,19.0,-1.1,0.4,-0.7,-0.054,-5.7,-1.6,-7.3,-0.9,,2014.0,2
Garrett Temple,27.0,WAS,2.0,75.0,0.0,638.0,7.8,0.431,0.206,0.305,3.8,8.7,6.2,15.8,2.8,1.4,20.8,14.3,-0.5,0.9,0.3,0.025,-4.8,1.8,-3.0,-0.2,,2014.0,5
John Lucas III,31.0,UTA,1.0,42.0,6.0,591.0,5.2,0.403,0.442,0.084,2.3,5.4,3.8,11.1,1.2,0.0,10.0,17.0,-0.7,0.0,-0.7,-0.058,-4.1,-1.7,-5.9,-0.6,,2014.0,1
Kevin Séraphin,24.0,WAS,5.0,53.0,1.0,578.0,12.5,0.533,0.0,0.141,10.5,15.3,12.8,4.9,0.3,3.7,14.9,21.5,0.2,0.6,0.8,0.066,-4.3,-0.8,-5.2,-0.5,,2014.0,4
Brandon Davies,22.0,PHI,4.0,51.0,0.0,575.0,7.5,0.476,0.078,0.414,6.9,13.9,10.2,7.1,2.0,1.1,18.8,13.7,-0.3,0.4,0.1,0.008,-5.7,-0.6,-6.3,-0.6,,2014.0,2
Nazr Mohammed,36.0,CHI,5.0,80.0,1.0,562.0,10.1,0.445,0.0,0.238,13.6,21.7,17.7,5.8,1.3,4.1,21.0,14.5,-0.4,1.2,0.8,0.07,-5.1,1.2,-3.9,-0.3,,2014.0,4
Steve Novak,30.0,TOR,4.0,54.0,1.0,540.0,11.1,0.599,0.836,0.041,1.7,10.8,6.3,3.8,1.2,0.6,3.3,12.9,1.0,0.5,1.4,0.127,1.5,-0.1,1.5,0.5,,2014.0,1
Archie Goodwin,19.0,PHO,2.0,52.0,0.0,533.0,10.3,0.507,0.216,0.329,5.3,13.0,9.2,5.7,1.9,1.6,18.7,19.4,-0.3,0.5,0.2,0.018,-3.1,-0.1,-3.2,-0.2,,2014.0,2
Anthony Randolph,24.0,DEN,4.0,43.0,5.0,527.0,12.2,0.499,0.347,0.392,4.1,21.0,12.5,9.1,2.4,2.7,15.9,19.8,-0.1,0.7,0.6,0.055,-2.3,1.5,-0.8,0.2,,2014.0,5
Jimmer Fredette,24.0,2TM,2.0,49.0,0.0,519.0,15.8,0.578,0.37,0.093,1.7,9.7,5.7,22.2,1.4,0.5,16.9,24.3,0.5,0.3,0.8,0.078,2.0,-1.5,0.6,0.3,,2014.0,5
Nando De Colo,26.0,2TM,3.0,47.0,3.0,494.0,13.1,0.526,0.346,0.229,3.3,13.3,8.4,19.7,2.3,0.9,17.2,18.6,0.3,0.7,1.0,0.1,-1.1,1.3,0.2,0.3,,2014.0,5
Aron Baynes,27.0,SAS,5.0,53.0,4.0,491.0,9.7,0.467,0.0,0.129,13.6,19.4,16.6,9.9,0.2,0.7,17.3,19.2,-0.1,0.6,0.6,0.055,-4.7,-1.0,-5.7,-0.5,,2014.0,4
Shane Larkin,21.0,DAL,1.0,48.0,0.0,489.0,8.3,0.446,0.277,0.182,2.6,7.3,5.0,20.4,2.7,0.2,20.9,17.4,-0.4,0.3,-0.1,-0.01,-3.8,0.0,-3.8,-0.2,,2014.0,2
Ryan Hollins,29.0,LAC,4.0,61.0,0.0,482.0,11.9,0.73,0.0,0.778,7.4,13.1,10.4,2.4,0.9,4.9,23.1,11.5,0.7,0.6,1.3,0.126,-3.4,1.5,-1.9,0.0,,2014.0,4
Miroslav Raduljica,26.0,MIL,5.0,48.0,2.0,465.0,15.3,0.603,0.0,0.437,12.9,13.7,13.3,8.3,0.8,2.3,15.7,17.3,1.0,0.1,1.1,0.112,-2.1,-1.6,-3.6,-0.2,,2014.0,4
Rudy Gobert,21.0,UTA,5.0,45.0,0.0,434.0,12.9,0.507,0.0,0.878,13.1,28.5,20.6,2.4,1.0,7.4,23.8,14.2,-0.2,0.6,0.4,0.045,-3.6,0.9,-2.7,-0.1,,2014.0,4
Byron Mullens,24.0,2TM,5.0,45.0,0.0,414.0,12.8,0.544,0.539,0.121,6.2,18.2,12.1,5.5,1.8,2.1,13.4,20.9,0.1,0.4,0.5,0.057,-0.8,-0.8,-1.7,0.0,,2014.0,1
Reggie Bullock,22.0,LAC,3.0,43.0,0.0,395.0,6.7,0.46,0.603,0.074,3.2,11.7,7.6,4.3,1.1,0.2,9.4,15.4,-0.2,0.3,0.2,0.019,-2.5,-0.9,-3.3,-0.1,,2014.0,2
Wayne Ellington,26.0,DAL,2.0,45.0,1.0,393.0,12.2,0.554,0.468,0.087,2.4,10.2,6.3,7.1,2.1,0.4,7.8,16.4,0.4,0.2,0.7,0.084,-0.5,-0.2,-0.8,0.1,,2014.0,1
Donald Sloan,26.0,IND,2.0,48.0,1.0,392.0,8.5,0.437,0.359,0.171,1.2,11.0,6.3,20.1,1.3,0.2,14.9,17.2,-0.3,0.6,0.3,0.039,-3.3,0.3,-3.0,-0.1,,2014.0,5
Orlando Johnson,24.0,2TM,2.0,45.0,0.0,392.0,5.3,0.402,0.416,0.23,2.7,12.6,7.9,7.7,0.8,0.4,10.8,16.2,-0.5,0.5,0.1,0.008,-4.8,-0.3,-5.1,-0.3,,2014.0,1
Rasual Butler,34.0,IND,2.0,50.0,2.0,378.0,12.2,0.585,0.564,0.127,1.9,9.9,6.1,7.4,1.0,1.8,8.7,15.4,0.5,0.6,1.1,0.138,0.0,0.3,0.3,0.2,,2014.0,1
Toure' Murry,24.0,NYK,1.0,51.0,0.0,373.0,11.1,0.479,0.093,0.302,4.0,10.1,6.9,21.5,2.7,0.2,18.9,22.5,-0.3,0.3,0.0,0.002,-3.7,-0.7,-4.4,-0.2,,2014.0,5
Alex Len,20.0,PHO,5.0,42.0,3.0,362.0,7.3,0.469,0.0,0.397,12.1,18.6,15.3,1.6,0.6,3.8,22.1,14.3,-0.2,0.4,0.2,0.024,-5.9,-0.7,-6.6,-0.4,,2014.0,2
Cole Aldrich,25.0,NYK,5.0,46.0,2.0,330.0,19.1,0.62,0.0,0.492,12.8,33.8,23.0,6.4,1.3,8.1,19.5,13.0,0.6,0.6,1.2,0.178,-0.1,1.6,1.5,0.3,,2014.0,4
James Harden,25.0,HOU,2.0,81.0,81.0,2981.0,26.7,0.605,0.378,0.561,2.8,14.2,8.5,34.6,2.6,1.6,14.9,31.3,12.2,4.2,16.4,0.265,7.0,1.8,8.8,8.1,"MVP-2,AS,NBA1",2015.0,0
Andrew Wiggins,19.0,MIN,3.0,82.0,82.0,2969.0,13.9,0.517,0.111,0.41,5.0,9.5,7.2,9.8,1.5,1.3,11.7,22.6,2.1,0.0,2.1,0.034,-0.4,-2.0,-2.4,-0.3,ROY-1,2015.0,2
Trevor Ariza,29.0,HOU,3.0,82.0,82.0,2930.0,12.7,0.539,0.61,0.157,2.9,14.4,8.6,11.1,2.6,0.5,12.7,16.5,2.7,3.9,6.6,0.108,-0.1,1.1,1.0,2.2,DPOY-13,2015.0,3
Damian Lillard,24.0,POR,1.0,82.0,82.0,2925.0,20.7,0.56,0.421,0.293,1.8,11.8,6.9,29.0,1.7,0.5,12.6,26.9,7.3,3.3,10.6,0.174,4.3,0.3,4.7,4.9,AS,2015.0,0
Chris Paul,29.0,LAC,1.0,82.0,82.0,2857.0,26.0,0.596,0.298,0.274,2.1,12.5,7.4,47.4,2.8,0.4,12.7,23.7,12.9,3.2,16.1,0.27,6.4,1.6,8.0,7.2,"MVP-6,DPOY-15,AS,NBA2,DEF1",2015.0,0
John Wall,24.0,WAS,1.0,79.0,79.0,2837.0,19.9,0.523,0.186,0.31,1.5,12.8,7.3,46.3,2.5,1.3,18.7,26.1,3.6,4.2,7.8,0.132,2.6,1.0,3.6,4.0,"AS,DEF2",2015.0,0
DeAndre Jordan,26.0,LAC,5.0,82.0,82.0,2820.0,21.0,0.638,0.007,0.882,16.2,32.4,24.5,3.2,1.5,5.4,12.8,13.6,7.4,5.4,12.8,0.217,2.2,0.7,2.9,3.5,"DPOY-3,NBA3,DEF1",2015.0,4
Eric Bledsoe,25.0,PHO,1.0,81.0,81.0,2800.0,18.4,0.555,0.26,0.422,2.8,13.9,8.3,27.9,2.3,1.2,18.1,23.7,4.1,2.9,7.0,0.119,1.6,0.5,2.1,2.9,,2015.0,0
Joe Johnson,33.0,BRK,2.0,80.0,80.0,2791.0,14.1,0.523,0.329,0.172,2.1,13.3,7.7,17.1,1.1,0.4,11.1,20.3,2.6,1.5,4.1,0.07,0.7,-0.8,-0.1,1.3,,2015.0,3
Kyrie Irving,22.0,CLE,1.0,75.0,75.0,2730.0,21.5,0.583,0.306,0.296,2.3,7.5,5.0,25.0,2.2,0.6,11.8,26.2,8.4,2.0,10.4,0.183,4.4,-0.4,4.1,4.2,"AS,NBA3",2015.0,0
Monta Ellis,29.0,DAL,2.0,80.0,80.0,2699.0,16.5,0.509,0.21,0.224,1.4,6.4,3.9,20.5,2.8,0.8,11.7,27.9,1.4,2.2,3.6,0.065,0.0,-0.1,-0.1,1.3,,2015.0,0
Tyreke Evans,25.0,NOP,2.0,79.0,76.0,2690.0,17.7,0.508,0.195,0.25,3.5,14.1,8.8,32.7,2.0,1.0,16.0,26.1,2.4,2.2,4.6,0.082,1.4,-0.2,1.2,2.2,,2015.0,0
Marc Gasol,30.0,MEM,5.0,81.0,81.0,2687.0,21.7,0.558,0.016,0.41,4.9,21.8,13.4,19.7,1.4,4.0,12.2,24.6,5.5,4.7,10.2,0.182,2.7,2.4,5.1,4.8,"MVP-8,DPOY-10,AS,NBA1",2015.0,0
Pau Gasol,34.0,CHI,4.0,78.0,78.0,2681.0,22.7,0.55,0.023,0.317,9.2,27.6,18.6,14.4,0.5,4.0,10.7,24.7,6.0,4.4,10.4,0.187,2.9,0.6,3.5,3.7,"AS,NBA2",2015.0,0
Ben McLemore,21.0,SAC,2.0,82.0,82.0,2670.0,10.4,0.552,0.471,0.193,1.4,8.6,5.1,8.4,1.5,0.6,13.3,17.2,1.7,0.8,2.5,0.045,-1.3,-0.9,-2.2,-0.2,,2015.0,2
Ty Lawson,27.0,DEN,1.0,75.0,75.0,2665.0,18.5,0.526,0.221,0.392,1.6,8.1,4.7,43.0,1.7,0.3,14.6,20.6,6.0,1.0,7.0,0.126,3.0,-0.9,2.2,2.8,,2015.0,0
Goran Dragić,28.0,2TM,1.0,78.0,78.0,2640.0,17.4,0.577,0.258,0.234,3.5,8.2,5.9,22.8,1.5,0.5,13.5,21.8,5.4,1.4,6.8,0.123,1.6,-0.8,0.8,1.8,,2015.0,0
Goran Dragić,28.0,PHO,2.0,52.0,52.0,1735.0,16.7,0.573,0.274,0.191,3.2,8.5,5.8,20.2,1.4,0.4,13.4,21.5,3.1,0.9,4.0,0.111,1.1,-1.0,0.1,0.9,,2015.0,0
Gordon Hayward,24.0,UTA,3.0,76.0,76.0,2618.0,20.2,0.567,0.304,0.425,2.4,14.0,8.2,21.7,2.2,0.9,13.8,26.2,5.8,2.9,8.7,0.159,3.5,0.5,4.0,4.0,,2015.0,0
Stephen Curry,26.0,GSW,1.0,80.0,80.0,2613.0,28.0,0.638,0.482,0.251,2.4,11.4,7.0,38.6,3.0,0.5,14.3,28.9,11.5,4.1,15.7,0.288,8.2,1.7,9.9,7.9,"MVP-1,AS,NBA1",2015.0,0
Kentavious Caldwell-Pope,21.0,DET,2.0,82.0,82.0,2587.0,11.2,0.501,0.457,0.163,1.9,9.1,5.4,6.8,1.9,0.5,8.3,19.5,1.1,1.8,2.8,0.052,-1.3,-0.4,-1.7,0.2,,2015.0,2
Markieff Morris,25.0,PHO,4.0,82.0,82.0,2581.0,15.8,0.523,0.163,0.211,4.6,17.0,10.7,12.4,2.0,1.2,12.4,23.3,1.8,2.7,4.6,0.085,-0.5,0.2,-0.3,1.1,,2015.0,3
Victor Oladipo,22.0,ORL,2.0,72.0,71.0,2573.0,15.9,0.527,0.228,0.295,2.2,11.2,6.6,19.3,2.4,0.6,14.3,25.2,1.5,2.0,3.5,0.065,-0.1,-0.3,-0.4,1.1,,2015.0,2
Giannis Antetokounmpo,20.0,MIL,2.0,81.0,71.0,2541.0,14.8,0.552,0.056,0.445,4.5,19.7,12.2,13.1,1.5,2.8,15.6,19.6,2.2,4.0,6.2,0.117,-1.2,1.2,0.0,1.2,,2015.0,2
Kevin Love,26.0,CLE,4.0,75.0,75.0,2532.0,18.8,0.562,0.412,0.337,6.5,26.3,16.6,10.7,1.0,1.2,10.0,21.7,5.8,2.9,8.7,0.165,3.2,-0.4,2.7,3.0,,2015.0,0
Nikola Vučević,24.0,ORL,5.0,74.0,74.0,2529.0,21.5,0.548,0.005,0.181,10.4,26.0,18.1,11.0,1.1,1.7,10.2,26.0,4.5,2.5,7.0,0.133,2.0,-1.2,0.9,1.8,,2015.0,0
Jimmy Butler,25.0,CHI,2.0,65.0,65.0,2513.0,21.3,0.583,0.212,0.508,5.1,11.2,8.2,14.4,2.3,1.0,7.7,21.6,8.2,3.0,11.2,0.214,3.4,1.2,4.6,4.2,"DPOY-10,MIP-1,AS,DEF2",2015.0,0
LaMarcus Aldridge,29.0,POR,4.0,71.0,71.0,2512.0,22.8,0.528,0.074,0.256,7.7,22.9,15.5,9.2,1.0,1.9,7.2,30.2,4.9,3.7,8.6,0.165,3.2,-0.3,2.9,3.1,"MVP-7,AS,NBA2",2015.0,0
Andre Drummond,21.0,DET,5.0,82.0,82.0,2502.0,21.4,0.504,0.002,0.38,18.3,30.1,24.0,3.9,1.5,4.8,9.7,22.0,3.4,4.3,7.7,0.147,0.6,-0.7,-0.1,1.2,,2015.0,4
Arron Afflalo,29.0,2TM,2.0,78.0,72.0,2502.0,10.7,0.533,0.377,0.224,1.1,9.7,5.3,8.2,0.8,0.2,10.7,19.0,1.6,1.0,2.6,0.05,-1.4,-1.1,-2.5,-0.3,,2015.0,3
Arron Afflalo,29.0,DEN,2.0,53.0,53.0,1750.0,11.7,0.533,0.37,0.23,1.3,10.2,5.6,9.3,0.9,0.2,10.3,19.9,1.4,0.4,1.8,0.05,-0.7,-1.2,-1.9,0.1,,2015.0,1
LeBron James,30.0,CLE,3.0,69.0,69.0,2493.0,25.9,0.577,0.265,0.413,2.4,16.6,9.6,38.6,2.3,1.6,15.3,32.3,7.4,2.9,10.4,0.199,6.1,1.0,7.1,5.7,"MVP-3,DPOY-13,AS,NBA1",2015.0,0
Draymond Green,24.0,GSW,4.0,79.0,79.0,2490.0,16.4,0.54,0.43,0.261,5.1,22.4,14.0,16.1,2.4,2.9,13.5,17.2,3.3,5.2,8.5,0.163,0.7,2.8,3.5,3.5,"DPOY-2,DEF1",2015.0,0
Elfrid Payton,20.0,ORL,1.0,82.0,63.0,2489.0,13.8,0.456,0.059,0.302,4.8,11.2,7.9,32.6,2.9,0.7,20.2,18.3,0.0,2.3,2.3,0.044,-1.5,0.3,-1.2,0.5,ROY-4,2015.0,2
Wilson Chandler,27.0,DEN,3.0,78.0,75.0,2471.0,13.2,0.523,0.416,0.146,4.1,17.2,10.4,8.9,1.2,0.9,9.6,20.1,2.1,1.5,3.6,0.071,0.2,-0.7,-0.6,0.9,,2015.0,3
Klay Thompson,24.0,GSW,2.0,77.0,77.0,2455.0,20.8,0.591,0.42,0.197,1.2,9.4,5.4,14.6,1.7,1.8,9.5,27.6,5.7,3.1,8.8,0.172,4.5,-0.1,4.4,4.0,"MVP-10,AS,NBA3",2015.0,0
Anthony Davis,21.0,NOP,4.0,68.0,68.0,2455.0,30.8,0.591,0.01,0.384,8.0,24.1,16.1,11.6,2.1,6.2,6.3,27.8,9.9,4.2,14.0,0.274,6.6,2.3,8.9,6.7,"MVP-5,DPOY-4,AS,NBA1,DEF2",2015.0,0
Jeff Green,28.0,2TM,3.0,78.0,70.0,2454.0,14.4,0.534,0.302,0.297,2.9,12.1,7.5,8.8,1.1,1.1,9.0,21.9,2.7,2.4,5.2,0.101,0.5,-0.7,-0.2,1.2,,2015.0,3
Jeff Green,28.0,MEM,3.0,45.0,37.0,1361.0,14.2,0.53,0.28,0.291,3.6,12.0,7.8,9.5,1.0,1.3,8.6,20.5,1.7,1.5,3.1,0.111,0.8,-0.2,0.6,0.9,,2015.0,1
Marcin Gortat,30.0,WAS,5.0,82.0,82.0,2453.0,18.2,0.587,0.004,0.226,8.5,24.1,16.5,6.5,1.0,3.6,10.5,17.6,4.4,4.2,8.6,0.168,0.6,0.9,1.5,2.1,,2015.0,0
Thaddeus Young,26.0,2TM,4.0,76.0,68.0,2434.0,15.7,0.507,0.119,0.207,5.8,13.5,9.6,12.4,2.6,0.8,10.0,21.5,1.6,1.4,3.1,0.061,0.0,-0.2,-0.1,1.1,,2015.0,3
Thaddeus Young,26.0,MIN,4.0,48.0,48.0,1605.0,15.0,0.491,0.101,0.201,5.2,12.5,8.7,14.7,2.7,0.8,9.7,21.2,0.8,0.6,1.4,0.043,-0.4,-0.1,-0.5,0.6,,2015.0,4
Avery Bradley,24.0,BOS,2.0,77.0,77.0,2428.0,11.5,0.507,0.348,0.099,2.0,8.9,5.4,8.9,1.7,0.5,9.4,21.0,0.4,2.1,2.5,0.049,-1.5,-0.6,-2.2,-0.1,,2015.0,3
Luol Deng,29.0,MIA,3.0,72.0,72.0,2421.0,15.5,0.561,0.28,0.319,5.2,13.3,9.3,9.9,1.4,0.8,10.7,19.5,3.7,1.6,5.4,0.106,1.1,-1.1,0.0,1.2,,2015.0,0
Kyle Korver,33.0,ATL,2.0,75.0,75.0,2418.0,14.8,0.699,0.748,0.197,0.7,13.3,7.2,12.1,1.1,1.5,14.1,14.4,5.0,2.4,7.5,0.148,2.4,0.4,2.8,3.0,AS,2015.0,3
Kyle Lowry,28.0,TOR,1.0,70.0,70.0,2414.0,19.3,0.527,0.375,0.299,2.6,13.1,7.8,32.4,2.3,0.4,12.8,25.4,5.1,2.0,7.1,0.141,3.2,-0.1,3.0,3.1,AS,2015.0,0
JJ Redick,30.0,LAC,2.0,78.0,78.0,2409.0,16.2,0.622,0.488,0.216,1.0,6.6,3.9,9.0,0.8,0.3,8.5,21.0,5.8,0.9,6.7,0.134,2.9,-1.6,1.3,2.0,,2015.0,0
Rudy Gay,28.0,SAC,3.0,68.0,67.0,2408.0,19.7,0.556,0.197,0.352,4.8,13.7,9.4,19.0,1.5,1.3,12.4,27.0,4.8,1.3,6.1,0.122,3.4,-0.7,2.7,2.9,,2015.0,0
Paul Millsap,29.0,ATL,4.0,73.0,73.0,2390.0,20.0,0.565,0.232,0.362,6.9,20.0,13.6,15.4,2.8,2.4,13.3,23.8,4.0,4.3,8.3,0.166,1.7,1.7,3.4,3.3,AS,2015.0,0
P.J. Tucker,29.0,PHO,3.0,78.0,63.0,2383.0,12.5,0.541,0.423,0.24,5.2,18.0,11.5,7.4,2.2,0.7,12.7,13.9,2.2,2.7,4.9,0.098,-0.7,1.0,0.4,1.4,,2015.0,3
Solomon Hill,23.0,IND,3.0,82.0,78.0,2381.0,10.2,0.507,0.328,0.304,3.3,11.2,7.3,11.9,1.4,0.6,13.8,15.9,0.9,2.6,3.5,0.072,-2.0,0.5,-1.5,0.3,,2015.0,3
Nicolas Batum,26.0,POR,3.0,71.0,71.0,2380.0,13.1,0.516,0.515,0.163,2.8,15.6,9.4,20.5,1.7,1.2,17.0,14.6,2.0,3.2,5.2,0.105,0.3,1.8,2.1,2.4,,2015.0,3
Khris Middleton,23.0,MIL,3.0,79.0,58.0,2378.0,15.6,0.563,0.308,0.18,2.3,14.3,8.4,12.7,2.6,0.4,10.8,19.9,3.2,3.5,6.7,0.135,0.5,1.1,1.6,2.2,,2015.0,0
Tobias Harris,22.0,ORL,3.0,68.0,63.0,2369.0,16.7,0.551,0.252,0.258,3.4,17.3,10.3,8.8,1.5,1.2,9.8,22.5,3.0,1.8,4.8,0.098,1.1,-0.6,0.5,1.5,,2015.0,2
Mario Chalmers,28.0,MIA,1.0,80.0,37.0,2368.0,11.7,0.521,0.374,0.401,1.2,9.0,5.2,21.0,2.7,0.4,18.2,18.9,0.8,2.0,2.8,0.056,-2.6,0.1,-2.5,-0.3,,2015.0,5
Blake Griffin,25.0,LAC,4.0,67.0,67.0,2356.0,22.8,0.551,0.022,0.373,6.1,17.9,12.1,26.2,1.4,1.2,10.2,28.4,6.6,2.4,9.0,0.183,3.8,0.2,4.0,3.6,"MVP-8,AS,NBA3",2015.0,0
Courtney Lee,29.0,MEM,2.0,77.0,74.0,2354.0,11.5,0.555,0.348,0.201,1.0,7.6,4.3,9.8,1.7,0.4,10.0,15.2,2.5,2.4,4.8,0.099,-1.0,0.5,-0.5,0.9,,2015.0,3
Harrison Barnes,22.0,GSW,3.0,82.0,82.0,2318.0,13.4,0.573,0.328,0.229,5.6,15.1,10.5,6.9,1.3,0.6,9.0,14.9,3.7,3.0,6.7,0.139,0.2,-0.1,0.1,1.2,,2015.0,2
Al Horford,28.0,ATL,5.0,76.0,76.0,2318.0,21.4,0.563,0.037,0.146,6.7,19.8,13.4,18.6,1.5,3.5,8.9,22.2,5.1,3.6,8.7,0.179,2.6,1.5,4.1,3.6,AS,2015.0,0
Gerald Henderson,27.0,CHO,2.0,80.0,72.0,2315.0,13.2,0.514,0.161,0.256,1.7,11.6,6.5,15.6,1.1,0.7,10.5,20.7,1.3,2.3,3.6,0.074,-1.3,0.0,-1.4,0.4,,2015.0,3
Danny Green,27.0,SAS,2.0,81.0,80.0,2312.0,16.5,0.596,0.619,0.172,2.7,13.9,8.4,10.3,2.2,2.8,10.5,17.5,4.0,3.9,7.8,0.163,2.6,2.0,4.6,3.8,,2015.0,0
Nerlens Noel,20.0,PHI,5.0,75.0,71.0,2311.0,15.0,0.493,0.0,0.352,8.3,21.0,14.3,9.8,2.9,5.0,16.2,17.0,-0.2,4.2,4.0,0.083,-2.6,2.3,-0.3,1.0,"ROY-3,DPOY-15",2015.0,2
Zach Randolph,33.0,MEM,4.0,71.0,71.0,2304.0,19.5,0.538,0.021,0.32,11.2,25.8,18.5,11.4,1.6,0.5,12.8,24.3,3.4,3.8,7.2,0.149,1.4,-0.1,1.3,1.9,,2015.0,0
Russell Westbrook,26.0,OKC,1.0,67.0,67.0,2302.0,29.1,0.536,0.196,0.445,5.9,16.7,11.4,47.0,3.0,0.5,14.3,38.4,7.5,3.2,10.6,0.222,6.9,1.2,8.1,5.8,"MVP-4,AS,NBA2",2015.0,0
Josh Smith,29.0,2TM,4.0,83.0,35.0,2300.0,14.9,0.467,0.231,0.258,7.2,18.3,12.6,20.5,1.9,3.9,15.8,24.8,-1.1,3.4,2.3,0.048,-0.6,1.2,0.7,1.6,,2015.0,4
Josh Smith,29.0,HOU,4.0,55.0,7.0,1404.0,15.2,0.5,0.32,0.242,7.9,17.9,12.9,17.8,1.8,3.8,16.9,24.5,-0.1,2.2,2.1,0.071,-0.5,0.7,0.2,0.8,,2015.0,4
Trey Burke,22.0,UTA,1.0,76.0,43.0,2288.0,12.6,0.455,0.388,0.144,1.6,8.7,5.2,25.0,1.5,0.5,10.4,23.9,0.8,1.6,2.4,0.05,-0.1,-1.3,-1.4,0.3,,2015.0,2
Tyson Chandler,32.0,DAL,5.0,75.0,75.0,2286.0,20.1,0.697,0.0,0.584,14.1,27.4,20.7,5.3,0.9,3.2,16.0,12.8,7.2,3.1,10.3,0.216,2.4,0.2,2.6,2.7,,2015.0,4
Dirk Nowitzki,36.0,DAL,4.0,77.0,77.0,2282.0,19.2,0.56,0.258,0.272,2.1,19.9,11.0,10.4,0.9,1.2,6.5,24.9,5.2,2.0,7.2,0.152,2.7,-0.5,2.2,2.4,AS,2015.0,0
Derrick Favors,23.0,UTA,4.0,74.0,74.0,2280.0,21.8,0.558,0.007,0.362,10.0,20.7,15.4,9.4,1.4,4.3,10.2,23.8,5.0,3.3,8.3,0.175,1.9,0.6,2.5,2.6,,2015.0,0
Matt Barnes,34.0,LAC,3.0,76.0,74.0,2271.0,11.3,0.574,0.603,0.152,2.6,12.2,7.5,7.2,1.5,1.8,11.6,14.9,2.2,2.1,4.3,0.091,-0.5,0.2,-0.3,1.0,,2015.0,3
Reggie Jackson,24.0,2TM,1.0,77.0,40.0,2268.0,17.2,0.511,0.242,0.219,2.6,12.9,7.8,34.8,1.4,0.3,14.6,24.6,3.3,1.7,4.9,0.104,1.8,-0.6,1.1,1.8,,2015.0,3
Reggie Jackson,24.0,OKC,1.0,50.0,13.0,1398.0,15.6,0.511,0.274,0.2,2.2,13.0,7.7,24.5,1.5,0.3,12.7,22.1,1.8,1.1,2.9,0.101,0.9,-0.2,0.7,0.9,,2015.0,3
Evan Turner,26.0,BOS,2.0,82.0,57.0,2260.0,12.8,0.482,0.16,0.189,1.9,18.5,10.1,30.0,1.8,0.7,19.7,19.5,-0.3,2.8,2.5,0.054,-1.8,0.8,-1.0,0.6,,2015.0,3
Wesley Johnson,27.0,LAL,3.0,76.0,59.0,2245.0,11.1,0.509,0.375,0.162,3.2,12.9,7.8,8.6,1.3,1.6,10.5,16.4,1.0,0.7,1.7,0.037,-1.1,-0.8,-1.9,0.1,,2015.0,3
Jarrett Jack,31.0,BRK,1.0,80.0,27.0,2241.0,14.6,0.522,0.179,0.278,1.0,11.3,6.1,27.3,1.7,0.5,17.2,22.6,1.1,1.4,2.6,0.055,-0.4,-0.7,-1.1,0.5,,2015.0,3
Jeff Teague,26.0,ATL,1.0,73.0,72.0,2228.0,20.6,0.566,0.233,0.36,1.6,7.7,4.7,37.9,2.9,1.2,16.6,25.3,5.0,2.8,7.7,0.166,2.7,0.3,2.9,2.8,AS,2015.0,0
Tim Duncan,38.0,SAS,5.0,77.0,77.0,2227.0,22.6,0.56,0.009,0.38,8.8,26.7,17.9,16.8,1.4,5.1,12.1,22.2,4.9,4.7,9.6,0.207,2.3,2.8,5.1,4.0,"MVP-10,DPOY-8,AS,NBA3,DEF2",2015.0,0
Mike Conley,27.0,MEM,1.0,70.0,70.0,2225.0,18.6,0.558,0.314,0.282,1.5,9.2,5.4,28.0,2.1,0.5,13.6,23.7,4.2,2.7,6.8,0.147,2.6,0.2,2.8,2.7,,2015.0,0
Dion Waiters,23.0,2TM,2.0,80.0,23.0,2208.0,10.9,0.46,0.26,0.182,2.1,7.4,4.8,11.9,2.1,0.8,10.0,22.5,-0.6,1.7,1.1,0.025,-2.5,-0.8,-3.3,-0.7,,2015.0,3
Dion Waiters,23.0,OKC,2.0,47.0,20.0,1422.0,10.1,0.455,0.265,0.185,2.2,7.9,5.1,9.8,1.6,0.6,8.8,21.7,-0.3,1.0,0.7,0.023,-2.5,-1.2,-3.7,-0.6,,2015.0,1
Tristan Thompson,23.0,CLE,4.0,82.0,15.0,2194.0,15.6,0.58,0.0,0.508,14.5,19.7,17.2,2.7,0.8,2.2,12.2,14.0,4.7,2.1,6.8,0.148,0.1,-1.4,-1.2,0.4,6MOY-5,2015.0,4
Gorgui Dieng,25.0,MIN,5.0,73.0,49.0,2193.0,17.2,0.573,0.012,0.477,11.3,20.8,15.9,10.5,1.6,4.5,16.9,15.0,3.4,1.5,4.9,0.108,-0.1,0.3,0.2,1.2,,2015.0,4
DeMarre Carroll,28.0,ATL,3.0,70.0,69.0,2189.0,15.9,0.603,0.466,0.277,5.3,13.8,9.7,8.3,2.2,0.7,9.3,16.9,4.3,2.8,7.0,0.154,1.2,0.4,1.7,2.0,DPOY-15,2015.0,0
Chandler Parsons,26.0,DAL,3.0,66.0,66.0,2186.0,16.3,0.567,0.419,0.233,3.2,13.0,8.1,11.4,1.6,0.7,9.5,20.6,3.8,1.7,5.5,0.121,2.0,-0.4,1.6,2.0,,2015.0,0
Rudy Gobert,22.0,UTA,5.0,82.0,37.0,2158.0,21.6,0.627,0.005,0.639,14.3,27.2,20.7,8.2,1.6,7.0,16.9,14.0,5.0,4.3,9.3,0.206,1.7,2.5,4.2,3.4,DPOY-5,2015.0,4
Patrick Patterson,25.0,TOR,4.0,81.0,4.0,2156.0,14.6,0.568,0.529,0.15,6.8,16.3,11.6,10.7,1.4,1.6,8.7,13.1,4.4,1.7,6.1,0.137,2.3,0.2,2.5,2.4,,2015.0,3
Michael Carter-Williams,23.0,2TM,1.0,66.0,63.0,2149.0,14.1,0.461,0.166,0.317,3.2,15.3,9.0,37.3,2.6,1.1,19.5,26.7,-2.1,2.9,0.8,0.017,-1.3,0.3,-1.1,0.5,,2015.0,5
Greg Monroe,24.0,DET,4.0,69.0,57.0,2137.0,21.2,0.549,0.0,0.394,11.2,25.1,17.9,11.7,1.9,1.3,13.0,23.9,4.0,2.8,6.8,0.153,2.0,0.0,2.0,2.1,,2015.0,0
Enes Freedom,22.0,2TM,5.0,75.0,74.0,2135.0,20.3,0.564,0.048,0.252,14.6,20.5,17.6,4.8,0.9,1.1,12.3,24.7,4.3,2.1,6.4,0.145,1.6,-2.5,-0.9,0.6,,2015.0,2
Enes Freedom,22.0,UTA,5.0,49.0,48.0,1326.0,17.5,0.535,0.07,0.203,12.9,20.5,16.7,3.8,0.9,1.0,12.8,25.1,1.4,1.3,2.7,0.099,0.0,-2.7,-2.7,-0.2,,2015.0,2
Kemba Walker,24.0,CHO,1.0,62.0,58.0,2119.0,17.6,0.486,0.285,0.288,1.8,9.9,5.7,27.1,2.2,1.2,8.3,25.9,1.8,2.6,4.5,0.101,1.7,0.6,2.3,2.3,,2015.0,0
Serge Ibaka,25.0,OKC,4.0,64.0,64.0,2116.0,16.6,0.549,0.261,0.14,7.0,18.1,12.6,4.2,0.7,5.8,10.4,18.9,2.9,2.7,5.6,0.127,0.5,0.4,0.9,1.6,,2015.0,4
Deron Williams,30.0,BRK,1.0,68.0,55.0,2114.0,15.7,0.504,0.307,0.313,1.5,11.0,6.3,33.7,1.6,0.6,14.9,22.3,2.3,1.3,3.6,0.083,1.1,-0.9,0.2,1.2,,2015.0,0
Bradley Beal,21.0,WAS,2.0,63.0,59.0,2107.0,14.0,0.521,0.304,0.195,3.1,9.6,6.4,15.0,1.8,0.7,11.7,22.5,1.3,2.4,3.7,0.085,-0.1,0.2,0.1,1.1,,2015.0,2
Brook Lopez,26.0,BRK,5.0,72.0,44.0,2100.0,22.7,0.558,0.01,0.278,11.5,17.1,14.3,4.5,1.1,4.8,8.6,26.3,4.7,2.2,7.0,0.159,1.8,-0.7,1.2,1.6,,2015.0,0
DeMar DeRozan,25.0,TOR,2.0,60.0,60.0,2100.0,17.4,0.51,0.089,0.438,2.3,12.9,7.6,17.0,1.8,0.4,10.4,28.4,2.6,1.4,4.0,0.09,0.5,-1.4,-0.9,0.6,,2015.0,0
Jonas Valančiūnas,22.0,TOR,5.0,80.0,80.0,2096.0,20.6,0.623,0.002,0.423,11.8,26.3,19.1,3.1,0.8,3.6,12.4,19.1,5.8,2.4,8.2,0.189,1.4,-0.9,0.5,1.3,,2015.0,2
Terrence Ross,23.0,TOR,3.0,82.0,61.0,2092.0,11.2,0.519,0.518,0.074,1.8,10.7,6.2,6.5,1.3,1.0,8.1,18.3,1.3,1.0,2.4,0.054,-0.1,-1.3,-1.4,0.3,,2015.0,3
Corey Brewer,28.0,2TM,3.0,80.0,17.0,2087.0,13.9,0.507,0.292,0.281,4.2,11.7,7.9,13.8,2.7,0.7,12.7,21.6,1.0,2.1,3.1,0.071,-1.2,0.2,-1.0,0.5,6MOY-8,2015.0,3
Corey Brewer,28.0,HOU,3.0,56.0,1.0,1407.0,14.0,0.516,0.334,0.255,3.8,12.1,8.0,11.5,2.1,0.8,11.2,22.4,1.0,1.6,2.7,0.091,-0.8,-0.3,-1.1,0.3,,2015.0,5
Kenneth Faried,25.0,DEN,4.0,75.0,71.0,2086.0,18.4,0.548,0.011,0.391,12.1,22.9,17.3,7.1,1.5,2.1,12.0,20.3,3.5,2.1,5.6,0.13,0.6,-0.7,-0.1,1.0,,2015.0,0
J.R. Smith,29.0,2TM,2.0,70.0,51.0,2080.0,13.6,0.538,0.564,0.095,1.7,10.4,6.0,15.6,2.1,0.8,11.0,19.3,2.2,1.5,3.7,0.085,0.7,0.0,0.7,1.5,,2015.0,5
J.R. Smith,29.0,CLE,2.0,46.0,45.0,1461.0,14.5,0.565,0.667,0.065,2.1,10.4,6.3,12.3,2.3,1.0,9.1,17.6,2.4,1.3,3.8,0.124,1.4,0.8,2.2,1.6,,2015.0,1
Andre Iguodala,31.0,GSW,3.0,77.0,0.0,2069.0,12.3,0.553,0.427,0.23,2.4,10.8,6.7,14.6,2.1,0.9,13.9,13.3,2.3,2.8,5.1,0.117,-0.4,1.4,0.9,1.5,6MOY-4,2015.0,3
Joakim Noah,29.0,CHI,5.0,67.0,67.0,2049.0,15.3,0.482,0.005,0.407,11.9,22.1,17.1,23.0,1.2,2.6,19.6,13.7,2.4,3.1,5.6,0.13,0.1,2.0,2.1,2.1,DPOY-12,2015.0,4
Marcus Morris,25.0,PHO,4.0,81.0,35.0,2045.0,13.7,0.52,0.41,0.148,3.9,16.9,10.3,10.2,1.5,0.6,8.2,19.0,2.2,1.8,4.0,0.093,0.1,0.0,0.1,1.1,,2015.0,3
Timofey Mozgov,28.0,2TM,5.0,81.0,80.0,2045.0,16.6,0.594,0.011,0.382,11.0,21.4,16.1,4.3,0.8,3.7,14.9,16.9,3.5,2.2,5.7,0.133,-0.6,-0.1,-0.7,0.7,,2015.0,4
Timofey Mozgov,28.0,CLE,5.0,46.0,45.0,1148.0,18.7,0.621,0.0,0.389,11.4,20.4,15.9,5.6,0.8,3.9,15.0,18.1,2.5,1.3,3.9,0.161,0.4,-0.1,0.3,0.7,,2015.0,4
Donatas Motiejūnas,24.0,HOU,4.0,71.0,62.0,2037.0,14.4,0.553,0.19,0.237,7.4,15.4,11.4,10.8,1.4,1.3,13.7,19.1,2.4,2.3,4.7,0.11,-0.4,-0.1,-0.5,0.8,,2015.0,3
Marvin Williams,28.0,CHO,4.0,78.0,37.0,2035.0,11.8,0.541,0.535,0.176,3.1,18.2,10.4,7.8,1.8,1.4,10.1,13.3,1.5,2.9,4.3,0.102,-1.4,1.4,0.0,1.0,,2015.0,3
Brandon Knight,23.0,2TM,1.0,63.0,61.0,2035.0,17.1,0.543,0.361,0.251,1.6,12.0,6.8,27.4,2.3,0.4,16.1,25.9,2.0,2.5,4.5,0.106,1.9,-0.3,1.6,1.9,,2015.0,0
Brandon Knight,23.0,MIL,1.0,52.0,52.0,1688.0,18.5,0.556,0.341,0.26,1.8,13.1,7.5,28.6,2.5,0.5,16.7,26.6,2.0,2.4,4.4,0.124,2.5,0.0,2.5,1.9,,2015.0,0
Kawhi Leonard,23.0,SAS,3.0,64.0,64.0,2033.0,22.0,0.567,0.234,0.307,4.8,20.6,12.9,13.0,3.7,1.8,9.4,23.0,4.2,4.4,8.6,0.204,2.8,3.1,5.9,4.1,"MVP-10,DPOY-1,DEF1",2015.0,2
Wesley Matthews,28.0,POR,2.0,60.0,60.0,2024.0,16.1,0.586,0.592,0.193,2.1,9.5,5.9,10.8,1.9,0.4,9.0,19.8,4.0,2.2,6.2,0.147,2.0,1.1,3.1,2.6,,2015.0,3
Eric Gordon,26.0,NOP,2.0,61.0,60.0,2018.0,12.7,0.544,0.454,0.192,1.6,7.4,4.5,17.6,1.3,0.5,14.0,19.8,2.2,0.7,2.9,0.069,0.2,-1.2,-1.0,0.5,,2015.0,3
Rajon Rondo,28.0,2TM,1.0,68.0,68.0,2018.0,13.5,0.448,0.133,0.121,3.9,16.4,10.1,39.3,2.3,0.3,23.6,19.5,-0.7,2.3,1.6,0.037,-1.1,0.3,-0.8,0.6,,2015.0,5
Rajon Rondo,28.0,DAL,1.0,46.0,46.0,1319.0,12.4,0.46,0.121,0.094,4.0,13.3,8.6,34.0,2.1,0.2,22.6,20.3,-0.5,1.2,0.6,0.023,-1.4,-0.1,-1.5,0.2,,2015.0,5
Lou Williams,28.0,TOR,2.0,80.0,0.0,2016.0,19.9,0.564,0.482,0.426,1.4,7.3,4.3,13.6,2.3,0.4,8.4,27.0,5.4,1.1,6.6,0.157,3.5,-0.9,2.6,2.3,6MOY-1,2015.0,3
DeMarcus Cousins,24.0,SAC,5.0,59.0,59.0,2013.0,25.2,0.545,0.008,0.508,10.8,30.6,21.1,20.4,2.3,4.0,16.3,34.1,2.8,3.2,6.0,0.144,2.8,1.5,4.3,3.2,"AS,NBA2",2015.0,0
Al Jefferson,30.0,CHO,5.0,65.0,61.0,1992.0,19.7,0.5,0.005,0.163,5.3,25.5,15.1,11.6,1.2,3.3,5.9,26.3,1.3,3.4,4.7,0.113,0.9,0.7,1.6,1.8,,2015.0,0
Greivis Vásquez,28.0,TOR,1.0,82.0,29.0,1991.0,12.6,0.514,0.484,0.091,1.3,11.2,6.3,23.9,1.2,0.4,13.6,19.8,1.9,0.9,2.8,0.066,0.4,-1.4,-1.0,0.5,,2015.0,3
Jason Thompson,28.0,SAC,4.0,81.0,63.0,1991.0,10.2,0.5,0.002,0.334,8.2,21.5,15.1,6.5,0.8,2.3,14.6,12.7,0.9,1.5,2.4,0.057,-2.6,-0.2,-2.8,-0.4,,2015.0,3
Boris Diaw,32.0,SAS,4.0,81.0,15.0,1984.0,12.7,0.526,0.267,0.147,4.5,15.2,10.0,17.9,0.9,0.9,15.8,18.3,1.3,2.3,3.6,0.088,-0.6,0.2,-0.4,0.8,,2015.0,4
Ömer Aşık,28.0,NOP,5.0,76.0,76.0,1982.0,15.5,0.545,0.0,0.546,14.0,28.8,21.4,5.4,0.8,2.1,15.7,14.0,2.8,2.2,5.0,0.12,-0.4,-0.9,-1.2,0.4,,2015.0,4
Mo Williams,32.0,2TM,1.0,68.0,33.0,1980.0,15.4,0.512,0.405,0.217,1.2,8.9,4.9,37.4,1.2,0.6,15.4,25.2,1.6,0.6,2.1,0.052,1.5,-2.3,-0.8,0.6,,2015.0,3
Amir Johnson,27.0,TOR,4.0,75.0,72.0,1979.0,15.4,0.603,0.089,0.249,9.3,17.3,13.3,9.4,1.1,2.4,16.0,15.7,3.5,1.6,5.1,0.124,0.0,-0.1,-0.1,0.9,,2015.0,4
Dwyane Wade,33.0,MIA,2.0,62.0,62.0,1971.0,21.4,0.534,0.094,0.341,3.6,9.6,6.7,32.1,2.0,0.9,14.4,34.7,2.1,1.4,3.5,0.086,3.5,-1.4,2.1,2.1,AS,2015.0,0
D.J. Augustin,27.0,2TM,1.0,82.0,14.0,1964.0,13.9,0.527,0.38,0.317,1.1,7.9,4.4,28.2,1.3,0.1,16.4,19.8,2.5,0.9,3.4,0.083,0.4,-1.6,-1.2,0.4,,2015.0,3
D.J. Augustin,27.0,DET,1.0,54.0,13.0,1287.0,15.8,0.536,0.325,0.367,1.1,7.6,4.2,33.2,1.3,0.1,17.0,22.2,2.0,0.6,2.5,0.094,1.2,-1.7,-0.5,0.5,,2015.0,5
Robert Covington,24.0,PHI,3.0,70.0,49.0,1956.0,14.7,0.554,0.59,0.287,3.4,14.6,8.8,9.8,2.5,1.3,13.1,21.8,1.6,2.3,4.0,0.097,0.3,0.4,0.7,1.3,,2015.0,5
Tony Parker,32.0,SAS,1.0,68.0,68.0,1953.0,15.9,0.539,0.107,0.2,0.9,6.5,3.7,28.7,1.2,0.1,13.9,24.5,2.4,1.7,4.1,0.1,0.1,-1.4,-1.3,0.3,,2015.0,0
Brandon Bass,29.0,BOS,4.0,82.0,43.0,1929.0,16.3,0.557,0.047,0.313,7.8,14.9,11.3,8.6,1.1,1.3,9.6,19.5,3.4,1.9,5.3,0.132,0.5,-0.5,0.0,1.0,,2015.0,4
Roy Hibbert,28.0,IND,5.0,76.0,76.0,1926.0,15.4,0.501,0.003,0.287,9.0,21.9,15.5,7.4,0.5,5.1,11.8,21.3,1.0,3.2,4.2,0.105,-1.8,0.6,-1.2,0.4,,2015.0,4
Luc Mbah a Moute,28.0,PHI,4.0,67.0,61.0,1916.0,10.6,0.466,0.318,0.256,4.4,14.6,9.3,9.8,2.1,0.9,12.3,18.3,-0.9,2.0,1.1,0.027,-2.7,-0.1,-2.8,-0.4,,2015.0,5
Paul Pierce,37.0,WAS,3.0,73.0,73.0,1914.0,15.2,0.58,0.462,0.32,2.7,14.3,8.7,11.9,1.2,1.0,10.9,19.9,3.2,2.3,5.5,0.138,1.2,0.3,1.5,1.7,,2015.0,0
Jeremy Lin,26.0,LAL,1.0,74.0,30.0,1907.0,15.6,0.539,0.269,0.41,1.4,10.2,5.7,28.6,2.2,1.4,17.7,21.9,1.8,0.8,2.7,0.068,0.1,-0.5,-0.4,0.8,,2015.0,5
Zach LaVine,19.0,MIN,1.0,77.0,40.0,1902.0,11.3,0.515,0.247,0.261,1.6,11.6,6.4,24.0,1.4,0.4,20.4,22.0,-0.7,0.0,-0.7,-0.018,-2.2,-2.5,-4.6,-1.3,,2015.0,2
David West,34.0,IND,4.0,66.0,66.0,1895.0,16.0,0.508,0.029,0.235,6.4,19.7,13.1,20.1,1.3,2.0,13.7,21.0,1.4,2.8,4.3,0.108,0.3,1.3,1.6,1.7,,2015.0,0
Aaron Brooks,30.0,CHI,1.0,82.0,21.0,1885.0,14.4,0.534,0.383,0.213,1.9,7.5,4.8,24.2,1.5,0.6,14.9,25.0,1.7,1.5,3.3,0.083,0.3,-1.1,-0.8,0.5,6MOY-11,2015.0,3
Rodney Stuckey,28.0,IND,1.0,71.0,36.0,1874.0,15.4,0.528,0.187,0.286,2.1,12.4,7.3,20.2,1.5,0.4,12.2,23.4,1.9,2.2,4.0,0.103,0.1,0.2,0.3,1.1,,2015.0,0
Jordan Hill,27.0,LAL,5.0,70.0,57.0,1874.0,16.2,0.494,0.014,0.216,9.9,23.4,16.4,9.5,0.9,2.3,11.1,22.7,1.1,1.1,2.2,0.055,-0.6,-1.6,-2.2,-0.1,,2015.0,4
Channing Frye,31.0,ORL,4.0,75.0,51.0,1870.0,9.5,0.546,0.71,0.072,1.6,16.4,8.9,7.4,1.3,1.7,13.4,14.1,0.7,1.4,2.1,0.053,-1.5,-0.1,-1.5,0.2,,2015.0,3
Shane Larkin,22.0,NYK,1.0,76.0,22.0,1865.0,10.9,0.504,0.269,0.181,1.7,9.4,5.4,19.4,2.6,0.4,15.1,13.6,0.8,0.9,1.7,0.045,-3.0,0.2,-2.8,-0.4,,2015.0,2
Bojan Bogdanović,25.0,BRK,3.0,78.0,28.0,1854.0,11.6,0.562,0.444,0.184,3.0,9.8,6.4,5.8,0.9,0.4,11.1,17.2,1.7,0.7,2.4,0.062,-0.3,-1.4,-1.7,0.1,,2015.0,3
C.J. Miles,27.0,IND,2.0,70.0,40.0,1841.0,14.1,0.525,0.539,0.195,1.1,11.7,6.4,7.1,1.7,1.1,7.5,23.9,1.3,2.3,3.6,0.093,0.8,0.0,0.9,1.3,,2015.0,1
Ed Davis,25.0,LAL,4.0,79.0,24.0,1840.0,20.0,0.594,0.0,0.403,13.3,23.1,18.0,8.3,1.4,4.3,9.5,14.8,4.6,1.6,6.3,0.164,1.4,0.1,1.5,1.6,,2015.0,4
Mike Dunleavy,34.0,CHI,3.0,63.0,63.0,1838.0,11.6,0.573,0.547,0.181,1.7,12.7,7.3,9.7,1.1,0.8,10.4,14.2,2.4,1.7,4.1,0.108,-0.3,0.2,0.0,0.9,,2015.0,1
Norris Cole,26.0,2TM,1.0,75.0,25.0,1831.0,10.9,0.483,0.315,0.145,0.9,9.3,5.1,22.2,1.6,0.7,14.3,17.5,0.4,1.0,1.4,0.036,-2.1,-0.7,-2.8,-0.4,,2015.0,3
Norris Cole,26.0,MIA,1.0,47.0,23.0,1148.0,9.9,0.452,0.333,0.15,1.3,9.8,5.7,22.9,1.9,0.6,15.1,15.7,-0.1,0.8,0.6,0.027,-2.6,-0.4,-3.0,-0.3,,2015.0,5
Dante Exum,19.0,UTA,1.0,82.0,41.0,1817.0,5.7,0.457,0.635,0.077,1.7,6.6,4.2,16.6,1.2,0.6,21.5,13.8,-1.1,1.0,-0.1,-0.003,-3.6,-0.7,-4.3,-1.1,,2015.0,2
Marcus Smart,20.0,BOS,1.0,67.0,38.0,1808.0,11.0,0.491,0.57,0.266,3.6,9.9,6.7,16.3,2.7,0.8,14.4,15.1,0.7,2.2,2.9,0.077,-1.9,1.5,-0.5,0.7,ROY-5,2015.0,2
Anthony Morrow,29.0,OKC,2.0,74.0,0.0,1806.0,14.8,0.604,0.528,0.145,2.4,9.1,5.8,5.2,1.5,0.5,5.5,16.5,4.4,1.2,5.7,0.151,1.9,-0.1,1.8,1.7,6MOY-11,2015.0,1
Quincy Pondexter,26.0,2TM,2.0,75.0,30.0,1793.0,9.9,0.55,0.546,0.215,3.4,9.0,6.2,7.7,0.6,1.0,9.4,13.8,2.1,0.8,2.9,0.078,-1.1,-1.0,-2.1,0.0,,2015.0,3
Quincy Pondexter,26.0,NOP,3.0,45.0,28.0,1253.0,11.1,0.592,0.548,0.212,3.0,9.5,6.3,7.8,0.6,1.2,10.7,13.9,1.9,0.4,2.3,0.089,-0.3,-0.9,-1.3,0.2,,2015.0,1
Jason Smith,28.0,NYK,5.0,82.0,31.0,1785.0,12.0,0.497,0.071,0.258,6.2,15.0,10.5,13.5,0.9,2.1,13.6,19.7,0.5,0.7,1.2,0.032,-2.4,-1.4,-3.8,-0.8,,2015.0,4
Hollis Thompson,23.0,PHI,2.0,71.0,23.0,1776.0,10.9,0.538,0.529,0.164,3.1,9.3,6.0,8.4,1.6,1.2,10.2,15.9,1.3,1.3,2.6,0.07,-1.6,-0.3,-1.8,0.1,,2015.0,1
Steven Adams,21.0,OKC,5.0,70.0,67.0,1771.0,14.1,0.549,0.005,0.514,12.2,19.3,15.8,5.5,1.1,3.8,16.8,14.3,1.9,2.2,4.1,0.111,-1.5,0.2,-1.3,0.3,,2015.0,2
Alan Anderson,32.0,BRK,2.0,74.0,19.0,1744.0,10.6,0.563,0.477,0.23,2.0,11.1,6.6,7.2,1.7,0.2,11.0,14.2,1.7,1.1,2.7,0.075,-1.7,0.2,-1.5,0.2,,2015.0,1
Mason Plumlee,24.0,BRK,5.0,82.0,45.0,1743.0,18.0,0.57,0.006,0.648,11.3,21.6,16.5,7.0,1.9,2.9,14.4,19.2,2.5,2.3,4.8,0.131,-0.2,0.3,0.1,0.9,,2015.0,4
Kyle Singler,26.0,2TM,3.0,80.0,58.0,1743.0,8.5,0.512,0.54,0.117,2.0,10.2,6.0,7.3,1.4,1.0,10.5,13.2,0.9,1.2,2.0,0.056,-2.1,0.0,-2.1,0.0,,2015.0,3
Kyle Singler,26.0,DET,3.0,54.0,40.0,1287.0,9.4,0.526,0.534,0.103,1.9,10.2,5.9,7.9,1.3,0.9,10.3,14.0,0.8,0.8,1.6,0.061,-1.6,-0.1,-1.7,0.1,,2015.0,1
Tyler Zeller,25.0,BOS,5.0,82.0,59.0,1731.0,18.9,0.594,0.0,0.3,9.1,20.5,14.7,10.8,0.5,2.3,9.8,19.6,4.5,2.0,6.5,0.179,1.0,0.0,0.9,1.3,,2015.0,4
Zaza Pachulia,30.0,MIL,5.0,73.0,45.0,1730.0,15.6,0.506,0.006,0.302,13.1,19.9,16.5,16.2,2.4,1.0,18.2,19.1,1.3,2.9,4.2,0.116,-0.4,0.8,0.4,1.0,,2015.0,4
Patrick Beverley,26.0,HOU,1.0,56.0,55.0,1727.0,11.3,0.509,0.607,0.113,4.3,10.8,7.6,17.2,1.7,1.0,12.9,16.1,1.7,1.8,3.5,0.096,-0.4,0.5,0.1,0.9,DPOY-15,2015.0,3
Isaiah Thomas,25.0,2TM,1.0,67.0,1.0,1726.0,20.6,0.579,0.434,0.437,2.1,7.7,4.9,27.2,1.6,0.2,13.1,27.8,5.0,1.1,6.1,0.169,4.1,-0.9,3.2,2.3,6MOY-2,2015.0,3
Isaiah Thomas,25.0,PHO,1.0,46.0,1.0,1181.0,19.7,0.579,0.404,0.412,2.4,7.8,5.1,23.6,1.9,0.3,12.8,25.8,3.2,0.7,4.0,0.162,3.2,-0.8,2.5,1.4,,2015.0,0
Jerryd Bayless,26.0,MIL,1.0,77.0,4.0,1717.0,11.1,0.519,0.233,0.266,1.5,12.5,7.0,21.0,1.8,0.6,18.8,18.6,0.3,2.0,2.4,0.066,-2.5,0.4,-2.1,0.0,,2015.0,3
Jared Dudley,29.0,MIL,2.0,72.0,22.0,1717.0,12.3,0.572,0.454,0.158,3.0,11.6,7.3,11.5,2.1,0.5,12.1,13.5,2.0,2.1,4.1,0.116,-0.5,1.0,0.6,1.1,,2015.0,5
Jamal Crawford,34.0,LAC,2.0,64.0,4.0,1703.0,16.6,0.532,0.434,0.3,1.2,6.9,4.1,14.9,1.8,0.7,8.8,27.6,2.5,1.2,3.6,0.102,1.9,-1.2,0.7,1.2,6MOY-3,2015.0,3
O.J. Mayo,27.0,MIL,2.0,71.0,15.0,1697.0,13.5,0.529,0.395,0.198,2.0,10.5,6.3,19.4,1.7,0.9,14.4,23.6,0.9,1.9,2.8,0.079,-0.2,-0.4,-0.6,0.6,,2015.0,1
Nenê,32.0,WAS,4.0,67.0,58.0,1693.0,14.3,0.534,0.008,0.336,5.7,17.0,11.5,12.0,2.0,1.0,15.2,21.8,0.5,2.5,3.0,0.086,-1.7,0.9,-0.8,0.5,,2015.0,5
Carlos Boozer,33.0,LAL,4.0,71.0,26.0,1692.0,16.4,0.517,0.0,0.202,7.0,25.2,15.7,10.3,1.2,0.6,10.2,23.7,1.2,1.0,2.2,0.062,-0.5,-1.2,-1.7,0.1,,2015.0,4
Taj Gibson,29.0,CHI,4.0,62.0,17.0,1692.0,16.1,0.545,0.0,0.364,10.7,14.6,12.7,6.9,1.1,3.2,11.6,17.6,2.7,2.1,4.8,0.137,-0.5,0.1,-0.4,0.7,6MOY-10,2015.0,4
Devin Harris,31.0,DAL,1.0,76.0,3.0,1685.0,14.8,0.559,0.508,0.309,0.8,8.0,4.4,20.4,2.3,0.7,12.5,18.0,2.9,1.3,4.2,0.12,0.6,0.8,1.4,1.4,,2015.0,3
Tim Hardaway Jr.,22.0,NYK,2.0,70.0,30.0,1681.0,12.1,0.512,0.494,0.218,0.8,10.2,5.4,13.5,0.6,0.7,9.5,23.8,0.8,0.0,0.8,0.023,0.2,-3.0,-2.8,-0.3,,2015.0,2
Wayne Ellington,27.0,LAL,2.0,65.0,36.0,1675.0,11.6,0.504,0.394,0.104,2.0,12.3,6.9,10.2,1.0,0.1,7.2,18.5,1.1,0.1,1.2,0.034,-0.5,-1.8,-2.3,-0.1,,2015.0,1
Ryan Anderson,26.0,NOP,4.0,61.0,5.0,1675.0,15.6,0.524,0.492,0.207,7.3,12.7,10.0,5.4,1.0,0.9,7.2,23.4,2.6,0.9,3.5,0.1,1.8,-2.1,-0.3,0.7,,2015.0,4
Joe Ingles,27.0,UTA,3.0,79.0,32.0,1673.0,9.6,0.533,0.571,0.113,1.5,10.5,6.0,16.8,2.3,0.5,20.9,12.9,0.5,1.6,2.2,0.062,-2.3,1.1,-1.2,0.3,,2015.0,5
Evan Fournier,22.0,ORL,2.0,58.0,32.0,1661.0,12.4,0.546,0.391,0.256,1.9,8.7,5.2,11.5,1.2,0.1,11.4,19.7,1.5,0.6,2.1,0.059,-0.5,-1.3,-1.8,0.1,,2015.0,2
Luis Scola,34.0,IND,4.0,81.0,16.0,1659.0,16.8,0.515,0.031,0.352,9.3,25.6,17.5,11.0,1.5,0.8,11.3,22.8,1.7,2.7,4.4,0.126,-0.5,0.2,-0.3,0.7,,2015.0,4
Nikola Mirotić,23.0,CHI,4.0,82.0,3.0,1654.0,17.9,0.556,0.502,0.455,4.3,21.8,13.3,9.7,1.7,2.4,10.6,22.8,3.0,2.7,5.7,0.165,1.4,1.0,2.3,1.8,"ROY-2,6MOY-6",2015.0,4
Dante Cunningham,27.0,NOP,4.0,66.0,27.0,1652.0,8.9,0.473,0.029,0.139,4.8,12.8,8.8,4.4,1.5,1.7,8.9,10.9,0.5,1.2,1.6,0.047,-2.8,0.4,-2.5,-0.2,,2015.0,1
Tony Allen,33.0,MEM,2.0,63.0,41.0,1648.0,14.6,0.528,0.064,0.277,7.2,12.2,9.7,8.1,4.1,1.5,14.4,16.6,0.9,3.2,4.1,0.119,-1.5,3.1,1.6,1.5,"DPOY-7,DEF1",2015.0,5
Jae Crowder,24.0,2TM,3.0,82.0,17.0,1647.0,13.9,0.517,0.382,0.259,4.7,14.9,9.7,8.6,2.2,1.2,7.5,17.5,1.9,2.0,3.9,0.113,-0.2,0.7,0.5,1.0,,2015.0,3
Jae Crowder,24.0,BOS,3.0,57.0,17.0,1382.0,14.1,0.512,0.362,0.277,4.7,16.4,10.5,9.0,2.1,1.1,6.9,17.9,1.6,1.8,3.3,0.116,-0.2,0.8,0.6,0.9,,2015.0,5
Jason Terry,37.0,HOU,2.0,77.0,18.0,1641.0,11.4,0.579,0.724,0.108,1.0,7.1,4.1,13.8,2.0,0.9,13.7,14.3,2.0,1.5,3.6,0.104,-0.1,0.6,0.5,1.0,,2015.0,3
Robin Lopez,26.0,POR,5.0,59.0,59.0,1638.0,16.2,0.574,0.002,0.291,12.7,13.1,12.9,5.1,0.5,3.7,12.9,15.5,3.2,1.9,5.1,0.15,0.1,0.1,0.1,0.9,,2015.0,4
Caron Butler,34.0,DET,3.0,78.0,21.0,1623.0,9.3,0.544,0.553,0.154,1.4,12.2,6.6,7.3,1.4,0.2,10.4,12.9,1.3,1.0,2.4,0.07,-1.9,0.1,-1.7,0.1,,2015.0,3
Kirk Hinrich,34.0,CHI,2.0,66.0,22.0,1610.0,6.8,0.468,0.441,0.131,1.4,6.6,4.1,13.8,1.5,0.6,15.3,13.3,-0.3,1.3,1.0,0.03,-3.8,0.0,-3.8,-0.7,,2015.0,5
Manu Ginóbili,37.0,SAS,2.0,70.0,0.0,1587.0,16.2,0.544,0.438,0.346,2.0,12.8,7.5,28.6,2.2,0.9,18.5,23.9,1.4,2.3,3.7,0.111,0.9,0.9,1.7,1.5,6MOY-8,2015.0,0
Michael Kidd-Gilchrist,21.0,CHO,3.0,55.0,52.0,1587.0,15.1,0.519,0.0,0.444,7.4,21.9,14.4,8.2,1.0,1.9,9.9,18.4,1.6,2.2,3.8,0.114,-1.1,0.6,-0.5,0.6,DPOY-9,2015.0,2
Andrew Bogut,30.0,GSW,5.0,67.0,65.0,1583.0,15.8,0.565,0.0,0.118,9.9,26.5,18.5,15.4,1.2,5.3,22.1,13.2,1.9,3.4,5.2,0.159,-0.9,3.3,2.4,1.8,"DPOY-6,DEF2",2015.0,4
Lance Stephenson,24.0,CHO,2.0,61.0,25.0,1573.0,8.8,0.419,0.191,0.2,2.7,17.1,9.7,25.4,1.2,0.4,17.6,21.1,-2.7,1.8,-0.9,-0.026,-4.3,-0.1,-4.5,-1.0,,2015.0,5
Jared Sullinger,22.0,BOS,4.0,58.0,49.0,1566.0,17.9,0.503,0.26,0.182,10.1,20.9,15.4,14.2,1.4,2.1,9.3,23.6,1.9,2.1,4.0,0.123,1.3,-0.2,1.1,1.2,,2015.0,2
Darren Collison,27.0,SAC,1.0,45.0,45.0,1565.0,17.5,0.575,0.293,0.335,1.4,8.7,5.2,27.2,2.2,0.7,15.1,20.9,3.0,0.8,3.8,0.116,2.3,-0.2,2.1,1.6,,2015.0,0
Trevor Booker,27.0,UTA,4.0,79.0,5.0,1564.0,15.3,0.536,0.181,0.319,10.3,19.0,14.7,9.0,1.5,2.1,14.3,18.1,1.7,1.9,3.6,0.11,-0.3,0.1,-0.2,0.7,,2015.0,4
Austin Rivers,22.0,2TM,2.0,76.0,5.0,1563.0,10.3,0.481,0.264,0.254,2.0,8.9,5.5,14.7,1.6,0.7,10.5,17.9,0.5,1.0,1.5,0.046,-2.5,-0.3,-2.8,-0.3,,2015.0,2
Chris Bosh,30.0,MIA,5.0,44.0,44.0,1556.0,19.8,0.548,0.226,0.311,3.6,20.0,12.0,12.0,1.4,1.4,10.1,28.4,2.1,1.5,3.6,0.111,2.5,-1.3,1.3,1.3,AS,2015.0,0
Iman Shumpert,24.0,2TM,2.0,62.0,25.0,1545.0,11.4,0.497,0.416,0.136,4.1,12.6,8.3,14.2,2.7,0.8,15.4,17.4,0.1,1.4,1.5,0.047,-1.5,0.7,-0.9,0.4,,2015.0,5
Derrick Rose,26.0,CHI,1.0,51.0,51.0,1530.0,15.9,0.493,0.325,0.224,2.6,8.7,5.7,30.7,1.2,0.8,14.9,31.7,0.0,1.2,1.2,0.038,1.6,-2.2,-0.6,0.6,,2015.0,0
Steve Blake,34.0,POR,1.0,81.0,0.0,1529.0,9.5,0.507,0.67,0.125,1.1,8.3,4.8,26.2,1.4,0.2,23.2,13.2,0.7,1.4,2.1,0.066,-1.8,0.0,-1.8,0.1,,2015.0,5
Alex Len,21.0,PHO,5.0,69.0,44.0,1518.0,13.5,0.542,0.008,0.295,10.2,22.7,16.4,3.1,1.1,5.3,15.7,13.7,1.2,2.1,3.4,0.107,-2.8,1.0,-1.8,0.1,,2015.0,2
Dennis Schröder,21.0,ATL,1.0,77.0,10.0,1516.0,15.7,0.516,0.223,0.269,2.3,9.9,6.2,34.6,1.7,0.2,16.8,27.0,1.1,1.4,2.5,0.08,-0.1,-1.2,-1.3,0.2,6MOY-11,2015.0,2
Rasual Butler,35.0,WAS,3.0,75.0,1.0,1505.0,11.4,0.531,0.455,0.13,2.1,12.4,7.4,6.5,1.0,1.2,8.1,17.9,1.0,1.6,2.6,0.084,-0.5,-0.3,-0.8,0.4,,2015.0,3
Beno Udrih,32.0,MEM,1.0,79.0,12.0,1494.0,15.4,0.55,0.192,0.202,1.5,9.4,5.5,24.0,1.6,0.4,13.9,19.6,2.0,1.6,3.6,0.115,0.3,0.3,0.5,0.9,,2015.0,3
Lance Thomas,26.0,2TM,4.0,62.0,37.0,1490.0,8.0,0.456,0.05,0.224,4.8,9.9,7.3,7.4,1.3,0.4,13.2,17.0,-0.9,0.4,-0.4,-0.014,-3.9,-1.7,-5.6,-1.3,,2015.0,1
Cody Zeller,22.0,CHO,5.0,62.0,45.0,1487.0,14.1,0.53,0.003,0.44,7.0,20.1,13.4,10.9,1.2,2.6,12.2,15.6,1.6,2.2,3.8,0.123,-2.0,1.4,-0.6,0.5,,2015.0,2
Jordan Clarkson,22.0,LAL,1.0,59.0,38.0,1476.0,16.9,0.528,0.203,0.265,4.0,10.5,7.1,23.8,1.8,0.7,12.6,23.0,2.0,0.4,2.4,0.078,1.2,-0.9,0.2,0.8,ROY-7,2015.0,2
Shaun Livingston,29.0,GSW,1.0,78.0,2.0,1468.0,12.9,0.529,0.005,0.23,3.3,10.0,6.7,24.2,1.6,1.0,19.0,15.9,1.5,1.8,3.3,0.107,-1.4,0.6,-0.8,0.4,,2015.0,3
Derrick Williams,23.0,SAC,4.0,74.0,6.0,1462.0,12.8,0.54,0.322,0.404,3.3,12.1,7.8,5.6,1.2,0.2,8.9,18.9,1.7,0.4,2.1,0.069,-0.3,-1.6,-2.0,0.0,,2015.0,1
Jodie Meeks,27.0,DET,2.0,60.0,0.0,1462.0,14.1,0.548,0.397,0.3,0.9,7.1,3.9,8.8,2.1,0.3,8.6,20.1,2.2,0.9,3.1,0.103,-0.3,-0.2,-0.5,0.5,,2015.0,5
Langston Galloway,23.0,NYK,1.0,45.0,41.0,1457.0,12.3,0.489,0.344,0.153,2.9,12.5,7.5,17.6,1.9,0.7,10.1,19.2,0.7,0.6,1.3,0.043,-1.5,-0.9,-2.3,-0.1,,2015.0,1
Brandan Wright,27.0,3TM,4.0,75.0,7.0,1449.0,20.4,0.66,0.008,0.309,9.6,14.7,12.1,4.4,1.7,5.1,7.6,13.6,4.3,1.8,6.1,0.202,2.1,1.6,3.7,2.1,,2015.0,4
Gerald Green,29.0,PHO,2.0,74.0,4.0,1446.0,15.4,0.532,0.497,0.154,2.5,11.7,7.0,10.9,1.4,0.6,11.1,28.4,1.0,1.0,1.9,0.065,1.2,-1.5,-0.3,0.6,,2015.0,3
Cory Joseph,23.0,SAS,1.0,79.0,14.0,1444.0,15.5,0.564,0.107,0.348,3.5,11.4,7.5,19.7,1.6,0.9,12.4,17.0,2.7,1.8,4.5,0.149,0.2,1.3,1.4,1.2,,2015.0,3
Ray McCallum,23.0,SAC,1.0,68.0,30.0,1436.0,12.5,0.496,0.236,0.179,4.3,9.8,7.1,21.3,1.6,0.6,14.4,18.2,0.8,0.5,1.4,0.045,-0.9,-1.1,-2.0,0.0,,2015.0,5
Otto Porter Jr.,21.0,WAS,3.0,74.0,13.0,1432.0,11.6,0.523,0.266,0.202,5.6,11.6,8.7,6.8,1.6,1.7,10.9,15.1,1.0,1.8,2.7,0.092,-1.1,0.6,-0.5,0.6,,2015.0,2
Anthony Tolliver,29.0,2TM,4.0,76.0,11.0,1432.0,11.1,0.569,0.738,0.176,3.7,14.5,9.0,6.3,0.9,0.9,10.8,14.7,1.8,0.9,2.7,0.092,-0.6,-0.8,-1.4,0.2,,2015.0,3
Anthony Tolliver,29.0,DET,4.0,52.0,11.0,1160.0,11.8,0.58,0.715,0.197,4.1,14.3,9.0,6.5,0.9,1.0,10.3,14.8,1.8,0.8,2.5,0.104,-0.4,-0.7,-1.1,0.3,,2015.0,1
Danilo Gallinari,26.0,DEN,3.0,59.0,27.0,1426.0,16.8,0.563,0.53,0.336,2.3,14.7,8.3,9.4,1.6,1.1,8.0,21.5,3.0,1.0,3.9,0.132,2.6,-0.2,2.4,1.6,,2015.0,3
Kelly Olynyk,23.0,BOS,5.0,64.0,13.0,1423.0,15.9,0.558,0.331,0.258,7.0,16.5,11.7,12.2,2.3,2.1,14.3,21.1,1.5,2.1,3.6,0.12,-0.5,0.9,0.4,0.8,,2015.0,4
C.J. Watson,30.0,IND,1.0,57.0,21.0,1422.0,15.4,0.581,0.42,0.4,1.4,11.2,6.3,23.3,2.1,0.5,16.9,18.8,2.2,1.8,4.0,0.135,0.6,0.8,1.3,1.2,,2015.0,0
Omri Casspi,26.0,SAC,3.0,67.0,19.0,1416.0,14.4,0.58,0.204,0.447,4.5,15.9,10.4,11.8,1.1,0.5,14.7,18.7,2.0,0.6,2.7,0.091,0.3,-1.1,-0.8,0.4,,2015.0,4
Tony Snell,23.0,CHI,3.0,72.0,22.0,1412.0,10.2,0.55,0.531,0.148,2.5,10.9,6.8,6.8,1.2,0.6,10.8,14.1,1.2,1.2,2.4,0.082,-1.3,-0.1,-1.4,0.2,,2015.0,1
J.J. Hickson,26.0,DEN,5.0,73.0,8.0,1411.0,14.3,0.504,0.004,0.438,11.1,24.0,17.3,6.5,1.3,1.9,14.9,19.7,0.5,1.4,1.8,0.062,-1.6,-1.1,-2.7,-0.2,,2015.0,4
Jameer Nelson,32.0,3TM,1.0,63.0,29.0,1407.0,12.1,0.503,0.512,0.071,2.5,8.9,5.7,27.8,1.7,0.3,17.3,19.5,0.6,0.8,1.4,0.047,-0.1,-0.9,-1.0,0.4,,2015.0,5
Henry Sims,24.0,PHI,5.0,73.0,32.0,1399.0,14.5,0.521,0.044,0.273,8.9,19.4,13.9,10.7,1.4,1.7,15.0,20.6,0.5,1.5,2.1,0.072,-2.1,-0.7,-2.8,-0.3,,2015.0,1
Chris Kaman,32.0,POR,5.0,74.0,13.0,1398.0,17.3,0.537,0.0,0.186,11.6,25.2,18.5,7.8,0.7,2.8,15.4,22.5,1.1,2.2,3.3,0.112,-0.8,0.1,-0.8,0.4,6MOY-11,2015.0,4
Tayshaun Prince,34.0,3TM,3.0,58.0,16.0,1397.0,12.0,0.504,0.167,0.162,4.1,12.8,8.3,10.3,1.1,0.9,7.5,15.0,1.3,1.2,2.5,0.086,-0.4,-0.2,-0.6,0.5,,2015.0,1
Marco Belinelli,28.0,SAS,2.0,62.0,9.0,1388.0,12.4,0.553,0.489,0.211,2.2,10.5,6.4,10.3,1.1,0.2,10.6,18.8,1.5,1.4,2.9,0.1,-0.3,-0.7,-1.0,0.4,,2015.0,1
Matthew Dellavedova,24.0,CLE,2.0,67.0,13.0,1380.0,8.5,0.493,0.544,0.124,3.1,7.3,5.2,21.1,0.9,0.1,15.9,12.6,1.4,0.5,1.9,0.067,-2.0,-0.8,-2.8,-0.3,,2015.0,5
Jerami Grant,20.0,PHI,3.0,65.0,11.0,1377.0,8.7,0.47,0.443,0.548,3.7,12.3,7.8,9.4,1.5,4.0,16.3,16.5,-0.9,1.4,0.5,0.019,-3.9,0.6,-3.3,-0.5,,2015.0,2
James Johnson,27.0,TOR,4.0,70.0,17.0,1370.0,17.9,0.617,0.126,0.252,5.1,16.5,10.8,11.4,2.0,4.1,15.0,17.4,2.5,1.6,4.1,0.143,0.7,1.7,2.4,1.5,,2015.0,4
Al-Farouq Aminu,24.0,DAL,3.0,74.0,3.0,1366.0,14.4,0.504,0.347,0.331,9.1,18.4,13.7,6.1,2.6,3.7,11.9,15.2,1.2,2.0,3.3,0.115,-0.7,1.5,0.7,1.0,,2015.0,5
J.J. Barea,30.0,DAL,1.0,77.0,10.0,1362.0,15.1,0.502,0.312,0.175,1.8,9.0,5.4,29.5,1.2,0.1,10.8,21.2,2.1,0.6,2.7,0.096,0.8,-1.1,-0.3,0.6,,2015.0,3
K.J. McDaniels,21.0,2TM,2.0,62.0,15.0,1352.0,10.6,0.494,0.346,0.306,5.0,11.4,8.0,9.3,1.6,4.2,17.6,19.3,-0.9,1.5,0.6,0.02,-3.1,0.3,-2.8,-0.3,,2015.0,2
K.J. McDaniels,21.0,PHI,2.0,52.0,15.0,1319.0,10.8,0.499,0.351,0.313,5.0,11.3,8.0,9.3,1.7,4.2,17.9,19.2,-0.8,1.4,0.6,0.023,-3.0,0.3,-2.6,-0.2,,2015.0,2
Kosta Koufos,25.0,MEM,5.0,81.0,3.0,1348.0,14.2,0.53,0.0,0.237,10.3,25.8,18.1,4.3,1.1,3.9,14.9,15.8,0.8,2.5,3.3,0.118,-2.0,0.7,-1.2,0.2,,2015.0,4
Kris Humphries,29.0,WAS,4.0,64.0,17.0,1345.0,15.4,0.512,0.016,0.262,10.1,24.4,17.4,6.7,1.3,1.5,8.5,18.3,1.6,2.1,3.8,0.134,-1.0,0.0,-1.0,0.3,,2015.0,4
Brian Roberts,29.0,CHO,1.0,72.0,10.0,1330.0,11.7,0.495,0.427,0.164,1.0,8.2,4.5,20.3,1.3,0.4,10.5,18.6,0.6,1.2,1.8,0.064,-1.5,-0.2,-1.7,0.1,,2015.0,5
Kent Bazemore,25.0,ATL,2.0,75.0,10.0,1324.0,9.7,0.52,0.399,0.302,1.9,16.8,9.6,8.6,2.0,2.1,16.3,15.5,-0.4,1.9,1.6,0.057,-3.2,1.1,-2.1,0.0,,2015.0,3
Ersan İlyasova,27.0,MIL,4.0,58.0,36.0,1319.0,16.8,0.554,0.341,0.192,7.0,17.0,12.0,7.4,1.4,1.2,6.9,22.1,2.3,1.7,4.0,0.146,1.6,-0.5,1.1,1.0,,2015.0,4
Quincy Acy,24.0,NYK,4.0,68.0,22.0,1287.0,11.9,0.533,0.181,0.293,6.9,20.5,13.5,8.7,1.1,1.4,13.8,15.5,1.0,0.7,1.7,0.063,-2.1,-1.0,-3.1,-0.3,,2015.0,1
Chase Budinger,26.0,MIN,3.0,67.0,4.0,1286.0,12.2,0.537,0.367,0.208,2.8,15.1,8.8,8.0,1.7,0.6,10.3,16.3,1.1,0.2,1.3,0.049,-0.5,-1.3,-1.8,0.0,,2015.0,1
Andre Roberson,23.0,OKC,2.0,67.0,65.0,1286.0,9.1,0.513,0.423,0.239,5.1,16.0,10.6,7.4,2.1,1.8,17.2,9.0,0.5,1.6,2.1,0.079,-2.4,1.7,-0.7,0.4,,2015.0,5
Spencer Hawes,26.0,LAC,4.0,73.0,15.0,1274.0,9.8,0.478,0.424,0.164,2.7,19.7,11.4,10.0,1.0,3.4,12.1,17.9,-0.3,1.5,1.2,0.044,-3.0,0.7,-2.3,-0.1,,2015.0,4
José Calderón,33.0,NYK,1.0,42.0,42.0,1270.0,11.3,0.519,0.401,0.09,1.7,9.8,5.6,25.6,1.3,0.0,16.9,16.1,0.8,0.1,0.9,0.033,-1.1,-2.0,-3.0,-0.3,,2015.0,5
George Hill,28.0,IND,1.0,43.0,36.0,1267.0,21.5,0.579,0.361,0.267,2.2,13.3,7.8,31.4,1.8,0.9,10.3,23.8,3.7,1.6,5.4,0.203,4.1,1.2,5.3,2.3,,2015.0,0
Andre Miller,38.0,2TM,1.0,81.0,0.0,1253.0,13.3,0.548,0.117,0.266,3.4,10.2,6.9,34.5,1.3,0.4,24.3,15.3,1.4,0.8,2.2,0.084,-1.1,-1.0,-2.1,0.0,,2015.0,5
Andre Miller,38.0,WAS,1.0,51.0,0.0,631.0,14.3,0.575,0.056,0.275,3.8,9.8,6.9,34.1,1.1,0.3,22.4,14.8,1.0,0.6,1.6,0.124,-0.6,0.0,-0.5,0.2,,2015.0,5
Amar'e Stoudemire,32.0,2TM,4.0,59.0,15.0,1245.0,20.3,0.595,0.008,0.38,9.9,20.5,15.1,6.8,1.2,2.5,12.0,23.8,2.6,1.0,3.6,0.138,1.0,-0.9,0.1,0.7,,2015.0,4
Richard Jefferson,34.0,DAL,3.0,74.0,18.0,1244.0,11.3,0.577,0.478,0.352,2.2,14.0,8.1,7.0,1.3,0.7,12.2,15.3,1.4,0.9,2.3,0.088,-0.8,0.0,-0.8,0.4,,2015.0,1
Bismack Biyombo,22.0,CHO,5.0,64.0,21.0,1243.0,15.2,0.578,0.0,0.941,13.7,22.6,18.0,2.0,0.7,6.3,16.5,11.6,1.8,2.2,4.0,0.156,-2.4,1.3,-1.1,0.3,,2015.0,4
Kevin Séraphin,25.0,WAS,5.0,79.0,0.0,1235.0,12.5,0.535,0.004,0.182,8.1,17.9,13.1,8.0,0.4,3.8,16.8,21.5,0.0,1.7,1.7,0.066,-4.1,0.3,-3.8,-0.6,,2015.0,4
Ryan Kelly,23.0,LAL,4.0,52.0,34.0,1233.0,8.6,0.473,0.434,0.307,1.1,12.4,6.5,10.9,1.2,1.6,9.5,14.0,0.4,0.3,0.7,0.027,-3.0,-0.3,-3.3,-0.4,,2015.0,1
Jonas Jerebko,27.0,2TM,4.0,75.0,0.0,1230.0,15.0,0.549,0.369,0.174,8.0,17.2,12.5,9.0,1.9,1.1,9.7,16.2,2.0,1.4,3.5,0.135,0.2,0.6,0.9,0.9,,2015.0,4
Jonas Jerebko,27.0,DET,4.0,46.0,0.0,703.0,14.5,0.564,0.384,0.182,7.0,15.3,11.0,9.2,2.0,1.2,10.8,15.1,1.2,0.7,1.9,0.13,0.0,1.0,1.0,0.5,,2015.0,5
John Henson,24.0,MIL,5.0,67.0,11.0,1228.0,18.0,0.578,0.0,0.396,11.7,17.4,14.5,7.8,1.2,9.3,17.6,18.1,1.3,2.4,3.6,0.142,-1.5,2.2,0.7,0.8,,2015.0,4
Marreese Speights,27.0,GSW,5.0,76.0,9.0,1207.0,19.5,0.546,0.028,0.276,10.1,18.7,14.5,9.9,0.8,2.1,10.2,29.1,2.2,1.8,4.0,0.158,-0.9,-1.1,-1.9,0.0,6MOY-7,2015.0,4
Pablo Prigioni,37.0,2TM,1.0,67.0,3.0,1197.0,12.2,0.557,0.728,0.18,2.8,8.6,5.7,21.5,3.4,0.1,20.1,11.6,1.3,1.0,2.3,0.092,-1.4,1.3,0.0,0.6,,2015.0,5
Pablo Prigioni,37.0,NYK,1.0,43.0,3.0,795.0,12.7,0.583,0.714,0.161,2.5,9.3,5.8,20.4,3.4,0.1,21.4,12.7,0.7,0.5,1.2,0.075,-1.0,1.0,0.1,0.4,,2015.0,5
Tarik Black,23.0,2TM,5.0,63.0,39.0,1196.0,14.7,0.583,0.004,0.432,12.8,21.4,17.0,5.6,0.8,1.6,12.9,13.8,2.2,0.9,3.1,0.124,-1.0,-1.1,-2.1,0.0,,2015.0,4
Miles Plumlee,26.0,2TM,5.0,73.0,28.0,1194.0,13.4,0.536,0.0,0.181,10.3,19.3,14.8,4.2,1.7,4.3,15.7,12.0,0.9,1.7,2.6,0.103,-1.5,1.0,-0.6,0.4,,2015.0,4
Miles Plumlee,26.0,PHO,5.0,54.0,28.0,1005.0,13.1,0.55,0.0,0.195,10.3,19.7,14.9,3.9,1.7,4.2,17.5,11.2,0.8,1.4,2.1,0.102,-1.7,1.0,-0.7,0.3,,2015.0,4
Gary Neal,30.0,2TM,2.0,54.0,1.0,1193.0,11.1,0.483,0.326,0.268,1.3,11.0,6.0,14.5,1.0,0.1,10.4,23.8,-0.2,0.8,0.6,0.023,-2.1,-1.3,-3.4,-0.5,,2015.0,1
Gary Neal,30.0,CHO,2.0,43.0,0.0,931.0,9.9,0.466,0.334,0.256,1.6,9.7,5.6,14.9,0.9,0.1,11.0,24.4,-0.6,0.7,0.1,0.006,-2.7,-1.5,-4.3,-0.6,,2015.0,1
Carl Landry,31.0,SAC,4.0,70.0,15.0,1192.0,14.9,0.578,0.0,0.407,9.8,15.5,12.8,3.6,0.6,1.1,11.0,18.1,2.3,0.5,2.8,0.112,-0.5,-1.7,-2.3,-0.1,,2015.0,4
Ramon Sessions,28.0,2TM,1.0,64.0,10.0,1188.0,11.1,0.49,0.18,0.518,2.3,11.2,6.9,23.0,1.2,0.0,17.3,18.7,0.4,0.7,1.1,0.044,-1.8,-0.9,-2.7,-0.2,,2015.0,5
Kendrick Perkins,30.0,2TM,5.0,68.0,3.0,1148.0,7.0,0.467,0.004,0.366,8.7,21.2,15.1,6.3,0.7,2.9,26.5,13.6,-1.2,1.3,0.1,0.006,-5.5,0.1,-5.4,-1.0,,2015.0,4
Kendrick Perkins,30.0,OKC,5.0,51.0,3.0,981.0,7.4,0.461,0.005,0.403,8.9,21.4,15.2,6.1,0.7,3.1,25.3,12.9,-0.8,1.2,0.3,0.017,-5.0,0.3,-4.6,-0.7,,2015.0,4
Ian Mahinmi,28.0,IND,5.0,61.0,6.0,1146.0,10.8,0.516,0.0,0.481,10.2,24.0,17.2,4.4,1.3,3.1,18.7,12.5,0.1,2.0,2.1,0.09,-3.6,1.2,-2.5,-0.1,,2015.0,4
Hassan Whiteside,25.0,MIA,5.0,48.0,32.0,1142.0,26.2,0.619,0.0,0.403,15.6,34.7,25.4,1.0,1.2,9.2,11.3,21.1,2.8,2.4,5.3,0.221,2.5,1.6,4.1,1.8,DPOY-15,2015.0,4
Robert Sacre,25.0,LAL,5.0,67.0,18.0,1133.0,10.9,0.449,0.003,0.268,8.4,14.6,11.4,7.4,1.3,3.1,9.5,14.8,0.3,0.6,0.8,0.035,-2.9,-0.6,-3.5,-0.4,,2015.0,4
Chris Andersen,36.0,MIA,5.0,60.0,20.0,1132.0,16.1,0.622,0.063,0.551,8.2,23.2,15.9,6.1,1.2,4.6,13.5,12.3,2.1,1.5,3.6,0.151,0.0,1.0,1.1,0.9,,2015.0,4
JaKarr Sampson,21.0,PHI,3.0,74.0,32.0,1131.0,9.4,0.498,0.367,0.272,3.2,12.9,7.8,12.0,1.7,1.9,16.4,17.9,-0.5,1.1,0.6,0.025,-4.2,0.0,-4.2,-0.6,,2015.0,2
Nik Stauskas,21.0,SAC,2.0,73.0,1.0,1127.0,7.5,0.492,0.503,0.216,1.1,7.5,4.4,9.0,0.9,1.2,11.0,14.2,0.3,0.2,0.5,0.021,-2.4,-1.0,-3.3,-0.4,,2015.0,2
Mike Scott,26.0,ATL,4.0,68.0,0.0,1123.0,15.1,0.543,0.424,0.17,4.7,15.2,10.1,10.9,1.1,0.2,7.4,21.4,1.6,1.1,2.7,0.115,0.6,-1.1,-0.5,0.4,,2015.0,4
Aron Baynes,28.0,SAS,5.0,70.0,17.0,1122.0,15.9,0.618,0.012,0.318,11.2,20.7,16.1,4.9,0.7,1.5,14.8,17.8,2.3,1.6,3.9,0.166,-1.4,-0.4,-1.8,0.1,,2015.0,4
Donald Sloan,27.0,IND,1.0,53.0,21.0,1107.0,13.1,0.503,0.369,0.217,1.2,13.0,7.1,27.5,1.1,0.0,14.3,18.6,0.9,1.1,2.0,0.085,0.0,-0.1,-0.1,0.5,,2015.0,5
Jusuf Nurkić,20.0,DEN,5.0,62.0,27.0,1103.0,14.8,0.483,0.005,0.345,11.8,26.1,18.7,7.3,2.4,4.8,16.3,20.7,-0.2,1.8,1.6,0.069,-3.7,0.9,-2.8,-0.2,ROY-6,2015.0,2
Nick Collison,34.0,OKC,4.0,66.0,2.0,1101.0,11.2,0.485,0.237,0.257,8.9,15.3,12.2,11.6,1.6,1.8,13.8,12.8,1.0,1.2,2.2,0.097,-1.9,0.9,-1.0,0.3,,2015.0,1
Shawn Marion,36.0,CLE,3.0,57.0,24.0,1101.0,11.0,0.489,0.172,0.127,6.8,14.2,10.5,6.9,1.3,1.9,10.5,12.9,0.8,0.9,1.7,0.074,-0.9,-0.1,-1.0,0.3,,2015.0,1
Vince Carter,38.0,MEM,2.0,66.0,1.0,1091.0,9.6,0.445,0.571,0.14,2.8,11.1,7.0,11.1,2.1,1.1,9.1,19.9,-0.5,1.4,1.0,0.043,-2.1,0.4,-1.7,0.1,,2015.0,1
Randy Foye,31.0,DEN,2.0,50.0,21.0,1087.0,11.0,0.51,0.654,0.137,0.9,7.8,4.2,17.0,1.6,0.8,12.3,19.3,0.6,0.4,1.0,0.045,-0.3,-0.9,-1.2,0.2,,2015.0,1
Shawne Williams,28.0,2TM,3.0,63.0,22.0,1087.0,10.5,0.537,0.593,0.133,3.9,14.0,9.0,6.5,1.2,1.6,8.6,14.9,1.1,0.8,1.9,0.084,-1.4,-0.6,-2.0,0.0,,2015.0,1
Shawne Williams,28.0,MIA,3.0,44.0,22.0,924.0,11.2,0.574,0.633,0.138,3.6,14.3,9.0,6.3,1.2,1.6,8.3,14.1,1.3,0.7,2.0,0.102,-0.7,-0.5,-1.2,0.2,,2015.0,1
Lavoy Allen,25.0,IND,5.0,63.0,0.0,1070.0,14.9,0.493,0.0,0.157,12.8,20.5,16.7,10.9,0.7,3.1,11.1,15.2,1.3,1.6,2.8,0.127,-0.5,0.5,0.0,0.6,,2015.0,4
Rodney Hood,22.0,UTA,2.0,50.0,21.0,1064.0,12.3,0.529,0.455,0.214,1.0,11.7,6.4,13.2,1.5,0.9,9.9,19.6,1.3,0.9,2.2,0.098,-1.0,0.3,-0.7,0.3,,2015.0,2
Tyler Hansbrough,29.0,TOR,4.0,74.0,8.0,1058.0,13.3,0.597,0.042,0.842,11.6,17.3,14.4,2.8,1.5,1.1,8.1,10.5,2.6,0.9,3.4,0.156,-0.7,-0.6,-1.3,0.2,,2015.0,4
James Ennis III,24.0,MIA,3.0,62.0,3.0,1051.0,11.5,0.541,0.385,0.381,6.0,14.0,10.1,7.2,1.3,1.4,11.9,14.6,1.2,0.8,1.9,0.088,-1.0,-0.5,-1.5,0.1,,2015.0,1
Damjan Rudež,28.0,IND,3.0,68.0,2.0,1047.0,8.2,0.591,0.646,0.087,0.9,4.1,2.5,7.9,0.8,0.4,14.7,13.8,0.6,0.7,1.3,0.061,-1.7,-0.6,-2.3,-0.1,,2015.0,1
Pero Antić,32.0,ATL,5.0,63.0,3.0,1037.0,9.5,0.508,0.584,0.416,6.6,14.0,10.4,6.9,0.9,1.1,12.3,17.6,0.5,1.0,1.5,0.07,-3.0,-1.2,-4.1,-0.6,,2015.0,1
Tiago Splitter,30.0,SAS,5.0,52.0,35.0,1030.0,18.9,0.601,0.0,0.396,10.2,17.4,13.9,11.8,1.7,2.7,14.4,18.4,2.3,1.7,4.0,0.189,0.8,1.5,2.3,1.1,,2015.0,4
Shabazz Napier,23.0,MIA,1.0,51.0,10.0,1012.0,9.3,0.517,0.518,0.246,2.1,11.2,6.7,19.9,2.1,0.3,24.3,15.5,-0.3,0.8,0.5,0.024,-2.7,-0.5,-3.2,-0.3,,2015.0,5
Nick Young,29.0,LAL,2.0,42.0,0.0,1000.0,14.2,0.52,0.473,0.311,1.8,9.1,5.3,6.9,1.2,0.9,7.5,26.0,1.1,0.1,1.2,0.058,0.8,-2.1,-1.3,0.2,,2015.0,5
Udonis Haslem,34.0,MIA,4.0,62.0,25.0,995.0,10.6,0.488,0.042,0.268,8.8,22.1,15.6,7.4,1.1,1.1,13.3,14.6,0.4,1.0,1.4,0.066,-3.0,-0.8,-3.7,-0.4,,2015.0,4
Darrell Arthur,26.0,DEN,4.0,58.0,4.0,988.0,11.5,0.466,0.286,0.154,5.6,13.4,9.3,9.3,2.4,2.1,10.3,20.0,-0.1,0.9,0.9,0.042,-2.4,0.7,-1.7,0.1,,2015.0,5
Will Barton,24.0,2TM,2.0,58.0,0.0,983.0,13.6,0.503,0.241,0.266,2.8,15.3,8.9,13.0,2.5,1.5,13.4,20.2,0.2,1.1,1.3,0.063,-1.2,1.1,-0.2,0.4,,2015.0,5
Leandro Barbosa,32.0,GSW,2.0,66.0,1.0,982.0,15.3,0.558,0.29,0.192,2.6,7.2,5.0,14.9,2.0,0.6,9.5,20.5,1.6,1.2,2.8,0.137,0.0,0.4,0.3,0.6,,2015.0,5
Ronnie Price,31.0,LAL,1.0,43.0,20.0,982.0,10.2,0.455,0.489,0.202,2.1,5.8,3.9,24.4,3.5,0.3,17.6,13.4,0.2,0.6,0.7,0.036,-3.5,0.9,-2.6,-0.1,,2015.0,5
Cole Aldrich,26.0,NYK,5.0,61.0,16.0,976.0,18.1,0.513,0.0,0.213,11.6,28.9,20.0,13.3,2.0,5.5,15.2,18.3,0.8,1.4,2.2,0.107,-0.8,1.1,0.3,0.6,,2015.0,4
Thabo Sefolosha,30.0,ATL,3.0,52.0,7.0,976.0,13.8,0.506,0.313,0.233,6.4,19.3,13.1,11.2,2.8,1.8,12.2,14.6,0.8,1.7,2.5,0.121,-0.8,1.8,1.0,0.8,,2015.0,5
CJ McCollum,23.0,POR,2.0,62.0,3.0,973.0,13.1,0.534,0.381,0.2,1.6,8.3,5.0,10.3,2.3,0.6,10.8,20.5,0.7,1.1,1.8,0.089,-1.3,0.8,-0.6,0.4,,2015.0,5
Alexis Ajinça,26.0,NOP,5.0,68.0,8.0,957.0,19.9,0.595,0.0,0.301,12.4,25.0,18.7,8.2,1.2,4.0,15.6,21.1,1.9,1.2,3.2,0.159,-0.7,0.4,-0.3,0.4,,2015.0,4
Kevin Garnett,38.0,2TM,4.0,47.0,47.0,952.0,15.2,0.496,0.023,0.147,5.7,31.1,18.3,13.1,2.5,1.4,12.4,17.8,0.4,1.5,1.9,0.096,-1.2,1.9,0.7,0.7,,2015.0,4
Kevin Garnett,38.0,BRK,4.0,42.0,42.0,854.0,14.8,0.486,0.022,0.149,6.1,31.3,18.7,13.0,2.5,1.2,13.3,18.1,0.2,1.4,1.6,0.089,-1.4,1.7,0.3,0.5,,2015.0,4
Willie Green,33.0,ORL,2.0,52.0,2.0,951.0,7.9,0.477,0.395,0.111,1.6,7.9,4.7,10.9,1.4,0.4,13.0,17.6,-0.4,0.4,-0.1,-0.003,-3.2,-1.0,-4.2,-0.5,,2015.0,1
Isaiah Canaan,23.0,2TM,1.0,47.0,21.0,938.0,12.4,0.534,0.651,0.159,2.1,8.3,5.1,18.7,1.5,0.3,13.3,21.6,0.8,0.7,1.4,0.072,0.1,-0.9,-0.8,0.3,,2015.0,1
Lou Amundson,32.0,2TM,4.0,53.0,35.0,937.0,11.8,0.442,0.004,0.341,11.3,22.0,16.5,12.2,1.2,4.6,17.5,17.4,-0.6,0.9,0.3,0.017,-4.1,-0.2,-4.3,-0.5,,2015.0,4
Matt Bonner,34.0,SAS,4.0,72.0,19.0,935.0,10.1,0.536,0.548,0.161,3.6,10.2,7.0,7.1,0.5,1.0,4.3,12.5,1.3,0.9,2.1,0.11,-0.5,-0.2,-0.7,0.3,,2015.0,1
Elijah Millsap,27.0,UTA,2.0,47.0,5.0,924.0,7.9,0.45,0.378,0.361,3.5,15.2,9.4,9.7,3.2,1.4,19.5,17.0,-1.0,1.4,0.4,0.02,-5.1,2.1,-3.1,-0.3,,2015.0,5
Glen Davis,29.0,LAC,4.0,74.0,0.0,904.0,10.8,0.495,0.016,0.373,5.5,15.4,10.5,6.3,2.3,1.9,11.6,16.7,0.2,1.1,1.4,0.072,-3.9,0.8,-3.1,-0.3,,2015.0,5
David Lee,31.0,GSW,4.0,49.0,4.0,904.0,17.8,0.541,0.006,0.332,10.0,20.3,15.3,13.7,1.7,2.1,12.0,19.6,1.6,1.6,3.2,0.168,0.1,0.8,0.9,0.7,,2015.0,4
Anthony Bennett,21.0,MIN,4.0,57.0,3.0,894.0,11.4,0.458,0.077,0.215,6.5,21.6,13.8,8.7,1.5,1.4,10.0,17.8,-0.1,0.4,0.3,0.017,-2.5,-1.4,-3.9,-0.4,,2015.0,2
Jason Maxiell,31.0,CHO,4.0,61.0,0.0,878.0,10.4,0.455,0.0,0.37,10.5,15.1,12.7,3.4,1.1,4.0,11.5,13.1,0.1,1.2,1.4,0.074,-3.8,0.6,-3.2,-0.3,,2015.0,4
Drew Gooden,33.0,WAS,4.0,51.0,7.0,864.0,11.9,0.469,0.214,0.159,9.6,19.3,14.5,8.6,1.2,0.8,8.7,17.0,0.5,1.2,1.7,0.094,-1.5,0.1,-1.4,0.1,,2015.0,1
Joey Dorsey,31.0,HOU,4.0,69.0,17.0,854.0,11.1,0.507,0.007,0.572,13.3,22.7,18.0,4.4,2.3,2.3,18.4,11.3,0.4,1.5,1.9,0.108,-3.8,0.7,-3.1,-0.2,,2015.0,4
Meyers Leonard,22.0,POR,5.0,55.0,7.0,847.0,14.8,0.631,0.457,0.131,5.9,25.3,15.8,5.8,0.6,1.2,13.1,15.8,1.6,1.2,2.8,0.158,0.1,0.5,0.6,0.6,,2015.0,2
Dewayne Dedmon,25.0,ORL,5.0,59.0,15.0,845.0,13.3,0.568,0.006,0.395,15.5,24.1,19.7,1.6,1.0,4.8,21.1,13.0,0.7,1.0,1.7,0.099,-3.3,-0.2,-3.5,-0.3,,2015.0,4
Nick Calathes,25.0,MEM,2.0,58.0,0.0,838.0,12.3,0.455,0.174,0.182,2.6,11.8,7.2,26.6,3.9,0.5,18.6,17.9,-0.4,1.5,1.1,0.065,-3.1,3.2,0.0,0.4,,2015.0,5
Shelvin Mack,24.0,ATL,1.0,55.0,0.0,833.0,13.2,0.489,0.435,0.106,1.1,9.5,5.4,28.6,1.8,0.2,13.8,19.5,0.5,0.8,1.3,0.075,-0.7,-1.0,-1.7,0.1,,2015.0,5
Ish Smith,26.0,2TM,1.0,55.0,14.0,832.0,12.3,0.431,0.163,0.155,1.9,11.4,6.5,40.7,2.2,0.6,16.6,24.6,-0.9,0.8,-0.1,-0.006,-1.6,-0.9,-2.5,-0.1,,2015.0,5
Luke Babbitt,25.0,NOP,3.0,63.0,19.0,830.0,11.1,0.639,0.599,0.099,1.6,13.5,7.6,4.3,1.1,1.0,11.5,12.4,1.1,0.5,1.6,0.092,0.0,-0.3,-0.4,0.3,,2015.0,1
Chris Copeland,30.0,IND,3.0,50.0,12.0,828.0,7.4,0.468,0.539,0.145,3.1,11.7,7.4,9.9,0.7,1.0,15.2,21.3,-0.9,0.8,-0.1,-0.008,-2.5,-1.2,-3.7,-0.4,,2015.0,1
Jon Leuer,25.0,MEM,4.0,63.0,6.0,824.0,11.9,0.478,0.106,0.216,7.0,21.7,14.3,8.8,1.1,0.9,10.5,18.6,0.2,1.2,1.3,0.078,-2.5,-0.3,-2.8,-0.1,,2015.0,1
Kyle O'Quinn,24.0,ORL,4.0,51.0,17.0,824.0,14.8,0.55,0.178,0.236,6.2,21.4,13.6,11.3,1.9,3.8,17.1,17.7,0.5,1.1,1.6,0.091,-1.7,1.5,-0.3,0.4,,2015.0,4
Patty Mills,26.0,SAS,1.0,51.0,0.0,801.0,13.0,0.496,0.542,0.119,3.0,7.5,5.3,16.9,1.8,0.2,9.0,22.1,0.6,0.9,1.4,0.087,0.0,-0.2,-0.3,0.4,,2015.0,1
Thomas Robinson,23.0,2TM,4.0,54.0,4.0,798.0,15.3,0.502,0.008,0.408,12.6,28.6,20.5,7.6,2.0,1.9,16.1,20.2,0.0,1.4,1.5,0.089,-2.3,0.3,-2.0,0.0,,2015.0,4
Aaron Gordon,19.0,ORL,4.0,47.0,8.0,797.0,11.4,0.517,0.231,0.293,6.4,17.8,12.0,6.3,1.3,2.2,13.9,15.5,0.3,0.7,1.0,0.06,-2.6,-0.1,-2.7,-0.2,,2015.0,2
Kostas Papanikolaou,24.0,HOU,3.0,43.0,1.0,795.0,7.8,0.444,0.538,0.091,5.4,10.9,8.2,15.8,1.8,1.3,21.2,14.2,-0.4,0.9,0.5,0.029,-2.4,0.4,-2.0,0.0,,2015.0,5
Ben Gordon,31.0,ORL,2.0,56.0,0.0,790.0,10.6,0.538,0.329,0.227,0.8,8.3,4.5,10.3,0.9,0.1,14.5,21.8,0.1,0.2,0.3,0.015,-2.0,-2.2,-4.2,-0.4,,2015.0,1
Markel Brown,23.0,BRK,2.0,47.0,29.0,781.0,9.1,0.459,0.305,0.271,2.3,13.0,7.7,7.4,2.1,1.2,10.3,15.3,-0.2,0.7,0.5,0.031,-3.0,0.4,-2.6,-0.1,,2015.0,5
Alexey Shved,26.0,3TM,2.0,42.0,9.0,767.0,19.5,0.541,0.415,0.448,3.3,11.7,7.3,25.7,2.0,0.6,10.7,26.3,1.7,0.5,2.2,0.135,3.7,-0.8,2.9,0.9,,2015.0,0
Reggie Evans,34.0,SAC,4.0,47.0,7.0,764.0,11.7,0.49,0.015,0.708,14.9,29.0,22.2,6.1,1.4,0.5,20.0,13.0,0.4,0.8,1.2,0.074,-1.6,-0.8,-2.4,-0.1,,2015.0,4
Robbie Hummel,25.0,MIN,3.0,45.0,4.0,742.0,9.7,0.536,0.297,0.169,4.6,16.4,10.3,5.6,1.1,1.0,8.9,12.1,0.7,0.1,0.8,0.05,-2.7,-1.4,-4.1,-0.4,,2015.0,1
Garrett Temple,28.0,WAS,2.0,52.0,18.0,735.0,10.9,0.534,0.518,0.282,3.8,9.9,6.9,11.0,2.9,1.0,15.1,13.9,0.4,1.1,1.5,0.1,-2.0,2.6,0.6,0.5,,2015.0,5
Marcus Thornton,27.0,2TM,2.0,48.0,0.0,721.0,15.0,0.514,0.414,0.162,3.4,9.7,6.5,8.2,1.9,0.8,6.8,24.1,0.6,0.7,1.2,0.083,1.6,-0.4,1.2,0.6,,2015.0,1
Gary Harris,20.0,DEN,2.0,55.0,6.0,719.0,4.9,0.395,0.475,0.217,3.0,6.7,4.8,5.9,2.7,0.8,13.8,16.6,-1.2,0.5,-0.7,-0.046,-5.6,0.3,-5.3,-0.6,,2015.0,2
Hedo Türkoğlu,35.0,LAC,3.0,62.0,2.0,705.0,10.5,0.602,0.739,0.059,0.8,14.7,7.9,7.5,1.4,0.8,13.1,14.2,0.6,0.6,1.2,0.081,-0.1,-0.1,-0.2,0.3,,2015.0,1
Mike Miller,34.0,CLE,3.0,52.0,15.0,701.0,4.6,0.471,0.86,0.035,0.7,14.0,7.4,9.0,1.0,0.5,16.6,8.9,-0.1,0.5,0.4,0.028,-3.7,0.3,-3.4,-0.2,,2015.0,1
P.J. Hairston,22.0,CHO,2.0,45.0,2.0,687.0,8.9,0.446,0.606,0.134,3.4,11.5,7.4,5.1,1.6,1.5,7.2,20.4,-0.5,0.8,0.3,0.022,-2.6,-0.2,-2.9,-0.1,,2015.0,2
Allen Crabbe,22.0,POR,2.0,51.0,9.0,683.0,8.7,0.525,0.556,0.105,1.1,10.1,5.7,8.1,1.4,1.6,8.6,11.5,0.5,0.8,1.3,0.088,-2.4,1.5,-0.8,0.2,,2015.0,2
Luke Ridnour,33.0,ORL,1.0,47.0,0.0,683.0,10.0,0.507,0.358,0.119,1.3,10.1,5.6,21.0,1.5,0.5,17.0,14.8,0.3,0.3,0.6,0.042,-2.8,-0.5,-3.3,-0.2,,2015.0,5
Charlie Villanueva,30.0,DAL,4.0,64.0,1.0,678.0,17.4,0.534,0.61,0.097,4.8,19.3,12.1,4.7,1.1,2.6,6.9,26.7,0.6,0.7,1.4,0.096,2.7,-1.2,1.5,0.6,,2015.0,3
Maurice Harkless,21.0,ORL,3.0,45.0,4.0,674.0,8.4,0.449,0.354,0.259,6.3,11.6,8.9,5.4,2.4,1.1,13.3,13.7,-0.3,0.6,0.3,0.021,-3.8,0.2,-3.6,-0.3,,2015.0,2
Travis Wear,24.0,NYK,3.0,51.0,1.0,672.0,8.5,0.451,0.144,0.124,5.2,13.3,9.1,9.9,1.2,1.4,13.7,17.5,-0.5,0.2,-0.3,-0.02,-3.4,-2.1,-5.5,-0.6,,2015.0,1
James Jones,34.0,CLE,3.0,57.0,2.0,669.0,11.1,0.565,0.871,0.229,1.6,9.0,5.3,5.4,1.0,0.9,5.5,15.8,1.2,0.4,1.5,0.11,0.2,-0.9,-0.7,0.2,,2015.0,1
Alonzo Gee,27.0,2TM,3.0,54.0,2.0,662.0,13.0,0.548,0.188,0.414,5.9,9.5,7.7,5.8,2.7,0.8,13.0,16.7,0.6,0.6,1.2,0.086,-1.3,0.7,-0.6,0.2,,2015.0,5
Justin Holiday,25.0,GSW,2.0,59.0,4.0,657.0,12.1,0.498,0.464,0.191,2.0,9.7,6.0,10.1,3.0,1.4,10.2,18.8,0.2,1.0,1.3,0.092,-2.4,1.0,-1.4,0.1,,2015.0,5
Jeremy Lamb,22.0,OKC,2.0,47.0,8.0,633.0,14.9,0.538,0.444,0.22,1.4,16.5,9.1,10.9,1.7,0.7,9.0,20.5,1.0,0.7,1.6,0.123,0.9,0.8,1.6,0.6,,2015.0,2
Perry Jones,23.0,OKC,3.0,43.0,13.0,631.0,6.9,0.459,0.326,0.201,1.0,11.7,6.5,4.2,1.4,1.0,10.7,15.3,-0.3,0.5,0.2,0.015,-4.0,-0.4,-4.4,-0.4,,2015.0,1
Joel Freeland,27.0,POR,5.0,48.0,8.0,617.0,12.2,0.522,0.0,0.166,11.0,21.9,16.6,3.8,0.7,2.7,12.4,13.4,0.6,0.9,1.6,0.122,-3.0,0.4,-2.6,-0.1,,2015.0,4
Phil Pressey,23.0,BOS,1.0,50.0,0.0,600.0,11.8,0.453,0.374,0.282,2.3,12.4,7.3,28.0,2.5,0.8,17.3,17.3,0.0,0.7,0.8,0.06,-2.2,1.0,-1.2,0.1,,2015.0,5
Dorell Wright,29.0,POR,3.0,48.0,2.0,592.0,13.4,0.525,0.568,0.221,2.6,17.2,10.0,10.2,1.7,1.3,7.9,17.1,0.7,0.8,1.6,0.128,0.3,1.5,1.8,0.6,,2015.0,1
Nate Robinson,30.0,2TM,1.0,42.0,1.0,591.0,10.6,0.432,0.439,0.18,3.1,6.2,4.6,25.7,1.7,0.4,9.8,22.5,0.0,0.2,0.3,0.021,-1.8,-1.2,-3.0,-0.1,,2015.0,5
Cory Jefferson,24.0,BRK,4.0,50.0,1.0,531.0,13.2,0.48,0.09,0.323,10.0,20.6,15.3,4.8,1.0,3.2,9.5,18.1,0.2,0.6,0.8,0.071,-2.1,-0.9,-3.0,-0.1,,2015.0,4
Jimmer Fredette,25.0,NOP,1.0,50.0,0.0,509.0,9.8,0.479,0.289,0.271,1.8,7.1,4.5,17.2,1.5,0.3,15.1,19.6,0.0,0.2,0.2,0.021,-3.6,-1.2,-4.7,-0.4,,2015.0,5
E'Twaun Moore,25.0,CHI,2.0,56.0,0.0,504.0,10.3,0.504,0.273,0.144,2.7,7.1,5.0,10.4,2.1,0.9,8.7,14.4,0.3,0.5,0.8,0.08,-2.7,1.1,-1.5,0.1,,2015.0,5
Festus Ezeli,25.0,GSW,5.0,46.0,7.0,504.0,16.2,0.58,0.0,0.561,13.3,19.7,16.6,2.5,0.7,6.2,15.6,17.7,0.8,0.9,1.7,0.159,-2.2,0.3,-1.8,0.0,,2015.0,4
Joe Harris,23.0,CLE,2.0,51.0,1.0,493.0,5.6,0.537,0.7,0.125,1.7,7.8,4.8,7.7,0.7,0.3,17.6,14.1,0.0,0.2,0.2,0.018,-4.0,-1.6,-5.6,-0.4,,2015.0,5
Ryan Hollins,30.0,SAC,5.0,46.0,9.0,441.0,13.1,0.648,0.0,0.659,9.6,16.6,13.2,5.0,0.7,3.4,19.1,13.1,0.7,0.3,1.0,0.104,-2.1,-0.1,-2.3,0.0,,2015.0,4
Erick Green,23.0,DEN,1.0,43.0,1.0,410.0,8.9,0.436,0.29,0.074,1.8,6.6,4.1,15.1,1.5,0.0,7.7,19.1,-0.1,0.1,0.0,0.0,-3.0,-1.3,-4.3,-0.2,,2015.0,1
Joel Anthony,32.0,DET,5.0,49.0,0.0,406.0,14.7,0.607,0.0,0.355,8.2,17.0,12.4,1.8,1.5,9.5,14.3,9.1,0.5,0.7,1.2,0.142,-2.9,3.1,0.2,0.2,,2015.0,4
Troy Daniels,23.0,3TM,2.0,47.0,0.0,397.0,9.6,0.515,0.715,0.079,2.2,7.2,4.7,9.2,0.8,0.2,10.5,21.3,0.1,0.1,0.2,0.022,-0.8,-2.4,-3.2,-0.1,,2015.0,1
Jeff Ayres,27.0,SAS,4.0,51.0,0.0,383.0,14.4,0.618,0.0,0.379,11.2,23.3,17.3,5.5,1.1,1.6,19.0,16.3,0.6,0.6,1.2,0.147,-2.4,0.3,-2.2,0.0,,2015.0,4
Jerome Jordan,28.0,BRK,5.0,44.0,0.0,383.0,16.8,0.609,0.0,0.468,15.3,15.5,15.4,5.3,1.1,3.1,16.3,16.1,0.9,0.3,1.2,0.156,-0.6,-0.6,-1.2,0.1,,2015.0,4
Greg Smith,24.0,DAL,4.0,42.0,2.0,363.0,10.2,0.605,0.0,0.796,7.8,16.1,11.9,3.4,1.0,2.5,14.3,9.5,0.5,0.3,0.8,0.108,-3.1,0.5,-2.6,-0.1,,2015.0,4
James Harden,26.0,HOU,2.0,82.0,82.0,3125.0,25.3,0.598,0.406,0.518,2.2,15.6,8.8,35.4,2.2,1.4,15.9,32.5,10.7,2.6,13.3,0.204,6.4,0.2,6.6,6.8,"MVP-9,AS",2016.0,0
Gordon Hayward,25.0,UTA,3.0,80.0,80.0,2893.0,18.3,0.559,0.341,0.397,2.5,13.5,8.0,18.2,1.7,0.8,12.5,25.7,5.5,3.4,8.9,0.147,2.4,0.2,2.6,3.3,,2016.0,0
Kemba Walker,25.0,CHO,1.0,81.0,81.0,2885.0,20.8,0.554,0.368,0.329,2.1,11.5,6.8,25.7,2.2,1.1,10.1,26.5,6.3,3.6,9.9,0.164,3.5,0.5,4.0,4.3,,2016.0,0
Trevor Ariza,30.0,HOU,3.0,81.0,81.0,2859.0,12.9,0.551,0.581,0.187,2.6,11.6,7.1,10.0,2.8,0.8,10.8,15.7,3.1,2.3,5.4,0.09,0.1,0.3,0.4,1.7,DPOY-13,2016.0,3
Marcus Morris,26.0,DET,3.0,80.0,80.0,2856.0,12.7,0.531,0.315,0.287,3.3,12.4,7.7,11.0,1.2,0.6,11.6,18.4,2.9,2.5,5.4,0.091,-0.3,0.1,-0.2,1.3,,2016.0,3
Khris Middleton,24.0,MIL,2.0,79.0,79.0,2852.0,16.8,0.56,0.316,0.273,1.8,10.2,6.0,18.9,2.3,0.6,12.3,23.0,4.3,1.8,6.1,0.103,1.2,-0.5,0.6,1.9,,2016.0,0
Kyle Lowry,29.0,TOR,1.0,77.0,77.0,2851.0,22.2,0.578,0.457,0.41,2.2,12.3,7.3,29.9,2.9,1.0,13.7,26.1,8.0,3.7,11.6,0.196,4.7,1.1,5.8,5.7,"MVP-10,DPOY-13,AS,NBA3",2016.0,0
Andrew Wiggins,20.0,MIN,3.0,81.0,81.0,2845.0,16.5,0.543,0.147,0.437,4.3,7.5,5.9,10.1,1.4,1.3,10.6,27.2,3.4,0.7,4.1,0.069,0.9,-2.2,-1.3,0.5,,2016.0,2
Giannis Antetokounmpo,21.0,MIL,1.0,80.0,79.0,2823.0,18.8,0.566,0.108,0.404,4.6,20.0,12.4,20.0,1.7,3.4,14.8,22.3,4.2,2.9,7.1,0.121,1.3,0.7,2.1,2.9,,2016.0,2
Paul George,25.0,IND,3.0,81.0,81.0,2819.0,20.9,0.557,0.391,0.364,3.1,18.7,10.9,20.3,2.7,0.8,13.6,30.4,4.4,4.8,9.2,0.157,3.7,1.2,4.9,4.9,"AS,NBA3,DEF2",2016.0,0
Draymond Green,25.0,GSW,4.0,81.0,81.0,2808.0,19.3,0.587,0.315,0.402,5.5,23.0,14.7,29.0,2.0,3.0,21.2,18.8,6.0,5.1,11.1,0.19,2.6,2.9,5.5,5.3,"MVP-7,DPOY-2,AS,NBA2,DEF1",2016.0,0
DeMar DeRozan,26.0,TOR,2.0,78.0,78.0,2804.0,21.5,0.55,0.101,0.474,2.7,11.5,7.1,20.8,1.5,0.6,9.5,29.8,7.5,2.4,9.9,0.169,3.2,-0.7,2.5,3.2,AS,2016.0,0
Kentavious Caldwell-Pope,22.0,DET,2.0,76.0,76.0,2789.0,12.4,0.521,0.384,0.238,2.6,8.6,5.5,7.8,2.0,0.5,9.0,18.2,2.6,2.7,5.3,0.092,-1.1,0.8,-0.3,1.2,,2016.0,2
John Wall,25.0,WAS,1.0,77.0,77.0,2784.0,19.8,0.51,0.243,0.255,1.7,13.8,7.6,46.2,2.5,1.7,17.5,28.6,2.2,3.5,5.7,0.098,3.1,0.4,3.5,3.9,AS,2016.0,0
CJ McCollum,24.0,POR,2.0,80.0,80.0,2780.0,17.7,0.544,0.33,0.158,1.8,8.3,5.0,21.6,1.7,0.6,11.4,27.1,4.4,1.7,6.0,0.104,2.3,-1.0,1.3,2.3,MIP-1,2016.0,0
Russell Westbrook,27.0,OKC,1.0,80.0,80.0,2750.0,27.6,0.554,0.236,0.397,6.1,18.1,12.4,49.6,2.9,0.6,16.8,31.6,10.0,4.0,14.0,0.245,6.4,1.4,7.8,6.8,"MVP-4,AS,NBA1",2016.0,0
Monta Ellis,30.0,IND,2.0,81.0,81.0,2734.0,13.7,0.504,0.276,0.202,1.7,9.1,5.4,22.2,2.7,1.1,15.4,21.2,0.4,3.9,4.3,0.075,-1.0,1.1,0.1,1.5,,2016.0,0
LeBron James,31.0,CLE,3.0,76.0,76.0,2709.0,27.5,0.588,0.199,0.347,4.7,18.8,11.8,36.0,2.0,1.5,13.2,31.4,9.6,4.0,13.6,0.242,7.0,2.0,9.0,7.5,"MVP-3,DPOY-11,AS,NBA1",2016.0,0
Joe Johnson,34.0,2TM,3.0,81.0,81.0,2703.0,12.0,0.538,0.364,0.165,2.0,10.2,6.1,18.0,1.1,0.1,14.7,17.9,1.9,0.8,2.7,0.048,-0.6,-1.3,-1.9,0.1,,2016.0,3
Joe Johnson,34.0,BRK,3.0,57.0,57.0,1934.0,10.7,0.512,0.377,0.178,1.9,11.2,6.5,18.0,1.0,0.1,15.0,17.8,0.6,0.2,0.7,0.018,-1.2,-1.4,-2.6,-0.3,,2016.0,1
Stephen Curry,27.0,GSW,1.0,79.0,79.0,2700.0,31.5,0.669,0.554,0.25,2.9,13.6,8.6,33.7,3.0,0.4,12.9,32.6,13.8,4.1,17.9,0.318,10.3,1.6,11.9,9.5,"MVP-1,AS,NBA1",2016.0,0
Damian Lillard,25.0,POR,1.0,75.0,75.0,2676.0,22.2,0.56,0.414,0.315,1.8,10.4,6.1,33.6,1.2,0.8,12.6,31.3,7.7,1.4,9.2,0.165,5.7,-1.3,4.4,4.3,"MVP-8,NBA2",2016.0,0
Andre Drummond,22.0,DET,5.0,81.0,81.0,2666.0,21.2,0.499,0.006,0.553,15.6,34.2,24.5,4.4,2.3,3.2,10.5,24.1,2.0,5.5,7.4,0.133,0.8,0.3,1.1,2.0,"DPOY-10,AS,NBA3",2016.0,4
Klay Thompson,25.0,GSW,2.0,80.0,80.0,2666.0,18.6,0.597,0.469,0.159,1.5,10.3,6.2,9.8,1.1,1.4,8.5,26.3,5.5,2.6,8.0,0.144,3.4,-1.6,1.8,2.5,"AS,NBA3",2016.0,0
Paul Millsap,30.0,ATL,4.0,81.0,81.0,2647.0,21.3,0.556,0.218,0.383,8.4,21.5,15.1,16.4,2.7,4.1,13.3,24.3,4.1,6.0,10.1,0.183,1.5,2.7,4.2,4.1,"DPOY-5,AS,DEF2",2016.0,0
Isaiah Thomas,26.0,BOS,1.0,82.0,79.0,2644.0,21.5,0.562,0.336,0.394,1.8,8.0,4.9,32.7,1.7,0.3,11.9,29.6,7.2,2.5,9.7,0.177,4.9,-0.6,4.3,4.2,AS,2016.0,0
Wesley Matthews,29.0,DAL,3.0,78.0,78.0,2644.0,10.9,0.532,0.615,0.171,1.1,8.8,4.9,8.9,1.5,0.5,7.8,17.2,1.9,1.8,3.7,0.067,-0.9,-0.1,-1.0,0.6,,2016.0,3
Al Horford,29.0,ATL,5.0,82.0,82.0,2631.0,19.4,0.565,0.244,0.123,6.3,18.2,12.4,16.7,1.3,3.6,8.8,20.6,4.9,4.5,9.4,0.172,2.2,1.6,3.8,3.9,"DPOY-13,AS",2016.0,0
Karl-Anthony Towns,20.0,MIN,5.0,82.0,82.0,2627.0,22.5,0.59,0.076,0.239,10.3,27.5,19.0,11.3,1.1,4.3,12.6,24.9,5.5,2.8,8.3,0.151,2.5,-0.4,2.2,2.7,ROY-1,2016.0,2
DeAndre Jordan,27.0,LAC,5.0,77.0,77.0,2598.0,20.6,0.628,0.002,1.219,11.4,32.7,22.2,5.3,1.0,5.4,12.1,15.4,6.0,5.5,11.5,0.213,1.5,1.3,2.8,3.2,"DPOY-4,NBA1,DEF1",2016.0,4
Kevin Durant,27.0,OKC,3.0,72.0,72.0,2578.0,28.2,0.634,0.348,0.361,2.0,21.8,12.4,24.2,1.3,2.5,13.5,30.6,11.0,3.5,14.5,0.27,8.4,1.6,9.9,7.8,"MVP-5,AS,NBA2",2016.0,0
Evan Fournier,23.0,ORL,3.0,79.0,71.0,2566.0,14.6,0.587,0.42,0.256,1.4,8.4,4.9,12.8,1.9,0.1,11.4,20.1,4.0,1.7,5.7,0.106,0.1,-0.5,-0.3,1.1,,2016.0,3
Jordan Clarkson,23.0,LAL,2.0,79.0,79.0,2552.0,14.3,0.516,0.291,0.186,3.8,9.6,6.6,13.8,1.7,0.2,10.2,22.8,1.7,0.4,2.1,0.039,-0.1,-1.5,-1.6,0.2,,2016.0,3
Rodney Hood,23.0,UTA,2.0,79.0,79.0,2541.0,14.1,0.542,0.462,0.206,1.8,10.5,6.1,14.4,1.5,0.5,10.5,21.5,3.4,2.5,6.0,0.112,0.7,0.0,0.7,1.7,,2016.0,3
P.J. Tucker,30.0,PHO,3.0,82.0,80.0,2540.0,10.8,0.506,0.354,0.244,6.9,15.2,10.9,10.2,2.0,0.6,14.7,12.7,1.5,1.9,3.5,0.066,-1.5,0.4,-1.2,0.5,,2016.0,3
Rajon Rondo,29.0,SAC,1.0,72.0,72.0,2537.0,16.9,0.506,0.217,0.192,3.3,15.2,9.3,48.0,2.7,0.3,24.7,18.8,2.3,2.3,4.6,0.087,1.0,0.0,1.0,1.9,,2016.0,0
Avery Bradley,25.0,BOS,2.0,76.0,72.0,2536.0,13.2,0.538,0.399,0.121,2.0,7.3,4.6,9.8,2.2,0.6,9.2,19.8,2.0,2.8,4.8,0.09,-0.4,0.3,-0.1,1.2,"DPOY-6,DEF1",2016.0,3
Carmelo Anthony,31.0,NYK,3.0,72.0,72.0,2530.0,20.3,0.53,0.237,0.308,4.3,19.5,12.0,21.9,1.3,1.1,10.6,29.7,3.9,2.5,6.4,0.121,3.8,-0.5,3.3,3.4,AS,2016.0,0
George Hill,29.0,IND,1.0,74.0,73.0,2524.0,13.2,0.555,0.425,0.203,2.5,10.3,6.5,15.5,1.6,0.5,11.1,15.8,3.4,2.8,6.2,0.118,0.1,0.7,0.7,1.7,,2016.0,3
Tobias Harris,23.0,2TM,4.0,76.0,74.0,2513.0,16.2,0.56,0.269,0.273,4.1,18.6,11.2,10.6,1.3,1.3,9.8,19.3,4.1,2.5,6.6,0.126,1.2,0.3,1.5,2.2,,2016.0,0
Tobias Harris,23.0,ORL,4.0,49.0,49.0,1610.0,15.0,0.55,0.279,0.283,4.8,18.9,11.8,9.3,1.5,1.4,11.4,18.9,1.7,1.6,3.3,0.099,0.5,0.1,0.6,1.0,,2016.0,4
Serge Ibaka,26.0,OKC,4.0,78.0,78.0,2500.0,13.9,0.533,0.212,0.139,6.5,16.2,11.6,3.9,0.8,4.5,10.5,17.6,2.5,3.0,5.5,0.105,-0.6,0.0,-0.6,0.8,,2016.0,3
Jimmy Butler,26.0,CHI,2.0,67.0,67.0,2474.0,21.3,0.562,0.198,0.459,3.4,11.6,7.6,21.4,2.2,1.3,9.6,24.4,6.5,2.7,9.1,0.177,3.2,1.2,4.4,3.9,"DPOY-11,AS,DEF2",2016.0,0
Brook Lopez,27.0,BRK,5.0,73.0,73.0,2457.0,21.7,0.562,0.012,0.348,9.2,17.2,13.1,10.8,1.2,4.1,11.6,27.3,4.5,1.7,6.2,0.121,1.9,-0.5,1.3,2.1,,2016.0,0
Nicolas Batum,27.0,CHO,3.0,70.0,70.0,2448.0,15.6,0.546,0.457,0.22,2.4,16.8,9.6,26.9,1.3,1.4,17.6,21.4,2.0,2.9,5.0,0.097,1.1,0.1,1.2,2.0,,2016.0,3
Gary Harris,21.0,DEN,2.0,76.0,76.0,2439.0,12.7,0.566,0.388,0.174,2.4,7.7,5.0,9.5,2.0,0.6,10.6,16.5,2.8,1.2,4.0,0.079,-0.6,-0.2,-0.9,0.7,,2016.0,2
Reggie Jackson,25.0,DET,1.0,79.0,79.0,2424.0,19.6,0.535,0.268,0.271,2.5,9.1,5.7,36.3,1.2,0.3,13.8,29.1,4.9,1.9,6.9,0.136,3.4,-0.6,2.7,2.8,,2016.0,0
Kevin Love,27.0,CLE,4.0,77.0,77.0,2424.0,19.0,0.553,0.449,0.321,7.0,28.4,17.8,12.2,1.2,1.4,11.3,23.4,4.7,3.8,8.5,0.169,3.0,0.3,3.3,3.3,,2016.0,0
Chris Paul,30.0,LAC,1.0,74.0,74.0,2420.0,26.2,0.575,0.295,0.294,1.8,12.0,7.0,52.7,3.1,0.4,13.4,27.1,9.2,3.5,12.7,0.253,5.9,2.0,7.9,6.0,"MVP-6,DPOY-13,AS,NBA2,DEF1",2016.0,0
Jabari Parker,20.0,MIL,4.0,76.0,72.0,2408.0,14.8,0.535,0.039,0.254,5.9,12.8,9.4,8.9,1.5,1.0,10.4,20.9,2.4,1.2,3.6,0.072,-0.4,-1.6,-2.0,0.0,,2016.0,2
Thaddeus Young,27.0,BRK,4.0,73.0,73.0,2407.0,17.5,0.533,0.031,0.169,8.1,23.0,15.4,9.6,2.3,1.2,11.6,21.6,1.9,2.2,4.1,0.081,0.1,-0.1,0.0,1.2,,2016.0,0
Kyle Korver,34.0,ATL,2.0,80.0,80.0,2401.0,9.7,0.578,0.644,0.088,0.7,10.9,5.9,9.9,1.2,1.1,13.3,13.7,1.2,2.9,4.1,0.082,-1.5,0.6,-1.0,0.6,,2016.0,3
Luol Deng,30.0,MIA,4.0,74.0,73.0,2394.0,15.0,0.549,0.344,0.258,5.3,15.4,10.5,9.0,1.6,0.9,8.9,17.4,3.5,2.8,6.4,0.128,0.7,0.2,0.8,1.7,,2016.0,0
Kawhi Leonard,24.0,SAS,3.0,72.0,72.0,2380.0,26.0,0.616,0.267,0.306,4.7,18.4,11.8,13.0,2.8,2.3,7.8,25.8,8.3,5.5,13.7,0.277,6.1,3.0,9.1,6.7,"MVP-2,DPOY-1,AS,NBA1,DEF1",2016.0,0
Victor Oladipo,23.0,ORL,2.0,72.0,52.0,2379.0,16.7,0.534,0.291,0.255,2.2,14.0,8.0,18.6,2.4,1.9,12.4,22.9,2.2,2.7,4.9,0.099,0.9,0.9,1.7,2.3,,2016.0,0
Rudy Gay,29.0,SAC,3.0,70.0,70.0,2379.0,15.5,0.538,0.214,0.252,4.7,15.9,10.4,8.0,2.0,1.7,11.1,22.4,1.8,2.1,3.8,0.078,-0.1,-0.3,-0.3,1.0,,2016.0,0
Arron Afflalo,30.0,NYK,2.0,71.0,57.0,2371.0,10.9,0.531,0.298,0.164,1.1,11.0,6.1,9.9,0.5,0.3,8.7,17.9,1.8,0.9,2.7,0.055,-1.3,-1.6,-2.9,-0.5,,2016.0,3
Dirk Nowitzki,37.0,DAL,4.0,75.0,75.0,2364.0,19.0,0.555,0.308,0.252,2.4,20.3,11.4,10.1,1.1,1.8,6.4,25.5,4.2,2.6,6.8,0.138,2.4,0.1,2.5,2.7,,2016.0,0
Goran Dragić,29.0,MIA,1.0,72.0,72.0,2363.0,15.5,0.537,0.234,0.189,2.7,10.4,6.6,28.7,1.5,0.6,16.3,21.9,2.4,2.3,4.7,0.096,0.1,-0.5,-0.4,1.0,,2016.0,0
J.R. Smith,30.0,CLE,2.0,77.0,77.0,2362.0,12.4,0.542,0.6,0.084,2.1,8.3,5.2,8.5,1.8,0.7,6.3,18.0,3.0,2.5,5.5,0.111,0.2,0.3,0.5,1.5,,2016.0,3
Will Barton,25.0,DEN,2.0,82.0,1.0,2353.0,16.0,0.535,0.331,0.273,2.7,20.0,11.2,14.4,1.5,1.3,11.2,23.0,2.4,1.9,4.3,0.088,1.2,-0.4,0.8,1.7,6MOY-4,2016.0,3
Al-Farouq Aminu,25.0,POR,3.0,82.0,82.0,2341.0,12.7,0.533,0.485,0.217,4.5,18.6,11.5,8.8,1.5,1.8,13.2,16.9,1.7,2.3,4.0,0.082,-0.2,0.2,0.1,1.2,,2016.0,3
Marvin Williams,29.0,CHO,4.0,81.0,81.0,2338.0,16.9,0.585,0.506,0.193,5.9,18.6,12.2,7.6,1.2,2.7,7.1,16.8,4.7,3.2,7.8,0.161,2.1,0.5,2.7,2.7,,2016.0,0
Courtney Lee,30.0,2TM,2.0,79.0,65.0,2334.0,11.5,0.551,0.34,0.185,1.4,8.7,4.9,9.1,1.9,1.1,9.4,14.7,2.1,1.7,3.9,0.08,-1.3,0.3,-1.0,0.6,,2016.0,3
Courtney Lee,30.0,MEM,2.0,51.0,37.0,1489.0,11.7,0.556,0.329,0.22,1.4,7.9,4.5,8.1,1.8,1.0,9.6,15.3,1.5,0.8,2.2,0.072,-0.9,-0.1,-0.9,0.4,,2016.0,1
Ricky Rubio,25.0,MIN,1.0,76.0,76.0,2323.0,17.6,0.529,0.324,0.536,2.0,14.1,8.2,41.4,3.5,0.4,21.0,17.7,3.6,2.2,5.8,0.119,1.0,0.8,1.8,2.3,,2016.0,0
Greg Monroe,25.0,MIL,5.0,79.0,67.0,2314.0,21.8,0.562,0.001,0.327,10.9,23.4,17.2,13.2,1.6,2.5,10.7,23.5,5.0,2.4,7.5,0.155,2.7,-0.6,2.1,2.4,,2016.0,0
Jae Crowder,25.0,BOS,3.0,73.0,73.0,2308.0,15.8,0.565,0.446,0.294,3.2,14.2,8.6,8.9,2.7,1.2,8.3,18.5,3.8,3.5,7.3,0.152,0.8,1.4,2.2,2.5,DPOY-13,2016.0,0
Zach LaVine,20.0,MIN,2.0,82.0,33.0,2294.0,14.3,0.548,0.33,0.212,1.4,10.1,5.8,18.6,1.5,0.6,12.9,23.5,1.9,0.7,2.6,0.054,0.2,-1.6,-1.5,0.3,6MOY-14,2016.0,2
Pau Gasol,35.0,CHI,5.0,72.0,72.0,2291.0,21.7,0.529,0.069,0.29,7.3,28.7,18.2,21.7,0.9,4.7,12.8,24.6,3.2,3.9,7.1,0.149,2.7,2.3,4.9,4.0,AS,2016.0,0
Julius Randle,21.0,LAL,4.0,81.0,60.0,2286.0,13.9,0.482,0.043,0.323,7.8,32.0,19.5,11.0,1.2,1.0,13.5,21.2,-0.3,1.9,1.6,0.035,-1.9,-1.3,-3.2,-0.7,,2016.0,2
Dwight Howard,30.0,HOU,5.0,71.0,71.0,2280.0,18.9,0.604,0.01,0.79,11.4,29.1,20.2,7.0,1.5,4.1,17.0,18.4,3.5,3.1,6.6,0.138,0.3,-0.2,0.1,1.2,,2016.0,4
Otto Porter Jr.,22.0,WAS,3.0,75.0,73.0,2276.0,14.5,0.564,0.372,0.176,4.7,14.7,9.6,7.9,2.2,1.1,8.3,16.2,3.0,2.7,5.6,0.119,0.3,0.8,1.1,1.8,,2016.0,2
Evan Turner,27.0,BOS,2.0,81.0,12.0,2271.0,13.6,0.513,0.11,0.238,2.3,16.5,9.3,23.9,1.7,1.0,16.9,18.8,1.0,3.0,4.0,0.085,-0.9,0.9,0.0,1.1,6MOY-5,2016.0,3
Tristan Thompson,24.0,CLE,4.0,82.0,34.0,2269.0,15.9,0.611,0.0,0.576,13.5,23.3,18.4,4.0,0.9,1.8,10.4,11.7,5.6,3.1,8.7,0.185,0.5,-0.3,0.2,1.2,6MOY-10,2016.0,4
LaMarcus Aldridge,30.0,SAS,4.0,74.0,74.0,2261.0,22.4,0.565,0.015,0.289,9.2,22.2,15.9,8.1,0.9,2.8,7.8,25.9,5.6,4.5,10.1,0.215,2.0,0.3,2.3,2.5,"AS,NBA3",2016.0,0
D'Angelo Russell,19.0,LAL,1.0,80.0,48.0,2259.0,13.2,0.507,0.387,0.199,2.2,11.2,6.5,21.2,2.1,0.5,15.9,24.1,-0.7,0.7,0.0,0.001,-0.7,-1.6,-2.3,-0.1,ROY-9,2016.0,2
Dwyane Wade,34.0,MIA,2.0,74.0,73.0,2258.0,20.3,0.517,0.037,0.343,4.3,10.7,7.6,27.4,1.8,1.4,13.0,31.6,2.4,2.6,4.9,0.105,2.3,-0.4,1.9,2.2,AS,2016.0,0
Marcin Gortat,31.0,WAS,5.0,75.0,74.0,2256.0,19.0,0.592,0.001,0.271,10.8,26.3,18.4,7.5,1.0,3.4,12.4,18.9,4.2,3.1,7.3,0.156,0.5,0.1,0.6,1.5,,2016.0,4
Jeff Teague,27.0,ATL,1.0,79.0,78.0,2255.0,17.9,0.551,0.278,0.316,1.6,8.6,5.2,34.4,2.1,0.8,16.2,26.6,2.8,3.0,5.9,0.125,1.5,-0.2,1.3,1.9,,2016.0,0
Jeff Green,29.0,2TM,3.0,80.0,41.0,2253.0,13.0,0.51,0.258,0.267,3.6,13.3,8.3,10.0,1.3,1.5,9.2,20.2,1.3,1.7,3.1,0.065,-0.8,-0.9,-1.8,0.1,,2016.0,3
Jeff Green,29.0,MEM,3.0,53.0,31.0,1544.0,13.4,0.517,0.244,0.278,3.9,14.4,8.9,10.5,1.3,1.1,9.9,20.2,1.2,1.0,2.2,0.067,-0.4,-1.0,-1.4,0.2,,2016.0,1
DeMarcus Cousins,25.0,SAC,5.0,65.0,65.0,2246.0,23.6,0.538,0.158,0.498,7.7,28.2,18.0,17.0,2.2,3.3,13.3,35.4,2.4,3.3,5.7,0.122,2.7,0.6,3.3,3.0,"AS,NBA2",2016.0,0
Ish Smith,27.0,2TM,1.0,77.0,53.0,2239.0,14.9,0.465,0.176,0.182,2.0,13.3,7.5,38.3,1.9,0.8,14.4,23.9,0.0,1.3,1.3,0.027,-0.3,-1.3,-1.6,0.2,,2016.0,3
Ish Smith,27.0,PHI,1.0,50.0,50.0,1622.0,14.4,0.46,0.185,0.18,1.9,12.8,7.1,37.9,1.9,0.8,14.0,25.0,-0.6,0.9,0.4,0.011,-0.7,-1.6,-2.3,-0.1,,2016.0,5
Justise Winslow,19.0,MIA,3.0,78.0,8.0,2232.0,8.4,0.489,0.251,0.253,4.2,15.8,10.2,7.4,1.6,0.9,15.6,12.5,-0.2,2.7,2.5,0.054,-3.3,0.7,-2.6,-0.3,ROY-6,2016.0,2
Gorgui Dieng,26.0,MIN,5.0,82.0,39.0,2220.0,17.1,0.601,0.035,0.428,8.3,22.1,15.3,10.1,2.1,3.5,16.9,16.7,3.4,2.5,5.9,0.127,-0.1,0.8,0.8,1.5,,2016.0,4
Robin Lopez,27.0,NYK,5.0,82.0,82.0,2219.0,17.6,0.574,0.002,0.243,13.4,16.2,14.8,8.5,0.4,4.4,15.4,17.7,3.7,2.1,5.8,0.126,0.4,-0.5,-0.2,1.0,,2016.0,4
Darren Collison,28.0,SAC,1.0,74.0,15.0,2219.0,15.9,0.591,0.28,0.291,1.4,6.8,4.1,21.7,1.6,0.1,12.9,19.2,4.5,0.7,5.2,0.113,0.9,-0.8,0.1,1.2,6MOY-15,2016.0,3
Raymond Felton,31.0,DAL,1.0,80.0,31.0,2192.0,11.9,0.502,0.312,0.258,1.8,11.1,6.5,20.3,1.6,0.6,13.7,18.4,1.0,1.7,2.7,0.059,-1.7,0.1,-1.6,0.2,,2016.0,3
Matt Barnes,35.0,MEM,3.0,76.0,45.0,2190.0,11.7,0.503,0.534,0.199,4.2,18.3,10.9,11.6,1.8,2.4,13.8,17.9,0.4,2.2,2.6,0.056,-1.1,0.2,-0.9,0.6,,2016.0,3
Anthony Davis,22.0,NOP,5.0,61.0,61.0,2164.0,25.0,0.559,0.095,0.379,6.4,26.4,16.1,10.0,1.8,4.7,8.4,29.6,4.4,2.8,7.2,0.16,3.6,0.4,3.9,3.2,"DPOY-9,AS",2016.0,0
Hollis Thompson,24.0,PHI,2.0,77.0,17.0,2154.0,9.2,0.525,0.576,0.141,2.6,11.4,6.9,7.4,0.8,0.8,9.5,16.2,0.7,0.5,1.2,0.026,-1.6,-1.7,-3.4,-0.7,,2016.0,3
Dion Waiters,24.0,OKC,2.0,78.0,15.0,2152.0,9.4,0.492,0.34,0.222,1.9,8.0,5.1,10.0,1.9,0.5,13.4,17.7,0.3,1.8,2.1,0.046,-2.4,-0.4,-2.8,-0.4,,2016.0,3
Elfrid Payton,21.0,ORL,1.0,73.0,69.0,2145.0,13.9,0.478,0.126,0.26,3.9,9.6,6.7,32.8,2.1,0.8,17.9,20.4,0.5,1.7,2.2,0.05,-0.7,-0.6,-1.2,0.4,,2016.0,2
Jamal Crawford,35.0,LAC,2.0,79.0,5.0,2126.0,14.0,0.529,0.366,0.289,1.0,6.3,3.7,14.0,1.2,0.4,9.6,24.9,1.8,1.5,3.3,0.076,0.1,-1.5,-1.4,0.3,6MOY-1,2016.0,3
Hassan Whiteside,26.0,MIA,5.0,73.0,43.0,2125.0,25.6,0.629,0.0,0.482,13.1,32.4,23.1,2.4,1.1,9.7,14.2,20.7,5.0,5.3,10.3,0.233,1.7,2.4,4.1,3.3,"DPOY-3,DEF2",2016.0,4
Bojan Bogdanović,26.0,BRK,3.0,79.0,39.0,2115.0,10.7,0.55,0.451,0.176,1.9,11.8,6.8,7.3,0.7,0.2,12.5,19.4,0.9,0.0,0.9,0.021,-1.0,-2.6,-3.5,-0.8,,2016.0,3
Devin Booker,19.0,PHO,2.0,76.0,51.0,2108.0,11.9,0.535,0.333,0.295,1.4,8.4,4.8,15.8,1.0,0.8,14.0,23.0,1.2,0.7,1.9,0.043,-1.2,-1.7,-2.8,-0.5,ROY-4,2016.0,2
Deron Williams,31.0,DAL,1.0,65.0,63.0,2106.0,14.6,0.53,0.364,0.266,1.0,8.9,5.0,29.3,1.5,0.6,14.8,22.0,2.2,1.4,3.7,0.083,0.4,-0.7,-0.3,0.9,,2016.0,5
Allen Crabbe,23.0,POR,2.0,81.0,8.0,2105.0,12.2,0.572,0.42,0.167,1.4,9.7,5.6,7.2,1.5,0.6,8.1,16.4,3.1,1.2,4.3,0.098,-0.9,-0.1,-1.0,0.5,6MOY-16,2016.0,3
Jared Dudley,30.0,WAS,4.0,81.0,41.0,2098.0,11.7,0.602,0.489,0.201,2.8,12.6,7.6,11.4,1.7,0.7,13.1,12.7,2.6,2.0,4.6,0.105,-0.8,0.7,-0.1,1.0,,2016.0,3
JJ Redick,31.0,LAC,2.0,75.0,75.0,2097.0,17.5,0.632,0.478,0.233,0.5,6.6,3.6,8.6,1.0,0.2,7.4,22.6,5.3,1.4,6.7,0.154,3.3,-1.1,2.2,2.2,,2016.0,0
Derrick Rose,27.0,CHI,1.0,66.0,66.0,2097.0,13.4,0.479,0.143,0.171,2.4,8.8,5.6,25.5,1.1,0.5,13.4,27.3,-0.8,1.2,0.4,0.009,-0.6,-1.9,-2.5,-0.3,,2016.0,3
Mason Plumlee,25.0,POR,5.0,82.0,82.0,2084.0,17.2,0.564,0.008,0.648,10.4,22.2,16.3,16.2,1.6,3.2,18.8,17.1,3.4,2.7,6.1,0.14,0.0,1.6,1.5,1.9,,2016.0,4
Kent Bazemore,26.0,ATL,3.0,75.0,68.0,2083.0,13.4,0.551,0.421,0.208,1.5,18.0,9.9,12.7,2.3,1.4,14.8,20.0,0.3,3.8,4.1,0.094,-1.2,1.5,0.3,1.2,,2016.0,3
Emmanuel Mudiay,19.0,DEN,1.0,68.0,66.0,2068.0,9.9,0.437,0.256,0.231,1.7,10.9,6.2,29.0,1.6,1.4,17.9,25.7,-3.3,1.2,-2.1,-0.049,-2.3,-1.9,-4.2,-1.2,ROY-7,2016.0,2
Jerami Grant,21.0,PHI,4.0,77.0,52.0,2066.0,12.6,0.506,0.244,0.538,5.0,14.3,9.5,10.4,1.3,4.7,12.9,18.0,0.5,1.6,2.1,0.05,-2.1,0.4,-1.7,0.1,,2016.0,2
Danny Green,28.0,SAS,2.0,79.0,79.0,2062.0,10.5,0.492,0.622,0.082,2.7,13.6,8.4,9.3,2.0,2.4,11.4,14.6,0.2,4.1,4.2,0.099,-1.0,2.1,1.1,1.6,,2016.0,3
Jeremy Lin,27.0,CHO,2.0,78.0,13.0,2048.0,13.8,0.534,0.31,0.401,2.2,11.4,6.8,18.6,1.4,1.7,14.9,22.2,1.3,2.3,3.5,0.082,-1.0,0.0,-0.9,0.5,6MOY-7,2016.0,3
Kristaps Porziņģis,20.0,NYK,4.0,72.0,72.0,2047.0,17.7,0.518,0.274,0.271,7.1,20.7,14.0,7.9,1.3,5.0,10.9,24.6,1.5,2.9,4.4,0.102,0.6,0.3,0.9,1.5,ROY-2,2016.0,2
Cory Joseph,24.0,TOR,2.0,80.0,4.0,2046.0,12.4,0.512,0.188,0.297,2.2,9.4,5.9,19.3,1.6,0.8,13.4,17.0,1.8,1.7,3.5,0.082,-1.1,-0.1,-1.2,0.4,,2016.0,3
Harrison Barnes,23.0,GSW,3.0,66.0,59.0,2042.0,12.3,0.559,0.338,0.212,4.3,12.4,8.6,7.8,1.0,0.4,7.6,15.9,3.1,1.9,4.9,0.116,-0.2,-1.1,-1.3,0.3,,2016.0,3
Patrick Beverley,27.0,HOU,1.0,71.0,63.0,2041.0,13.0,0.553,0.522,0.148,3.9,9.6,6.8,17.9,2.3,1.1,12.6,15.3,3.1,1.3,4.4,0.103,0.0,0.1,0.2,1.1,,2016.0,5
Nikola Vučević,25.0,ORL,5.0,65.0,60.0,2037.0,21.1,0.531,0.009,0.143,9.3,22.2,15.7,15.9,1.3,2.8,10.0,26.8,2.8,2.4,5.2,0.122,1.9,0.0,1.9,2.0,,2016.0,0
Langston Galloway,24.0,NYK,1.0,82.0,7.0,2033.0,11.7,0.49,0.381,0.194,2.3,13.0,7.7,15.7,1.9,0.8,8.7,15.6,1.4,1.8,3.3,0.077,-1.7,0.7,-1.0,0.5,,2016.0,3
José Calderón,34.0,NYK,1.0,72.0,72.0,2024.0,12.3,0.571,0.446,0.105,1.2,11.0,6.2,22.3,1.6,0.3,15.4,12.6,2.7,1.4,4.0,0.096,-0.8,0.1,-0.6,0.7,,2016.0,5
Patrick Patterson,26.0,TOR,4.0,79.0,0.0,2020.0,10.6,0.534,0.594,0.069,4.4,14.8,9.7,7.1,1.4,1.3,11.3,12.9,1.6,2.0,3.6,0.086,-0.1,0.0,-0.1,1.0,6MOY-16,2016.0,3
Zach Randolph,34.0,MEM,4.0,68.0,53.0,2016.0,18.3,0.519,0.029,0.238,9.7,20.7,15.0,12.9,1.1,0.6,9.5,24.6,2.8,1.5,4.3,0.103,1.4,-1.7,-0.3,0.9,,2016.0,0
Steven Adams,22.0,OKC,5.0,80.0,80.0,2014.0,15.5,0.621,0.0,0.46,12.5,16.1,14.4,4.3,1.0,3.3,14.1,12.6,4.2,2.3,6.5,0.155,0.0,0.2,0.2,1.1,,2016.0,2
Ryan Anderson,27.0,NOP,4.0,66.0,7.0,2008.0,17.2,0.546,0.385,0.245,7.0,15.2,10.9,6.1,0.9,1.0,8.0,24.7,3.1,0.8,3.9,0.092,2.2,-2.4,-0.2,0.9,6MOY-6,2016.0,4
Zaza Pachulia,31.0,DAL,5.0,76.0,69.0,2004.0,16.2,0.55,0.006,0.587,13.7,25.7,19.7,9.7,1.6,0.9,16.8,16.2,3.4,2.7,6.0,0.145,-0.3,0.1,-0.2,0.9,,2016.0,4
Derrick Favors,24.0,UTA,4.0,62.0,59.0,1983.0,21.6,0.551,0.005,0.313,10.0,19.6,14.8,8.9,2.0,3.9,10.1,23.9,3.8,3.4,7.1,0.173,2.1,1.2,3.3,2.6,,2016.0,0
Tony Parker,33.0,SAS,1.0,72.0,72.0,1980.0,16.2,0.546,0.092,0.241,1.0,8.8,5.1,29.1,1.4,0.4,14.3,21.2,2.9,2.9,5.8,0.142,0.2,0.2,0.4,1.2,,2016.0,0
Dante Cunningham,28.0,NOP,3.0,80.0,46.0,1971.0,8.6,0.54,0.422,0.199,3.1,10.4,6.6,5.6,1.1,1.4,8.4,11.0,1.5,0.7,2.1,0.052,-2.3,-0.5,-2.8,-0.4,,2016.0,3
Isaiah Canaan,24.0,PHI,2.0,77.0,39.0,1966.0,11.1,0.528,0.672,0.249,1.1,8.8,4.8,11.3,1.4,0.5,10.2,19.9,0.9,0.5,1.4,0.035,-0.8,-1.6,-2.4,-0.2,,2016.0,3
Nerlens Noel,21.0,PHI,5.0,67.0,62.0,1965.0,16.2,0.544,0.003,0.387,8.2,22.2,15.0,10.5,2.9,3.9,18.7,18.8,0.3,2.8,3.0,0.074,-1.7,1.5,-0.2,0.9,,2016.0,2
Garrett Temple,29.0,WAS,3.0,80.0,43.0,1951.0,9.3,0.52,0.511,0.248,2.0,10.3,6.1,10.0,1.7,0.7,10.3,14.0,1.0,1.7,2.7,0.066,-2.5,0.4,-2.1,0.0,,2016.0,3
Taj Gibson,30.0,CHI,4.0,73.0,55.0,1936.0,15.7,0.556,0.006,0.292,11.4,15.9,13.7,8.3,1.2,2.9,12.1,14.6,3.2,2.2,5.4,0.133,-0.4,0.4,0.0,1.0,,2016.0,4
Rudy Gobert,23.0,UTA,5.0,61.0,60.0,1932.0,17.5,0.582,0.0,0.799,12.6,27.7,20.2,7.4,1.2,5.9,19.2,14.2,2.6,3.8,6.4,0.16,0.0,2.2,2.2,2.0,DPOY-7,2016.0,4
Jared Sullinger,23.0,BOS,4.0,81.0,73.0,1915.0,16.7,0.476,0.128,0.2,10.6,27.0,18.7,15.5,1.9,1.9,10.4,21.8,1.3,3.6,4.8,0.121,0.0,0.7,0.6,1.3,,2016.0,4
Lou Williams,29.0,LAL,2.0,67.0,35.0,1907.0,17.7,0.584,0.462,0.612,1.7,8.1,4.8,15.1,1.6,0.8,10.8,22.8,4.5,0.3,4.7,0.119,2.4,-1.1,1.3,1.6,,2016.0,0
Robert Covington,25.0,PHI,3.0,67.0,49.0,1903.0,13.2,0.543,0.677,0.249,3.6,20.9,12.0,8.4,2.7,1.6,15.3,21.5,-0.1,2.1,2.0,0.05,-1.1,0.1,-0.9,0.5,,2016.0,5
Ersan İlyasova,28.0,2TM,4.0,74.0,56.0,1881.0,14.2,0.526,0.392,0.233,8.1,15.6,11.7,5.6,1.4,1.4,8.9,18.6,2.4,2.0,4.4,0.113,0.2,-0.4,-0.2,0.9,,2016.0,1
Ersan İlyasova,28.0,DET,4.0,52.0,52.0,1434.0,14.1,0.53,0.423,0.215,7.3,14.5,10.7,6.1,1.3,1.4,9.6,18.7,1.8,1.5,3.3,0.111,0.4,0.1,0.5,0.9,,2016.0,1
Omri Casspi,27.0,SAC,4.0,69.0,21.0,1880.0,13.9,0.587,0.441,0.256,3.4,20.1,11.8,7.5,1.4,0.7,12.0,17.8,2.1,1.5,3.6,0.092,0.4,-0.2,0.1,1.0,,2016.0,1
Roy Hibbert,29.0,LAL,5.0,81.0,81.0,1878.0,11.2,0.507,0.005,0.353,7.3,15.8,11.4,8.0,0.9,4.6,13.8,12.9,1.1,1.0,2.2,0.056,-3.5,0.2,-3.2,-0.6,,2016.0,3
Brandon Knight,24.0,PHO,2.0,52.0,50.0,1870.0,14.7,0.522,0.392,0.204,2.0,9.9,5.9,24.4,1.6,0.9,15.4,26.2,0.7,0.9,1.7,0.043,0.9,-1.5,-0.6,0.6,,2016.0,5
Matthew Dellavedova,25.0,CLE,1.0,76.0,14.0,1867.0,11.3,0.527,0.468,0.129,2.0,7.8,4.9,26.2,1.2,0.4,17.7,15.9,2.2,1.6,3.8,0.098,-0.7,-0.5,-1.2,0.4,,2016.0,5
Aaron Gordon,20.0,ORL,4.0,78.0,37.0,1863.0,17.0,0.541,0.245,0.333,9.0,21.3,15.1,10.3,1.6,2.4,9.0,17.3,3.2,2.2,5.4,0.139,0.9,0.1,1.0,1.4,,2016.0,2
Kobe Bryant,37.0,LAL,3.0,66.0,66.0,1863.0,14.9,0.469,0.42,0.252,2.3,12.3,7.1,19.1,1.7,0.5,9.4,32.2,-0.9,0.5,-0.4,-0.01,0.9,-2.4,-1.6,0.2,AS,2016.0,0
Doug McDermott,24.0,CHI,3.0,81.0,4.0,1861.0,10.9,0.561,0.402,0.13,2.1,8.8,5.5,5.0,0.4,0.2,7.2,17.3,2.1,0.7,2.8,0.073,-1.0,-1.9,-2.9,-0.4,,2016.0,3
Danilo Gallinari,27.0,DEN,3.0,53.0,53.0,1839.0,19.0,0.582,0.341,0.617,3.1,14.0,8.5,11.8,1.1,0.8,8.0,23.0,5.5,0.9,6.3,0.165,3.4,-0.7,2.7,2.2,,2016.0,0
Jrue Holiday,25.0,NOP,1.0,65.0,23.0,1831.0,19.7,0.529,0.277,0.231,1.6,10.5,5.9,37.3,2.4,1.0,14.0,28.9,2.2,1.2,3.4,0.089,2.7,-0.6,2.1,1.9,6MOY-16,2016.0,5
Alex Len,22.0,PHO,5.0,78.0,46.0,1821.0,12.4,0.482,0.011,0.383,10.4,25.4,17.7,8.5,1.0,2.8,16.6,20.4,-0.5,1.8,1.3,0.035,-3.5,-0.8,-4.3,-1.0,,2016.0,2
Ian Mahinmi,29.0,IND,5.0,71.0,71.0,1816.0,16.6,0.603,0.0,0.502,8.3,22.1,15.3,8.9,1.8,3.3,15.5,15.7,2.9,3.3,6.2,0.163,-0.9,1.9,0.9,1.4,,2016.0,4
Nik Stauskas,22.0,PHI,2.0,73.0,35.0,1809.0,9.2,0.517,0.596,0.217,1.3,10.0,5.5,12.0,1.2,0.8,13.6,16.7,0.0,0.5,0.5,0.012,-2.3,-1.5,-3.8,-0.8,,2016.0,2
Bismack Biyombo,23.0,TOR,5.0,82.0,22.0,1808.0,14.9,0.586,0.003,0.785,11.7,29.5,20.8,2.4,0.5,6.1,15.5,11.5,2.8,3.1,5.9,0.156,-1.3,1.1,-0.2,0.8,,2016.0,4
Amir Johnson,28.0,BOS,4.0,79.0,76.0,1800.0,16.0,0.602,0.101,0.284,10.3,19.6,14.9,11.4,1.4,3.6,16.4,13.6,3.0,2.9,5.9,0.158,-0.4,1.6,1.2,1.4,,2016.0,4
Chandler Parsons,27.0,DAL,3.0,61.0,51.0,1799.0,16.2,0.589,0.386,0.209,1.8,15.6,8.7,16.0,1.3,1.0,11.8,20.5,2.6,1.6,4.3,0.114,1.8,0.2,2.0,1.8,,2016.0,3
Marc Gasol,31.0,MEM,5.0,52.0,52.0,1791.0,17.7,0.528,0.004,0.347,3.5,20.2,11.5,18.9,1.4,3.6,12.7,23.4,1.8,1.9,3.7,0.098,0.8,0.9,1.7,1.7,,2016.0,4
Chris Bosh,31.0,MIA,4.0,53.0,53.0,1778.0,20.2,0.571,0.289,0.349,3.2,21.1,12.4,12.1,1.0,1.5,8.1,24.7,4.1,2.3,6.4,0.172,3.6,0.5,4.0,2.7,AS,2016.0,0
Cody Zeller,23.0,CHO,5.0,73.0,60.0,1774.0,16.1,0.592,0.023,0.531,8.4,19.7,14.0,6.3,1.6,2.9,11.2,15.4,3.6,2.7,6.3,0.169,-1.1,1.0,-0.1,0.9,,2016.0,4
Mike Conley,28.0,MEM,1.0,56.0,56.0,1761.0,19.4,0.538,0.309,0.329,1.6,9.3,5.3,32.7,2.0,0.8,9.5,22.4,4.2,1.1,5.3,0.144,3.5,-0.5,3.0,2.2,,2016.0,0
Thabo Sefolosha,31.0,ATL,3.0,75.0,11.0,1758.0,12.4,0.578,0.333,0.266,3.3,17.1,10.4,8.8,2.4,1.7,14.1,12.3,1.3,3.2,4.5,0.122,-1.5,2.3,0.8,1.3,,2016.0,5
Shane Larkin,23.0,BRK,1.0,78.0,17.0,1751.0,13.3,0.515,0.215,0.213,1.8,9.9,5.8,29.3,2.7,0.6,21.0,17.7,0.5,1.0,1.4,0.039,-1.6,-0.4,-2.0,0.0,,2016.0,5
Terrence Ross,24.0,TOR,3.0,73.0,7.0,1747.0,12.9,0.551,0.542,0.099,1.4,10.6,6.1,5.3,1.6,1.2,6.6,18.2,2.1,1.6,3.6,0.1,0.6,-0.3,0.3,1.0,,2016.0,1
Nikola Jokić,20.0,DEN,5.0,80.0,55.0,1733.0,21.5,0.582,0.14,0.317,11.4,24.7,17.9,18.1,2.3,2.3,13.2,19.9,4.5,2.2,6.7,0.185,2.6,1.3,3.9,2.6,ROY-3,2016.0,2
Andre Iguodala,32.0,GSW,3.0,65.0,1.0,1732.0,12.2,0.565,0.418,0.226,3.4,12.4,8.2,16.3,2.0,0.8,16.3,12.1,2.3,2.1,4.4,0.122,-0.2,1.3,1.1,1.4,6MOY-2,2016.0,5
Enes Freedom,23.0,OKC,5.0,82.0,1.0,1721.0,24.0,0.626,0.029,0.349,16.7,24.9,21.0,3.1,0.7,1.5,12.2,23.4,6.0,2.1,8.1,0.226,3.3,-2.1,1.2,1.4,6MOY-3,2016.0,4
Frank Kaminsky,22.0,CHO,5.0,81.0,3.0,1708.0,12.5,0.513,0.385,0.282,4.4,17.2,10.7,9.0,1.1,2.0,8.9,17.1,1.2,2.1,3.3,0.093,-1.0,0.2,-0.8,0.5,,2016.0,2
Bradley Beal,22.0,WAS,2.0,55.0,35.0,1708.0,15.5,0.547,0.339,0.22,2.6,9.8,6.2,15.6,1.5,0.5,11.3,25.3,1.4,1.3,2.7,0.076,1.2,-0.9,0.3,1.0,,2016.0,2
Kenneth Faried,26.0,DEN,4.0,67.0,64.0,1694.0,21.0,0.577,0.003,0.355,15.1,23.0,19.0,8.1,0.9,2.9,11.2,21.0,4.0,1.5,5.5,0.156,1.7,-1.4,0.3,1.0,,2016.0,4
Stanley Johnson,19.0,DET,3.0,73.0,6.0,1687.0,8.7,0.46,0.342,0.17,3.6,16.7,9.9,10.8,1.6,0.5,15.0,19.6,-1.3,1.9,0.6,0.018,-3.5,0.2,-3.3,-0.5,,2016.0,2
Mirza Teletović,30.0,PHO,4.0,79.0,1.0,1686.0,16.2,0.571,0.592,0.199,3.5,16.3,9.7,9.1,0.9,1.0,9.0,23.4,2.9,0.9,3.8,0.109,2.8,-1.4,1.3,1.4,6MOY-16,2016.0,4
Ed Davis,26.0,POR,4.0,81.0,0.0,1684.0,18.7,0.616,0.0,0.605,14.4,24.2,19.3,7.7,1.7,3.3,13.0,12.7,4.4,2.3,6.7,0.192,1.0,0.9,1.9,1.6,6MOY-8,2016.0,4
Shabazz Muhammad,23.0,MIN,3.0,82.0,0.0,1682.0,15.2,0.548,0.223,0.355,7.0,11.4,9.2,5.2,0.7,0.3,8.2,22.8,2.6,0.2,2.7,0.077,0.6,-3.1,-2.5,-0.2,,2016.0,3
Marco Belinelli,29.0,SAC,2.0,68.0,7.0,1672.0,9.4,0.5,0.468,0.217,0.7,6.9,3.8,11.1,1.1,0.1,10.3,19.7,0.2,0.3,0.5,0.014,-2.1,-1.7,-3.8,-0.8,,2016.0,1
Corey Brewer,29.0,HOU,3.0,82.0,12.0,1669.0,9.9,0.481,0.406,0.254,2.8,10.4,6.6,10.0,2.5,0.9,11.3,17.8,0.1,1.2,1.2,0.035,-2.7,-0.3,-2.9,-0.4,,2016.0,3
Ramon Sessions,29.0,WAS,1.0,82.0,5.0,1667.0,15.9,0.565,0.188,0.478,1.6,12.2,6.8,22.0,1.3,0.2,13.8,21.8,2.5,1.3,3.8,0.109,0.2,-0.5,-0.3,0.7,,2016.0,3
J.J. Barea,31.0,DAL,1.0,74.0,16.0,1667.0,15.4,0.536,0.366,0.135,1.7,8.3,5.0,31.5,0.8,0.1,13.0,23.8,2.1,0.7,2.8,0.082,1.6,-1.6,0.0,0.9,6MOY-12,2016.0,3
Marcus Smart,21.0,BOS,1.0,61.0,10.0,1667.0,11.3,0.463,0.456,0.314,4.8,11.6,8.1,15.8,2.7,0.8,11.7,17.4,0.5,2.4,2.9,0.083,-2.2,1.2,-1.0,0.4,,2016.0,2
Kyrie Irving,23.0,CLE,1.0,53.0,53.0,1667.0,19.9,0.54,0.298,0.217,3.0,7.6,5.3,26.6,1.7,0.9,11.4,29.5,3.2,1.7,5.0,0.143,3.2,-0.8,2.3,1.8,,2016.0,0
Wesley Johnson,28.0,LAC,3.0,80.0,9.0,1666.0,11.0,0.513,0.6,0.089,2.5,13.6,8.1,4.4,2.7,2.6,9.2,16.0,0.0,2.7,2.6,0.076,-1.7,1.5,-0.2,0.8,,2016.0,3
Patty Mills,27.0,SAS,1.0,81.0,3.0,1662.0,14.6,0.541,0.523,0.095,1.9,8.7,5.4,20.1,1.8,0.3,10.7,19.7,2.2,2.6,4.8,0.139,0.8,0.7,1.5,1.5,,2016.0,3
Michael Carter-Williams,24.0,MIL,1.0,54.0,37.0,1649.0,13.9,0.497,0.099,0.292,3.4,15.7,9.6,26.6,2.5,2.1,19.6,21.3,-0.4,1.6,1.2,0.035,-1.4,0.6,-0.7,0.5,,2016.0,5
Nikola Mirotić,24.0,CHI,4.0,66.0,38.0,1646.0,15.6,0.564,0.568,0.297,3.8,19.1,11.6,9.4,1.8,2.0,12.9,21.1,1.8,2.2,3.9,0.115,1.0,0.4,1.5,1.5,,2016.0,4
Randy Foye,32.0,2TM,2.0,81.0,8.0,1642.0,7.6,0.461,0.519,0.154,1.6,8.8,5.2,14.1,1.2,1.4,14.3,15.9,-0.4,0.9,0.4,0.012,-2.7,-0.5,-3.3,-0.5,,2016.0,3
Randy Foye,32.0,DEN,2.0,54.0,7.0,1070.0,7.8,0.457,0.508,0.141,1.6,9.4,5.4,15.6,1.2,1.2,14.1,16.8,-0.5,0.4,0.0,-0.002,-3.0,-0.8,-3.7,-0.5,,2016.0,1
Luis Scola,35.0,TOR,4.0,76.0,76.0,1636.0,13.6,0.523,0.269,0.14,6.0,19.0,12.6,6.8,1.5,1.4,9.7,19.5,1.4,1.9,3.3,0.098,-0.8,-0.3,-1.1,0.4,,2016.0,3
Trevor Booker,28.0,UTA,4.0,79.0,2.0,1632.0,14.4,0.533,0.106,0.273,11.9,20.4,16.2,8.2,1.9,2.1,15.7,14.6,1.8,2.6,4.3,0.128,-1.0,1.0,0.0,0.8,,2016.0,4
Alonzo Gee,28.0,NOP,3.0,73.0,38.0,1632.0,8.4,0.572,0.235,0.259,3.9,13.0,8.3,6.2,1.9,0.7,16.2,9.2,1.0,0.9,1.9,0.056,-3.2,0.6,-2.6,-0.2,,2016.0,1
Markieff Morris,26.0,2TM,4.0,64.0,45.0,1629.0,12.2,0.489,0.216,0.205,4.8,19.3,11.9,12.7,1.7,1.7,14.7,24.2,-1.2,1.7,0.5,0.015,-2.3,-0.1,-2.4,-0.2,,2016.0,1
Dennis Schröder,22.0,ATL,1.0,80.0,6.0,1621.0,15.5,0.51,0.306,0.233,1.7,11.8,6.9,36.1,2.1,0.4,17.5,28.8,-0.2,2.3,2.2,0.064,-0.3,-0.4,-0.8,0.5,6MOY-9,2016.0,2
Tony Allen,34.0,MEM,2.0,64.0,57.0,1620.0,12.9,0.505,0.09,0.294,7.0,14.1,10.4,6.9,3.5,1.0,12.8,16.8,0.5,1.9,2.4,0.072,-2.2,1.2,-1.0,0.4,"DPOY-8,DEF2",2016.0,5
Tyson Chandler,33.0,PHO,5.0,66.0,60.0,1618.0,14.7,0.606,0.003,0.545,11.5,27.5,19.3,6.0,1.1,2.2,19.3,12.7,2.1,1.6,3.8,0.112,-0.8,-0.2,-1.1,0.4,,2016.0,4
Wayne Ellington,28.0,BRK,2.0,76.0,41.0,1615.0,10.1,0.498,0.478,0.112,1.4,10.9,6.1,7.8,1.5,0.3,7.1,17.5,0.5,0.3,0.8,0.025,-1.5,-1.3,-2.8,-0.3,,2016.0,3
T.J. McConnell,23.0,PHI,1.0,81.0,17.0,1606.0,14.5,0.511,0.192,0.088,2.8,14.5,8.5,37.2,2.9,0.5,22.5,17.0,0.6,1.4,1.9,0.058,-1.5,0.3,-1.2,0.3,,2016.0,5
Lavoy Allen,26.0,IND,4.0,79.0,28.0,1599.0,12.4,0.532,0.0,0.197,11.1,17.8,14.5,7.1,0.8,2.1,14.6,13.0,1.6,2.1,3.7,0.11,-1.7,0.1,-1.6,0.2,,2016.0,4
Jahlil Okafor,20.0,PHI,5.0,53.0,48.0,1591.0,17.1,0.536,0.008,0.248,8.1,17.8,12.8,8.2,0.7,2.9,12.5,27.3,0.3,0.9,1.2,0.037,-0.5,-1.8,-2.3,-0.1,ROY-5,2016.0,2
Gerald Green,30.0,MIA,2.0,69.0,14.0,1557.0,10.1,0.491,0.443,0.157,1.9,9.7,5.9,5.6,1.3,0.9,6.8,19.8,0.3,1.4,1.7,0.052,-2.1,-0.9,-3.1,-0.4,,2016.0,1
Jonas Valančiūnas,23.0,TOR,5.0,60.0,59.0,1557.0,22.6,0.61,0.0,0.397,13.8,26.3,20.1,4.8,0.8,4.2,11.9,20.9,4.5,2.4,6.9,0.211,2.1,-0.5,1.7,1.4,,2016.0,4
Andre Roberson,24.0,OKC,2.0,70.0,70.0,1553.0,10.2,0.566,0.376,0.197,5.9,11.4,8.8,4.0,1.7,2.0,10.5,9.1,1.8,1.6,3.4,0.105,-0.7,1.3,0.5,1.0,,2016.0,3
Tim Duncan,39.0,SAS,5.0,61.0,60.0,1536.0,16.9,0.523,0.005,0.297,8.8,23.8,16.6,15.3,1.6,3.9,15.3,17.6,1.6,3.6,5.2,0.163,-0.1,3.1,3.0,2.0,,2016.0,4
Shaun Livingston,30.0,GSW,1.0,78.0,3.0,1520.0,13.8,0.581,0.032,0.245,3.2,8.5,6.0,21.0,1.8,1.3,15.7,14.2,2.9,1.7,4.6,0.145,-0.7,1.1,0.3,0.9,6MOY-11,2016.0,3
Darrell Arthur,27.0,DEN,4.0,70.0,16.0,1516.0,12.5,0.514,0.239,0.108,6.2,15.4,10.7,10.0,1.8,2.6,11.4,16.7,1.0,1.3,2.3,0.072,-1.3,0.5,-0.8,0.4,,2016.0,1
Jordan Hill,28.0,IND,5.0,73.0,11.0,1513.0,16.4,0.534,0.002,0.228,11.3,21.2,16.3,9.5,1.2,2.0,13.2,20.3,1.6,2.3,3.9,0.124,-0.7,0.0,-0.7,0.5,,2016.0,4
Jerryd Bayless,27.0,MIL,2.0,52.0,18.0,1505.0,12.4,0.568,0.529,0.206,1.6,9.0,5.4,16.2,1.6,0.6,13.3,16.4,1.8,0.6,2.4,0.075,0.2,-1.0,-0.8,0.4,,2016.0,1
Raul Neto,23.0,UTA,1.0,81.0,53.0,1499.0,10.2,0.53,0.388,0.167,1.3,8.0,4.7,18.7,2.2,0.1,19.5,17.2,0.2,1.6,1.8,0.058,-2.3,0.3,-2.0,0.0,,2016.0,3
Kosta Koufos,26.0,SAC,5.0,78.0,14.0,1482.0,15.1,0.54,0.0,0.234,12.4,18.4,15.4,3.3,1.3,3.8,8.9,15.4,2.1,1.4,3.5,0.113,-1.3,-0.6,-2.0,0.0,,2016.0,4
Eric Gordon,27.0,NOP,2.0,45.0,44.0,1481.0,13.5,0.565,0.533,0.226,0.7,6.9,3.7,12.7,1.4,0.8,10.7,20.3,1.7,0.4,2.1,0.069,0.9,-1.0,-0.1,0.7,,2016.0,1
Clint Capela,21.0,HOU,5.0,77.0,35.0,1471.0,18.3,0.553,0.003,0.531,14.4,22.7,18.5,5.1,2.0,5.2,10.9,16.1,2.4,2.0,4.4,0.144,-0.3,-0.1,-0.4,0.6,,2016.0,2
Austin Rivers,23.0,LAC,2.0,67.0,7.0,1464.0,11.1,0.523,0.359,0.225,1.7,7.9,4.8,10.6,1.6,0.5,9.7,19.4,0.6,1.3,1.9,0.063,-2.2,-0.5,-2.7,-0.2,,2016.0,1
C.J. Miles,28.0,IND,3.0,64.0,24.0,1464.0,14.0,0.547,0.61,0.196,1.9,11.1,6.5,7.0,1.8,1.6,9.2,22.8,1.2,1.9,3.1,0.103,0.6,-0.1,0.5,0.9,,2016.0,1
Tayshaun Prince,35.0,MIN,3.0,77.0,44.0,1462.0,6.3,0.466,0.1,0.083,2.6,9.0,5.8,7.0,1.2,0.7,10.2,8.1,0.1,0.3,0.4,0.014,-2.9,-0.1,-3.0,-0.4,,2016.0,3
Maurice Harkless,22.0,POR,3.0,78.0,14.0,1457.0,13.3,0.541,0.341,0.27,7.5,13.3,10.4,6.9,1.7,1.9,11.9,15.6,1.6,1.3,2.9,0.096,-0.5,0.0,-0.5,0.5,,2016.0,2
Andrew Bogut,31.0,GSW,5.0,70.0,66.0,1451.0,15.9,0.623,0.004,0.179,9.5,26.0,18.3,14.8,1.1,5.8,21.6,11.4,2.6,2.9,5.4,0.18,-0.9,3.2,2.4,1.6,,2016.0,4
JaMychal Green,25.0,MEM,4.0,78.0,15.0,1446.0,14.6,0.52,0.091,0.277,10.5,19.3,14.7,7.7,1.6,2.1,13.0,19.8,1.2,1.4,2.6,0.086,-1.5,-1.0,-2.5,-0.2,,2016.0,4
Ben McLemore,22.0,SAC,2.0,68.0,53.0,1443.0,8.6,0.531,0.407,0.226,2.6,8.5,5.6,7.9,1.7,0.6,16.5,17.6,-0.4,0.7,0.3,0.01,-3.1,-0.7,-3.8,-0.7,,2016.0,2
Derrick Williams,24.0,NYK,3.0,80.0,9.0,1435.0,17.2,0.55,0.265,0.453,3.6,18.7,11.3,8.9,1.0,0.5,8.3,23.3,2.4,1.2,3.6,0.12,1.5,-1.2,0.3,0.8,,2016.0,4
Gerald Henderson,28.0,POR,2.0,72.0,0.0,1431.0,12.9,0.526,0.257,0.276,2.3,13.7,8.0,8.2,1.4,1.0,10.3,20.2,1.0,1.0,2.0,0.068,-1.1,-0.7,-1.8,0.1,,2016.0,1
Mario Hezonja,20.0,ORL,3.0,79.0,9.0,1413.0,9.4,0.541,0.459,0.129,2.2,11.8,6.9,11.2,1.4,1.0,18.0,16.9,-0.1,1.0,0.9,0.029,-2.4,-0.7,-3.1,-0.4,,2016.0,2
Willie Cauley-Stein,22.0,SAC,5.0,66.0,39.0,1412.0,15.3,0.588,0.006,0.369,10.3,16.6,13.5,3.8,1.6,3.8,10.5,13.2,2.4,1.4,3.8,0.13,-0.8,0.1,-0.8,0.4,,2016.0,2
Ty Lawson,28.0,2TM,1.0,66.0,13.0,1411.0,9.7,0.476,0.305,0.243,2.0,7.4,4.7,24.6,1.9,0.4,19.5,14.9,0.2,0.7,0.9,0.032,-2.4,-1.2,-3.6,-0.6,,2016.0,5
Ty Lawson,28.0,HOU,1.0,53.0,12.0,1176.0,8.9,0.48,0.328,0.279,1.9,6.5,4.2,22.3,1.8,0.4,20.3,14.8,0.0,0.4,0.4,0.017,-2.6,-1.5,-4.1,-0.6,,2016.0,5
David West,35.0,SAS,4.0,78.0,19.0,1404.0,17.6,0.573,0.016,0.179,6.0,18.6,12.5,15.4,1.6,3.0,12.3,18.0,2.4,2.9,5.4,0.184,0.3,2.6,2.9,1.7,,2016.0,4
Kelly Olynyk,24.0,BOS,5.0,69.0,8.0,1395.0,16.3,0.561,0.378,0.23,5.4,16.2,10.7,11.9,1.8,1.8,10.8,20.9,2.1,2.0,4.1,0.141,1.2,0.8,1.9,1.4,,2016.0,4
Boris Diaw,33.0,SAS,4.0,76.0,4.0,1386.0,14.0,0.582,0.18,0.198,4.9,13.9,9.6,18.4,1.0,1.2,18.9,17.0,1.6,2.2,3.8,0.132,-0.1,0.9,0.8,1.0,6MOY-12,2016.0,4
Trey Lyles,20.0,UTA,4.0,80.0,33.0,1382.0,11.6,0.517,0.294,0.188,5.0,20.2,12.6,7.1,1.0,1.1,12.1,17.9,0.6,1.7,2.3,0.079,-1.6,-0.2,-1.8,0.1,,2016.0,2
Mario Chalmers,29.0,2TM,1.0,61.0,7.0,1373.0,17.3,0.561,0.336,0.59,1.9,11.5,6.5,26.6,3.3,0.9,16.4,21.9,2.3,1.5,3.8,0.132,0.0,1.3,1.3,1.2,,2016.0,5
Mario Chalmers,29.0,MEM,1.0,55.0,7.0,1253.0,18.0,0.57,0.335,0.604,2.0,11.4,6.5,27.0,3.3,0.9,16.2,22.3,2.4,1.3,3.7,0.141,0.6,1.1,1.7,1.2,,2016.0,5
Lance Stephenson,25.0,2TM,3.0,69.0,13.0,1372.0,13.5,0.548,0.165,0.234,3.2,15.1,9.1,16.2,1.6,0.6,15.2,20.2,0.9,1.3,2.2,0.076,-0.9,-0.3,-1.2,0.3,,2016.0,1
Lance Stephenson,25.0,LAC,3.0,43.0,10.0,680.0,9.8,0.569,0.283,0.181,3.1,14.0,8.7,13.1,1.8,0.3,21.1,15.1,0.1,0.8,0.9,0.066,-2.7,0.7,-1.9,0.0,,2016.0,5
Myles Turner,19.0,IND,5.0,60.0,30.0,1367.0,15.4,0.531,0.026,0.228,5.5,21.0,13.3,5.0,0.9,5.1,10.3,20.9,0.8,2.3,3.1,0.109,-2.2,0.6,-1.6,0.1,ROY-8,2016.0,2
Trey Burke,23.0,UTA,1.0,64.0,0.0,1366.0,14.0,0.507,0.404,0.129,1.5,8.0,4.8,19.7,1.4,0.4,10.7,25.3,0.9,1.2,2.1,0.074,0.7,-1.2,-0.5,0.5,,2016.0,5
Brandon Bass,30.0,LAL,4.0,66.0,0.0,1342.0,17.3,0.619,0.006,0.467,8.1,15.0,11.4,9.2,1.2,3.2,9.9,13.9,3.4,0.7,4.1,0.146,0.6,0.0,0.6,0.9,,2016.0,4
Anthony Tolliver,30.0,DET,4.0,72.0,5.0,1341.0,10.2,0.543,0.819,0.142,3.1,16.1,9.3,5.6,1.0,0.9,7.4,12.4,1.5,1.3,2.8,0.1,-0.1,0.5,0.4,0.8,,2016.0,1
Meyers Leonard,23.0,POR,4.0,61.0,10.0,1333.0,11.3,0.561,0.524,0.106,4.1,21.4,12.8,10.6,0.3,1.1,14.5,17.4,1.2,1.0,2.2,0.078,-1.1,-0.6,-1.7,0.1,,2016.0,1
Timofey Mozgov,29.0,CLE,5.0,76.0,48.0,1326.0,14.6,0.593,0.019,0.265,9.5,19.2,14.4,3.9,0.9,3.5,15.0,16.1,1.8,1.9,3.7,0.133,-1.7,0.3,-1.4,0.2,,2016.0,4
Richard Jefferson,35.0,CLE,3.0,74.0,5.0,1326.0,9.7,0.585,0.554,0.279,1.3,9.6,5.5,6.4,1.3,0.9,10.9,13.4,1.4,1.3,2.7,0.099,-1.6,0.5,-1.2,0.3,,2016.0,1
Donald Sloan,28.0,BRK,1.0,61.0,33.0,1318.0,13.9,0.536,0.283,0.297,1.4,13.5,7.4,30.0,1.2,0.2,16.8,16.1,1.7,0.3,2.0,0.071,-0.3,-1.4,-1.7,0.1,,2016.0,5
Iman Shumpert,25.0,CLE,2.0,54.0,5.0,1316.0,8.4,0.475,0.479,0.167,2.8,14.6,8.7,9.8,2.1,1.2,14.8,13.2,-0.1,1.8,1.7,0.063,-3.0,1.4,-1.5,0.1,,2016.0,5
Lance Thomas,27.0,NYK,4.0,59.0,5.0,1313.0,10.4,0.557,0.285,0.312,2.9,8.0,5.4,6.4,0.9,0.4,11.6,16.9,1.2,0.5,1.7,0.062,-1.7,-1.5,-3.2,-0.4,,2016.0,1
P.J. Hairston,23.0,2TM,3.0,66.0,52.0,1313.0,6.9,0.47,0.591,0.157,2.1,12.8,7.3,4.4,1.2,0.7,8.6,16.4,-0.6,1.1,0.6,0.02,-3.8,-0.7,-4.5,-0.8,,2016.0,1
P.J. Hairston,23.0,CHO,3.0,48.0,43.0,938.0,7.4,0.486,0.623,0.152,2.1,13.0,7.5,4.7,1.3,0.6,7.5,15.3,-0.1,1.0,0.9,0.044,-3.5,0.0,-3.5,-0.4,,2016.0,1
Tony Snell,24.0,CHI,3.0,64.0,33.0,1301.0,6.4,0.478,0.457,0.097,1.6,14.3,8.1,6.9,0.6,1.0,12.8,13.7,-0.5,1.0,0.4,0.016,-3.5,-0.5,-4.0,-0.6,,2016.0,1
Devin Harris,32.0,DAL,1.0,64.0,0.0,1280.0,13.1,0.559,0.422,0.374,1.5,10.3,5.9,14.5,2.4,0.8,13.2,17.9,1.2,1.3,2.5,0.095,-1.4,1.5,0.1,0.7,,2016.0,5
Rodney Stuckey,29.0,IND,1.0,58.0,1.0,1275.0,12.6,0.504,0.187,0.357,1.6,11.7,6.7,17.2,1.7,0.5,12.9,20.3,0.5,1.5,2.0,0.077,-1.8,0.4,-1.4,0.2,,2016.0,5
Luc Mbah a Moute,29.0,LAC,4.0,75.0,61.0,1274.0,7.3,0.498,0.193,0.275,5.2,9.4,7.3,3.3,1.7,1.2,12.8,9.4,0.2,1.3,1.6,0.059,-3.2,0.6,-2.6,-0.2,,2016.0,3
Larry Nance Jr.,23.0,LAL,4.0,63.0,22.0,1266.0,13.4,0.544,0.033,0.157,8.3,18.6,13.3,5.7,2.1,1.4,11.3,12.6,1.3,0.9,2.2,0.083,-1.7,0.2,-1.5,0.2,,2016.0,4
Jerian Grant,23.0,NYK,1.0,76.0,6.0,1265.0,11.2,0.479,0.256,0.315,2.0,10.2,6.2,21.8,2.0,0.6,16.3,19.0,-0.2,1.0,0.8,0.03,-2.8,-0.3,-3.1,-0.3,,2016.0,3
E'Twaun Moore,26.0,CHI,2.0,59.0,22.0,1263.0,11.4,0.548,0.267,0.09,1.6,9.3,5.5,12.1,1.5,1.0,11.6,15.9,0.9,1.0,1.8,0.07,-1.9,0.0,-1.9,0.0,,2016.0,1
Toney Douglas,29.0,NOP,1.0,61.0,18.0,1262.0,14.7,0.543,0.456,0.222,2.1,10.7,6.3,19.1,2.8,0.3,11.6,19.4,1.6,0.9,2.5,0.094,-0.4,0.4,0.0,0.6,,2016.0,5
Jason Terry,38.0,HOU,2.0,72.0,7.0,1258.0,10.2,0.54,0.694,0.088,1.2,5.7,3.5,12.4,1.8,0.6,11.1,15.0,1.1,0.4,1.5,0.057,-0.7,-0.9,-1.6,0.1,,2016.0,1
Jon Leuer,26.0,PHO,4.0,67.0,27.0,1255.0,16.2,0.555,0.236,0.217,6.4,26.3,16.1,9.6,1.5,2.0,12.8,19.8,1.4,1.3,2.7,0.103,0.1,0.0,0.0,0.6,,2016.0,4
Kyle Anderson,22.0,SAS,3.0,78.0,11.0,1245.0,12.9,0.528,0.125,0.281,2.4,19.4,11.2,13.7,2.5,1.8,15.1,14.4,0.7,2.8,3.5,0.133,-1.7,3.1,1.4,1.1,,2016.0,5
Joe Ingles,28.0,UTA,3.0,81.0,2.0,1241.0,10.3,0.572,0.722,0.062,1.8,12.4,7.1,12.1,2.3,0.3,17.9,13.5,0.7,1.6,2.3,0.089,-1.4,1.6,0.2,0.7,,2016.0,5
Aron Baynes,29.0,DET,5.0,81.0,1.0,1233.0,17.8,0.563,0.005,0.43,11.9,22.5,17.0,6.6,0.9,3.2,12.8,18.5,2.4,1.7,4.1,0.158,-0.5,0.3,-0.2,0.6,,2016.0,4
Paul Pierce,38.0,LAC,3.0,68.0,38.0,1231.0,8.2,0.489,0.61,0.166,1.1,15.2,8.2,8.5,1.3,1.1,12.0,17.8,-0.6,1.4,0.9,0.033,-3.0,-0.3,-3.3,-0.4,,2016.0,1
Jeremy Lamb,23.0,CHO,2.0,66.0,0.0,1227.0,15.9,0.529,0.355,0.173,3.9,18.7,11.2,10.9,1.7,2.0,8.4,22.0,1.0,1.7,2.7,0.107,0.1,0.7,0.8,0.9,,2016.0,1
Ronnie Price,32.0,PHO,1.0,62.0,18.0,1211.0,9.6,0.517,0.649,0.136,2.2,6.8,4.4,17.9,3.0,0.9,17.9,13.7,0.4,1.0,1.4,0.056,-3.2,1.4,-1.8,0.1,,2016.0,5
Channing Frye,32.0,2TM,5.0,70.0,32.0,1200.0,12.9,0.586,0.677,0.101,3.2,18.6,10.9,8.7,1.2,1.9,10.6,15.1,1.6,1.3,3.0,0.119,0.3,0.5,0.8,0.8,,2016.0,1
Channing Frye,32.0,ORL,4.0,44.0,29.0,754.0,11.8,0.586,0.651,0.113,3.3,17.6,10.4,8.4,1.4,2.2,13.3,13.2,0.8,0.8,1.5,0.097,-0.2,0.9,0.7,0.5,,2016.0,1
Norris Cole,27.0,NOP,1.0,45.0,23.0,1198.0,10.8,0.465,0.211,0.134,0.9,13.5,7.0,22.0,1.5,0.3,12.8,21.7,-0.6,0.5,-0.1,-0.004,-2.9,-0.9,-3.8,-0.5,,2016.0,5
Jason Smith,29.0,ORL,5.0,76.0,2.0,1181.0,14.6,0.513,0.032,0.133,4.9,15.8,10.3,8.6,1.4,4.6,9.7,22.1,0.4,1.4,1.8,0.072,-2.5,0.3,-2.2,-0.1,,2016.0,4
Ömer Aşık,29.0,NOP,5.0,68.0,64.0,1178.0,11.0,0.551,0.0,0.574,10.9,28.7,19.5,3.1,0.9,1.6,19.7,11.4,0.7,1.0,1.7,0.07,-2.8,-1.0,-3.8,-0.5,,2016.0,4
D.J. Augustin,28.0,2TM,1.0,62.0,0.0,1178.0,13.9,0.575,0.48,0.366,0.8,8.0,4.4,25.3,1.6,0.3,17.1,18.0,2.0,0.6,2.6,0.106,0.6,-1.1,-0.4,0.4,,2016.0,5
Jonas Jerebko,28.0,BOS,4.0,78.0,0.0,1176.0,10.3,0.531,0.378,0.273,6.8,19.4,13.0,7.4,0.8,1.6,14.0,13.5,0.9,1.5,2.4,0.097,-2.0,0.0,-2.0,0.0,,2016.0,3
Noah Vonleh,20.0,POR,4.0,78.0,56.0,1174.0,8.6,0.471,0.165,0.183,8.4,19.8,14.1,3.7,1.2,1.7,14.3,13.0,0.0,1.1,1.2,0.047,-3.9,-0.3,-4.2,-0.6,,2016.0,2
JaKarr Sampson,22.0,2TM,3.0,73.0,40.0,1160.0,8.3,0.504,0.199,0.385,4.2,14.0,9.0,6.2,1.0,2.2,15.9,16.6,-0.5,0.6,0.1,0.006,-4.5,-1.0,-5.4,-1.0,,2016.0,2
JaKarr Sampson,22.0,PHI,3.0,47.0,18.0,691.0,7.7,0.49,0.168,0.48,4.6,16.1,10.2,6.9,0.8,1.8,17.2,18.7,-0.6,0.3,-0.3,-0.021,-5.4,-1.3,-6.7,-0.8,,2016.0,2
Mike Scott,27.0,ATL,4.0,75.0,0.0,1146.0,14.0,0.575,0.42,0.168,5.2,14.2,9.8,10.5,1.1,1.2,9.4,17.4,1.7,1.5,3.2,0.132,-0.1,0.0,-0.1,0.6,,2016.0,3
Manu Ginóbili,38.0,SAS,2.0,58.0,0.0,1134.0,17.8,0.573,0.411,0.257,2.7,11.7,7.3,23.6,3.0,0.8,17.0,23.6,1.5,2.3,3.8,0.16,1.4,2.2,3.6,1.6,,2016.0,5
Archie Goodwin,21.0,PHO,1.0,57.0,13.0,1114.0,11.1,0.498,0.235,0.457,2.6,11.5,6.9,17.2,1.2,1.0,16.5,23.2,-0.4,0.5,0.1,0.004,-2.1,-1.5,-3.7,-0.5,,2016.0,2
Marcus Thornton,28.0,2TM,2.0,61.0,8.0,1109.0,14.7,0.511,0.498,0.146,3.8,11.3,7.5,12.9,2.1,0.3,8.1,24.4,1.0,0.7,1.7,0.074,0.9,-1.4,-0.5,0.4,,2016.0,1
Marcus Thornton,28.0,HOU,2.0,47.0,6.0,885.0,14.6,0.512,0.497,0.133,3.8,10.5,7.2,12.8,1.9,0.3,8.0,24.3,0.9,0.4,1.3,0.072,1.1,-1.9,-0.8,0.2,,2016.0,1
Aaron Brooks,31.0,CHI,1.0,69.0,0.0,1108.0,11.8,0.494,0.394,0.136,2.0,7.5,4.8,26.0,1.4,0.7,14.2,22.9,0.2,0.7,0.9,0.04,-1.3,-1.3,-2.6,-0.2,,2016.0,5
Josh Richardson,22.0,MIA,2.0,52.0,2.0,1107.0,11.4,0.569,0.423,0.232,2.2,8.5,5.5,9.7,1.7,1.7,10.5,13.8,1.3,1.2,2.5,0.109,-1.1,0.7,-0.4,0.5,,2016.0,2
Bobby Portis,20.0,CHI,4.0,62.0,4.0,1102.0,13.8,0.469,0.119,0.151,12.0,20.0,16.1,7.5,1.1,1.5,10.4,20.7,0.3,1.3,1.5,0.066,-1.5,-1.8,-3.3,-0.4,,2016.0,2
Al Jefferson,31.0,CHO,5.0,47.0,18.0,1096.0,18.2,0.507,0.0,0.22,5.6,24.6,15.0,11.8,1.4,3.0,5.8,24.2,1.0,1.8,2.8,0.122,-0.9,0.4,-0.5,0.4,,2016.0,4
Kevin Martin,32.0,2TM,2.0,55.0,13.0,1095.0,11.5,0.52,0.325,0.411,1.5,10.0,5.8,8.2,1.2,0.2,9.8,22.6,0.7,0.5,1.2,0.054,-1.6,-1.6,-3.2,-0.4,,2016.0,1
Nenê,33.0,WAS,4.0,57.0,11.0,1094.0,16.8,0.564,0.008,0.482,5.2,21.6,13.2,14.1,2.4,1.9,14.0,21.6,1.1,1.6,2.7,0.12,-1.3,1.6,0.4,0.6,,2016.0,4
Leandro Barbosa,33.0,GSW,2.0,68.0,0.0,1079.0,11.7,0.545,0.297,0.168,3.0,8.4,5.8,10.6,2.0,0.7,11.8,18.1,0.9,1.2,2.1,0.092,-1.9,-0.1,-2.0,0.0,,2016.0,5
Nemanja Bjelica,27.0,MIN,4.0,60.0,0.0,1075.0,11.2,0.594,0.532,0.234,5.4,17.2,11.4,11.4,1.2,1.6,15.3,12.8,1.4,0.6,1.9,0.087,-0.9,0.2,-0.7,0.3,,2016.0,1
T.J. Warren,22.0,PHO,3.0,47.0,4.0,1070.0,15.7,0.549,0.159,0.145,5.7,9.3,7.5,7.2,1.7,1.2,6.4,19.9,1.7,0.6,2.2,0.101,0.5,-0.9,-0.5,0.4,,2016.0,2
Shelvin Mack,25.0,2TM,1.0,52.0,27.0,1058.0,13.6,0.507,0.301,0.147,1.4,12.5,7.0,30.6,1.7,0.2,17.7,23.3,0.2,1.2,1.3,0.061,-1.2,-0.4,-1.6,0.1,,2016.0,5
Brandon Rush,30.0,GSW,2.0,72.0,25.0,1055.0,10.1,0.56,0.604,0.108,2.3,15.4,9.2,7.0,0.9,1.6,10.8,12.5,0.8,1.2,2.0,0.09,-0.6,-0.2,-0.8,0.3,,2016.0,1
Terrence Jones,24.0,HOU,4.0,50.0,11.0,1044.0,13.5,0.519,0.215,0.316,6.5,15.9,11.1,6.3,1.1,3.1,10.5,19.3,0.8,0.7,1.5,0.068,-0.9,-1.2,-2.1,0.0,,2016.0,1
Joffrey Lauvergne,24.0,DEN,5.0,59.0,15.0,1041.0,15.7,0.567,0.139,0.182,8.1,23.1,15.4,9.1,0.6,1.2,11.6,19.5,1.6,0.7,2.3,0.105,-0.3,-1.3,-1.6,0.1,,2016.0,4
Spencer Hawes,27.0,CHO,4.0,57.0,6.0,1035.0,12.4,0.508,0.333,0.212,5.3,20.6,12.9,16.3,1.1,2.1,14.8,17.1,0.6,1.4,1.9,0.09,-1.6,1.0,-0.6,0.3,,2016.0,5
Nick Young,30.0,LAL,2.0,54.0,2.0,1033.0,9.1,0.483,0.637,0.204,1.4,9.0,5.1,5.4,1.1,0.5,6.9,18.5,0.1,0.0,0.1,0.003,-1.6,-2.1,-3.7,-0.5,,2016.0,1
Vince Carter,39.0,MEM,2.0,60.0,3.0,1005.0,12.7,0.52,0.493,0.245,3.4,13.6,8.3,8.9,1.9,1.5,8.4,18.5,1.0,0.8,1.8,0.084,-0.4,-0.6,-1.0,0.3,,2016.0,1
Rashad Vaughn,19.0,MIL,2.0,70.0,6.0,1001.0,4.2,0.398,0.553,0.056,1.3,8.7,5.0,5.5,1.5,1.4,9.3,13.5,-1.2,0.4,-0.8,-0.036,-4.4,-1.3,-5.7,-0.9,,2016.0,2
Dwight Powell,24.0,DAL,4.0,69.0,2.0,992.0,16.8,0.557,0.054,0.48,9.3,20.9,15.1,7.2,1.8,2.0,10.0,18.4,1.8,1.3,3.1,0.151,-0.6,0.7,0.1,0.5,,2016.0,4
Steve Blake,35.0,DET,1.0,58.0,2.0,986.0,9.8,0.51,0.629,0.083,1.0,9.2,4.9,29.5,1.2,0.4,24.6,14.6,0.3,0.8,1.1,0.053,-1.7,-0.7,-2.4,-0.1,,2016.0,5
Markel Brown,24.0,BRK,2.0,62.0,6.0,982.0,11.3,0.5,0.376,0.292,2.6,11.5,7.0,13.9,2.0,1.2,12.9,18.9,0.2,0.4,0.6,0.031,-2.1,-0.8,-3.0,-0.3,,2016.0,5
Kyle Singler,27.0,OKC,3.0,68.0,2.0,977.0,6.6,0.481,0.439,0.199,5.9,9.6,7.9,3.2,1.5,0.7,11.7,11.9,0.3,0.8,1.1,0.054,-3.1,-0.1,-3.2,-0.3,,2016.0,1
John Henson,25.0,MIL,5.0,57.0,1.0,960.0,18.6,0.58,0.003,0.402,10.4,15.8,13.2,9.0,1.0,9.7,15.7,19.1,1.2,1.1,2.3,0.117,-1.2,1.3,0.2,0.5,,2016.0,4
Chase Budinger,27.0,2TM,3.0,66.0,2.0,929.0,10.7,0.514,0.36,0.234,5.0,12.6,8.8,10.2,1.7,0.9,14.3,14.5,0.4,1.0,1.4,0.073,-1.8,0.5,-1.3,0.2,,2016.0,1
Chase Budinger,27.0,IND,3.0,49.0,2.0,729.0,11.1,0.502,0.356,0.247,4.7,13.4,9.1,9.9,2.0,1.0,12.6,14.9,0.3,1.0,1.3,0.084,-1.7,0.9,-0.7,0.2,,2016.0,5
Anthony Morrow,30.0,OKC,2.0,68.0,6.0,926.0,10.7,0.543,0.613,0.117,1.2,5.8,3.6,3.7,1.2,0.4,4.6,16.9,1.4,0.5,1.9,0.097,-0.1,-1.0,-1.1,0.2,,2016.0,1
James Johnson,28.0,TOR,4.0,57.0,32.0,926.0,11.4,0.532,0.275,0.283,3.5,11.9,7.8,11.4,1.6,2.9,16.7,15.9,0.3,1.0,1.3,0.068,-1.5,0.5,-1.0,0.2,,2016.0,4
Thomas Robinson,24.0,BRK,4.0,71.0,7.0,917.0,14.5,0.453,0.003,0.375,16.4,27.8,22.0,7.7,2.1,3.2,16.9,19.8,-0.5,1.1,0.6,0.033,-2.7,-1.1,-3.8,-0.4,,2016.0,4
Sasha Vujačić,31.0,NYK,2.0,61.0,25.0,908.0,11.1,0.503,0.516,0.141,3.2,14.6,9.0,14.3,1.9,0.4,13.0,16.8,0.3,0.8,1.1,0.06,-1.5,0.3,-1.2,0.2,,2016.0,1
David Lee,32.0,2TM,4.0,55.0,5.0,903.0,19.6,0.568,0.003,0.278,12.0,24.6,18.3,15.5,1.2,2.5,14.9,21.5,1.7,1.4,3.0,0.161,0.7,0.6,1.3,0.7,,2016.0,4
Josh Smith,30.0,2TM,4.0,55.0,7.0,880.0,10.6,0.439,0.41,0.192,6.4,17.4,11.9,15.9,1.9,4.3,16.9,22.9,-1.2,1.2,0.0,0.0,-3.5,0.4,-3.1,-0.2,,2016.0,4
Quincy Acy,25.0,SAC,4.0,59.0,29.0,876.0,14.7,0.629,0.229,0.318,8.1,15.1,11.6,4.4,1.6,2.2,10.0,13.1,1.8,0.7,2.5,0.137,-0.2,0.2,-0.1,0.4,,2016.0,4
Miles Plumlee,27.0,MIL,5.0,61.0,14.0,870.0,17.4,0.606,0.0,0.253,12.5,18.0,15.2,2.9,1.2,4.9,13.4,15.5,1.4,0.8,2.2,0.124,-0.2,-1.3,-1.5,0.1,,2016.0,4
Marcelo Huertas,32.0,LAL,1.0,53.0,0.0,869.0,10.4,0.488,0.265,0.126,2.2,9.2,5.6,33.9,1.5,0.6,24.8,16.3,-0.2,0.1,-0.1,-0.006,-2.7,-2.2,-5.0,-0.7,,2016.0,5
Brandon Jennings,26.0,2TM,1.0,48.0,7.0,868.0,13.7,0.491,0.51,0.257,2.0,10.4,6.1,29.2,1.7,0.7,14.4,20.0,0.8,0.7,1.5,0.082,0.2,-0.7,-0.4,0.3,,2016.0,5
Solomon Hill,24.0,IND,3.0,59.0,3.0,866.0,12.2,0.543,0.356,0.202,4.9,15.9,10.5,9.6,2.1,1.0,12.7,13.2,0.8,1.3,2.1,0.117,-1.1,1.2,0.1,0.5,,2016.0,5
Tim Hardaway Jr.,23.0,ATL,2.0,51.0,1.0,864.0,11.7,0.563,0.536,0.211,0.9,9.8,5.4,8.9,1.2,0.6,7.4,16.2,0.9,1.0,1.9,0.105,-1.1,0.2,-0.9,0.2,,2016.0,1
Alexis Ajinça,27.0,NOP,5.0,59.0,17.0,861.0,13.8,0.514,0.003,0.197,9.3,25.9,17.3,5.8,1.1,3.4,13.6,20.4,0.2,0.9,1.0,0.058,-3.4,-0.6,-4.0,-0.4,,2016.0,4
Chris Johnson,25.0,UTA,3.0,70.0,2.0,857.0,8.2,0.482,0.51,0.216,3.7,14.3,9.0,8.0,2.0,2.0,15.8,13.6,-0.1,1.2,1.1,0.059,-3.3,1.3,-2.0,0.0,,2016.0,5
Johnny O'Bryant,22.0,MIL,4.0,66.0,4.0,857.0,7.4,0.441,0.005,0.191,8.7,14.7,11.7,5.4,1.1,0.8,12.0,13.5,-0.2,0.4,0.3,0.014,-4.2,-1.7,-5.9,-0.8,,2016.0,2
Luke Babbitt,26.0,NOP,3.0,47.0,13.0,845.0,11.6,0.526,0.377,0.173,3.2,16.7,9.7,9.6,0.6,0.7,6.9,17.5,0.8,0.3,1.1,0.064,-1.0,-1.5,-2.5,-0.1,,2016.0,1
Kris Humphries,30.0,3TM,4.0,53.0,17.0,835.0,13.1,0.517,0.366,0.285,7.5,21.5,14.4,6.6,0.9,2.2,10.3,19.5,0.5,1.1,1.6,0.093,-1.6,-0.4,-2.0,0.0,,2016.0,1
Marreese Speights,28.0,GSW,5.0,72.0,0.0,832.0,17.1,0.506,0.136,0.25,10.6,19.8,15.5,11.4,1.1,3.0,11.5,29.7,0.5,1.2,1.8,0.102,-2.3,-1.5,-3.7,-0.4,,2016.0,4
Pablo Prigioni,38.0,LAC,1.0,59.0,3.0,823.0,10.2,0.482,0.646,0.054,5.1,9.9,7.5,21.8,3.2,0.1,24.6,11.0,0.3,1.1,1.5,0.087,-2.5,2.1,-0.4,0.3,,2016.0,5
Andrew Nicholson,26.0,ORL,4.0,56.0,0.0,823.0,14.8,0.567,0.368,0.21,4.5,22.8,13.5,4.8,0.6,2.2,10.8,20.4,0.8,0.8,1.6,0.092,0.0,-1.1,-1.1,0.2,,2016.0,1
Jonathon Simmons,26.0,SAS,2.0,55.0,2.0,813.0,11.9,0.586,0.194,0.38,2.3,10.8,6.7,10.4,1.5,0.5,15.8,18.9,0.7,1.3,2.0,0.119,-3.1,0.4,-2.7,-0.2,,2016.0,1
Cole Aldrich,27.0,LAC,5.0,60.0,5.0,800.0,21.3,0.626,0.0,0.373,11.9,27.1,19.6,10.0,2.9,6.7,19.6,18.4,1.4,2.0,3.5,0.209,-0.9,3.4,2.4,0.9,,2016.0,4
Justin Holiday,26.0,2TM,2.0,53.0,5.0,773.0,9.4,0.489,0.461,0.162,1.7,10.5,6.2,10.7,2.1,1.8,13.8,16.2,-0.3,0.9,0.6,0.04,-3.3,0.1,-3.1,-0.2,,2016.0,5
Festus Ezeli,26.0,GSW,5.0,46.0,13.0,770.0,17.7,0.559,0.0,0.579,13.5,21.9,18.0,5.8,1.1,4.8,11.7,18.2,1.4,1.3,2.7,0.171,-0.6,0.4,-0.1,0.4,,2016.0,4
Kyle O'Quinn,25.0,NYK,4.0,65.0,1.0,764.0,17.5,0.52,0.081,0.221,11.0,24.5,17.9,15.9,1.3,4.9,17.0,21.2,0.5,1.2,1.6,0.103,-1.0,1.4,0.4,0.5,,2016.0,4
Amar'e Stoudemire,33.0,MIA,5.0,52.0,36.0,762.0,17.3,0.599,0.0,0.303,10.0,22.6,16.5,5.6,1.2,4.1,15.8,17.8,1.1,1.3,2.4,0.15,-1.3,0.6,-0.6,0.3,,2016.0,4
Tim Frazier,25.0,2TM,1.0,51.0,2.0,741.0,13.9,0.499,0.21,0.323,3.8,12.8,8.2,33.3,2.2,0.2,19.9,19.4,0.4,0.5,1.0,0.062,-1.5,-0.5,-2.0,0.0,,2016.0,5
Norman Powell,22.0,TOR,2.0,49.0,24.0,725.0,13.3,0.541,0.389,0.231,2.6,14.8,8.8,10.4,2.1,1.1,11.3,17.8,0.7,0.9,1.6,0.105,-0.5,0.3,-0.3,0.3,,2016.0,2
James Anderson,26.0,SAC,2.0,51.0,15.0,721.0,6.0,0.469,0.483,0.163,2.0,10.9,6.5,7.7,1.4,1.6,18.0,13.7,-0.6,0.4,-0.3,-0.017,-3.9,-0.6,-4.5,-0.5,,2016.0,5
Tyler Zeller,26.0,BOS,5.0,60.0,3.0,710.0,15.4,0.539,0.0,0.372,9.1,17.6,13.3,6.6,0.7,2.4,12.0,23.0,0.8,0.9,1.7,0.114,-2.1,-1.2,-3.3,-0.2,,2016.0,4
Beno Udrih,33.0,2TM,1.0,44.0,5.0,707.0,9.5,0.496,0.222,0.101,1.3,10.0,5.8,24.9,1.0,0.1,20.4,16.7,-0.1,0.5,0.4,0.029,-2.7,-1.0,-3.6,-0.3,,2016.0,5
Dewayne Dedmon,26.0,ORL,5.0,58.0,20.0,705.0,17.0,0.606,0.0,0.429,10.4,25.7,17.9,2.7,1.6,5.4,13.2,15.2,1.2,1.1,2.4,0.162,-1.6,0.7,-0.9,0.2,,2016.0,4
Richaun Holmes,22.0,PHI,4.0,51.0,1.0,702.0,15.9,0.564,0.198,0.333,9.3,11.7,10.5,8.0,1.3,4.3,11.2,17.9,1.0,0.5,1.5,0.103,-1.1,-0.4,-1.5,0.1,,2016.0,2
Nick Collison,35.0,OKC,4.0,59.0,4.0,699.0,7.7,0.498,0.018,0.303,11.2,15.2,13.3,9.6,1.1,1.7,28.8,10.6,0.1,0.7,0.8,0.053,-3.6,0.5,-3.1,-0.2,,2016.0,4
Cameron Payne,21.0,OKC,1.0,57.0,1.0,698.0,12.9,0.49,0.399,0.086,1.5,11.2,6.6,22.5,2.6,0.7,13.2,20.3,0.6,0.8,1.4,0.093,-1.3,0.6,-0.7,0.2,,2016.0,2
Seth Curry,25.0,SAC,1.0,44.0,9.0,692.0,13.8,0.603,0.496,0.241,1.4,7.9,4.7,14.2,1.5,0.4,12.7,17.4,1.2,0.2,1.4,0.097,0.7,-0.9,-0.2,0.3,,2016.0,1
Kelly Oubre Jr.,20.0,WAS,3.0,63.0,9.0,671.0,8.2,0.507,0.374,0.232,4.1,18.4,11.1,2.8,1.6,0.8,12.8,17.4,-0.3,0.7,0.4,0.031,-4.6,-0.5,-5.1,-0.5,,2016.0,2
Charlie Villanueva,31.0,DAL,4.0,62.0,4.0,665.0,11.9,0.473,0.526,0.073,4.0,21.1,12.5,6.2,1.4,1.9,8.4,25.3,-0.6,0.8,0.2,0.016,-1.9,-0.8,-2.7,-0.1,,2016.0,1
Jeff Withey,25.0,UTA,5.0,51.0,10.0,658.0,17.7,0.577,0.012,0.364,10.0,20.7,15.4,5.0,1.7,6.8,13.0,15.1,1.1,1.3,2.3,0.171,-1.0,2.0,1.0,0.5,,2016.0,4
Tyler Ennis,21.0,MIL,1.0,46.0,7.0,654.0,10.7,0.51,0.209,0.182,2.3,10.7,6.6,21.9,1.9,0.1,18.6,17.1,0.1,0.3,0.4,0.03,-3.1,-1.1,-4.3,-0.4,,2016.0,2
Justin Anderson,22.0,DAL,3.0,55.0,9.0,647.0,12.3,0.522,0.474,0.314,3.1,19.3,11.2,6.8,1.5,3.2,10.8,15.8,0.3,0.8,1.1,0.083,-1.1,1.4,0.3,0.4,,2016.0,2
Andrea Bargnani,30.0,BRK,5.0,46.0,0.0,634.0,11.8,0.5,0.057,0.204,4.9,12.4,8.6,4.8,0.3,1.1,7.9,23.2,0.1,0.0,0.2,0.013,-2.6,-2.6,-5.1,-0.5,,2016.0,1
Kirk Hinrich,35.0,2TM,1.0,46.0,7.0,631.0,7.2,0.504,0.481,0.124,1.4,10.2,5.9,16.0,1.2,0.2,18.1,11.6,0.1,0.5,0.6,0.044,-3.9,0.5,-3.5,-0.2,,2016.0,5
Shabazz Napier,24.0,ORL,1.0,55.0,0.0,600.0,9.6,0.46,0.517,0.224,1.6,8.6,5.1,23.1,1.9,0.1,17.2,19.7,-0.3,0.4,0.1,0.004,-2.0,-1.0,-3.0,-0.2,,2016.0,5
Josh McRoberts,28.0,MIA,4.0,42.0,1.0,595.0,9.9,0.453,0.331,0.27,4.3,15.3,10.0,19.4,1.6,0.9,15.3,15.0,0.1,0.7,0.8,0.064,-2.6,1.0,-1.6,0.1,,2016.0,5
Ian Clark,24.0,GSW,2.0,66.0,1.0,578.0,11.5,0.544,0.416,0.168,2.6,9.7,6.3,15.3,1.4,1.7,16.5,19.5,0.3,0.6,0.9,0.075,-1.5,-0.4,-1.9,0.0,,2016.0,5
Mike Muscala,24.0,ATL,5.0,60.0,0.0,565.0,13.6,0.576,0.257,0.257,7.5,14.9,11.3,9.1,1.1,3.8,13.8,15.5,0.7,0.9,1.6,0.136,-2.1,1.2,-0.9,0.2,,2016.0,4
Kevin Séraphin,26.0,NYK,5.0,48.0,0.0,526.0,10.8,0.435,0.01,0.112,6.5,19.5,13.1,14.8,0.8,5.2,16.7,22.2,-0.8,0.7,-0.2,-0.015,-4.4,0.6,-3.8,-0.2,,2016.0,4
Boban Marjanović,27.0,SAS,5.0,54.0,4.0,508.0,27.7,0.662,0.0,0.655,16.9,26.2,21.7,6.6,1.2,3.5,11.5,22.8,2.3,1.2,3.4,0.325,3.9,0.4,4.3,0.8,,2016.0,4
Glenn Robinson III,22.0,IND,3.0,45.0,4.0,508.0,11.4,0.508,0.245,0.258,2.6,12.0,7.3,7.7,1.7,1.4,9.7,16.1,0.2,0.6,0.8,0.078,-1.6,0.5,-1.1,0.1,,2016.0,2
Sonny Weems,29.0,2TM,3.0,43.0,0.0,499.0,3.7,0.459,0.373,0.136,1.5,10.3,5.8,14.2,1.0,0.2,26.0,13.5,-0.7,0.1,-0.5,-0.053,-5.6,-1.7,-7.3,-0.7,,2016.0,5
Anderson Varejão,33.0,2TM,5.0,53.0,0.0,496.0,11.1,0.473,0.008,0.403,8.5,22.8,15.8,9.8,1.6,1.6,13.1,15.0,0.3,0.8,1.0,0.101,-3.5,0.6,-2.9,-0.1,,2016.0,4
Adreian Payne,24.0,MIN,4.0,52.0,2.0,486.0,5.6,0.422,0.221,0.179,4.8,21.5,13.3,8.9,1.7,1.8,18.7,17.7,-0.9,0.4,-0.5,-0.047,-6.1,-0.2,-6.2,-0.5,,2016.0,4
John Jenkins,24.0,2TM,2.0,43.0,3.0,480.0,10.0,0.522,0.319,0.15,1.8,11.3,6.5,11.7,0.8,0.2,13.7,18.1,0.0,0.2,0.2,0.022,-1.9,-1.0,-2.9,-0.1,,2016.0,1
Troy Daniels,24.0,CHO,2.0,43.0,0.0,476.0,14.9,0.634,0.652,0.048,1.6,11.6,6.5,7.6,1.2,0.5,11.2,20.4,0.6,0.4,1.1,0.109,1.8,-1.0,0.7,0.3,,2016.0,1
Jason Thompson,29.0,2TM,5.0,47.0,7.0,471.0,14.2,0.558,0.139,0.5,7.9,23.4,15.9,8.5,1.3,3.3,10.2,13.9,0.9,0.7,1.6,0.165,-2.1,1.2,-0.8,0.1,,2016.0,4
Brian Roberts,30.0,2TM,1.0,51.0,0.0,470.0,13.8,0.552,0.255,0.285,1.4,8.2,4.8,18.6,1.1,0.3,11.0,19.8,0.7,0.3,1.0,0.105,-0.9,-0.7,-1.6,0.0,,2016.0,5
James Jones,35.0,CLE,3.0,48.0,0.0,463.0,11.6,0.58,0.732,0.183,2.0,10.2,6.1,4.5,1.2,1.8,7.8,16.2,0.7,0.5,1.2,0.12,-0.2,-0.1,-0.3,0.2,,2016.0,1
Rasual Butler,36.0,SAS,3.0,46.0,0.0,432.0,13.4,0.558,0.471,0.154,0.8,13.5,7.4,7.7,1.5,4.1,6.7,12.6,0.4,0.9,1.3,0.146,0.4,2.5,2.9,0.5,,2016.0,1
Jared Cunningham,24.0,2TM,2.0,44.0,3.0,410.0,5.9,0.464,0.371,0.524,0.8,9.6,5.3,6.9,1.8,0.4,14.0,16.5,-0.3,0.4,0.1,0.014,-5.5,-0.2,-5.7,-0.4,,2016.0,1
Mike Miller,35.0,DEN,3.0,47.0,2.0,373.0,6.5,0.508,0.839,0.0,1.8,14.2,7.9,14.9,1.7,0.9,21.5,9.3,0.1,0.3,0.3,0.04,-3.8,1.2,-2.6,0.0,,2016.0,5
Tyler Hansbrough,30.0,CHO,4.0,44.0,0.0,343.0,12.5,0.522,0.042,0.915,12.6,15.8,14.2,3.5,1.8,1.7,10.8,14.7,0.5,0.5,1.0,0.134,-3.5,-0.3,-3.8,-0.1,,2016.0,4
Andrew Wiggins,21.0,MIN,3.0,82.0,82.0,3048.0,16.5,0.534,0.184,0.345,3.8,8.8,6.3,10.6,1.4,0.8,9.4,29.0,3.3,0.9,4.2,0.066,0.7,-2.4,-1.7,0.2,,2017.0,2
Karl-Anthony Towns,21.0,MIN,5.0,82.0,82.0,3030.0,25.9,0.618,0.186,0.289,11.2,27.8,19.4,13.2,0.9,2.9,11.3,27.5,9.9,2.8,12.7,0.201,5.5,-0.7,4.7,5.2,,2017.0,0
James Harden,27.0,HOU,1.0,81.0,81.0,2947.0,27.4,0.613,0.493,0.575,3.5,20.9,12.2,50.7,2.0,1.0,19.5,34.2,11.5,3.6,15.0,0.245,7.5,1.2,8.7,8.0,"MVP-2,AS,NBA1",2017.0,0
Giannis Antetokounmpo,22.0,MIL,3.0,80.0,80.0,2845.0,26.1,0.599,0.143,0.486,5.9,22.6,14.3,26.6,2.3,4.7,13.3,28.3,7.9,4.5,12.4,0.21,4.9,2.4,7.3,6.7,"MVP-7,MIP-1,AS,NBA2,DEF2",2017.0,0
John Wall,26.0,WAS,1.0,78.0,78.0,2836.0,23.2,0.541,0.19,0.367,2.4,10.6,6.5,46.9,2.7,1.4,16.2,30.6,5.8,3.0,8.8,0.149,4.6,0.1,4.7,4.8,"MVP-7,AS,NBA3",2017.0,0
Jimmy Butler,27.0,CHI,3.0,76.0,75.0,2809.0,25.1,0.586,0.198,0.54,4.9,13.2,9.0,24.8,2.6,0.9,9.3,26.5,10.1,3.8,13.8,0.236,5.6,1.7,7.3,6.6,"AS,NBA3",2017.0,0
Harrison Barnes,24.0,DAL,4.0,79.0,79.0,2803.0,16.3,0.541,0.173,0.22,3.7,13.1,8.2,7.7,1.2,0.5,6.8,25.3,2.5,2.1,4.6,0.078,0.4,-1.2,-0.8,0.8,,2017.0,3
Russell Westbrook,28.0,OKC,1.0,81.0,81.0,2802.0,30.6,0.554,0.3,0.433,5.4,28.8,17.1,57.3,2.3,0.9,15.9,41.7,8.5,4.6,13.1,0.224,8.7,2.4,11.1,9.3,"MVP-1,AS,NBA1",2017.0,0
CJ McCollum,25.0,POR,2.0,80.0,80.0,2796.0,19.9,0.585,0.305,0.204,2.4,9.1,5.7,18.0,1.3,1.2,9.9,27.5,6.2,1.4,7.6,0.131,3.4,-1.4,2.0,2.8,,2017.0,0
LeBron James,32.0,CLE,3.0,74.0,74.0,2794.0,27.0,0.619,0.254,0.395,4.0,20.7,12.6,41.3,1.6,1.3,16.1,30.0,9.8,3.0,12.9,0.221,6.4,1.2,7.6,6.7,"MVP-4,DPOY-5,AS,NBA1",2017.0,0
Trevor Ariza,31.0,HOU,3.0,80.0,80.0,2773.0,12.3,0.548,0.695,0.158,2.1,15.9,9.0,8.8,2.5,0.6,7.9,14.1,2.8,3.2,6.0,0.104,-0.1,1.1,1.0,2.1,,2017.0,3
Rudy Gobert,24.0,UTA,5.0,81.0,81.0,2744.0,23.3,0.681,0.002,0.762,13.6,29.5,21.8,5.7,0.9,6.4,15.0,16.7,8.3,6.0,14.3,0.25,2.2,2.2,4.4,4.4,"DPOY-2,NBA2,DEF1",2017.0,4
Kemba Walker,26.0,CHO,1.0,79.0,79.0,2739.0,21.3,0.569,0.415,0.248,1.8,10.6,6.2,29.1,1.6,0.7,9.5,29.2,5.9,2.2,8.1,0.142,4.9,-0.8,4.1,4.2,AS,2017.0,0
Devin Booker,20.0,PHO,2.0,78.0,78.0,2730.0,14.6,0.531,0.283,0.308,1.8,8.3,5.0,16.3,1.3,0.6,12.9,28.6,1.3,0.6,2.0,0.035,0.3,-2.3,-1.9,0.1,,2017.0,2
Anthony Davis,23.0,NOP,5.0,75.0,75.0,2708.0,27.5,0.58,0.088,0.424,6.7,27.9,17.2,11.1,1.7,5.1,9.1,32.6,5.9,5.1,11.0,0.195,4.4,1.4,5.9,5.4,"MVP-9,AS,NBA1,DEF2",2017.0,0
Damian Lillard,26.0,POR,1.0,75.0,75.0,2694.0,24.1,0.586,0.389,0.366,1.9,13.3,7.6,28.7,1.3,0.6,10.2,31.5,8.8,1.5,10.4,0.185,6.1,-1.1,5.0,4.8,,2017.0,0
Paul George,26.0,IND,3.0,75.0,75.0,2689.0,20.2,0.587,0.368,0.277,2.5,17.9,10.3,16.1,2.2,0.9,12.7,28.9,3.9,3.1,7.1,0.126,3.0,0.1,3.1,3.4,AS,2017.0,0
Bradley Beal,23.0,WAS,2.0,77.0,77.0,2684.0,20.1,0.604,0.418,0.259,2.2,7.8,5.0,16.2,1.5,0.7,9.6,26.5,6.9,1.6,8.5,0.152,4.2,-1.0,3.3,3.5,,2017.0,0
Jeff Teague,28.0,IND,1.0,82.0,82.0,2657.0,19.2,0.574,0.277,0.457,1.4,12.4,7.0,36.4,1.9,1.1,16.5,22.1,5.7,2.4,8.1,0.146,2.3,-0.1,2.2,2.8,,2017.0,0
Gorgui Dieng,27.0,MIN,4.0,82.0,82.0,2653.0,14.2,0.555,0.065,0.253,8.1,20.5,14.2,8.6,1.7,3.1,12.7,14.0,3.2,2.5,5.7,0.103,-0.8,0.6,-0.1,1.3,,2017.0,3
Klay Thompson,26.0,GSW,2.0,78.0,78.0,2649.0,17.4,0.592,0.47,0.158,2.2,9.2,5.9,9.3,1.2,1.2,8.0,26.1,4.2,2.9,7.1,0.129,2.4,-1.6,0.8,1.9,AS,2017.0,0
Stephen Curry,28.0,GSW,1.0,79.0,79.0,2638.0,24.6,0.624,0.547,0.251,2.7,11.4,7.3,31.2,2.6,0.5,13.0,30.1,8.7,3.9,12.6,0.229,6.7,0.3,6.9,5.9,"MVP-6,AS,NBA2",2017.0,0
DeMar DeRozan,27.0,TOR,2.0,74.0,74.0,2620.0,24.0,0.552,0.08,0.419,3.0,13.6,8.3,20.6,1.5,0.4,9.0,34.3,6.7,2.4,9.0,0.166,4.1,-1.0,3.0,3.3,"MVP-11,AS,NBA3",2017.0,0
Nicolas Batum,28.0,CHO,2.0,77.0,77.0,2617.0,15.8,0.529,0.415,0.291,1.9,18.4,10.1,27.7,1.6,1.0,15.0,22.3,1.7,2.8,4.6,0.084,0.6,0.2,0.8,1.9,,2017.0,3
Otto Porter Jr.,23.0,WAS,3.0,80.0,80.0,2605.0,17.3,0.628,0.425,0.148,5.1,17.1,11.1,6.7,2.2,1.3,4.9,15.1,6.4,3.0,9.4,0.173,2.4,0.9,3.3,3.5,,2017.0,0
DeAndre Jordan,28.0,LAC,5.0,81.0,81.0,2570.0,21.8,0.673,0.003,0.737,13.3,34.6,24.2,5.7,1.0,4.3,13.1,15.3,7.2,4.6,11.8,0.221,2.5,0.9,3.3,3.5,"AS,NBA3",2017.0,4
Isaiah Thomas,27.0,BOS,1.0,76.0,76.0,2569.0,26.5,0.625,0.439,0.441,1.9,7.0,4.4,32.5,1.4,0.4,10.7,34.0,10.9,1.6,12.5,0.234,7.8,-1.1,6.7,5.6,"MVP-5,AS,NBA2",2017.0,0
Tobias Harris,24.0,DET,4.0,82.0,48.0,2567.0,16.9,0.568,0.295,0.213,2.6,15.6,8.8,8.8,1.2,1.3,7.6,21.7,4.0,2.8,6.8,0.128,1.3,0.3,1.6,2.3,,2017.0,0
Marcus Morris,27.0,DET,3.0,79.0,79.0,2565.0,12.4,0.508,0.355,0.184,3.2,12.8,7.8,9.4,1.0,0.8,7.4,20.3,1.4,2.4,3.9,0.072,-0.8,-0.3,-1.1,0.6,,2017.0,3
Marcin Gortat,32.0,WAS,5.0,82.0,82.0,2556.0,15.4,0.593,0.003,0.236,10.6,26.8,18.7,6.8,0.8,2.0,13.8,14.7,3.9,2.9,6.8,0.127,-0.3,-0.5,-0.8,0.8,,2017.0,4
Myles Turner,20.0,IND,5.0,81.0,81.0,2541.0,18.5,0.585,0.132,0.349,6.2,19.6,13.0,6.6,1.5,5.9,9.5,19.5,4.3,3.7,8.0,0.151,-0.1,1.1,1.1,2.0,,2017.0,4
Carmelo Anthony,32.0,NYK,3.0,74.0,74.0,2538.0,17.9,0.535,0.303,0.263,2.6,16.0,9.3,14.5,1.2,1.1,9.0,29.1,3.2,1.5,4.7,0.089,2.3,-1.6,0.7,1.7,AS,2017.0,0
Marc Gasol,32.0,MEM,5.0,74.0,74.0,2531.0,20.3,0.554,0.231,0.286,2.6,18.8,10.5,24.8,1.4,3.7,11.3,26.4,4.2,3.5,7.7,0.145,3.8,1.4,5.2,4.6,AS,2017.0,0
Kentavious Caldwell-Pope,23.0,DET,2.0,76.0,75.0,2529.0,12.8,0.519,0.471,0.199,2.3,8.7,5.3,11.2,1.8,0.4,7.9,19.2,2.0,2.5,4.5,0.086,-0.6,0.4,-0.2,1.1,,2017.0,3
Kyrie Irving,24.0,CLE,1.0,72.0,72.0,2525.0,23.0,0.58,0.311,0.231,2.3,7.5,5.0,29.7,1.6,0.8,10.3,30.8,7.4,1.5,8.9,0.17,4.7,-1.3,3.4,3.4,AS,2017.0,0
Gordon Hayward,26.0,UTA,3.0,73.0,73.0,2516.0,22.2,0.595,0.324,0.371,2.3,15.4,9.0,18.2,1.5,0.6,9.4,27.6,7.1,3.3,10.4,0.199,4.6,0.5,5.0,4.5,AS,2017.0,0
Hassan Whiteside,27.0,MIA,5.0,77.0,77.0,2513.0,22.6,0.579,0.0,0.368,12.8,35.3,24.0,3.8,1.1,5.0,12.0,22.7,4.2,5.3,9.5,0.181,0.9,0.5,1.5,2.2,DPOY-5,2017.0,4
Wesley Matthews,30.0,DAL,2.0,73.0,73.0,2495.0,11.9,0.533,0.566,0.211,0.8,11.8,6.0,13.6,1.6,0.5,9.9,19.4,1.0,2.1,3.1,0.06,-0.8,0.0,-0.8,0.8,,2017.0,3
Dennis Schröder,23.0,ATL,1.0,79.0,78.0,2485.0,16.1,0.533,0.242,0.21,1.9,9.0,5.5,35.5,1.5,0.6,16.3,27.8,1.2,2.5,3.7,0.071,1.1,-1.0,0.0,1.3,,2017.0,0
Kawhi Leonard,25.0,SAS,3.0,74.0,74.0,2474.0,27.6,0.61,0.295,0.406,3.7,15.7,9.8,18.9,2.7,1.8,9.1,31.1,8.9,4.7,13.6,0.264,7.1,2.2,9.4,7.1,"MVP-3,DPOY-3,AS,NBA1,DEF1",2017.0,0
Draymond Green,26.0,GSW,4.0,76.0,76.0,2471.0,16.5,0.522,0.405,0.328,4.7,20.9,13.3,27.6,3.0,3.4,19.8,16.2,2.8,5.4,8.2,0.16,1.0,3.9,4.9,4.3,"DPOY-1,AS,NBA3,DEF1",2017.0,0
Ricky Rubio,26.0,MIN,1.0,75.0,75.0,2469.0,16.8,0.539,0.302,0.438,3.2,11.4,7.2,38.9,2.6,0.3,20.1,17.4,4.5,1.7,6.1,0.119,1.2,-0.2,0.9,1.8,,2017.0,0
DeMarcus Cousins,26.0,2TM,5.0,72.0,72.0,2465.0,25.8,0.562,0.253,0.468,7.0,29.2,18.2,25.8,2.0,3.4,13.5,36.5,3.9,3.8,7.6,0.149,5.0,1.8,6.8,5.5,AS,2017.0,0
DeMarcus Cousins,26.0,SAC,5.0,55.0,55.0,1891.0,26.5,0.562,0.239,0.491,7.1,28.3,17.8,27.4,2.0,3.6,13.2,37.5,3.4,2.6,6.0,0.153,5.6,1.6,7.2,4.4,,2017.0,0
Courtney Lee,31.0,NYK,2.0,77.0,74.0,2459.0,12.2,0.559,0.382,0.139,2.3,9.0,5.7,10.6,1.6,0.8,8.5,14.4,3.1,1.1,4.2,0.081,-0.7,-0.2,-0.9,0.7,,2017.0,3
Goran Dragić,30.0,MIA,1.0,73.0,73.0,2459.0,19.8,0.575,0.257,0.335,2.8,9.9,6.3,29.0,1.8,0.4,14.1,27.1,5.0,2.6,7.5,0.147,2.7,-0.1,2.6,2.9,,2017.0,0
Serge Ibaka,27.0,2TM,4.0,79.0,79.0,2422.0,16.4,0.566,0.323,0.127,5.7,19.0,12.2,5.2,0.8,4.2,9.2,20.9,2.5,2.6,5.1,0.101,0.4,-0.3,0.1,1.2,,2017.0,3
Serge Ibaka,27.0,ORL,4.0,56.0,56.0,1710.0,17.5,0.569,0.304,0.129,6.2,18.5,12.2,5.9,1.0,4.3,8.2,20.8,2.1,1.7,3.8,0.108,0.9,-0.2,0.7,1.2,,2017.0,4
Elfrid Payton,22.0,ORL,1.0,82.0,58.0,2412.0,17.2,0.52,0.16,0.231,3.9,13.9,8.7,35.7,1.8,1.3,15.0,21.6,2.4,2.0,4.4,0.088,0.8,0.0,0.8,1.7,,2017.0,2
Andre Drummond,23.0,DET,5.0,81.0,81.0,2409.0,20.9,0.518,0.008,0.39,15.1,36.2,25.2,6.0,2.6,3.1,12.5,22.4,1.4,5.3,6.7,0.133,0.1,0.8,1.0,1.8,,2017.0,4
Marcus Smart,22.0,BOS,2.0,79.0,24.0,2399.0,12.0,0.486,0.443,0.334,3.7,10.4,7.1,22.0,2.6,1.2,15.6,18.8,0.5,2.7,3.2,0.064,-1.9,0.6,-1.3,0.4,,2017.0,2
Jordan Clarkson,24.0,LAL,2.0,82.0,19.0,2397.0,13.2,0.526,0.332,0.157,2.2,9.3,5.6,14.4,1.8,0.3,12.5,23.3,0.5,0.7,1.2,0.024,-0.9,-1.6,-2.5,-0.3,,2017.0,3
Steven Adams,23.0,OKC,5.0,80.0,80.0,2389.0,16.5,0.589,0.002,0.392,13.0,15.4,14.2,5.4,1.8,2.6,16.0,16.2,3.3,3.1,6.5,0.13,-0.2,0.0,-0.2,1.1,,2017.0,4
Andre Roberson,25.0,OKC,3.0,79.0,79.0,2376.0,9.6,0.51,0.397,0.24,4.6,14.2,9.4,4.6,1.9,2.7,9.1,10.1,1.1,3.1,4.2,0.085,-2.5,1.4,-1.0,0.6,"DPOY-5,DEF2",2017.0,3
Solomon Hill,25.0,NOP,3.0,80.0,71.0,2374.0,8.0,0.527,0.565,0.268,2.3,11.4,6.8,8.1,1.5,1.1,13.3,11.5,0.4,2.3,2.7,0.055,-3.5,0.8,-2.7,-0.4,,2017.0,3
Markieff Morris,27.0,WAS,4.0,76.0,76.0,2374.0,13.7,0.54,0.22,0.242,5.1,18.2,11.7,7.8,1.7,1.5,11.6,20.5,1.6,2.5,4.1,0.083,-1.4,-0.1,-1.5,0.3,,2017.0,3
Michael Kidd-Gilchrist,23.0,CHO,3.0,81.0,81.0,2349.0,14.3,0.528,0.015,0.314,7.3,19.3,13.2,7.4,1.7,2.9,7.4,14.6,2.7,3.1,5.8,0.119,-1.6,0.9,-0.7,0.7,,2017.0,3
Paul Millsap,31.0,ATL,4.0,69.0,67.0,2343.0,17.9,0.542,0.248,0.417,5.3,19.5,12.5,17.9,1.9,2.3,12.1,24.4,2.6,3.8,6.4,0.132,0.8,1.3,2.1,2.4,AS,2017.0,0
Tony Snell,25.0,MIL,2.0,80.0,80.0,2336.0,9.7,0.603,0.656,0.107,1.1,11.1,6.2,5.9,1.2,0.5,8.8,12.1,2.1,1.3,3.4,0.071,-1.0,-0.7,-1.7,0.2,,2017.0,3
Tristan Thompson,25.0,CLE,5.0,78.0,78.0,2336.0,15.3,0.594,0.007,0.487,13.9,19.6,16.9,4.6,0.8,2.9,10.8,11.3,5.0,2.3,7.3,0.149,0.0,-0.7,-0.7,0.7,,2017.0,4
LaMarcus Aldridge,31.0,SAS,4.0,72.0,72.0,2335.0,18.6,0.532,0.053,0.258,8.5,16.6,12.7,9.9,1.0,3.0,7.7,24.5,3.5,3.7,7.2,0.149,0.7,0.1,0.8,1.7,DPOY-8,2017.0,0
Jae Crowder,26.0,BOS,3.0,72.0,72.0,2335.0,14.9,0.613,0.547,0.301,2.3,17.3,9.9,10.1,1.6,0.8,8.9,17.0,4.1,2.5,6.7,0.137,1.0,-0.1,0.9,1.7,,2017.0,3
Eric Gordon,28.0,HOU,2.0,75.0,15.0,2323.0,13.2,0.557,0.651,0.172,1.4,8.1,4.7,12.3,1.0,1.4,10.0,22.1,2.5,1.4,3.8,0.079,1.3,-1.4,-0.1,1.1,6MOY-1,2017.0,3
Aaron Gordon,21.0,ORL,3.0,80.0,72.0,2298.0,14.5,0.53,0.309,0.251,5.3,14.1,9.6,10.5,1.4,1.4,8.5,20.1,2.0,1.7,3.7,0.077,-0.3,-0.7,-1.0,0.6,,2017.0,2
Marvin Williams,30.0,CHO,4.0,76.0,76.0,2295.0,13.7,0.551,0.503,0.213,4.2,19.8,12.0,7.1,1.3,2.0,7.2,16.3,2.4,2.6,5.0,0.105,-0.1,0.1,0.0,1.1,,2017.0,3
Mike Conley,29.0,MEM,1.0,69.0,68.0,2292.0,23.2,0.604,0.415,0.365,1.5,10.8,6.0,34.5,2.1,0.8,11.8,26.3,7.5,2.5,10.0,0.209,6.0,0.8,6.8,5.1,,2017.0,0
Brandon Ingram,19.0,LAL,3.0,79.0,40.0,2279.0,8.5,0.474,0.273,0.312,2.8,12.7,7.6,10.5,1.1,1.3,12.9,16.8,-1.0,0.7,-0.3,-0.007,-3.0,-1.4,-4.4,-1.4,,2017.0,2
Robin Lopez,28.0,CHI,5.0,81.0,81.0,2271.0,14.4,0.511,0.003,0.134,11.5,13.2,12.3,5.6,0.4,4.1,10.0,17.5,1.8,2.4,4.3,0.09,-1.4,-0.8,-2.2,-0.1,,2017.0,3
Allen Crabbe,24.0,POR,2.0,79.0,7.0,2254.0,11.6,0.602,0.467,0.192,0.9,10.2,5.6,6.1,1.2,0.7,8.1,14.9,3.1,1.0,4.2,0.089,-0.7,-0.6,-1.3,0.4,,2017.0,3
Kyle Lowry,30.0,TOR,1.0,60.0,60.0,2244.0,22.9,0.623,0.51,0.398,2.4,12.0,7.2,29.9,2.0,0.7,13.8,24.9,7.8,2.3,10.1,0.216,5.8,0.4,6.1,4.6,AS,2017.0,0
Thaddeus Young,28.0,IND,4.0,74.0,74.0,2237.0,14.9,0.562,0.172,0.125,6.7,15.7,11.2,8.4,2.5,1.1,11.6,16.4,2.0,2.7,4.6,0.1,-0.3,0.8,0.5,1.4,,2017.0,3
P.J. Tucker,31.0,2TM,3.0,81.0,21.0,2236.0,10.5,0.516,0.407,0.193,5.6,17.7,11.6,6.0,2.5,0.7,11.2,11.2,1.4,2.2,3.6,0.078,-1.5,1.2,-0.3,1.0,,2017.0,3
P.J. Tucker,31.0,PHO,3.0,57.0,17.0,1627.0,10.6,0.517,0.384,0.218,6.1,17.0,11.4,6.1,2.5,0.7,11.8,11.3,1.0,1.3,2.4,0.069,-1.5,0.9,-0.6,0.6,,2017.0,5
Evan Fournier,24.0,ORL,2.0,68.0,66.0,2234.0,13.9,0.555,0.387,0.298,2.1,8.3,5.1,14.8,1.5,0.1,11.8,23.5,1.7,1.1,2.8,0.059,-0.2,-1.1,-1.3,0.4,,2017.0,3
Maurice Harkless,23.0,POR,3.0,77.0,69.0,2223.0,13.1,0.57,0.311,0.199,6.2,10.8,8.5,5.9,1.9,2.5,11.2,15.2,2.3,1.9,4.2,0.091,-0.8,0.1,-0.6,0.8,,2017.0,3
Brook Lopez,28.0,BRK,5.0,75.0,75.0,2222.0,20.4,0.578,0.33,0.311,5.8,13.3,9.6,14.8,0.8,4.2,12.1,29.2,3.1,1.8,4.9,0.105,2.9,-0.6,2.3,2.4,,2017.0,0
Victor Oladipo,24.0,OKC,2.0,67.0,67.0,2222.0,13.6,0.534,0.378,0.165,1.9,12.6,7.2,12.5,1.7,0.8,10.6,21.4,1.7,2.3,4.0,0.085,-0.3,-0.1,-0.5,0.8,,2017.0,3
Dwight Howard,31.0,ATL,5.0,74.0,74.0,2199.0,20.8,0.627,0.003,0.692,15.0,31.7,23.5,7.8,1.4,3.6,17.5,19.2,3.8,4.5,8.3,0.181,0.6,0.8,1.4,1.9,,2017.0,4
JJ Redick,32.0,LAC,2.0,78.0,78.0,2198.0,14.8,0.599,0.526,0.227,0.6,7.9,4.4,7.8,1.2,0.5,9.1,22.0,3.3,1.5,4.8,0.105,1.6,-1.2,0.4,1.4,,2017.0,3
Wilson Chandler,29.0,DEN,3.0,71.0,33.0,2197.0,14.9,0.545,0.347,0.207,5.2,17.8,11.6,9.8,1.1,1.1,10.0,22.0,2.4,1.1,3.5,0.077,0.5,-1.5,-1.0,0.5,,2017.0,1
Al Horford,30.0,BOS,5.0,68.0,68.0,2193.0,17.7,0.553,0.302,0.169,4.9,18.6,11.8,24.4,1.2,3.2,11.8,19.7,3.6,2.7,6.3,0.138,2.3,1.1,3.4,3.0,,2017.0,0
Jrue Holiday,26.0,NOP,1.0,67.0,61.0,2190.0,17.1,0.532,0.315,0.188,2.2,10.6,6.4,35.9,2.2,1.6,16.7,23.5,1.3,2.6,3.8,0.084,1.0,0.2,1.3,1.8,,2017.0,0
Nik Stauskas,23.0,PHI,2.0,80.0,27.0,2188.0,9.0,0.54,0.566,0.237,1.1,10.3,5.7,12.9,1.0,1.2,15.5,16.4,0.1,1.4,1.4,0.031,-2.1,-0.8,-2.8,-0.5,,2017.0,3
Tyler Johnson,24.0,MIA,1.0,73.0,0.0,2178.0,15.9,0.535,0.303,0.308,2.5,12.5,7.4,16.6,1.9,1.6,8.8,20.9,3.1,2.7,5.8,0.128,0.4,1.0,1.4,1.8,6MOY-11,2017.0,3
Eric Bledsoe,27.0,PHO,1.0,66.0,66.0,2176.0,20.5,0.563,0.3,0.443,2.5,13.8,8.0,31.1,2.0,1.2,15.3,28.1,4.0,1.4,5.3,0.118,3.7,-0.1,3.6,3.1,,2017.0,0
Kristaps Porziņģis,21.0,NYK,4.0,66.0,65.0,2164.0,17.4,0.546,0.319,0.256,5.5,18.2,11.8,7.3,1.1,4.9,9.7,24.3,2.4,2.1,4.5,0.1,0.7,-0.3,0.3,1.3,,2017.0,2
Nikola Vučević,26.0,ORL,5.0,75.0,55.0,2163.0,19.1,0.498,0.073,0.155,8.6,31.3,19.6,16.9,1.7,2.8,9.6,24.8,0.8,3.1,4.0,0.088,0.8,0.6,1.4,1.9,,2017.0,0
Jamal Crawford,36.0,LAC,2.0,82.0,1.0,2157.0,12.0,0.525,0.37,0.233,0.9,5.7,3.3,15.2,1.4,0.5,12.3,22.7,0.5,1.4,1.9,0.043,-0.8,-1.3,-2.1,0.0,6MOY-7,2017.0,3
Tim Hardaway Jr.,24.0,ATL,2.0,79.0,30.0,2154.0,15.2,0.568,0.457,0.235,1.8,9.5,5.7,14.3,1.3,0.6,9.5,22.5,2.7,2.1,4.8,0.107,1.0,-0.4,0.5,1.4,6MOY-10,2017.0,3
Mason Plumlee,26.0,2TM,5.0,81.0,64.0,2148.0,18.1,0.558,0.01,0.482,8.8,22.4,15.6,19.8,1.6,3.4,15.1,18.1,3.6,2.4,6.0,0.135,0.6,1.4,2.0,2.2,,2017.0,4
Mason Plumlee,26.0,POR,5.0,54.0,54.0,1516.0,18.9,0.552,0.011,0.507,8.7,22.9,15.8,21.4,1.6,3.3,14.0,18.3,2.8,1.8,4.6,0.147,1.2,1.6,2.8,1.8,,2017.0,4
Ersan İlyasova,29.0,3TM,4.0,82.0,52.0,2142.0,14.6,0.546,0.452,0.233,5.9,18.8,12.4,11.0,1.3,0.9,10.6,22.2,1.8,2.3,4.1,0.091,0.4,-0.3,0.1,1.1,,2017.0,3
Ersan İlyasova,29.0,PHI,4.0,53.0,40.0,1447.0,15.4,0.553,0.46,0.219,5.4,18.5,12.0,11.5,1.1,0.8,9.9,23.6,1.4,1.3,2.6,0.088,1.3,-0.8,0.4,0.9,,2017.0,3
Danilo Gallinari,28.0,DEN,3.0,63.0,63.0,2134.0,17.4,0.622,0.432,0.516,2.0,14.7,8.4,9.1,0.9,0.5,8.2,20.0,6.2,0.7,6.8,0.154,2.8,-1.4,1.4,1.9,,2017.0,0
T.J. McConnell,24.0,PHI,1.0,81.0,51.0,2133.0,13.7,0.504,0.107,0.176,2.0,11.0,6.5,37.5,3.1,0.4,22.4,14.4,1.4,2.4,3.8,0.084,-2.0,1.0,-1.0,0.5,,2017.0,5
Julius Randle,22.0,LAL,4.0,74.0,73.0,2132.0,16.3,0.543,0.082,0.365,7.4,25.8,16.3,19.3,1.1,1.4,16.2,21.4,2.0,1.5,3.5,0.08,-0.6,-0.3,-0.9,0.6,,2017.0,2
Dario Šarić,22.0,PHI,4.0,81.0,36.0,2129.0,12.8,0.508,0.368,0.237,5.8,20.8,13.3,14.3,1.3,1.1,15.2,24.6,-1.2,2.2,1.0,0.023,-1.3,-0.9,-2.3,-0.2,ROY-2,2017.0,2
Robert Covington,26.0,PHI,3.0,67.0,67.0,2119.0,13.2,0.534,0.563,0.238,4.8,17.9,11.3,7.5,2.9,2.6,13.9,19.2,0.0,3.2,3.1,0.071,-1.2,1.4,0.2,1.1,DPOY-4,2017.0,5
Ryan Anderson,28.0,HOU,4.0,72.0,72.0,2116.0,13.5,0.583,0.655,0.194,5.8,11.2,8.5,4.7,0.7,0.5,6.2,17.9,4.0,1.1,5.2,0.117,1.7,-2.0,-0.4,0.9,,2017.0,1
JaMychal Green,26.0,MEM,4.0,77.0,75.0,2101.0,13.5,0.601,0.29,0.334,8.8,21.1,14.8,6.3,1.2,1.5,14.1,14.4,3.2,2.6,5.8,0.132,-0.9,0.2,-0.8,0.6,,2017.0,3
James Johnson,29.0,MIA,4.0,76.0,5.0,2085.0,17.0,0.564,0.333,0.28,3.5,16.6,10.0,20.9,1.8,3.2,16.5,22.0,1.9,3.2,5.1,0.117,1.1,1.7,2.8,2.5,6MOY-5,2017.0,4
Bojan Bogdanović,27.0,2TM,3.0,81.0,54.0,2083.0,13.5,0.585,0.464,0.288,1.9,12.3,7.2,8.7,0.8,0.3,12.1,22.4,2.0,0.9,2.9,0.067,-0.1,-2.1,-2.2,-0.1,,2017.0,3
Bojan Bogdanović,27.0,BRK,3.0,55.0,54.0,1482.0,13.0,0.572,0.453,0.273,1.7,12.3,7.0,10.1,0.8,0.2,12.0,22.5,1.0,0.6,1.6,0.052,-0.5,-2.1,-2.6,-0.2,,2017.0,1
Derrick Rose,28.0,NYK,1.0,64.0,64.0,2082.0,17.0,0.53,0.061,0.259,3.4,9.3,6.4,22.8,1.1,0.7,11.9,25.7,2.4,0.6,3.0,0.068,1.0,-2.0,-1.0,0.5,,2017.0,0
Blake Griffin,27.0,LAC,4.0,61.0,61.0,2076.0,22.6,0.569,0.116,0.434,6.2,20.2,13.4,24.5,1.4,0.9,10.9,28.0,5.4,2.4,7.7,0.179,4.2,0.5,4.7,3.5,,2017.0,0
Kevin Durant,28.0,GSW,4.0,62.0,62.0,2070.0,27.6,0.651,0.304,0.374,2.2,23.6,13.6,23.1,1.5,3.8,10.4,27.8,8.0,4.0,12.0,0.278,6.7,2.2,8.9,5.7,"MVP-9,AS,NBA2",2017.0,0
Jonas Valančiūnas,24.0,TOR,5.0,80.0,80.0,2066.0,20.1,0.601,0.003,0.309,12.4,29.1,20.8,4.4,0.9,2.6,11.7,19.5,4.9,3.0,7.9,0.183,1.1,-0.8,0.3,1.2,,2017.0,4
Darren Collison,29.0,SAC,1.0,68.0,64.0,2063.0,15.3,0.57,0.245,0.239,1.3,7.1,4.3,24.5,1.6,0.4,12.6,19.8,3.1,0.8,3.9,0.091,0.3,-1.2,-0.9,0.6,,2017.0,0
Patrick Beverley,28.0,HOU,2.0,67.0,67.0,2058.0,13.0,0.546,0.53,0.175,5.0,15.8,10.4,18.8,2.3,1.0,14.6,14.1,2.9,2.4,5.3,0.123,-0.2,1.4,1.1,1.6,"DPOY-8,DEF1",2017.0,5
Austin Rivers,24.0,LAC,2.0,74.0,29.0,2054.0,11.4,0.545,0.409,0.261,1.1,7.5,4.4,15.0,1.2,0.4,12.4,20.3,1.2,1.3,2.5,0.059,-1.2,-1.0,-2.2,-0.1,,2017.0,1
T.J. Warren,23.0,PHO,3.0,66.0,59.0,2048.0,15.6,0.539,0.12,0.189,6.5,11.7,9.0,5.8,1.8,1.5,6.1,19.2,3.0,1.1,4.1,0.096,0.1,-0.7,-0.6,0.7,,2017.0,0
Jameer Nelson,34.0,DEN,1.0,75.0,39.0,2045.0,11.5,0.544,0.452,0.104,1.5,8.8,5.2,26.0,1.3,0.3,16.8,15.8,2.3,0.5,2.8,0.066,-0.8,-1.2,-2.0,0.0,,2017.0,5
Nikola Jokić,21.0,DEN,5.0,73.0,59.0,2038.0,26.3,0.64,0.163,0.267,11.6,27.2,19.5,28.8,1.5,2.1,15.2,23.5,7.7,2.0,9.7,0.228,5.9,1.4,7.3,4.8,,2017.0,0
Seth Curry,26.0,DAL,1.0,70.0,42.0,2029.0,15.5,0.601,0.458,0.142,1.4,9.3,5.1,16.0,2.0,0.3,11.0,19.5,2.9,1.7,4.6,0.11,0.8,0.4,1.2,1.7,,2017.0,3
Cory Joseph,25.0,TOR,1.0,80.0,22.0,2003.0,13.2,0.518,0.204,0.185,2.9,10.4,6.6,20.0,1.7,0.6,13.1,18.4,1.7,1.7,3.4,0.082,-0.9,-0.4,-1.3,0.4,,2017.0,3
Andre Iguodala,33.0,GSW,3.0,76.0,0.0,1998.0,14.3,0.624,0.427,0.246,3.0,13.1,8.3,16.7,1.8,1.5,11.2,11.2,4.1,2.9,6.9,0.167,0.8,1.7,2.5,2.3,6MOY-2,2017.0,3
Monta Ellis,31.0,IND,2.0,74.0,33.0,1998.0,9.9,0.514,0.242,0.23,1.1,10.3,5.7,17.2,2.0,1.2,18.0,16.8,-0.7,1.7,1.1,0.026,-3.1,0.2,-2.9,-0.5,,2017.0,5
Lou Williams,30.0,2TM,2.0,81.0,1.0,1994.0,21.4,0.593,0.447,0.458,1.4,9.9,5.5,19.9,1.9,0.8,11.8,29.1,5.1,1.0,6.1,0.148,4.6,-0.7,3.9,3.0,6MOY-3,2017.0,3
Lou Williams,30.0,LAL,2.0,58.0,1.0,1403.0,23.9,0.609,0.432,0.469,1.1,9.5,5.1,22.3,2.3,0.6,11.9,30.6,4.3,0.6,4.9,0.169,6.2,-0.4,5.8,2.8,,2017.0,0
Taj Gibson,31.0,2TM,4.0,78.0,71.0,1989.0,15.0,0.543,0.018,0.223,8.6,17.9,13.2,5.9,1.0,2.6,11.9,19.3,1.6,2.5,4.0,0.097,-1.1,-0.4,-1.5,0.2,,2017.0,3
Taj Gibson,31.0,CHI,4.0,55.0,55.0,1502.0,15.4,0.549,0.023,0.225,8.5,19.0,13.7,6.5,0.9,2.6,11.7,19.2,1.4,1.9,3.3,0.104,-1.0,-0.2,-1.2,0.3,,2017.0,4
Matthew Dellavedova,26.0,MIL,1.0,76.0,54.0,1986.0,9.4,0.501,0.403,0.18,1.4,7.1,4.3,25.7,1.4,0.0,18.8,16.3,0.3,0.9,1.2,0.029,-2.5,-1.8,-4.2,-1.1,,2017.0,5
Malcolm Brogdon,24.0,MIL,2.0,75.0,28.0,1982.0,14.9,0.555,0.304,0.198,2.8,9.6,6.3,24.3,2.2,0.5,14.1,18.5,2.6,1.5,4.1,0.1,0.0,-0.4,-0.4,0.8,"ROY-1,6MOY-11",2017.0,3
Joe Ingles,29.0,UTA,3.0,82.0,26.0,1972.0,12.4,0.604,0.619,0.151,1.4,13.6,7.6,17.2,2.6,0.3,18.2,13.9,2.0,3.0,5.0,0.123,-0.7,2.3,1.6,1.8,,2017.0,5
Rodney McGruder,25.0,MIA,2.0,78.0,65.0,1966.0,9.1,0.506,0.478,0.154,5.2,9.2,7.2,8.8,1.2,0.7,10.2,12.3,1.2,1.7,2.9,0.072,-1.8,-0.1,-1.9,0.0,ROY-8,2017.0,3
Kent Bazemore,27.0,ATL,3.0,73.0,64.0,1963.0,11.6,0.504,0.369,0.233,2.6,10.3,6.5,14.2,2.3,2.3,13.6,20.5,-0.6,2.8,2.1,0.052,-2.1,1.1,-1.0,0.5,,2017.0,5
Ish Smith,28.0,DET,1.0,81.0,32.0,1955.0,14.7,0.477,0.14,0.136,1.1,12.4,6.6,32.5,1.6,1.4,12.4,20.5,0.9,2.2,3.1,0.076,-0.5,0.8,0.3,1.1,,2017.0,3
Terrence Ross,25.0,2TM,3.0,78.0,24.0,1955.0,13.4,0.55,0.524,0.103,1.0,10.8,5.9,7.1,2.2,1.4,8.0,19.3,1.5,2.0,3.5,0.086,-0.3,0.1,-0.2,0.9,,2017.0,3
Terrence Ross,25.0,TOR,3.0,54.0,0.0,1207.0,14.9,0.558,0.534,0.104,1.3,11.6,6.5,5.9,2.2,1.4,6.2,19.8,1.6,1.3,2.9,0.116,1.1,0.2,1.2,1.0,,2017.0,1
Frank Kaminsky,23.0,CHO,5.0,75.0,16.0,1954.0,13.0,0.502,0.441,0.195,3.2,15.8,9.5,13.5,1.2,1.5,8.0,21.8,0.4,1.9,2.3,0.056,-0.5,-0.6,-1.2,0.4,,2017.0,3
Jon Leuer,27.0,DET,4.0,75.0,34.0,1944.0,14.2,0.551,0.259,0.175,5.5,17.5,11.3,8.6,0.8,1.1,8.7,17.3,2.5,2.0,4.5,0.112,-0.4,0.3,-0.1,1.0,,2017.0,3
Iman Shumpert,26.0,CLE,2.0,76.0,31.0,1937.0,9.0,0.536,0.534,0.184,2.3,9.9,6.2,7.8,1.6,1.1,12.9,14.0,0.7,1.4,2.0,0.05,-2.3,0.1,-2.3,-0.1,,2017.0,3
Chris Paul,31.0,LAC,1.0,61.0,61.0,1921.0,26.2,0.614,0.385,0.331,2.4,15.0,8.8,46.8,3.1,0.3,14.0,24.4,7.9,2.6,10.6,0.264,6.3,2.5,8.7,5.2,DEF1,2017.0,0
Tony Allen,35.0,MEM,2.0,71.0,66.0,1914.0,13.3,0.493,0.091,0.218,9.6,13.8,11.7,8.4,3.1,1.4,13.3,17.9,0.2,2.9,3.1,0.077,-2.0,1.1,-1.0,0.5,DEF2,2017.0,5
Buddy Hield,24.0,2TM,2.0,82.0,55.0,1888.0,11.8,0.541,0.494,0.099,2.0,13.5,7.8,10.3,1.0,0.4,11.2,21.3,0.0,1.3,1.3,0.032,-0.6,-1.4,-2.0,0.0,ROY-4,2017.0,3
Buddy Hield,24.0,NOP,2.0,57.0,37.0,1161.0,9.9,0.503,0.512,0.07,1.7,13.4,7.5,10.3,0.8,0.5,9.0,20.4,-0.4,0.9,0.5,0.02,-1.7,-1.1,-2.8,-0.2,,2017.0,1
Kevin Love,28.0,CLE,4.0,60.0,60.0,1885.0,21.1,0.573,0.449,0.34,8.9,29.3,19.5,9.8,1.4,0.9,10.9,26.4,4.0,2.4,6.4,0.163,3.3,-1.2,2.1,1.9,AS,2017.0,0
DeMarre Carroll,30.0,TOR,3.0,72.0,72.0,1882.0,11.9,0.53,0.582,0.213,3.8,12.7,8.3,5.7,2.2,1.2,8.2,15.6,1.7,2.1,3.8,0.097,-0.4,0.4,0.0,1.0,,2017.0,3
Joe Johnson,35.0,UTA,3.0,78.0,14.0,1843.0,12.8,0.542,0.412,0.123,2.1,12.8,7.6,12.6,1.0,0.8,9.5,18.5,1.7,2.1,3.8,0.099,0.4,0.1,0.4,1.1,,2017.0,3
Rajon Rondo,30.0,CHI,1.0,69.0,42.0,1843.0,13.6,0.461,0.237,0.089,4.2,16.6,10.4,37.0,2.7,0.5,22.5,17.8,-0.4,2.7,2.3,0.06,-1.6,1.0,-0.5,0.7,,2017.0,5
Avery Bradley,26.0,BOS,2.0,55.0,55.0,1835.0,14.4,0.548,0.357,0.12,4.0,16.2,10.1,11.0,1.8,0.5,9.7,21.9,1.1,2.0,3.1,0.081,0.0,-0.5,-0.6,0.7,,2017.0,1
Greg Monroe,26.0,MIL,5.0,81.0,0.0,1823.0,21.1,0.572,0.006,0.329,10.8,23.1,17.0,17.3,2.6,1.8,14.4,24.3,3.0,2.6,5.6,0.147,1.3,0.5,1.8,1.7,6MOY-6,2017.0,4
E'Twaun Moore,27.0,NOP,2.0,73.0,22.0,1820.0,12.1,0.537,0.336,0.12,1.9,6.9,4.4,13.8,1.3,1.4,8.7,17.4,1.2,1.5,2.7,0.07,-1.7,0.1,-1.6,0.2,,2017.0,1
D'Angelo Russell,20.0,LAL,1.0,63.0,60.0,1811.0,15.3,0.518,0.443,0.217,1.8,11.9,6.7,26.8,2.3,0.7,15.6,26.6,0.3,1.0,1.3,0.033,0.7,-1.5,-0.8,0.6,,2017.0,2
Danny Green,29.0,SAS,2.0,68.0,68.0,1807.0,10.1,0.537,0.693,0.071,2.0,11.8,7.0,9.6,2.0,2.6,14.1,13.5,0.4,3.0,3.4,0.09,-1.0,1.9,0.8,1.3,DEF2,2017.0,5
Brandon Jennings,27.0,2TM,1.0,81.0,13.0,1802.0,12.1,0.479,0.471,0.284,1.8,10.1,5.9,30.4,1.9,0.2,17.5,17.6,0.7,1.0,1.7,0.046,-1.2,-1.2,-2.4,-0.2,,2017.0,3
Brandon Jennings,27.0,NYK,1.0,58.0,11.0,1428.0,12.7,0.508,0.466,0.315,1.6,9.9,5.7,28.6,1.9,0.2,17.8,18.1,0.8,0.7,1.5,0.052,-0.8,-1.2,-2.0,0.0,,2017.0,5
Vince Carter,40.0,MEM,3.0,73.0,15.0,1799.0,11.7,0.542,0.604,0.235,2.2,12.5,7.2,11.5,1.7,1.9,8.5,14.9,1.9,2.1,4.0,0.106,-0.3,1.1,0.8,1.3,6MOY-11,2017.0,1
Bismack Biyombo,24.0,ORL,5.0,81.0,27.0,1793.0,12.2,0.546,0.0,0.69,9.3,25.6,17.2,6.0,0.7,4.1,17.7,13.2,0.8,2.1,2.9,0.077,-3.4,0.2,-3.2,-0.6,,2017.0,4
Dwyane Wade,35.0,CHI,2.0,60.0,59.0,1792.0,18.5,0.508,0.152,0.294,3.8,12.6,8.1,22.3,2.4,1.8,11.3,29.6,0.9,2.5,3.4,0.09,1.6,0.9,2.5,2.1,,2017.0,0
Luc Mbah a Moute,30.0,LAC,3.0,80.0,76.0,1787.0,10.2,0.581,0.291,0.23,2.8,7.7,5.3,3.1,2.3,1.6,10.0,11.6,1.3,1.8,3.1,0.084,-1.6,1.3,-0.2,0.8,,2017.0,3
Zach Randolph,35.0,MEM,4.0,73.0,5.0,1786.0,18.5,0.49,0.098,0.2,11.3,27.4,19.2,13.5,1.1,0.5,8.6,29.2,0.8,2.4,3.2,0.086,1.0,-1.6,-0.5,0.7,6MOY-4,2017.0,0
Gary Harris,22.0,DEN,2.0,57.0,56.0,1782.0,16.5,0.611,0.4,0.21,3.0,8.0,5.5,13.6,1.9,0.3,9.8,18.4,3.9,0.7,4.6,0.124,1.5,-0.9,0.7,1.2,,2017.0,2
Marco Belinelli,30.0,CHO,2.0,74.0,0.0,1778.0,13.3,0.566,0.46,0.273,0.9,10.2,5.5,13.1,1.2,0.4,9.2,19.2,2.0,1.2,3.2,0.087,-0.6,-0.5,-1.1,0.4,,2017.0,1
Matt Barnes,36.0,2TM,3.0,74.0,18.0,1777.0,10.3,0.514,0.556,0.188,4.6,19.7,12.3,15.7,1.3,1.3,17.3,15.6,0.3,1.7,2.0,0.053,-1.7,0.3,-1.4,0.3,,2017.0,5
Matt Barnes,36.0,SAC,3.0,54.0,13.0,1367.0,10.2,0.501,0.551,0.172,4.7,19.9,12.4,16.3,1.3,1.1,16.8,16.4,-0.1,1.0,1.0,0.034,-1.6,-0.1,-1.6,0.1,,2017.0,5
C.J. Miles,29.0,IND,3.0,76.0,29.0,1776.0,13.8,0.592,0.632,0.144,1.9,12.4,7.2,4.1,1.3,1.2,5.5,18.4,2.7,1.4,4.0,0.109,1.2,-0.7,0.5,1.1,,2017.0,3
Al-Farouq Aminu,26.0,POR,4.0,61.0,25.0,1773.0,11.3,0.506,0.455,0.292,4.8,23.5,14.1,7.9,1.7,2.0,15.2,15.4,-0.1,2.0,1.9,0.051,-1.4,0.4,-1.1,0.4,,2017.0,1
Jamal Murray,19.0,DEN,2.0,82.0,10.0,1764.0,11.9,0.518,0.471,0.164,2.6,10.7,6.7,14.0,1.4,1.1,12.6,21.6,0.6,0.7,1.3,0.037,-0.6,-1.4,-2.0,0.0,ROY-5,2017.0,2
Rondae Hollis-Jefferson,22.0,BRK,3.0,78.0,50.0,1761.0,13.7,0.517,0.124,0.467,5.8,21.1,13.6,13.4,2.2,1.9,15.1,18.7,0.4,2.2,2.6,0.07,-2.2,0.9,-1.3,0.3,,2017.0,2
Patty Mills,28.0,SAS,1.0,80.0,8.0,1754.0,15.2,0.578,0.572,0.129,1.6,7.4,4.6,24.3,1.9,0.1,13.3,19.5,2.9,2.2,5.1,0.139,1.4,0.2,1.6,1.6,6MOY-8,2017.0,3
Trevor Booker,29.0,BRK,4.0,71.0,43.0,1754.0,15.7,0.554,0.132,0.186,8.7,25.5,17.2,12.9,2.0,1.2,16.6,18.7,1.0,2.2,3.1,0.086,-0.9,0.3,-0.6,0.6,,2017.0,4
Sean Kilpatrick,27.0,BRK,2.0,70.0,24.0,1754.0,13.1,0.546,0.419,0.329,1.3,15.4,8.4,14.6,1.2,0.3,13.8,23.8,0.4,1.1,1.4,0.04,-0.9,-1.4,-2.3,-0.1,,2017.0,1
Kyle Korver,35.0,2TM,2.0,67.0,22.0,1753.0,12.1,0.635,0.697,0.082,0.5,11.0,5.8,9.4,1.0,1.0,11.5,15.2,2.3,1.3,3.7,0.1,0.5,-0.5,0.0,0.9,,2017.0,1
Zach LaVine,21.0,MIN,2.0,47.0,47.0,1749.0,14.6,0.576,0.437,0.197,1.2,9.5,5.3,12.6,1.2,0.5,9.9,21.7,2.6,0.4,3.0,0.082,1.5,-1.4,0.1,0.9,,2017.0,2
Marquese Chriss,19.0,PHO,4.0,82.0,75.0,1743.0,12.3,0.529,0.354,0.286,5.8,16.1,10.8,5.2,1.8,3.2,13.2,19.7,0.3,1.5,1.8,0.05,-2.2,-0.1,-2.2,-0.1,ROY-7,2017.0,2
Ty Lawson,29.0,SAC,1.0,69.0,24.0,1732.0,15.4,0.551,0.226,0.416,3.0,8.9,6.0,29.9,2.2,0.3,17.3,19.5,2.2,1.0,3.2,0.088,-0.2,-0.8,-1.0,0.4,,2017.0,5
Garrett Temple,30.0,SAC,2.0,65.0,20.0,1728.0,11.2,0.545,0.509,0.171,2.2,10.1,6.2,14.4,2.5,1.5,14.4,14.2,0.9,1.3,2.2,0.061,-1.5,0.8,-0.8,0.5,,2017.0,5
Jabari Parker,21.0,MIL,4.0,51.0,50.0,1728.0,19.1,0.563,0.219,0.268,5.4,15.7,10.6,14.3,1.5,1.1,9.3,26.5,2.6,1.5,4.0,0.112,2.1,-1.4,0.7,1.2,,2017.0,2
Cody Zeller,24.0,CHO,5.0,62.0,58.0,1725.0,16.7,0.604,0.002,0.442,8.6,17.3,12.9,9.1,1.8,3.0,10.9,15.5,3.4,2.2,5.6,0.157,-0.9,1.1,0.2,1.0,,2017.0,4
Will Barton,26.0,DEN,2.0,60.0,19.0,1705.0,15.5,0.547,0.353,0.285,3.8,12.9,8.4,17.7,1.4,1.3,11.5,21.1,2.5,0.8,3.3,0.093,1.2,-1.0,0.2,1.0,,2017.0,3
Raymond Felton,32.0,LAC,1.0,80.0,11.0,1700.0,10.9,0.496,0.28,0.125,2.2,11.9,7.2,16.3,1.9,1.1,13.3,16.5,0.2,1.8,1.9,0.055,-2.0,0.7,-1.3,0.3,,2017.0,3
Nikola Mirotić,25.0,CHI,4.0,70.0,15.0,1679.0,14.5,0.546,0.603,0.205,3.9,20.9,12.3,6.9,1.6,2.6,10.5,19.8,1.2,2.5,3.8,0.107,0.2,0.5,0.7,1.1,,2017.0,1
Gerald Henderson,29.0,PHI,2.0,72.0,41.0,1667.0,10.8,0.529,0.313,0.298,2.2,10.0,6.1,10.5,1.2,0.7,9.0,17.9,1.0,1.0,2.0,0.059,-2.2,-0.9,-3.1,-0.5,,2017.0,1
Evan Turner,28.0,POR,3.0,65.0,12.0,1658.0,11.4,0.491,0.214,0.187,2.4,14.2,8.3,18.4,1.6,1.2,14.3,18.5,0.0,1.2,1.2,0.035,-2.3,-0.1,-2.5,-0.2,,2017.0,1
Deron Williams,32.0,2TM,1.0,64.0,44.0,1657.0,14.0,0.541,0.39,0.182,0.9,9.4,5.1,35.9,1.0,0.4,17.6,22.1,1.5,0.9,2.4,0.069,0.0,-1.8,-1.8,0.1,,2017.0,5
Dante Cunningham,29.0,NOP,4.0,66.0,35.0,1649.0,10.2,0.586,0.504,0.075,3.6,14.2,8.9,3.2,1.2,1.4,7.0,10.7,1.4,1.6,3.0,0.088,-1.9,0.3,-1.6,0.2,,2017.0,1
Isaiah Whitehead,21.0,BRK,1.0,73.0,26.0,1643.0,7.6,0.487,0.293,0.222,2.1,9.7,5.9,17.7,1.2,1.7,20.3,18.2,-1.7,0.9,-0.8,-0.023,-4.3,-0.8,-5.1,-1.3,,2017.0,2
Dorian Finney-Smith,23.0,DAL,4.0,81.0,35.0,1642.0,7.7,0.486,0.574,0.183,3.7,12.4,7.9,6.0,1.6,1.4,11.1,11.6,-0.1,1.5,1.4,0.041,-3.3,0.6,-2.6,-0.3,,2017.0,3
Justin Holiday,27.0,NYK,2.0,82.0,4.0,1639.0,12.7,0.549,0.507,0.149,1.8,13.1,7.4,9.2,2.0,1.5,10.3,16.9,1.3,1.2,2.5,0.073,-0.5,0.2,-0.3,0.7,,2017.0,3
Domantas Sabonis,20.0,OKC,4.0,81.0,66.0,1632.0,6.9,0.469,0.331,0.139,3.1,16.4,9.8,7.2,1.2,1.6,14.0,15.4,-1.0,1.8,0.8,0.022,-4.5,-0.1,-4.5,-1.0,,2017.0,2
Pau Gasol,36.0,SAS,5.0,64.0,39.0,1627.0,20.2,0.578,0.172,0.305,7.6,26.8,17.4,14.7,0.8,3.5,10.6,21.3,3.3,3.1,6.4,0.19,2.6,1.5,4.0,2.5,,2017.0,0
Richard Jefferson,36.0,CLE,3.0,79.0,13.0,1614.0,8.3,0.574,0.542,0.315,2.0,11.6,6.9,6.6,0.8,0.5,11.8,12.2,1.3,0.8,2.1,0.063,-2.5,-0.6,-3.1,-0.4,,2017.0,3
Josh Richardson,23.0,MIA,2.0,53.0,34.0,1614.0,10.7,0.493,0.442,0.15,2.4,9.2,5.8,12.7,1.9,1.9,10.6,16.8,0.3,1.9,2.2,0.066,-2.0,0.9,-1.1,0.4,,2017.0,5
Amir Johnson,29.0,BOS,4.0,80.0,77.0,1608.0,15.0,0.628,0.178,0.27,8.3,17.0,12.7,13.0,1.6,3.2,15.7,13.6,2.9,2.1,5.0,0.149,-0.7,1.3,0.6,1.1,,2017.0,4
Kelly Oubre Jr.,21.0,WAS,3.0,79.0,5.0,1605.0,9.1,0.516,0.425,0.224,4.3,14.0,9.2,4.0,1.8,0.9,9.3,14.6,0.6,1.5,2.0,0.061,-3.2,0.0,-3.2,-0.5,,2017.0,2
Patrick Patterson,27.0,TOR,4.0,65.0,8.0,1599.0,10.8,0.542,0.659,0.156,4.4,16.3,10.4,6.6,1.3,1.2,8.5,12.5,1.7,1.6,3.3,0.1,0.0,0.1,0.1,0.8,,2017.0,1
Thabo Sefolosha,32.0,ATL,3.0,62.0,42.0,1596.0,11.9,0.519,0.304,0.19,3.8,14.7,9.3,9.9,3.0,1.7,11.9,13.3,0.6,2.7,3.3,0.098,-2.1,2.5,0.4,1.0,,2017.0,5
Rodney Hood,24.0,UTA,2.0,59.0,55.0,1593.0,12.4,0.522,0.461,0.173,1.2,13.1,7.3,10.1,1.3,0.6,8.3,22.9,0.7,1.9,2.6,0.078,-0.6,-0.3,-0.9,0.4,,2017.0,1
Tony Parker,34.0,SAS,1.0,63.0,63.0,1587.0,13.0,0.514,0.121,0.206,0.7,7.3,4.0,27.8,1.1,0.1,12.5,20.2,1.4,1.7,3.0,0.092,-1.6,-0.9,-2.6,-0.2,,2017.0,5
Arron Afflalo,31.0,SAC,2.0,61.0,45.0,1580.0,8.9,0.559,0.36,0.221,0.7,8.4,4.6,7.4,0.7,0.3,8.4,14.4,1.2,0.2,1.4,0.043,-2.1,-1.5,-3.6,-0.7,,2017.0,1
Alex Len,23.0,PHO,5.0,77.0,34.0,1560.0,15.0,0.553,0.026,0.449,10.6,25.3,17.8,4.2,1.2,5.1,15.5,17.6,1.2,1.7,3.0,0.091,-2.4,0.1,-2.3,-0.1,,2017.0,4
Nick Young,31.0,LAL,2.0,60.0,60.0,1556.0,14.1,0.588,0.665,0.142,1.7,8.2,4.8,5.8,1.2,0.7,5.1,19.5,3.0,0.2,3.2,0.098,1.7,-1.8,-0.1,0.7,,2017.0,1
Clint Capela,22.0,HOU,5.0,65.0,59.0,1551.0,21.4,0.638,0.0,0.314,12.5,24.5,18.5,6.7,1.1,4.1,12.0,19.9,3.8,2.1,5.9,0.184,1.3,-0.1,1.2,1.2,,2017.0,2
George Hill,30.0,UTA,1.0,49.0,49.0,1544.0,19.3,0.599,0.384,0.323,1.8,10.5,6.2,22.8,1.7,0.6,10.9,23.5,4.0,1.9,5.9,0.182,3.0,0.8,3.8,2.3,,2017.0,0
D.J. Augustin,29.0,ORL,1.0,78.0,20.0,1538.0,11.0,0.524,0.53,0.311,1.0,7.4,4.1,20.4,1.0,0.1,13.3,19.4,0.7,0.5,1.2,0.038,-1.2,-1.8,-3.0,-0.4,,2017.0,3
Kelly Olynyk,25.0,BOS,5.0,75.0,6.0,1538.0,15.3,0.603,0.378,0.242,5.3,20.7,13.1,15.2,1.4,1.5,14.6,19.0,2.2,1.9,4.1,0.127,-0.3,0.6,0.3,0.9,,2017.0,4
Jeff Green,30.0,ORL,4.0,69.0,11.0,1534.0,10.5,0.505,0.346,0.301,2.7,12.8,7.6,8.1,1.2,0.7,10.6,20.3,-0.2,0.9,0.7,0.022,-2.4,-1.2,-3.6,-0.6,,2017.0,1
Enes Freedom,24.0,OKC,5.0,72.0,0.0,1533.0,23.7,0.599,0.052,0.387,14.1,20.8,17.4,7.9,1.0,2.0,12.5,27.3,4.0,1.8,5.8,0.183,3.0,-1.3,1.7,1.4,6MOY-8,2017.0,4
Jerami Grant,22.0,2TM,4.0,80.0,4.0,1531.0,10.1,0.556,0.354,0.448,2.7,12.1,7.4,4.2,1.1,4.1,10.1,12.1,1.1,1.8,2.9,0.091,-2.1,0.8,-1.3,0.3,,2017.0,2
Jerami Grant,22.0,OKC,4.0,78.0,4.0,1490.0,10.3,0.566,0.367,0.447,2.8,12.0,7.4,4.3,1.1,4.0,9.9,11.8,1.3,1.7,3.0,0.098,-1.9,0.9,-1.1,0.4,,2017.0,2
Tim Frazier,26.0,NOP,1.0,65.0,35.0,1525.0,12.4,0.504,0.317,0.319,2.3,9.7,6.0,31.4,1.8,0.3,18.0,16.3,1.0,1.4,2.4,0.075,-2.5,-0.2,-2.7,-0.3,,2017.0,5
Sergio Rodríguez,30.0,PHI,1.0,68.0,30.0,1518.0,11.1,0.484,0.47,0.05,1.5,9.9,5.7,35.4,1.6,0.2,18.9,19.3,-0.3,1.0,0.7,0.023,-1.2,-1.6,-2.7,-0.3,,2017.0,5
Shabazz Muhammad,24.0,MIN,3.0,78.0,1.0,1516.0,14.9,0.566,0.242,0.318,6.4,10.6,8.5,3.7,0.7,0.3,7.6,21.5,2.5,0.2,2.7,0.086,0.5,-2.9,-2.4,-0.1,,2017.0,3
Doug McDermott,25.0,2TM,3.0,66.0,5.0,1508.0,10.7,0.554,0.419,0.169,1.4,11.5,6.4,5.9,0.4,0.3,6.6,16.4,1.6,1.0,2.6,0.083,-0.9,-1.4,-2.3,-0.1,,2017.0,1
Doug McDermott,25.0,CHI,3.0,44.0,4.0,1078.0,11.3,0.555,0.402,0.18,1.4,11.7,6.5,6.5,0.5,0.3,7.4,17.6,1.1,0.8,1.9,0.084,-0.9,-1.2,-2.1,0.0,,2017.0,1
James Ennis III,26.0,MEM,3.0,64.0,28.0,1501.0,10.6,0.581,0.427,0.343,5.1,14.9,9.9,6.5,1.6,1.2,13.8,13.0,1.4,1.7,3.1,0.101,-1.9,0.7,-1.2,0.3,,2017.0,1
Wayne Ellington,29.0,MIA,2.0,62.0,13.0,1500.0,12.6,0.565,0.71,0.077,1.3,8.5,4.9,7.1,1.2,0.2,5.0,17.9,2.1,1.2,3.3,0.105,0.8,-0.9,-0.1,0.7,,2017.0,1
Langston Galloway,25.0,2TM,1.0,74.0,2.0,1495.0,10.4,0.51,0.565,0.117,2.0,9.3,5.6,9.4,1.5,0.3,7.4,18.4,0.2,1.1,1.3,0.04,-1.5,-0.7,-2.3,-0.1,,2017.0,1
Langston Galloway,25.0,NOP,1.0,55.0,0.0,1120.0,11.2,0.508,0.608,0.118,1.9,9.6,5.7,8.8,1.7,0.4,5.7,19.5,0.2,1.0,1.2,0.052,-1.2,-0.2,-1.5,0.1,,2017.0,1
Luol Deng,31.0,LAL,3.0,56.0,49.0,1486.0,10.1,0.47,0.389,0.149,4.5,17.7,10.8,7.0,1.6,1.1,8.7,14.2,0.1,0.8,0.9,0.029,-1.4,-0.6,-2.1,0.0,,2017.0,1
David Lee,33.0,SAS,4.0,79.0,10.0,1477.0,18.5,0.613,0.0,0.269,11.7,21.9,16.9,13.0,1.1,2.2,14.9,16.9,3.2,2.5,5.7,0.186,0.7,1.1,1.8,1.4,,2017.0,4
Anthony Tolliver,31.0,SAC,4.0,65.0,9.0,1477.0,11.1,0.595,0.655,0.234,4.0,14.4,9.3,7.7,1.2,1.2,12.6,13.6,1.5,0.8,2.3,0.075,-0.1,-0.8,-1.0,0.4,,2017.0,1
Andrew Harrison,22.0,MEM,1.0,72.0,18.0,1474.0,8.7,0.477,0.433,0.539,1.7,9.0,5.3,20.0,1.9,1.4,16.0,16.4,0.0,1.5,1.6,0.051,-4.0,0.6,-3.4,-0.5,,2017.0,2
Larry Nance Jr.,24.0,LAL,4.0,63.0,7.0,1442.0,15.7,0.567,0.1,0.222,8.8,19.6,14.0,9.7,2.8,2.2,12.4,13.4,2.1,1.5,3.5,0.118,-0.6,1.2,0.6,1.0,,2017.0,4
Glenn Robinson III,23.0,IND,3.0,69.0,27.0,1427.0,11.5,0.564,0.37,0.225,4.5,14.7,9.7,4.7,1.4,1.2,9.1,12.8,1.3,1.2,2.5,0.085,-0.5,0.2,-0.3,0.6,,2017.0,1
Dirk Nowitzki,38.0,DAL,4.0,54.0,54.0,1424.0,17.0,0.529,0.308,0.165,1.8,28.3,14.4,10.6,1.1,2.4,6.6,25.8,0.6,1.9,2.5,0.084,0.8,0.1,0.8,1.0,,2017.0,0
Reggie Jackson,26.0,DET,1.0,52.0,50.0,1424.0,14.9,0.51,0.272,0.201,1.5,7.4,4.4,30.3,1.2,0.3,13.4,26.4,0.8,1.2,1.9,0.065,0.4,-1.4,-1.0,0.4,,2017.0,5
Willie Cauley-Stein,23.0,SAC,5.0,75.0,21.0,1421.0,16.3,0.558,0.004,0.314,7.0,20.4,13.8,9.4,1.9,2.8,11.2,19.7,1.4,1.5,2.9,0.1,-1.2,0.2,-1.0,0.3,,2017.0,4
Sam Dekker,22.0,HOU,4.0,77.0,2.0,1419.0,13.1,0.549,0.436,0.159,7.2,14.6,10.9,7.7,1.3,1.2,8.2,14.9,1.9,1.2,3.1,0.104,0.3,-0.6,-0.2,0.6,,2017.0,2
Kosta Koufos,27.0,SAC,5.0,71.0,62.0,1419.0,13.8,0.56,0.003,0.158,9.7,23.0,16.4,5.3,1.3,3.1,12.7,15.3,1.2,1.4,2.6,0.089,-2.1,-0.4,-2.5,-0.2,,2017.0,4
Emmanuel Mudiay,20.0,DEN,1.0,55.0,41.0,1406.0,10.9,0.483,0.323,0.303,2.3,11.6,7.0,21.8,1.4,0.7,16.5,22.6,-0.4,0.5,0.2,0.006,-1.6,-1.6,-3.2,-0.4,,2017.0,2
Channing Frye,33.0,CLE,5.0,74.0,15.0,1398.0,15.6,0.612,0.644,0.142,3.0,19.3,11.4,4.9,1.2,2.1,8.8,19.3,2.3,1.4,3.7,0.125,1.4,-0.4,1.0,1.1,,2017.0,1
Jonathon Simmons,27.0,SAS,2.0,78.0,8.0,1392.0,9.9,0.504,0.242,0.314,1.7,11.1,6.5,13.2,1.7,1.5,13.7,18.0,-0.1,2.1,2.0,0.068,-3.7,1.1,-2.6,-0.2,,2017.0,3
Jusuf Nurkić,22.0,2TM,5.0,65.0,48.0,1391.0,17.5,0.528,0.002,0.393,12.3,24.8,18.6,13.9,1.8,4.2,18.6,23.9,0.2,1.8,2.0,0.068,-1.4,0.5,-0.9,0.4,,2017.0,2
Jusuf Nurkić,22.0,DEN,5.0,45.0,29.0,807.0,15.0,0.515,0.0,0.379,12.3,23.2,17.8,11.1,1.5,3.5,18.9,22.6,-0.2,0.8,0.6,0.034,-2.0,-0.1,-2.1,0.0,,2017.0,2
Dion Waiters,25.0,MIA,2.0,46.0,43.0,1384.0,14.5,0.507,0.324,0.192,1.4,10.9,6.1,23.8,1.5,1.1,12.5,26.3,0.2,1.5,1.6,0.057,0.3,-0.4,-0.1,0.7,,2017.0,3
Stanley Johnson,20.0,DET,3.0,77.0,1.0,1371.0,7.2,0.436,0.422,0.145,2.8,12.7,7.5,10.5,2.1,1.5,15.5,14.8,-1.4,1.8,0.4,0.012,-4.4,1.4,-3.0,-0.3,,2017.0,2
Norman Powell,23.0,TOR,2.0,76.0,18.0,1368.0,14.0,0.552,0.342,0.314,2.2,11.8,7.0,9.3,1.9,0.9,10.8,21.1,1.4,1.4,2.8,0.097,-0.6,0.1,-0.5,0.5,,2017.0,3
Jason Terry,39.0,MIL,2.0,74.0,0.0,1365.0,9.1,0.6,0.704,0.119,1.3,7.7,4.5,9.9,1.7,1.3,12.3,9.8,1.2,0.9,2.1,0.075,-1.4,0.5,-0.9,0.4,,2017.0,1
Jared Dudley,31.0,PHO,4.0,64.0,7.0,1362.0,10.6,0.579,0.587,0.188,2.4,15.9,9.0,12.5,1.5,0.9,16.3,13.8,1.1,0.7,1.8,0.064,-1.1,0.1,-1.0,0.3,,2017.0,1
Shaun Livingston,31.0,GSW,1.0,76.0,3.0,1345.0,10.1,0.568,0.009,0.19,2.4,9.4,6.2,13.5,1.4,1.2,15.3,13.0,1.1,1.6,2.6,0.093,-3.0,0.5,-2.5,-0.2,,2017.0,3
Jaylen Brown,20.0,BOS,3.0,78.0,20.0,1341.0,10.3,0.539,0.319,0.293,3.8,14.4,9.1,7.2,1.3,1.1,12.5,18.1,0.2,1.3,1.5,0.053,-3.0,-0.8,-3.7,-0.6,ROY-8,2017.0,2
Spencer Dinwiddie,23.0,BRK,1.0,59.0,18.0,1334.0,12.7,0.581,0.334,0.526,2.2,10.7,6.5,20.3,1.6,1.3,15.1,14.1,1.9,0.9,2.8,0.101,-1.3,0.4,-1.0,0.4,,2017.0,5
Kris Dunn,22.0,MIN,1.0,78.0,7.0,1333.0,8.1,0.432,0.233,0.188,2.1,12.6,7.3,19.4,3.0,2.3,20.8,14.2,-1.2,1.3,0.1,0.004,-4.5,1.8,-2.8,-0.3,,2017.0,2
Dwight Powell,25.0,DAL,5.0,77.0,3.0,1333.0,17.6,0.588,0.196,0.374,7.7,19.5,13.3,6.1,2.4,2.6,7.2,16.7,2.7,1.9,4.6,0.165,-0.1,1.1,1.0,1.0,,2017.0,4
Dewayne Dedmon,27.0,SAS,5.0,76.0,37.0,1330.0,16.0,0.645,0.0,0.359,11.2,30.6,21.1,4.8,1.4,3.7,16.9,12.3,2.3,3.0,5.2,0.189,-1.4,2.0,0.6,0.9,,2017.0,4
Willy Hernangómez,22.0,NYK,5.0,72.0,22.0,1324.0,19.0,0.564,0.032,0.269,13.8,27.1,20.4,11.5,1.5,2.2,16.1,20.3,1.8,1.6,3.4,0.123,0.3,-0.5,-0.3,0.6,ROY-5,2017.0,2
Tyson Chandler,34.0,PHO,5.0,47.0,46.0,1298.0,16.6,0.703,0.0,0.544,12.5,33.2,22.6,3.3,1.2,1.5,18.7,11.2,2.7,1.3,4.1,0.151,0.7,-0.3,0.3,0.8,,2017.0,4
Kenneth Faried,27.0,DEN,4.0,61.0,34.0,1296.0,20.3,0.588,0.014,0.454,15.8,23.6,19.7,6.3,1.6,2.4,10.6,18.3,3.3,1.2,4.5,0.168,1.5,-1.2,0.3,0.7,,2017.0,4
Manu Ginóbili,39.0,SAS,2.0,69.0,0.0,1291.0,13.9,0.532,0.517,0.244,2.5,11.1,6.9,20.8,3.2,1.0,16.5,20.4,0.6,2.4,3.0,0.11,-0.7,2.1,1.4,1.1,,2017.0,5
Marreese Speights,29.0,LAC,5.0,82.0,2.0,1286.0,17.5,0.584,0.505,0.25,7.9,24.1,16.2,8.0,0.9,2.6,10.2,23.6,2.5,1.7,4.2,0.155,0.9,-0.3,0.6,0.9,,2017.0,4
Randy Foye,33.0,BRK,2.0,69.0,40.0,1284.0,7.3,0.506,0.625,0.194,0.8,11.9,6.4,15.2,1.3,0.5,18.5,14.4,-0.6,0.7,0.2,0.006,-3.7,-0.7,-4.4,-0.8,,2017.0,5
Boris Diaw,34.0,UTA,4.0,73.0,33.0,1283.0,9.0,0.494,0.248,0.107,4.3,9.8,7.1,20.3,0.7,0.6,20.3,15.6,-0.1,1.2,1.1,0.041,-2.3,-0.2,-2.5,-0.1,,2017.0,5
Corey Brewer,30.0,2TM,3.0,82.0,11.0,1281.0,9.1,0.491,0.339,0.195,2.7,11.6,7.1,10.7,2.3,1.3,12.7,14.3,0.0,1.2,1.2,0.045,-3.5,0.8,-2.7,-0.2,,2017.0,3
Corey Brewer,30.0,HOU,3.0,58.0,8.0,923.0,7.5,0.491,0.414,0.194,2.5,11.0,6.7,9.0,1.9,1.1,12.7,12.9,0.0,0.8,0.9,0.045,-4.0,0.6,-3.4,-0.3,,2017.0,1
Terrence Jones,25.0,2TM,4.0,54.0,12.0,1270.0,16.1,0.515,0.152,0.346,5.4,20.2,12.7,7.5,1.5,3.5,7.8,21.4,0.4,1.9,2.3,0.086,-1.0,0.4,-0.6,0.5,,2017.0,4
Terrence Jones,25.0,NOP,4.0,51.0,12.0,1264.0,16.2,0.518,0.153,0.348,5.4,20.0,12.6,7.5,1.5,3.4,7.8,21.4,0.5,1.8,2.3,0.088,-0.9,0.4,-0.5,0.5,,2017.0,4
Zaza Pachulia,32.0,GSW,5.0,70.0,70.0,1268.0,16.1,0.588,0.007,0.41,12.9,22.0,17.7,13.6,2.2,2.0,19.4,15.3,2.3,2.5,4.7,0.178,-1.1,1.6,0.6,0.8,,2017.0,4
Noah Vonleh,21.0,POR,4.0,74.0,41.0,1265.0,10.8,0.525,0.074,0.348,11.4,22.5,17.0,3.4,1.2,1.7,17.1,13.1,0.6,1.2,1.8,0.069,-3.0,-0.9,-3.9,-0.6,,2017.0,2
Terry Rozier,22.0,BOS,1.0,74.0,0.0,1263.0,10.9,0.466,0.436,0.161,3.6,16.3,10.0,15.2,1.8,0.7,9.7,17.1,0.0,1.4,1.4,0.054,-1.6,0.1,-1.4,0.2,,2017.0,2
Malcolm Delaney,27.0,ATL,1.0,73.0,2.0,1248.0,7.5,0.456,0.284,0.24,0.9,9.8,5.4,23.1,1.5,0.1,18.1,18.3,-1.2,1.3,0.1,0.005,-5.3,-0.3,-5.6,-1.1,,2017.0,5
Mike Muscala,25.0,ATL,5.0,70.0,3.0,1237.0,14.4,0.596,0.326,0.19,6.9,14.4,10.7,11.9,1.2,2.8,13.1,14.8,1.8,1.6,3.4,0.132,-0.1,1.2,1.1,1.0,,2017.0,1
Caris LeVert,22.0,BRK,3.0,57.0,26.0,1237.0,12.3,0.556,0.484,0.245,2.0,13.9,8.0,13.7,1.9,0.5,12.3,16.6,0.8,1.0,1.8,0.07,-1.3,0.3,-1.1,0.3,,2017.0,2
Jonas Jerebko,29.0,BOS,4.0,78.0,6.0,1232.0,9.3,0.537,0.496,0.141,5.4,19.1,12.3,8.1,1.0,1.1,12.3,11.4,0.8,1.3,2.1,0.08,-2.3,0.0,-2.4,-0.1,,2017.0,3
Kyle O'Quinn,26.0,NYK,5.0,79.0,8.0,1229.0,20.5,0.552,0.041,0.201,13.7,24.8,19.2,14.8,1.5,6.9,14.5,18.5,2.1,1.8,3.9,0.151,0.2,1.7,1.9,1.2,,2017.0,4
Dante Exum,21.0,UTA,1.0,66.0,26.0,1228.0,8.5,0.521,0.41,0.201,2.9,9.3,6.2,14.1,0.9,0.8,16.8,18.1,-0.1,1.3,1.2,0.046,-3.2,-0.1,-3.3,-0.4,,2017.0,2
Justin Anderson,23.0,2TM,3.0,75.0,10.0,1228.0,13.9,0.537,0.442,0.294,6.2,16.9,11.4,8.8,1.7,1.6,11.7,20.9,0.6,1.3,1.9,0.074,-0.9,-0.4,-1.3,0.2,,2017.0,3
Justin Anderson,23.0,DAL,3.0,51.0,2.0,710.0,14.7,0.521,0.44,0.318,6.1,18.9,12.2,7.6,2.1,2.0,11.2,23.6,0.1,0.9,1.0,0.067,-1.0,0.0,-1.0,0.2,,2017.0,5
Meyers Leonard,24.0,POR,4.0,74.0,12.0,1222.0,8.9,0.507,0.563,0.106,2.4,19.1,10.8,8.4,0.5,1.8,8.1,15.5,0.5,0.8,1.4,0.053,-2.6,-0.6,-3.3,-0.4,,2017.0,1
Shelvin Mack,26.0,UTA,1.0,55.0,9.0,1205.0,10.9,0.518,0.315,0.202,2.0,9.8,6.0,20.4,1.8,0.2,17.8,19.6,-0.1,1.5,1.4,0.054,-2.5,0.2,-2.3,-0.1,,2017.0,5
Nenê,34.0,HOU,5.0,67.0,8.0,1198.0,18.9,0.63,0.023,0.496,8.6,17.0,12.8,8.6,2.2,2.6,13.1,19.7,2.5,1.6,4.1,0.165,0.0,0.8,0.8,0.8,,2017.0,4
Yogi Ferrell,23.0,2TM,1.0,46.0,29.0,1197.0,13.1,0.533,0.447,0.226,1.8,9.2,5.3,23.2,1.8,0.7,13.9,19.6,0.8,1.0,1.8,0.072,-0.9,-0.3,-1.1,0.3,ROY-8,2017.0,5
Richaun Holmes,23.0,PHI,5.0,57.0,17.0,1193.0,18.6,0.611,0.187,0.25,8.7,20.1,14.4,8.3,1.7,3.7,10.7,18.6,2.2,1.6,3.8,0.151,0.5,0.5,1.0,0.9,,2017.0,4
Timothé Luwawu-Cabarrot,21.0,PHI,3.0,69.0,19.0,1190.0,8.5,0.536,0.446,0.341,2.3,11.5,6.9,9.6,1.3,0.7,15.0,17.8,0.0,0.8,0.8,0.034,-3.9,-0.7,-4.6,-0.8,,2017.0,2
Nemanja Bjelica,28.0,MIN,4.0,65.0,1.0,1190.0,11.0,0.526,0.497,0.171,5.5,18.6,12.0,9.6,1.7,1.4,13.4,16.4,0.6,0.9,1.5,0.059,-1.8,0.2,-1.6,0.1,,2017.0,1
Derrick Favors,25.0,UTA,4.0,50.0,39.0,1186.0,15.8,0.512,0.024,0.261,9.2,20.2,14.9,7.9,2.0,2.7,11.4,20.7,0.5,2.2,2.7,0.109,-1.2,1.2,-0.1,0.6,,2017.0,4
Troy Daniels,25.0,MEM,2.0,67.0,3.0,1183.0,10.4,0.531,0.717,0.109,2.1,7.8,4.8,6.6,0.9,0.3,8.0,21.7,0.5,0.8,1.3,0.051,0.2,-1.9,-1.8,0.0,,2017.0,1
Justin Hamilton,26.0,BRK,5.0,64.0,7.0,1177.0,13.6,0.55,0.475,0.137,6.5,17.0,11.8,7.3,1.2,2.8,9.7,16.2,1.0,1.0,2.1,0.084,-0.5,-0.3,-0.8,0.4,,2017.0,1
Ben McLemore,23.0,SAC,2.0,61.0,27.0,1176.0,9.8,0.538,0.406,0.222,1.9,10.7,6.3,6.9,1.2,0.5,11.9,20.1,-0.1,0.5,0.4,0.015,-2.5,-1.7,-4.2,-0.6,,2017.0,1
Aron Baynes,30.0,DET,5.0,75.0,2.0,1163.0,13.1,0.57,0.0,0.337,10.0,21.6,15.6,3.9,0.7,2.8,13.5,14.1,1.4,1.5,3.0,0.123,-3.2,0.5,-2.7,-0.2,,2017.0,4
Trey Lyles,21.0,UTA,4.0,71.0,4.0,1158.0,9.9,0.464,0.465,0.18,4.9,18.1,11.7,9.5,1.2,1.4,11.9,21.7,-0.9,1.6,0.8,0.031,-2.2,0.0,-2.2,-0.1,,2017.0,2
Jeremy Lamb,24.0,CHO,2.0,62.0,5.0,1143.0,17.0,0.55,0.297,0.263,2.9,22.6,12.7,11.3,1.2,1.8,6.8,23.2,1.4,1.3,2.7,0.115,0.5,0.1,0.5,0.7,,2017.0,1
Brandon Knight,25.0,PHO,2.0,54.0,5.0,1140.0,12.4,0.502,0.265,0.293,2.3,9.1,5.6,17.8,1.1,0.4,12.9,25.0,0.1,0.2,0.3,0.015,-0.8,-2.1,-2.8,-0.2,,2017.0,5
Joe Harris,25.0,BRK,2.0,52.0,11.0,1138.0,9.0,0.558,0.61,0.135,1.5,12.0,6.8,7.3,1.2,0.5,12.5,16.5,0.1,0.6,0.8,0.032,-2.6,-0.9,-3.5,-0.4,,2017.0,1
Ian Clark,25.0,GSW,2.0,77.0,0.0,1137.0,13.1,0.575,0.376,0.134,2.3,9.0,5.8,11.2,1.7,0.6,10.7,19.5,1.0,1.3,2.3,0.099,-1.0,-0.5,-1.5,0.1,,2017.0,3
Jahlil Okafor,21.0,PHI,5.0,50.0,33.0,1134.0,14.8,0.546,0.0,0.335,7.8,15.5,11.7,9.0,0.9,3.4,14.4,24.1,0.1,1.1,1.2,0.05,-1.9,-0.6,-2.5,-0.1,,2017.0,2
Mirza Teletović,31.0,MIL,4.0,70.0,2.0,1133.0,8.8,0.515,0.73,0.108,1.1,15.4,8.3,6.4,0.5,1.0,7.8,19.1,-0.1,0.7,0.6,0.025,-1.7,-2.1,-3.8,-0.5,,2017.0,1
Tyler Ulis,21.0,PHO,1.0,61.0,15.0,1123.0,13.0,0.474,0.181,0.162,1.9,7.5,4.6,30.5,2.0,0.4,14.1,20.3,0.3,0.4,0.7,0.029,-0.9,-1.4,-2.4,-0.1,,2017.0,2
John Henson,26.0,MIL,5.0,58.0,39.0,1123.0,15.3,0.55,0.003,0.346,9.6,20.8,15.3,7.7,1.3,6.1,12.7,16.6,1.2,1.6,2.7,0.116,-2.3,0.7,-1.6,0.1,,2017.0,4
Timofey Mozgov,30.0,LAL,5.0,54.0,52.0,1104.0,12.3,0.553,0.003,0.238,9.9,16.4,13.1,5.9,0.7,2.3,16.6,16.8,0.7,0.4,1.1,0.048,-2.9,-1.5,-4.3,-0.7,,2017.0,4
Tarik Black,25.0,LAL,5.0,67.0,16.0,1091.0,15.0,0.56,0.007,0.371,13.9,20.7,17.2,5.3,1.3,3.3,14.5,15.7,1.5,0.8,2.4,0.105,-2.3,-0.9,-3.2,-0.3,,2017.0,4
Lucas Nogueira,24.0,TOR,5.0,57.0,6.0,1088.0,15.5,0.682,0.077,0.429,8.5,16.8,12.7,5.4,2.4,7.1,19.9,9.5,1.7,2.0,3.7,0.164,-1.0,3.0,2.0,1.1,,2017.0,4
Devin Harris,33.0,DAL,1.0,65.0,0.0,1087.0,13.8,0.549,0.519,0.378,1.1,13.0,6.8,20.0,2.1,0.6,12.5,19.7,1.1,1.1,2.2,0.096,-1.0,0.7,-0.4,0.4,,2017.0,5
Patrick McCaw,21.0,GSW,2.0,71.0,20.0,1074.0,8.6,0.54,0.502,0.151,2.3,7.6,5.1,9.0,1.4,1.1,12.1,11.9,0.5,1.2,1.7,0.077,-2.4,0.1,-2.4,-0.1,,2017.0,2
Jason Smith,30.0,WAS,5.0,74.0,3.0,1068.0,13.6,0.598,0.237,0.155,6.8,20.4,13.6,5.0,1.0,4.2,14.2,16.7,1.0,1.3,2.3,0.103,-2.1,0.4,-1.8,0.1,,2017.0,4
Luke Babbitt,27.0,MIA,3.0,68.0,55.0,1065.0,8.3,0.563,0.747,0.053,1.2,13.5,7.3,4.8,0.9,0.8,8.0,13.0,0.8,1.0,1.8,0.081,-2.0,-0.1,-2.0,0.0,,2017.0,1
Montrezl Harrell,23.0,HOU,5.0,58.0,14.0,1064.0,19.2,0.662,0.02,0.351,8.3,14.2,11.2,9.6,0.9,3.2,9.9,17.6,3.1,1.0,4.1,0.183,0.9,0.1,1.0,0.8,,2017.0,4
Álex Abrines,23.0,OKC,2.0,68.0,6.0,1055.0,10.1,0.56,0.724,0.144,1.9,7.1,4.5,5.5,1.7,0.6,8.3,15.9,1.2,0.9,2.1,0.096,-1.3,-0.4,-1.6,0.1,,2017.0,1
Nerlens Noel,22.0,2TM,5.0,51.0,19.0,1047.0,20.4,0.622,0.003,0.359,9.8,22.3,15.9,8.1,3.1,4.0,12.5,17.6,2.1,1.9,4.0,0.181,0.1,2.3,2.4,1.2,,2017.0,2
Cristiano Felício,24.0,CHI,5.0,66.0,0.0,1040.0,15.3,0.603,0.0,0.421,12.8,19.5,16.1,5.7,1.2,1.3,11.2,12.4,2.1,1.3,3.4,0.158,-0.6,-0.1,-0.7,0.3,,2017.0,4
Willie Reed,26.0,MIA,5.0,71.0,5.0,1031.0,17.1,0.578,0.014,0.309,13.7,22.0,17.8,3.9,0.9,3.6,8.7,15.3,2.1,1.5,3.6,0.168,-0.9,0.0,-0.9,0.3,,2017.0,4
Brandon Rush,31.0,MIN,2.0,47.0,33.0,1030.0,6.6,0.505,0.61,0.096,1.8,9.5,5.6,5.8,1.1,1.9,12.6,9.6,0.1,0.3,0.4,0.019,-2.0,-0.5,-2.5,-0.1,,2017.0,1
Jerian Grant,24.0,CHI,1.0,63.0,28.0,1028.0,13.2,0.555,0.445,0.243,1.8,9.9,5.8,17.4,2.3,0.6,11.7,16.0,1.4,1.2,2.5,0.119,-1.3,1.4,0.1,0.6,,2017.0,5
Kyle Anderson,23.0,SAS,3.0,72.0,14.0,1020.0,12.5,0.525,0.191,0.273,3.7,19.0,11.5,12.4,2.5,2.1,14.3,12.1,0.7,2.0,2.7,0.127,-1.4,3.2,1.8,1.0,,2017.0,5
Mindaugas Kuzminskas,27.0,NYK,3.0,68.0,5.0,1016.0,12.4,0.533,0.455,0.184,5.0,8.4,6.7,10.3,1.4,0.9,11.3,19.2,0.8,0.4,1.2,0.055,-0.6,-1.4,-1.9,0.0,,2017.0,1
Joakim Noah,31.0,NYK,5.0,46.0,46.0,1015.0,15.2,0.491,0.005,0.386,17.1,25.6,21.4,14.1,1.5,3.0,19.7,12.6,1.0,1.2,2.2,0.106,-0.9,0.4,-0.5,0.4,,2017.0,4
C.J. Watson,32.0,ORL,1.0,62.0,9.0,1012.0,9.3,0.507,0.423,0.266,1.7,8.1,4.8,16.1,2.1,0.2,14.5,14.1,0.2,0.6,0.9,0.041,-3.8,0.2,-3.6,-0.4,,2017.0,5
Bobby Portis,21.0,CHI,4.0,64.0,13.0,1000.0,14.9,0.545,0.256,0.157,8.0,24.0,16.0,5.7,0.8,0.9,8.4,19.1,1.1,1.2,2.4,0.114,-0.6,-0.9,-1.5,0.1,,2017.0,2
Taurean Prince,22.0,ATL,3.0,59.0,10.0,981.0,9.8,0.513,0.358,0.33,2.8,14.6,8.8,8.4,2.2,2.4,15.7,17.2,-0.4,1.5,1.1,0.054,-3.5,1.7,-1.8,0.0,,2017.0,2
Joffrey Lauvergne,25.0,2TM,5.0,70.0,1.0,980.0,12.6,0.509,0.292,0.217,8.0,20.2,14.1,10.8,1.3,0.5,13.2,18.5,0.4,1.1,1.5,0.075,-1.5,-0.7,-2.2,-0.1,,2017.0,1
Joffrey Lauvergne,25.0,OKC,4.0,50.0,0.0,739.0,12.9,0.531,0.32,0.238,7.6,19.8,13.7,10.3,1.2,0.6,12.9,17.8,0.6,0.8,1.4,0.091,-1.0,-0.5,-1.6,0.1,,2017.0,1
Denzel Valentine,23.0,CHI,2.0,57.0,0.0,976.0,7.3,0.492,0.722,0.063,1.2,15.6,8.3,9.3,1.5,0.6,14.2,15.4,-0.5,1.1,0.6,0.031,-3.5,0.1,-3.3,-0.3,,2017.0,1
Semaj Christon,24.0,OKC,1.0,64.0,1.0,973.0,5.7,0.387,0.283,0.139,2.2,7.8,4.9,18.1,1.4,0.6,15.4,12.2,-0.7,0.8,0.1,0.006,-4.8,-0.3,-5.1,-0.8,,2017.0,5
Lance Thomas,28.0,NYK,4.0,46.0,15.0,968.0,8.4,0.516,0.348,0.209,3.5,12.3,7.9,5.0,1.1,0.4,8.6,13.1,0.6,0.4,0.9,0.046,-2.4,-1.1,-3.5,-0.4,,2017.0,1
Leandro Barbosa,34.0,PHO,2.0,67.0,0.0,963.0,11.5,0.509,0.25,0.115,1.6,10.3,5.9,13.0,1.5,0.7,10.4,20.0,0.3,0.4,0.6,0.031,-1.7,-0.9,-2.5,-0.1,,2017.0,1
Mario Hezonja,21.0,ORL,3.0,65.0,2.0,960.0,7.2,0.45,0.436,0.152,2.2,14.7,8.3,9.6,1.5,1.3,14.1,18.8,-1.4,0.8,-0.7,-0.033,-4.1,-0.9,-5.0,-0.7,,2017.0,2
Michael Beasley,28.0,MIL,4.0,56.0,6.0,935.0,17.8,0.584,0.106,0.259,5.0,18.9,12.0,9.9,1.5,2.5,12.7,25.3,0.8,1.0,1.8,0.092,0.0,-0.8,-0.8,0.3,,2017.0,4
Al Jefferson,32.0,IND,5.0,66.0,1.0,931.0,18.9,0.526,0.002,0.18,9.2,24.2,16.8,11.0,1.0,1.5,6.1,26.1,1.2,1.1,2.3,0.119,-0.3,-1.1,-1.4,0.1,,2017.0,4
Salah Mejri,30.0,DAL,5.0,73.0,11.0,905.0,14.8,0.65,0.022,0.445,11.9,28.4,19.8,2.4,1.8,6.1,19.6,10.6,1.3,1.7,3.0,0.159,-3.0,2.3,-0.7,0.3,,2017.0,4
Aaron Brooks,32.0,IND,1.0,65.0,0.0,894.0,9.5,0.507,0.427,0.133,2.3,6.3,4.3,20.7,1.4,0.9,17.2,19.2,-0.2,0.5,0.3,0.016,-2.4,-1.2,-3.7,-0.4,,2017.0,5
Lavoy Allen,27.0,IND,4.0,61.0,5.0,871.0,11.6,0.485,0.006,0.196,13.7,14.5,14.1,9.1,1.0,2.4,13.7,10.9,0.9,0.8,1.7,0.093,-1.5,-0.2,-1.7,0.1,,2017.0,4
Pascal Siakam,22.0,TOR,4.0,55.0,38.0,859.0,11.5,0.523,0.034,0.156,8.4,15.9,12.2,2.9,1.5,4.5,13.1,13.1,0.4,1.2,1.6,0.089,-3.0,0.7,-2.4,-0.1,,2017.0,2
Ron Baker,23.0,NYK,2.0,52.0,13.0,857.0,7.5,0.456,0.396,0.198,1.5,10.8,6.2,17.3,2.0,0.8,19.2,14.8,-0.6,0.5,-0.1,-0.008,-4.5,-0.3,-4.7,-0.6,,2017.0,5
David West,36.0,GSW,5.0,68.0,0.0,854.0,16.6,0.571,0.032,0.222,6.5,18.8,13.0,24.1,2.4,4.4,22.0,17.9,0.9,1.7,2.6,0.148,-0.7,3.5,2.8,1.0,,2017.0,4
Michael Carter-Williams,25.0,CHI,1.0,45.0,19.0,846.0,9.9,0.437,0.209,0.252,3.0,16.6,9.8,20.0,2.3,2.2,16.3,20.9,-1.0,1.3,0.2,0.013,-4.5,1.3,-3.2,-0.3,,2017.0,5
Paul Zipser,22.0,CHI,3.0,44.0,18.0,843.0,6.9,0.503,0.448,0.181,1.9,14.2,8.0,6.1,0.9,1.5,14.4,14.4,-0.3,0.8,0.5,0.03,-4.2,-0.2,-4.4,-0.5,,2017.0,2
Juancho Hernangómez,21.0,DEN,4.0,62.0,9.0,842.0,13.4,0.592,0.504,0.339,5.7,18.7,12.3,4.7,1.7,1.1,10.7,14.6,1.2,0.6,1.8,0.104,0.1,-0.2,-0.1,0.4,,2017.0,2
Mike Dunleavy,36.0,2TM,3.0,53.0,2.0,841.0,10.1,0.573,0.609,0.205,2.4,12.4,7.5,8.6,0.9,0.7,10.5,14.0,0.8,0.7,1.5,0.086,-1.3,-0.1,-1.4,0.1,,2017.0,1
Ramon Sessions,30.0,CHO,1.0,50.0,1.0,811.0,12.4,0.495,0.236,0.449,1.5,8.5,4.9,24.2,1.7,0.3,12.7,20.1,0.3,0.6,0.9,0.055,-2.0,-0.4,-2.4,-0.1,,2017.0,5
Wesley Johnson,29.0,LAC,3.0,68.0,3.0,810.0,8.4,0.448,0.59,0.085,3.7,20.8,12.5,3.9,1.8,3.0,8.0,12.5,-0.3,1.2,0.9,0.051,-3.1,1.1,-2.0,0.0,,2017.0,1
Dāvis Bertāns,24.0,SAS,4.0,67.0,6.0,808.0,12.9,0.609,0.739,0.145,3.2,10.4,6.9,8.3,1.3,2.8,11.4,15.7,1.1,1.2,2.3,0.135,0.5,0.8,1.3,0.7,,2017.0,1
Derrick Williams,25.0,2TM,4.0,50.0,11.0,804.0,10.6,0.537,0.398,0.365,2.6,15.1,8.9,5.1,0.9,0.7,9.0,17.2,0.4,0.6,1.1,0.064,-1.9,-1.0,-2.9,-0.2,,2017.0,1
Spencer Hawes,28.0,2TM,4.0,54.0,1.0,797.0,15.6,0.562,0.292,0.188,5.3,21.5,13.4,16.5,0.9,3.3,14.0,19.8,0.7,1.0,1.7,0.102,-0.3,0.8,0.5,0.5,,2017.0,4
Ed Davis,27.0,POR,4.0,46.0,12.0,789.0,11.5,0.563,0.0,0.57,13.4,20.9,17.1,4.6,0.9,2.2,17.2,12.0,1.0,0.7,1.7,0.104,-3.2,-0.8,-4.1,-0.4,,2017.0,4
DeAndre Liggins,28.0,2TM,2.0,62.0,19.0,777.0,7.5,0.476,0.324,0.282,2.9,12.2,7.7,9.2,3.0,1.5,20.8,11.6,-0.4,0.9,0.5,0.031,-4.5,2.4,-2.2,0.0,,2017.0,5
DeAndre Liggins,28.0,CLE,2.0,61.0,19.0,752.0,7.2,0.473,0.331,0.272,2.6,11.9,7.4,9.5,3.0,1.5,21.6,11.5,-0.5,0.9,0.4,0.025,-4.6,2.4,-2.3,-0.1,,2017.0,5
Tyus Jones,20.0,MIN,1.0,60.0,0.0,774.0,13.8,0.523,0.403,0.238,1.5,8.7,5.0,28.0,3.1,0.6,16.0,13.6,1.0,0.6,1.5,0.096,-0.6,0.7,0.2,0.4,,2017.0,2
JaVale McGee,29.0,GSW,5.0,77.0,10.0,739.0,25.2,0.642,0.009,0.348,15.9,20.1,18.1,3.8,1.2,7.1,9.8,23.8,2.0,1.5,3.5,0.225,1.0,0.2,1.2,0.6,,2017.0,4
Tomáš Satoranský,25.0,WAS,2.0,57.0,3.0,719.0,8.5,0.477,0.252,0.224,3.9,9.1,6.5,16.7,1.8,0.7,19.0,12.1,0.1,0.5,0.6,0.04,-3.1,0.7,-2.4,-0.1,,2017.0,5
Anthony Morrow,31.0,2TM,2.0,49.0,7.0,714.0,10.1,0.505,0.528,0.147,1.9,2.9,2.4,5.2,1.7,0.2,2.2,16.4,0.7,0.5,1.2,0.083,-1.8,-0.5,-2.3,0.0,,2017.0,1
Alan Williams,24.0,PHO,5.0,47.0,0.0,708.0,19.5,0.547,0.004,0.419,14.0,31.2,22.4,5.2,1.8,3.7,10.5,20.9,1.1,0.9,2.1,0.142,-0.8,-0.6,-1.3,0.1,,2017.0,4
Trey Burke,24.0,WAS,1.0,57.0,0.0,703.0,10.8,0.532,0.275,0.114,1.1,6.4,3.8,20.7,0.8,0.6,15.2,19.6,0.3,0.3,0.5,0.036,-1.3,-1.8,-3.0,-0.2,,2017.0,5
Kris Humphries,31.0,ATL,4.0,56.0,4.0,689.0,13.6,0.514,0.252,0.383,9.7,23.0,16.4,6.4,1.1,2.6,10.1,17.6,0.6,1.1,1.6,0.115,-2.0,-0.1,-2.0,0.0,,2017.0,4
Roy Hibbert,30.0,2TM,5.0,48.0,13.0,682.0,13.5,0.614,0.0,0.51,8.7,15.9,12.3,4.6,0.6,5.9,15.1,14.0,1.0,0.8,1.8,0.129,-3.2,0.9,-2.3,0.0,,2017.0,4
Roy Hibbert,30.0,CHO,5.0,42.0,13.0,671.0,13.5,0.613,0.0,0.521,8.6,16.0,12.3,4.5,0.6,5.8,14.9,14.0,1.0,0.8,1.8,0.129,-3.2,0.8,-2.4,-0.1,,2017.0,4
Alec Burks,25.0,UTA,2.0,42.0,0.0,653.0,11.6,0.501,0.306,0.315,3.1,17.7,10.6,7.5,1.4,0.6,11.0,22.7,-0.1,0.9,0.8,0.056,-2.2,0.0,-2.3,0.0,,2017.0,1
Jakob Poeltl,21.0,TOR,5.0,54.0,4.0,626.0,12.2,0.589,0.0,0.496,14.1,15.7,14.9,2.7,1.4,2.8,17.2,12.1,0.9,0.7,1.6,0.125,-3.0,-0.1,-3.1,-0.2,,2017.0,2
Tyler Ennis,22.0,2TM,1.0,53.0,2.0,588.0,10.9,0.521,0.337,0.12,1.6,6.8,4.2,21.7,2.1,0.3,17.0,19.1,0.1,0.3,0.4,0.031,-2.4,-0.8,-3.2,-0.2,,2017.0,2
Brandon Bass,31.0,LAC,4.0,52.0,0.0,577.0,19.7,0.65,0.016,0.473,8.6,16.2,12.5,5.7,1.2,1.6,11.4,19.7,1.6,0.6,2.2,0.186,1.2,-0.8,0.4,0.4,,2017.0,4
Dragan Bender,19.0,PHO,4.0,43.0,0.0,574.0,5.3,0.44,0.627,0.068,4.2,15.6,9.7,5.5,0.8,3.1,16.2,14.4,-0.7,0.3,-0.3,-0.029,-4.3,-0.7,-5.1,-0.4,,2017.0,2
Thon Maker,19.0,MIL,5.0,57.0,34.0,562.0,14.0,0.558,0.409,0.271,8.4,15.2,11.8,6.2,0.9,4.1,7.7,17.8,0.8,0.5,1.3,0.113,-1.1,-0.9,-2.0,0.0,,2017.0,2
Thomas Robinson,25.0,LAL,4.0,48.0,1.0,560.0,17.3,0.535,0.005,0.337,15.8,28.1,21.8,8.8,2.3,1.3,17.0,20.7,0.3,0.6,0.9,0.079,-1.1,-1.0,-2.1,0.0,,2017.0,4
Kevin Séraphin,27.0,IND,4.0,49.0,3.0,559.0,14.4,0.559,0.01,0.111,8.3,20.0,14.3,6.7,0.6,3.1,12.3,19.0,0.4,0.6,1.0,0.082,-2.5,-0.9,-3.4,-0.2,,2017.0,4
Jarell Martin,22.0,MEM,4.0,42.0,3.0,558.0,8.7,0.477,0.166,0.331,8.4,25.3,16.6,2.2,1.6,1.5,13.9,16.4,-0.2,0.8,0.6,0.054,-5.3,-0.6,-5.8,-0.5,,2017.0,2
Gerald Green,31.0,BOS,3.0,47.0,0.0,538.0,11.9,0.524,0.478,0.177,3.3,13.9,8.7,9.8,0.8,1.1,9.1,22.7,0.1,0.4,0.6,0.05,-1.0,-2.0,-3.0,-0.1,,2017.0,1
Cole Aldrich,28.0,MIN,5.0,62.0,0.0,531.0,12.7,0.549,0.0,0.256,11.0,23.9,17.4,6.4,2.4,3.7,15.1,9.4,0.6,0.7,1.3,0.116,-2.3,1.5,-0.8,0.2,,2017.0,4
Tyler Zeller,27.0,BOS,5.0,51.0,5.0,525.0,13.0,0.508,0.006,0.247,9.2,17.0,13.2,12.2,0.7,3.3,10.2,16.5,0.5,0.6,1.0,0.094,-2.2,-0.2,-2.4,0.0,,2017.0,4
Nicolás Brussino,23.0,DAL,2.0,54.0,2.0,521.0,10.7,0.498,0.674,0.156,5.5,16.2,10.6,13.9,1.7,1.4,14.7,16.0,0.0,0.6,0.6,0.055,-1.7,0.1,-1.6,0.1,,2017.0,1
Shabazz Napier,25.0,POR,1.0,53.0,2.0,512.0,13.6,0.533,0.503,0.268,1.7,11.5,6.6,19.5,3.1,0.3,16.7,21.2,0.1,0.5,0.6,0.06,-0.8,0.5,-0.4,0.2,,2017.0,5
K.J. McDaniels,23.0,2TM,3.0,49.0,0.0,505.0,11.5,0.555,0.391,0.225,3.2,14.1,8.7,4.0,1.8,2.8,13.5,18.1,0.0,0.5,0.5,0.051,-2.5,0.1,-2.3,0.0,,2017.0,1
Miles Plumlee,28.0,2TM,5.0,45.0,12.0,484.0,8.4,0.518,0.0,0.424,9.0,13.3,11.1,6.1,1.9,2.4,21.6,13.1,-0.1,0.5,0.5,0.045,-5.0,0.0,-5.0,-0.4,,2017.0,4
James Michael McAdoo,24.0,GSW,4.0,52.0,2.0,457.0,13.1,0.543,0.068,0.359,8.7,12.9,10.9,5.2,1.9,5.0,12.3,14.6,0.3,0.8,1.1,0.117,-2.7,0.9,-1.8,0.0,,2017.0,4
Kevon Looney,20.0,GSW,5.0,53.0,4.0,447.0,13.6,0.553,0.084,0.318,11.5,18.5,15.2,8.5,1.6,3.0,12.2,13.4,0.7,0.8,1.4,0.155,-2.4,0.7,-1.7,0.0,,2017.0,2
Jeff Withey,26.0,UTA,5.0,51.0,1.0,432.0,18.8,0.588,0.01,0.466,14.3,17.9,16.2,2.5,1.9,6.0,10.1,14.9,1.0,0.9,1.8,0.205,-0.4,1.9,1.4,0.4,,2017.0,4
Sasha Vujačić,32.0,NYK,2.0,42.0,4.0,408.0,8.6,0.423,0.544,0.176,3.2,12.4,7.8,17.9,1.6,0.4,9.8,17.3,-0.1,0.2,0.1,0.014,-2.7,-0.5,-3.2,-0.1,,2017.0,1
Kay Felder,21.0,CLE,1.0,42.0,0.0,386.0,11.4,0.462,0.139,0.31,0.9,10.5,5.9,22.7,2.3,1.5,14.3,24.2,-0.3,0.4,0.1,0.008,-3.1,0.7,-2.4,0.0,,2017.0,2
James Jones,36.0,CLE,3.0,48.0,2.0,381.0,11.1,0.655,0.717,0.217,0.9,9.5,5.4,5.2,0.8,2.1,9.0,13.0,0.6,0.2,0.8,0.102,-0.1,-0.3,-0.3,0.2,,2017.0,1
Damjan Rudež,30.0,ORL,3.0,45.0,0.0,314.0,6.3,0.466,0.727,0.0,1.7,7.1,4.3,9.2,1.9,0.3,9.3,13.6,-0.1,0.2,0.1,0.008,-4.2,-0.3,-4.5,-0.2,,2017.0,1
LeBron James,33.0,CLE,4.0,82.0,82.0,3026.0,28.6,0.621,0.257,0.336,3.7,22.3,13.1,44.4,1.9,2.0,16.1,31.6,11.0,3.0,14.0,0.221,7.3,1.4,8.7,8.2,"MVP-2,AS,NBA1",2018.0,0
Khris Middleton,26.0,MIL,3.0,82.0,82.0,2982.0,17.4,0.577,0.32,0.285,1.8,15.0,8.4,17.7,2.0,0.6,11.8,24.6,4.6,2.3,6.9,0.111,0.8,-0.8,0.0,1.5,,2018.0,0
Andrew Wiggins,22.0,MIN,3.0,82.0,82.0,2979.0,13.0,0.505,0.26,0.242,3.1,10.8,6.9,8.2,1.5,1.5,8.8,23.4,0.5,1.6,2.1,0.033,-0.8,-1.7,-2.4,-0.3,,2018.0,2
Bradley Beal,24.0,WAS,2.0,82.0,82.0,2977.0,18.4,0.564,0.357,0.249,2.3,11.5,6.9,21.0,1.6,1.1,11.5,27.6,4.4,2.5,6.9,0.111,2.9,-0.7,2.2,3.1,AS,2018.0,0
Jrue Holiday,27.0,NOP,2.0,81.0,81.0,2927.0,17.8,0.57,0.286,0.191,2.4,10.8,6.8,24.9,2.0,1.7,13.6,23.1,4.2,2.9,7.1,0.116,1.3,0.3,1.6,2.7,"DPOY-7,DEF1",2018.0,0
CJ McCollum,26.0,POR,2.0,81.0,81.0,2923.0,16.9,0.536,0.316,0.166,2.0,9.9,6.0,15.8,1.3,1.0,8.6,26.5,3.7,2.9,6.6,0.108,1.8,-0.5,1.2,2.4,,2018.0,0
Karl-Anthony Towns,22.0,MIN,5.0,82.0,82.0,2918.0,24.9,0.646,0.243,0.343,9.3,30.9,20.0,10.8,1.1,3.5,10.5,22.9,10.6,3.4,14.0,0.23,4.9,0.2,5.1,5.2,"AS,NBA3",2018.0,0
Russell Westbrook,29.0,OKC,1.0,80.0,80.0,2914.0,24.7,0.524,0.193,0.336,5.6,25.7,15.3,49.8,2.5,0.6,16.4,34.1,5.5,4.5,10.1,0.166,4.8,1.5,6.3,6.1,"MVP-5,AS,NBA2",2018.0,0
Paul George,27.0,OKC,3.0,79.0,79.0,2891.0,18.7,0.57,0.454,0.307,2.7,14.9,8.6,14.5,2.8,1.2,12.2,25.7,5.0,3.9,8.9,0.147,2.3,0.6,2.9,3.6,"DPOY-4,AS,NBA3",2018.0,0
Giannis Antetokounmpo,23.0,MIL,4.0,75.0,75.0,2756.0,27.3,0.598,0.1,0.457,6.7,25.3,16.0,23.7,2.0,3.3,11.7,31.2,8.3,3.6,11.9,0.207,5.3,0.9,6.2,5.7,"MVP-6,AS,NBA2",2018.0,0
Kemba Walker,27.0,CHO,1.0,80.0,80.0,2736.0,20.6,0.572,0.441,0.308,1.2,8.7,4.9,27.4,1.6,0.7,10.4,27.4,6.5,2.0,8.6,0.15,4.7,-0.7,4.0,4.2,AS,2018.0,0
Ben Simmons,21.0,PHI,1.0,81.0,81.0,2732.0,20.0,0.557,0.011,0.342,5.9,19.5,13.0,37.4,2.5,2.1,19.5,22.3,4.2,5.0,9.2,0.162,2.0,2.5,4.5,4.5,ROY-1,2018.0,0
Anthony Davis,24.0,NOP,4.0,75.0,75.0,2727.0,28.9,0.612,0.111,0.409,7.7,24.8,16.5,10.8,2.0,5.6,8.6,30.0,8.8,4.9,13.7,0.241,5.3,1.4,6.7,5.9,"MVP-3,DPOY-3,AS,NBA1,DEF1",2018.0,0
Taj Gibson,32.0,MIN,4.0,82.0,82.0,2726.0,15.4,0.61,0.047,0.251,8.1,16.7,12.4,5.2,1.1,1.9,9.8,14.7,5.4,1.7,7.2,0.126,0.1,-0.7,-0.5,1.0,,2018.0,0
DeMar DeRozan,28.0,TOR,2.0,80.0,80.0,2711.0,21.0,0.555,0.203,0.396,2.5,10.4,6.5,25.0,1.5,0.6,9.5,29.6,6.8,2.8,9.6,0.17,3.3,-0.6,2.8,3.2,"MVP-8,AS,NBA2",2018.0,0
Josh Richardson,24.0,MIA,3.0,81.0,81.0,2689.0,13.6,0.551,0.38,0.16,2.9,9.0,6.0,13.2,2.3,2.4,12.9,18.2,1.8,3.5,5.4,0.096,-0.6,1.3,0.7,1.8,,2018.0,3
Will Barton,27.0,DEN,2.0,81.0,40.0,2683.0,16.2,0.562,0.411,0.22,3.0,14.2,8.6,18.5,1.5,1.6,11.7,20.7,4.4,1.8,6.2,0.111,1.6,-0.4,1.1,2.1,6MOY-4,2018.0,3
Damian Lillard,27.0,POR,1.0,73.0,73.0,2670.0,25.2,0.594,0.445,0.38,2.6,10.6,6.6,30.9,1.4,0.8,11.1,30.6,9.9,2.7,12.6,0.227,7.0,0.3,7.2,6.3,"MVP-4,AS,NBA1",2018.0,0
Tobias Harris,25.0,2TM,4.0,80.0,80.0,2668.0,17.1,0.565,0.364,0.177,2.4,15.7,9.0,11.8,1.3,1.1,7.4,23.3,4.2,2.5,6.7,0.12,2.3,-0.4,1.9,2.6,,2018.0,0
Tobias Harris,25.0,DET,4.0,48.0,48.0,1563.0,16.7,0.564,0.389,0.192,2.5,15.0,8.6,9.9,1.1,0.9,6.2,23.2,2.6,1.5,4.1,0.125,2.2,-0.5,1.7,1.5,,2018.0,3
Donovan Mitchell,21.0,UTA,2.0,79.0,71.0,2638.0,16.7,0.541,0.404,0.218,2.3,10.4,6.4,19.4,2.2,0.9,12.6,29.1,1.4,3.8,5.2,0.095,0.9,0.3,1.2,2.2,ROY-2,2018.0,2
Harrison Barnes,25.0,DAL,4.0,77.0,77.0,2634.0,15.8,0.539,0.276,0.259,3.1,17.1,9.9,9.9,0.9,0.5,8.1,25.2,2.0,1.9,3.8,0.07,0.8,-1.3,-0.5,1.0,,2018.0,3
Andre Drummond,24.0,DET,5.0,78.0,78.0,2625.0,22.9,0.555,0.012,0.448,16.4,36.4,26.2,14.3,2.2,4.3,15.9,21.2,4.6,5.7,10.3,0.188,1.5,1.7,3.2,3.4,"DPOY-15,AS",2018.0,4
Thaddeus Young,29.0,IND,4.0,81.0,81.0,2607.0,14.8,0.528,0.209,0.106,8.0,14.1,11.1,8.5,2.6,1.2,10.4,17.3,2.3,3.2,5.5,0.101,-0.2,0.4,0.2,1.4,,2018.0,3
Lou Williams,31.0,LAC,2.0,79.0,19.0,2589.0,20.2,0.574,0.387,0.367,1.7,6.6,4.2,26.3,1.6,0.6,13.1,29.8,5.5,1.2,6.7,0.125,4.2,-1.8,2.3,2.8,6MOY-1,2018.0,3
E'Twaun Moore,28.0,NOP,2.0,82.0,80.0,2586.0,12.1,0.593,0.362,0.082,2.5,7.3,5.0,10.1,1.5,0.4,10.6,16.1,2.7,1.6,4.4,0.081,-1.0,-0.5,-1.6,0.3,,2018.0,3
Joe Ingles,30.0,UTA,3.0,82.0,81.0,2578.0,14.4,0.623,0.646,0.116,1.1,13.9,7.6,22.9,1.8,0.7,17.4,15.9,4.0,3.6,7.6,0.141,1.0,1.3,2.3,2.8,,2018.0,3
Jamal Murray,20.0,DEN,1.0,81.0,80.0,2565.0,16.1,0.576,0.411,0.238,3.6,9.4,6.5,16.4,1.5,0.9,12.8,22.8,4.3,1.2,5.5,0.103,1.2,-1.5,-0.3,1.1,,2018.0,2
Victor Oladipo,25.0,IND,2.0,75.0,75.0,2552.0,23.1,0.577,0.323,0.274,2.1,15.1,8.6,21.2,3.5,2.0,12.7,30.1,4.3,4.0,8.2,0.155,4.1,1.7,5.8,5.0,"MVP-13,DPOY-15,MIP-1,AS,NBA3,DEF1",2018.0,0
James Harden,28.0,HOU,2.0,72.0,72.0,2551.0,29.8,0.619,0.498,0.502,1.8,15.2,8.6,45.1,2.4,1.7,15.1,36.1,11.6,3.8,15.4,0.289,8.5,1.4,9.9,7.7,"MVP-1,AS,NBA1",2018.0,0
Robert Covington,27.0,PHI,3.0,80.0,80.0,2532.0,12.9,0.563,0.658,0.163,2.4,15.5,9.2,8.7,2.6,2.4,12.3,17.2,1.6,4.5,6.1,0.116,-0.2,1.7,1.5,2.3,"DPOY-8,DEF1",2018.0,3
Kyle Lowry,31.0,TOR,1.0,78.0,78.0,2510.0,19.5,0.598,0.631,0.276,3.0,16.1,9.7,30.9,1.7,0.6,14.7,21.7,7.0,3.1,10.2,0.194,4.7,0.5,5.2,4.5,AS,2018.0,0
LaMarcus Aldridge,32.0,SAS,5.0,75.0,75.0,2509.0,25.0,0.57,0.068,0.296,10.8,17.3,14.0,11.3,0.9,3.0,6.8,29.1,7.4,3.6,10.9,0.209,4.3,-0.4,3.9,3.7,"MVP-9,AS,NBA2",2018.0,0
Klay Thompson,27.0,GSW,2.0,73.0,73.0,2506.0,16.0,0.598,0.442,0.083,1.5,10.3,6.2,11.2,1.1,1.1,9.5,23.7,3.1,1.8,4.9,0.094,1.7,-2.1,-0.4,1.0,"DPOY-11,AS",2018.0,0
Carmelo Anthony,33.0,OKC,4.0,78.0,78.0,2501.0,12.7,0.503,0.406,0.165,2.9,17.7,10.0,6.5,0.9,1.8,7.3,23.2,1.2,2.5,3.7,0.071,-0.6,-1.3,-1.9,0.0,,2018.0,3
Steven Adams,24.0,OKC,5.0,76.0,76.0,2487.0,20.6,0.63,0.003,0.402,16.6,13.9,15.3,5.5,1.8,2.8,13.3,16.7,6.7,3.0,9.7,0.187,1.7,-0.6,1.1,2.0,DPOY-12,2018.0,0
Taurean Prince,23.0,ATL,3.0,82.0,82.0,2464.0,12.8,0.549,0.469,0.185,2.3,15.3,8.8,13.9,1.7,1.5,15.3,22.1,0.0,2.0,2.0,0.038,-0.5,-0.6,-1.1,0.6,,2018.0,3
Bojan Bogdanović,28.0,IND,3.0,80.0,80.0,2464.0,13.9,0.605,0.453,0.241,1.4,10.9,6.2,7.1,1.1,0.3,10.1,19.0,3.8,1.6,5.4,0.105,0.5,-1.2,-0.7,0.8,,2018.0,3
Dwight Howard,32.0,CHO,5.0,81.0,81.0,2463.0,20.5,0.577,0.008,0.639,11.0,33.8,22.2,7.1,1.0,4.4,15.1,24.2,2.9,3.9,6.8,0.132,-0.3,0.1,-0.1,1.2,,2018.0,4
Kentavious Caldwell-Pope,24.0,LAL,2.0,74.0,74.0,2458.0,13.2,0.561,0.52,0.243,2.6,14.1,8.4,9.4,2.1,0.5,9.9,16.9,2.6,2.7,5.3,0.103,-0.4,0.6,0.3,1.4,,2018.0,3
Jayson Tatum,19.0,BOS,3.0,80.0,80.0,2443.0,15.2,0.586,0.29,0.309,2.3,15.6,9.0,8.3,1.7,2.0,10.7,19.4,3.0,4.0,7.1,0.139,0.0,1.2,1.2,2.0,ROY-3,2018.0,2
Nikola Jokić,22.0,DEN,5.0,75.0,73.0,2443.0,24.4,0.603,0.277,0.31,9.0,27.9,18.5,29.6,1.8,2.1,15.5,24.2,7.8,2.9,10.7,0.211,5.3,1.6,6.9,5.5,,2018.0,0
Otto Porter Jr.,24.0,WAS,3.0,77.0,77.0,2432.0,18.3,0.602,0.354,0.145,4.8,18.1,11.4,10.1,2.4,1.5,7.4,18.4,5.0,3.1,8.1,0.161,2.6,1.0,3.5,3.4,,2018.0,0
DeAndre Jordan,29.0,LAC,5.0,77.0,77.0,2424.0,20.2,0.648,0.0,0.54,15.1,37.6,26.5,7.1,0.8,2.4,16.1,15.2,6.0,3.4,9.4,0.186,1.7,-0.3,1.4,2.1,,2018.0,4
Marc Gasol,33.0,MEM,5.0,73.0,73.0,2408.0,17.4,0.532,0.31,0.326,3.7,25.3,14.2,21.7,1.1,3.9,14.1,25.6,1.5,2.6,4.0,0.08,1.7,0.6,2.3,2.7,,2018.0,0
Kyle Kuzma,22.0,LAL,4.0,77.0,37.0,2401.0,14.2,0.549,0.418,0.2,3.9,17.4,10.7,9.1,1.0,1.1,11.0,22.5,1.5,2.3,3.8,0.077,0.3,-1.0,-0.7,0.8,"ROY-4,6MOY-9",2018.0,2
Goran Dragić,31.0,MIA,1.0,75.0,75.0,2378.0,16.6,0.543,0.279,0.252,2.5,11.9,7.2,25.4,1.3,0.4,12.2,25.7,2.9,2.3,5.3,0.106,0.9,-0.6,0.3,1.4,AS,2018.0,0
Dillon Brooks,22.0,MEM,3.0,82.0,74.0,2350.0,9.8,0.531,0.342,0.215,2.4,10.5,6.3,9.3,1.6,0.7,12.8,18.5,0.1,1.1,1.2,0.025,-2.9,-1.1,-4.0,-1.2,,2018.0,2
Wilson Chandler,30.0,DEN,3.0,74.0,71.0,2346.0,10.9,0.542,0.39,0.181,4.9,14.1,9.6,9.4,0.9,1.4,11.9,14.3,2.1,1.2,3.3,0.067,-1.0,-1.1,-2.1,-0.1,,2018.0,3
Kevin Durant,29.0,GSW,3.0,68.0,68.0,2325.0,26.0,0.64,0.338,0.331,1.6,19.5,11.2,25.5,1.0,4.0,12.9,30.4,7.5,2.9,10.4,0.215,6.7,0.6,7.3,5.5,"MVP-7,DPOY-9,AS,NBA1",2018.0,0
Eric Bledsoe,28.0,2TM,1.0,74.0,74.0,2322.0,19.7,0.582,0.364,0.321,2.6,11.7,7.1,25.7,3.2,1.5,16.1,26.1,3.1,2.5,5.6,0.116,2.3,0.3,2.5,2.6,,2018.0,0
Eric Bledsoe,28.0,MIL,1.0,71.0,71.0,2239.0,20.0,0.585,0.366,0.319,2.5,11.9,7.2,26.0,3.2,1.5,16.0,26.0,3.2,2.4,5.7,0.121,2.4,0.4,2.8,2.7,,2018.0,0
Jeff Teague,29.0,MIN,1.0,70.0,70.0,2311.0,16.4,0.553,0.287,0.301,1.2,9.3,5.2,30.6,2.2,0.9,16.4,20.6,3.4,1.4,4.9,0.101,1.1,-0.7,0.4,1.4,,2018.0,0
Dario Šarić,23.0,PHI,4.0,78.0,73.0,2310.0,15.8,0.582,0.448,0.233,7.5,16.4,12.1,13.0,1.1,0.7,13.1,20.9,3.8,2.8,6.6,0.137,1.8,-0.5,1.3,1.9,,2018.0,0
Courtney Lee,32.0,NYK,2.0,76.0,69.0,2310.0,13.0,0.564,0.368,0.164,1.4,9.3,5.4,11.3,1.7,0.6,9.4,16.9,2.7,1.2,3.9,0.082,-0.1,-0.2,-0.3,1.0,,2018.0,3
Spencer Dinwiddie,24.0,BRK,1.0,80.0,58.0,2306.0,15.9,0.527,0.517,0.32,1.8,10.2,6.0,35.0,1.4,0.7,11.8,20.3,4.3,1.4,5.7,0.118,1.3,-0.7,0.6,1.5,,2018.0,3
Gary Harris,23.0,DEN,2.0,67.0,65.0,2304.0,16.5,0.597,0.434,0.178,1.8,6.8,4.3,13.0,2.6,0.5,10.8,20.8,3.9,1.5,5.5,0.114,1.0,-0.2,0.8,1.7,,2018.0,3
Draymond Green,27.0,GSW,4.0,70.0,70.0,2287.0,16.1,0.556,0.414,0.279,3.9,21.1,13.1,29.0,2.0,3.1,22.5,17.2,2.6,3.4,6.1,0.127,0.9,1.9,2.8,2.8,"DPOY-6,AS,DEF2",2018.0,0
Yogi Ferrell,24.0,DAL,2.0,82.0,21.0,2282.0,11.4,0.54,0.492,0.141,1.2,11.2,6.1,13.5,1.4,0.4,9.1,17.0,1.5,1.5,3.0,0.064,-1.3,0.0,-1.4,0.4,,2018.0,3
P.J. Tucker,32.0,HOU,4.0,82.0,34.0,2281.0,8.3,0.537,0.703,0.136,4.6,17.8,11.3,4.6,1.7,1.0,13.7,10.5,1.0,3.0,3.9,0.082,-1.9,0.8,-1.1,0.5,,2018.0,3
Al Horford,31.0,BOS,5.0,72.0,72.0,2277.0,17.6,0.575,0.3,0.159,5.0,20.2,12.7,23.6,0.9,2.9,14.1,18.4,4.0,3.8,7.8,0.165,2.4,2.0,4.4,3.7,"DPOY-5,AS,DEF2",2018.0,0
Trevor Ariza,32.0,HOU,3.0,67.0,67.0,2269.0,11.8,0.567,0.71,0.137,1.7,12.9,7.3,6.8,2.1,0.5,7.0,14.4,2.6,2.8,5.3,0.113,0.0,0.7,0.7,1.5,,2018.0,5
Justin Holiday,28.0,CHI,2.0,72.0,72.0,2265.0,10.8,0.513,0.574,0.21,1.4,12.8,6.9,10.1,1.7,1.2,9.8,18.2,0.1,1.6,1.7,0.036,-1.6,-0.3,-1.9,0.0,,2018.0,3
Ricky Rubio,27.0,UTA,1.0,77.0,77.0,2254.0,15.4,0.537,0.33,0.307,2.2,15.3,8.8,28.4,2.7,0.4,18.1,22.9,1.5,3.8,5.3,0.112,-0.7,1.5,0.7,1.6,,2018.0,0
J.R. Smith,32.0,CLE,2.0,80.0,61.0,2244.0,8.4,0.534,0.64,0.094,1.5,10.1,5.9,8.6,1.5,0.4,11.6,13.8,0.6,0.9,1.4,0.031,-2.1,-0.9,-3.0,-0.6,,2018.0,3
Kelly Oubre Jr.,22.0,WAS,3.0,81.0,11.0,2231.0,11.9,0.534,0.467,0.295,3.0,15.4,9.2,6.4,1.8,1.4,9.2,19.4,1.4,2.3,3.7,0.08,-1.6,-0.1,-1.7,0.2,,2018.0,2
Cory Joseph,26.0,IND,1.0,82.0,17.0,2210.0,11.0,0.503,0.315,0.156,2.0,11.4,6.7,16.1,1.8,0.7,11.9,14.8,1.2,2.0,3.1,0.068,-1.8,0.3,-1.5,0.3,,2018.0,3
Allen Crabbe,25.0,BRK,2.0,75.0,68.0,2197.0,12.3,0.558,0.643,0.163,1.3,14.4,7.8,8.4,1.0,1.2,8.1,19.0,1.8,1.4,3.2,0.07,0.0,-0.7,-0.7,0.7,,2018.0,3
Julius Randle,23.0,LAL,5.0,82.0,49.0,2190.0,19.9,0.606,0.05,0.47,8.9,22.8,15.9,15.8,0.9,1.7,16.3,25.3,4.0,2.6,6.6,0.145,0.6,0.0,0.6,1.4,,2018.0,4
DeMarre Carroll,31.0,BRK,4.0,73.0,73.0,2180.0,14.3,0.55,0.498,0.313,5.1,18.4,11.7,10.5,1.3,1.0,10.3,19.8,2.3,1.8,4.1,0.091,0.5,-0.4,0.2,1.2,,2018.0,3
Bogdan Bogdanović,25.0,SAC,2.0,78.0,52.0,2175.0,13.5,0.556,0.426,0.154,1.6,10.5,5.8,18.3,1.7,0.7,13.2,19.6,1.8,1.1,2.9,0.064,-0.6,-0.9,-1.5,0.3,,2018.0,3
Jimmy Butler,28.0,MIN,2.0,59.0,59.0,2164.0,23.7,0.59,0.217,0.461,4.2,12.7,8.4,20.6,2.7,1.0,8.9,24.9,7.1,1.8,8.9,0.198,5.0,0.7,5.8,4.2,"MVP-10,DPOY-12,AS,NBA3,DEF2",2018.0,0
Eric Gordon,29.0,HOU,2.0,69.0,30.0,2154.0,15.2,0.578,0.627,0.248,1.3,7.5,4.4,11.7,1.0,1.1,10.8,24.7,2.9,1.8,4.7,0.105,2.0,-1.6,0.4,1.3,6MOY-2,2018.0,3
Derrick Favors,26.0,UTA,5.0,77.0,77.0,2153.0,18.8,0.593,0.09,0.306,10.6,18.5,14.6,7.8,1.3,3.2,9.9,18.5,4.5,3.5,8.0,0.179,0.9,0.7,1.5,1.9,,2018.0,0
Jaylen Brown,21.0,BOS,2.0,70.0,70.0,2152.0,13.6,0.562,0.381,0.29,3.4,14.0,8.8,8.5,1.6,1.0,12.0,21.4,1.2,3.2,4.5,0.1,-0.8,0.3,-0.5,0.8,DPOY-10,2018.0,2
T.J. Warren,24.0,PHO,3.0,65.0,65.0,2142.0,17.6,0.541,0.085,0.24,6.1,10.5,8.3,7.2,1.5,1.5,6.7,24.9,2.6,0.8,3.4,0.077,0.8,-1.6,-0.7,0.7,,2018.0,0
Wesley Matthews,31.0,DAL,3.0,63.0,63.0,2131.0,11.4,0.541,0.577,0.145,1.4,9.2,5.2,12.3,1.8,0.7,10.1,17.6,1.0,1.6,2.6,0.059,-1.0,0.1,-0.9,0.6,,2018.0,3
JJ Redick,33.0,PHI,2.0,70.0,70.0,2116.0,15.9,0.614,0.523,0.248,0.5,8.3,4.5,15.1,0.8,0.2,9.6,21.7,4.8,1.8,6.6,0.15,2.2,-1.1,1.1,1.7,,2018.0,0
Patty Mills,29.0,SAS,1.0,82.0,36.0,2107.0,11.8,0.558,0.607,0.173,1.4,6.8,4.1,16.0,1.3,0.4,12.6,17.8,2.0,2.1,4.1,0.093,-0.6,-0.4,-1.0,0.5,,2018.0,3
Denzel Valentine,24.0,CHI,2.0,77.0,37.0,2095.0,12.1,0.527,0.513,0.071,2.4,18.3,10.1,17.8,1.5,0.5,11.8,17.5,1.0,1.5,2.5,0.057,-1.0,0.0,-1.0,0.5,,2018.0,3
Serge Ibaka,28.0,TOR,4.0,76.0,76.0,2093.0,14.7,0.574,0.379,0.151,4.3,21.0,12.8,4.4,0.7,3.8,9.7,19.4,2.1,3.0,5.1,0.117,-0.1,0.0,-0.1,1.0,,2018.0,3
Jae Crowder,27.0,2TM,3.0,80.0,47.0,2090.0,10.4,0.525,0.508,0.221,3.2,11.5,7.4,6.9,1.5,0.9,9.1,17.3,1.0,1.6,2.6,0.06,-1.9,-0.6,-2.5,-0.3,,2018.0,3
Jae Crowder,27.0,CLE,3.0,53.0,47.0,1346.0,10.2,0.545,0.503,0.245,3.5,10.8,7.2,6.0,1.5,0.8,9.2,15.1,1.1,0.6,1.7,0.059,-1.9,-1.0,-3.0,-0.3,,2018.0,1
Jusuf Nurkić,23.0,POR,5.0,79.0,79.0,2088.0,19.2,0.528,0.007,0.287,10.0,26.9,18.5,11.7,1.5,4.3,14.6,26.4,0.8,3.9,4.7,0.108,-1.1,1.1,0.0,1.1,DPOY-15,2018.0,4
Dennis Schröder,24.0,ATL,1.0,67.0,67.0,2078.0,17.3,0.515,0.229,0.231,2.4,8.8,5.6,36.2,1.7,0.2,12.7,30.4,1.5,1.0,2.6,0.059,1.2,-1.9,-0.6,0.7,,2018.0,0
Marcin Gortat,33.0,WAS,5.0,82.0,82.0,2075.0,14.7,0.546,0.0,0.291,9.9,24.0,17.0,10.6,1.0,2.6,13.5,15.5,2.4,2.4,4.9,0.113,-0.8,0.3,-0.6,0.8,,2018.0,4
Al-Farouq Aminu,27.0,POR,4.0,69.0,67.0,2072.0,12.0,0.522,0.582,0.137,5.2,22.3,13.8,5.8,1.9,1.6,11.3,14.8,0.9,3.2,4.2,0.097,-0.7,1.1,0.4,1.3,,2018.0,3
Dragan Bender,20.0,PHO,4.0,82.0,37.0,2069.0,7.1,0.524,0.665,0.105,2.0,16.8,9.3,8.9,0.5,2.1,18.1,12.7,-0.7,0.8,0.1,0.001,-2.9,-0.8,-3.7,-0.9,,2018.0,2
Terry Rozier,23.0,BOS,1.0,80.0,16.0,2068.0,15.1,0.52,0.503,0.186,3.4,16.3,9.9,17.5,1.9,0.8,8.5,20.4,2.2,3.4,5.6,0.13,0.9,1.2,2.1,2.1,6MOY-10,2018.0,3
Austin Rivers,25.0,LAC,2.0,61.0,59.0,2057.0,12.6,0.526,0.447,0.198,1.5,6.2,3.9,17.5,1.7,0.6,11.1,20.6,1.4,1.0,2.4,0.056,-0.3,-0.9,-1.2,0.4,,2018.0,3
Tony Snell,26.0,MIL,2.0,75.0,59.0,2053.0,8.5,0.578,0.631,0.113,0.5,7.5,4.0,6.5,1.1,1.2,7.5,10.6,1.6,0.7,2.4,0.056,-1.5,-0.8,-2.3,-0.1,,2018.0,3
Tyler Johnson,25.0,MIA,1.0,72.0,39.0,2052.0,13.0,0.549,0.456,0.181,1.9,11.7,6.8,12.4,1.5,1.4,9.5,18.6,1.9,2.3,4.2,0.097,-0.5,0.2,-0.3,0.9,,2018.0,3
Dennis Smith Jr.,20.0,DAL,1.0,69.0,69.0,2049.0,12.8,0.473,0.331,0.188,2.6,11.8,7.0,29.5,1.7,0.8,14.9,28.9,-2.4,1.7,-0.7,-0.017,-1.2,-1.2,-2.4,-0.2,ROY-5,2018.0,2
Willie Cauley-Stein,24.0,SAC,5.0,73.0,57.0,2044.0,17.6,0.529,0.016,0.32,7.0,22.0,14.2,13.7,1.9,3.1,11.0,21.8,1.7,2.2,3.9,0.092,-0.4,0.3,-0.1,1.0,,2018.0,4
Ish Smith,29.0,DET,1.0,82.0,35.0,2043.0,15.4,0.525,0.126,0.145,1.4,10.9,6.1,28.4,1.6,0.9,11.2,20.8,2.4,2.0,4.4,0.102,-0.3,0.3,0.0,1.0,,2018.0,3
Wayne Ellington,30.0,MIA,2.0,77.0,2.0,2041.0,12.5,0.588,0.827,0.111,1.3,10.7,6.0,5.9,1.3,0.3,6.6,17.3,2.6,1.9,4.5,0.105,1.0,-0.6,0.4,1.2,6MOY-5,2018.0,3
Evan Turner,29.0,POR,3.0,79.0,40.0,2034.0,9.8,0.52,0.229,0.185,1.6,11.4,6.5,12.4,1.1,1.2,13.7,15.6,0.5,2.1,2.6,0.061,-2.9,0.4,-2.5,-0.3,,2018.0,3
Clint Capela,23.0,HOU,5.0,74.0,74.0,2034.0,24.5,0.65,0.001,0.38,13.5,30.8,22.2,5.7,1.4,5.7,11.5,19.4,6.2,4.1,10.2,0.242,2.4,1.0,3.4,2.8,DPOY-14,2018.0,4
Jonathon Simmons,28.0,ORL,2.0,69.0,50.0,2029.0,12.7,0.555,0.268,0.317,3.3,9.7,6.5,13.3,1.4,0.6,14.4,22.0,0.8,1.1,1.9,0.045,-1.7,-1.3,-3.1,-0.5,,2018.0,3
De'Aaron Fox,20.0,SAC,1.0,73.0,61.0,2026.0,11.2,0.478,0.192,0.245,1.8,10.0,5.7,24.6,1.7,0.9,16.4,23.4,-1.7,1.0,-0.6,-0.014,-2.7,-1.5,-4.2,-1.1,,2018.0,2
Buddy Hield,25.0,SAC,2.0,80.0,13.0,2024.0,16.1,0.557,0.437,0.087,3.0,14.8,8.6,12.8,2.1,1.0,11.3,24.3,1.3,1.5,2.8,0.067,1.6,-0.5,1.0,1.5,,2018.0,3
Lauri Markkanen,20.0,CHI,4.0,68.0,68.0,2020.0,15.6,0.552,0.465,0.193,4.0,23.7,13.5,6.4,0.9,1.8,8.2,21.9,1.7,1.6,3.3,0.079,1.0,-1.2,-0.2,0.9,,2018.0,2
Darren Collison,30.0,IND,1.0,69.0,64.0,2018.0,18.8,0.61,0.321,0.226,2.1,7.8,5.0,26.4,2.3,0.7,10.9,17.4,5.8,1.8,7.6,0.181,2.4,0.3,2.7,2.4,,2018.0,0
Marvin Williams,31.0,CHO,4.0,78.0,78.0,2006.0,13.9,0.603,0.542,0.218,3.9,16.2,10.0,7.0,1.4,1.6,9.7,14.8,3.1,1.9,5.0,0.119,0.6,0.3,1.0,1.5,,2018.0,3
Nicolas Batum,29.0,CHO,2.0,64.0,64.0,1981.0,14.4,0.523,0.422,0.2,3.1,13.8,8.4,26.2,1.6,1.0,15.6,18.3,1.7,1.8,3.5,0.084,0.5,-0.1,0.4,1.2,,2018.0,5
Kyle Anderson,24.0,SAS,3.0,74.0,67.0,1978.0,15.9,0.582,0.13,0.333,4.7,17.6,11.1,14.7,2.9,2.5,15.8,13.5,2.4,3.8,6.2,0.151,-0.4,3.3,2.9,2.4,,2018.0,0
Joe Harris,26.0,BRK,2.0,78.0,14.0,1975.0,13.3,0.634,0.576,0.167,2.7,11.3,7.0,10.2,0.9,0.8,12.0,16.6,3.0,0.9,4.0,0.097,0.7,-0.6,0.1,1.0,,2018.0,3
Brandon Ingram,20.0,LAL,3.0,59.0,59.0,1975.0,13.8,0.536,0.138,0.371,3.1,13.8,8.5,17.7,1.1,1.8,14.4,22.2,1.0,1.8,2.8,0.068,-0.9,-0.3,-1.2,0.4,,2018.0,2
John Henson,27.0,MIL,5.0,76.0,69.0,1970.0,15.7,0.582,0.014,0.315,9.0,21.5,15.3,8.6,1.1,4.7,12.8,15.0,2.8,2.2,4.9,0.12,-1.0,0.1,-0.9,0.5,,2018.0,4
Blake Griffin,28.0,2TM,4.0,58.0,58.0,1970.0,19.6,0.544,0.323,0.331,4.1,19.8,12.0,28.1,1.0,0.8,12.6,28.9,3.2,1.8,4.9,0.12,3.6,-0.2,3.4,2.7,,2018.0,0
Markieff Morris,28.0,WAS,4.0,73.0,73.0,1968.0,13.2,0.566,0.301,0.186,4.3,19.2,11.8,11.0,1.4,1.7,14.6,19.5,1.2,2.1,3.3,0.08,-1.3,0.1,-1.3,0.4,,2018.0,3
Jeremy Lamb,25.0,CHO,2.0,80.0,18.0,1967.0,17.0,0.559,0.305,0.25,2.7,15.4,8.9,15.4,1.5,1.4,9.1,22.4,3.0,1.9,4.9,0.12,1.3,0.2,1.6,1.8,,2018.0,3
Josh Jackson,20.0,PHO,3.0,77.0,35.0,1959.0,11.8,0.48,0.233,0.299,5.1,14.2,9.6,10.1,2.0,1.4,12.2,26.0,-2.0,1.2,-0.7,-0.018,-2.8,-1.4,-4.2,-1.1,,2018.0,2
Marco Belinelli,31.0,2TM,2.0,80.0,2.0,1947.0,14.1,0.581,0.517,0.213,1.1,7.3,4.3,11.9,1.6,0.5,10.1,20.7,2.4,1.3,3.7,0.092,0.4,-0.8,-0.5,0.8,6MOY-12,2018.0,3
Marco Belinelli,31.0,ATL,2.0,52.0,1.0,1210.0,14.1,0.554,0.509,0.225,1.3,7.9,4.6,13.5,1.9,0.2,9.2,21.2,1.3,0.6,1.9,0.075,0.6,-0.8,-0.2,0.5,,2018.0,1
Darius Miller,27.0,NOP,3.0,82.0,3.0,1944.0,9.3,0.617,0.735,0.138,1.0,7.9,4.6,7.5,0.7,0.7,10.1,12.8,2.1,0.9,3.0,0.075,-1.1,-0.8,-1.9,0.1,,2018.0,3
James Johnson,30.0,MIA,4.0,73.0,41.0,1943.0,15.8,0.575,0.301,0.264,3.5,17.2,10.3,22.5,1.8,2.2,17.1,19.1,2.2,2.8,5.0,0.123,0.0,1.6,1.6,1.7,,2018.0,4
Kyrie Irving,25.0,BOS,1.0,60.0,60.0,1931.0,25.0,0.61,0.374,0.24,1.9,10.8,6.4,30.7,1.7,0.7,10.4,31.0,6.3,2.7,8.9,0.222,6.4,0.9,7.3,4.5,AS,2018.0,0
Rondae Hollis-Jefferson,23.0,BRK,3.0,68.0,59.0,1920.0,16.9,0.548,0.075,0.436,5.5,20.0,12.7,14.2,1.6,1.9,12.3,22.2,2.1,2.0,4.1,0.103,-0.3,0.4,0.1,1.0,,2018.0,4
Joel Embiid,23.0,PHI,5.0,63.0,63.0,1912.0,22.9,0.573,0.203,0.442,8.4,29.7,19.4,18.0,1.0,4.8,15.6,33.4,2.3,3.8,6.2,0.155,2.0,1.3,3.3,2.6,"MVP-12,DPOY-2,AS,NBA2,DEF2",2018.0,0
Aaron Gordon,22.0,ORL,4.0,58.0,57.0,1909.0,16.5,0.53,0.395,0.26,5.0,21.5,13.2,11.7,1.5,1.9,10.0,24.7,0.9,2.0,2.9,0.072,0.9,-0.6,0.3,1.1,,2018.0,2
Dirk Nowitzki,39.0,DAL,5.0,77.0,77.0,1900.0,16.7,0.575,0.445,0.142,1.2,25.2,12.8,10.4,1.1,2.1,6.0,20.5,2.6,2.2,4.8,0.121,1.7,0.6,2.3,2.1,,2018.0,0
Stanley Johnson,21.0,DET,3.0,69.0,50.0,1894.0,9.0,0.48,0.418,0.259,1.9,13.0,7.3,8.5,2.5,0.7,11.0,16.4,-0.6,2.4,1.8,0.046,-4.0,1.1,-2.9,-0.4,,2018.0,2
Jordan Clarkson,25.0,2TM,2.0,81.0,2.0,1888.0,16.4,0.542,0.333,0.199,3.3,9.1,6.2,19.3,1.5,0.3,10.9,26.5,1.9,1.2,3.0,0.077,1.5,-1.4,0.1,1.0,6MOY-7,2018.0,3
Jordan Clarkson,25.0,LAL,2.0,53.0,2.0,1256.0,16.9,0.532,0.315,0.198,3.8,9.7,6.7,22.9,1.5,0.2,11.6,27.7,1.1,1.0,2.1,0.08,1.9,-1.1,0.8,0.9,,2018.0,3
Tim Hardaway Jr.,25.0,NYK,2.0,57.0,54.0,1885.0,14.4,0.533,0.479,0.209,1.9,11.3,6.6,12.7,1.6,0.5,9.0,23.8,1.6,1.1,2.6,0.067,0.5,-1.1,-0.6,0.7,,2018.0,1
Devin Booker,21.0,PHO,2.0,54.0,54.0,1865.0,18.1,0.561,0.364,0.312,1.5,12.7,7.0,24.4,1.2,0.6,13.9,31.7,1.9,0.6,2.4,0.063,2.9,-2.0,0.9,1.4,,2018.0,0
Caris LeVert,23.0,BRK,3.0,71.0,10.0,1864.0,14.2,0.525,0.333,0.254,3.0,11.9,7.4,26.0,2.1,0.9,15.8,22.5,0.7,1.6,2.3,0.058,-0.8,0.0,-0.8,0.6,,2018.0,5
Lance Stephenson,27.0,IND,2.0,82.0,7.0,1850.0,12.4,0.495,0.327,0.179,3.8,22.0,12.9,18.6,1.2,0.8,14.6,21.6,-0.2,2.0,1.8,0.046,-1.5,-0.3,-1.8,0.1,,2018.0,3
Michael Kidd-Gilchrist,24.0,CHO,3.0,74.0,74.0,1850.0,12.5,0.536,0.004,0.305,4.8,13.0,8.8,5.9,1.3,1.4,7.7,16.1,1.7,1.6,3.3,0.084,-2.1,0.0,-2.1,-0.1,,2018.0,3
Chris Paul,32.0,HOU,1.0,58.0,58.0,1847.0,24.4,0.604,0.475,0.277,2.3,16.7,9.5,40.9,2.6,0.6,12.5,24.5,7.5,2.7,10.2,0.265,5.2,1.8,7.1,4.2,,2018.0,0
Evan Fournier,25.0,ORL,3.0,57.0,57.0,1837.0,15.5,0.577,0.418,0.216,1.4,9.5,5.4,14.8,1.3,0.7,9.8,23.3,2.4,0.9,3.3,0.087,0.8,-1.4,-0.6,0.7,,2018.0,3
Myles Turner,21.0,IND,5.0,65.0,62.0,1836.0,16.6,0.567,0.246,0.322,5.8,19.8,12.8,7.0,1.0,5.7,11.6,20.0,2.2,2.5,4.7,0.122,-0.6,0.4,-0.2,0.8,,2018.0,2
Frank Kaminsky,24.0,CHO,4.0,79.0,4.0,1835.0,14.4,0.545,0.383,0.271,2.7,14.5,8.5,11.0,1.0,0.9,7.6,20.5,2.3,1.3,3.6,0.094,0.6,-0.8,-0.2,0.8,,2018.0,3
Enes Freedom,25.0,NYK,5.0,71.0,71.0,1830.0,24.0,0.63,0.003,0.258,16.6,30.6,23.6,9.4,1.0,1.7,13.3,21.8,5.5,2.1,7.5,0.198,3.3,-1.1,2.2,1.9,,2018.0,4
Jeff Green,31.0,CLE,4.0,78.0,14.0,1828.0,14.8,0.587,0.275,0.379,3.7,11.2,7.6,8.0,1.1,1.6,9.4,19.3,3.1,0.8,3.9,0.103,-0.3,-1.5,-1.8,0.1,,2018.0,3
Rudy Gobert,25.0,UTA,5.0,56.0,56.0,1816.0,20.7,0.657,0.0,0.673,10.4,27.0,18.8,6.9,1.2,6.0,15.7,16.9,4.2,3.9,8.1,0.214,0.9,2.5,3.4,2.5,"DPOY-1,DEF1",2018.0,4
Pau Gasol,37.0,SAS,5.0,77.0,63.0,1812.0,18.9,0.539,0.191,0.333,7.8,30.2,19.0,20.1,0.7,3.6,13.1,20.4,2.7,3.3,6.0,0.159,1.5,1.9,3.4,2.5,,2018.0,0
George Hill,31.0,2TM,1.0,67.0,60.0,1812.0,13.3,0.58,0.4,0.273,2.6,8.9,5.7,15.0,1.7,1.3,13.3,16.3,2.3,0.9,3.2,0.085,-0.2,-0.5,-0.8,0.6,,2018.0,3
George Hill,31.0,SAC,1.0,43.0,36.0,1143.0,14.0,0.597,0.393,0.304,2.1,9.9,5.8,15.5,1.7,1.0,14.0,16.9,1.6,0.6,2.1,0.09,0.0,-0.6,-0.5,0.4,,2018.0,1
Domantas Sabonis,21.0,IND,5.0,74.0,19.0,1810.0,17.5,0.567,0.056,0.339,10.4,25.2,17.8,12.7,1.1,1.6,15.3,22.1,2.5,2.2,4.7,0.126,-0.6,-0.5,-1.1,0.4,,2018.0,2
Elfrid Payton,23.0,2TM,1.0,63.0,63.0,1808.0,16.5,0.538,0.138,0.252,3.8,12.8,8.2,34.9,2.2,1.0,18.5,21.9,1.4,1.4,2.8,0.075,0.1,-0.3,-0.2,0.8,,2018.0,0
Elfrid Payton,23.0,ORL,1.0,44.0,44.0,1257.0,18.1,0.564,0.146,0.249,4.1,11.2,7.6,35.5,2.5,1.0,18.3,21.8,1.6,1.1,2.7,0.104,1.0,0.1,1.1,1.0,,2018.0,5
Danny Green,30.0,SAS,2.0,70.0,60.0,1791.0,11.3,0.509,0.57,0.116,2.5,13.0,7.7,8.9,1.8,3.7,11.2,16.6,0.1,2.9,2.9,0.078,-1.0,1.4,0.4,1.1,,2018.0,3
Kent Bazemore,28.0,ATL,2.0,65.0,65.0,1789.0,14.5,0.547,0.405,0.297,1.6,13.9,7.7,20.1,2.7,2.2,17.0,22.5,0.2,2.0,2.2,0.059,-0.4,1.0,0.6,1.2,,2018.0,5
John Collins,20.0,ATL,4.0,74.0,26.0,1785.0,18.3,0.62,0.086,0.341,11.0,22.8,16.9,8.9,1.3,3.8,14.3,17.9,3.4,2.0,5.4,0.145,-0.4,0.2,-0.2,0.8,,2018.0,2
Lonzo Ball,20.0,LAL,1.0,52.0,50.0,1780.0,12.5,0.444,0.523,0.126,4.2,17.3,10.8,29.2,2.4,2.0,18.6,17.4,-0.5,2.5,2.0,0.053,-0.7,1.6,1.0,1.3,,2018.0,2
Kelly Olynyk,26.0,MIA,4.0,76.0,22.0,1779.0,17.8,0.612,0.44,0.274,5.6,21.6,13.6,18.7,1.7,1.7,17.1,21.7,2.8,2.7,5.5,0.148,1.1,1.2,2.3,1.9,6MOY-6,2018.0,4
Doug McDermott,26.0,2TM,3.0,81.0,4.0,1768.0,10.4,0.579,0.425,0.159,2.5,10.2,6.3,6.5,0.5,0.8,9.3,15.0,1.7,0.6,2.3,0.063,-1.0,-1.3,-2.2,-0.1,,2018.0,3
Doug McDermott,26.0,NYK,3.0,55.0,1.0,1172.0,9.9,0.562,0.418,0.162,3.1,9.5,6.3,6.0,0.4,0.9,8.8,14.4,1.1,0.3,1.3,0.055,-0.7,-1.4,-2.1,0.0,,2018.0,1
D.J. Augustin,30.0,ORL,1.0,75.0,36.0,1760.0,15.4,0.615,0.504,0.35,1.9,8.2,5.0,24.4,1.5,0.0,16.5,18.6,3.3,0.8,4.1,0.11,1.0,-1.2,-0.2,0.8,,2018.0,3
Anthony Tolliver,32.0,DET,4.0,79.0,14.0,1757.0,13.9,0.663,0.773,0.282,3.1,12.3,7.6,7.5,0.9,1.1,9.9,14.8,3.8,1.5,5.3,0.146,1.2,-0.3,0.9,1.3,,2018.0,3
Dejounte Murray,21.0,SAS,1.0,81.0,48.0,1743.0,15.1,0.485,0.056,0.243,7.0,22.4,14.6,20.2,2.8,1.5,16.6,20.7,-0.2,3.4,3.2,0.087,-1.6,2.2,0.5,1.1,DEF2,2018.0,2
DeMarcus Cousins,27.0,NOP,5.0,48.0,48.0,1737.0,22.6,0.583,0.34,0.456,6.8,30.9,19.2,23.0,2.2,3.5,18.9,31.9,1.5,3.2,4.7,0.13,2.5,2.2,4.7,2.9,AS,2018.0,0
Brook Lopez,29.0,LAL,5.0,74.0,72.0,1735.0,16.5,0.557,0.41,0.199,4.6,13.4,9.0,11.6,0.8,4.6,10.2,23.5,1.9,1.9,3.8,0.105,0.7,0.2,0.9,1.3,,2018.0,4
Reggie Bullock,26.0,DET,3.0,62.0,52.0,1732.0,13.6,0.615,0.515,0.09,1.7,8.3,4.9,8.4,1.4,0.7,7.6,15.7,2.8,1.4,4.2,0.117,0.7,0.0,0.7,1.2,,2018.0,1
Ersan İlyasova,30.0,2TM,4.0,69.0,43.0,1729.0,14.9,0.558,0.413,0.22,7.6,18.0,12.9,7.9,1.7,1.3,9.7,18.7,2.2,1.9,4.0,0.112,-0.2,-0.4,-0.6,0.6,,2018.0,1
Ersan İlyasova,30.0,ATL,4.0,46.0,40.0,1175.0,15.1,0.569,0.424,0.224,7.0,16.8,11.9,6.8,1.8,1.2,8.9,18.0,1.6,1.0,2.6,0.106,0.3,-0.5,-0.1,0.6,,2018.0,4
Jonas Valančiūnas,25.0,TOR,5.0,77.0,77.0,1727.0,22.5,0.628,0.108,0.307,12.1,30.3,21.4,7.5,0.8,3.2,12.9,22.7,4.6,3.0,7.6,0.21,2.4,0.0,2.4,1.9,,2018.0,4
Ryan Anderson,29.0,HOU,4.0,66.0,50.0,1725.0,12.6,0.592,0.706,0.194,6.2,15.4,10.8,5.1,0.7,1.0,7.5,14.4,3.1,1.7,4.8,0.132,0.9,-0.8,0.1,0.9,,2018.0,1
Frank Ntilikina,19.0,NYK,1.0,78.0,9.0,1706.0,7.0,0.437,0.314,0.136,2.4,9.1,5.8,20.0,1.9,0.9,19.8,16.9,-2.0,1.0,-0.9,-0.026,-4.5,-0.5,-5.0,-1.3,,2018.0,2
T.J. McConnell,25.0,PHI,1.0,76.0,1.0,1706.0,12.5,0.545,0.147,0.093,2.4,11.5,7.1,24.5,2.6,0.6,20.4,13.8,1.3,2.5,3.8,0.108,-1.9,1.9,0.0,0.9,,2018.0,5
Rajon Rondo,31.0,NOP,1.0,65.0,63.0,1705.0,15.3,0.522,0.304,0.093,2.0,14.2,8.4,42.2,2.0,0.5,22.7,16.9,1.9,1.7,3.6,0.101,0.0,-0.4,-0.3,0.7,,2018.0,0
Robin Lopez,29.0,CHI,5.0,64.0,64.0,1690.0,14.7,0.552,0.022,0.14,8.2,10.3,9.2,12.3,0.4,2.8,13.5,20.4,1.2,0.7,1.9,0.055,-0.9,-1.3,-2.2,-0.1,,2018.0,3
Jerian Grant,25.0,CHI,1.0,74.0,26.0,1686.0,14.3,0.528,0.372,0.374,1.9,9.3,5.5,30.1,1.8,0.4,13.2,17.4,2.3,1.0,3.3,0.094,-0.9,-0.5,-1.3,0.3,,2018.0,5
Nikola Vučević,27.0,ORL,5.0,57.0,57.0,1683.0,19.7,0.533,0.243,0.112,6.6,27.8,17.1,19.9,1.6,3.0,11.0,25.9,1.3,2.3,3.6,0.102,1.7,1.0,2.7,2.0,,2018.0,0
Justise Winslow,21.0,MIA,4.0,68.0,25.0,1680.0,11.5,0.496,0.264,0.213,4.3,20.5,12.4,13.0,1.6,1.7,12.6,16.3,0.2,2.4,2.6,0.075,-2.2,1.1,-1.1,0.4,,2018.0,2
Pascal Siakam,23.0,TOR,4.0,81.0,5.0,1679.0,14.5,0.549,0.265,0.175,5.4,18.6,12.1,13.5,1.8,2.0,11.1,15.7,2.1,2.5,4.7,0.133,-0.3,1.6,1.3,1.4,,2018.0,4
Dwight Powell,26.0,DAL,5.0,79.0,24.0,1672.0,18.8,0.656,0.195,0.43,8.7,21.3,14.7,8.5,2.0,1.7,10.3,15.5,4.6,2.1,6.6,0.191,0.6,1.0,1.6,1.5,,2018.0,4
Jarell Martin,23.0,MEM,4.0,73.0,36.0,1661.0,10.5,0.516,0.198,0.234,6.6,15.8,11.1,7.0,1.2,2.8,13.6,17.1,0.1,1.2,1.3,0.038,-3.3,-0.7,-4.0,-0.8,,2018.0,1
Tyler Ulis,22.0,PHO,1.0,71.0,43.0,1658.0,10.1,0.465,0.265,0.183,1.5,6.8,4.1,28.0,2.0,0.3,17.6,18.5,-0.7,0.5,-0.2,-0.006,-3.0,-1.4,-4.4,-1.0,,2018.0,2
Mario Hezonja,22.0,ORL,3.0,75.0,30.0,1657.0,13.7,0.544,0.433,0.17,2.7,16.1,9.3,10.0,2.4,1.5,11.5,19.9,0.5,1.8,2.3,0.066,-0.9,0.4,-0.5,0.6,,2018.0,2
Jamal Crawford,37.0,MIN,2.0,80.0,0.0,1653.0,13.0,0.519,0.423,0.152,1.4,5.5,3.5,16.9,1.2,0.5,10.7,23.7,0.9,0.3,1.3,0.037,0.1,-2.5,-2.3,-0.1,,2018.0,3
Michael Beasley,29.0,NYK,4.0,74.0,30.0,1653.0,17.8,0.556,0.107,0.197,6.5,21.2,13.9,12.5,1.1,2.3,14.0,26.9,0.9,1.5,2.4,0.069,0.6,-0.8,-0.2,0.7,,2018.0,4
Kevin Love,29.0,CLE,5.0,59.0,59.0,1651.0,22.4,0.614,0.453,0.365,7.0,29.8,18.6,9.8,1.3,1.2,9.6,25.1,4.7,1.6,6.4,0.185,4.5,-1.3,3.3,2.2,AS,2018.0,0
Jerami Grant,23.0,OKC,4.0,81.0,1.0,1647.0,16.2,0.607,0.241,0.526,5.6,16.3,10.7,5.1,0.9,4.2,8.8,16.0,3.5,1.9,5.4,0.156,0.0,0.3,0.3,1.0,,2018.0,4
David Nwaba,25.0,CHI,2.0,70.0,21.0,1646.0,12.2,0.542,0.123,0.48,5.6,16.0,10.6,9.4,1.7,1.6,13.1,15.6,1.1,1.4,2.4,0.071,-2.7,0.2,-2.5,-0.2,,2018.0,1
Bobby Portis,22.0,CHI,4.0,73.0,4.0,1643.0,19.7,0.548,0.275,0.192,10.0,23.0,16.2,13.2,1.5,1.3,10.5,26.0,2.0,1.5,3.5,0.101,2.2,-1.3,0.8,1.2,,2018.0,2
Tomáš Satoranský,26.0,WAS,2.0,73.0,30.0,1643.0,15.4,0.615,0.263,0.25,5.0,11.1,8.0,24.8,1.6,0.8,16.3,13.7,3.7,1.3,5.0,0.145,0.8,0.5,1.2,1.3,6MOY-12,2018.0,0
Stephen Curry,29.0,GSW,1.0,51.0,51.0,1631.0,28.2,0.675,0.58,0.35,2.7,14.4,9.0,30.3,2.4,0.4,13.3,31.0,7.2,1.8,9.1,0.267,7.8,0.0,7.7,4.0,"MVP-10,AS,NBA3",2018.0,0
Troy Daniels,26.0,PHO,2.0,79.0,15.0,1622.0,9.8,0.583,0.797,0.111,0.8,7.7,4.2,4.5,0.8,0.2,8.5,17.2,1.4,0.0,1.4,0.042,-0.5,-2.1,-2.6,-0.3,,2018.0,3
Andre Iguodala,34.0,GSW,3.0,64.0,7.0,1622.0,11.2,0.536,0.366,0.272,3.7,12.6,8.5,16.2,1.6,1.9,15.8,11.5,1.6,1.6,3.2,0.094,-1.1,0.8,-0.3,0.7,,2018.0,5
Rodney Hood,25.0,2TM,2.0,60.0,23.0,1616.0,14.3,0.546,0.443,0.172,1.6,9.9,5.8,9.7,1.4,0.6,8.0,24.3,1.2,1.5,2.7,0.081,0.8,-0.9,-0.1,0.8,6MOY-12,2018.0,1
Garrett Temple,31.0,SAC,2.0,65.0,35.0,1615.0,10.3,0.536,0.477,0.164,1.5,9.6,5.4,11.3,1.8,1.6,13.4,16.4,0.3,0.9,1.2,0.035,-2.2,-0.3,-2.5,-0.2,,2018.0,1
Marcus Smart,23.0,BOS,2.0,54.0,11.0,1614.0,10.8,0.479,0.483,0.258,3.0,9.8,6.4,23.7,2.2,1.2,18.4,19.4,-0.6,2.5,1.9,0.056,-2.1,1.0,-1.2,0.3,,2018.0,5
Tyreke Evans,28.0,MEM,1.0,52.0,32.0,1607.0,21.1,0.561,0.354,0.258,3.1,16.3,9.5,31.2,1.8,1.0,11.5,28.4,3.1,1.2,4.2,0.126,4.9,-0.5,4.5,2.6,,2018.0,0
James Ennis III,27.0,2TM,3.0,72.0,22.0,1604.0,11.6,0.588,0.398,0.302,5.1,11.0,8.0,6.6,1.5,1.0,11.4,13.7,2.0,1.1,3.1,0.092,-1.1,-0.1,-1.2,0.3,,2018.0,1
James Ennis III,27.0,MEM,3.0,45.0,14.0,1053.0,11.9,0.61,0.378,0.329,5.7,11.7,8.6,7.0,1.5,1.1,13.0,12.5,1.5,0.6,2.0,0.093,-0.5,-0.1,-0.6,0.4,,2018.0,1
J.J. Barea,33.0,DAL,1.0,69.0,11.0,1603.0,17.8,0.545,0.454,0.148,1.0,13.4,7.0,45.1,1.1,0.2,16.3,24.9,2.3,1.0,3.3,0.098,2.7,-1.5,1.2,1.3,6MOY-12,2018.0,0
Kyle Korver,36.0,CLE,2.0,73.0,4.0,1574.0,13.4,0.652,0.777,0.149,0.7,10.9,5.9,8.0,1.0,1.5,9.6,16.0,2.8,0.6,3.4,0.104,1.5,-1.2,0.2,0.9,,2018.0,1
Luc Mbah a Moute,31.0,HOU,4.0,61.0,15.0,1564.0,10.3,0.595,0.501,0.275,1.6,11.7,6.7,5.0,2.3,1.4,15.0,12.8,0.8,2.1,2.8,0.087,-1.6,1.4,-0.2,0.7,6MOY-12,2018.0,5
Dante Cunningham,30.0,2TM,3.0,73.0,25.0,1562.0,10.0,0.539,0.462,0.143,5.5,14.9,10.3,4.3,1.2,1.5,7.9,11.6,1.1,1.3,2.4,0.074,-1.5,-0.2,-1.7,0.1,,2018.0,1
Dante Cunningham,30.0,NOP,3.0,51.0,24.0,1115.0,8.4,0.525,0.48,0.16,5.0,13.4,9.4,3.0,1.2,1.1,6.2,10.0,0.7,0.9,1.6,0.067,-1.9,-0.1,-2.0,0.0,,2018.0,1
Kristaps Porziņģis,22.0,NYK,4.0,48.0,48.0,1553.0,20.4,0.539,0.256,0.309,4.4,18.1,11.3,6.2,1.1,6.4,8.4,31.0,1.4,1.8,3.2,0.099,1.9,-0.1,1.8,1.5,AS,2018.0,4
Jarrett Jack,34.0,NYK,1.0,62.0,56.0,1548.0,11.5,0.489,0.194,0.169,1.6,12.1,6.8,31.3,1.1,0.2,19.5,16.7,0.5,0.7,1.2,0.036,-1.6,-1.3,-2.8,-0.3,,2018.0,5
Dewayne Dedmon,28.0,ATL,5.0,62.0,46.0,1542.0,15.8,0.599,0.296,0.18,7.2,28.1,17.7,9.2,1.3,2.8,14.3,17.0,1.8,1.9,3.7,0.114,-0.4,0.5,0.1,0.8,,2018.0,4
JaMychal Green,27.0,MEM,4.0,55.0,54.0,1542.0,14.0,0.53,0.26,0.227,10.8,24.4,17.4,8.3,1.0,1.5,12.4,17.8,1.3,1.3,2.6,0.079,-0.8,-1.5,-2.3,-0.1,,2018.0,4
Dwyane Wade,36.0,2TM,2.0,67.0,3.0,1536.0,15.0,0.5,0.163,0.277,3.7,14.6,9.2,23.5,2.0,2.6,15.5,26.2,-0.4,1.6,1.1,0.036,-0.9,-0.1,-1.0,0.4,6MOY-10,2018.0,5
Dwyane Wade,36.0,CLE,2.0,46.0,3.0,1069.0,15.9,0.519,0.161,0.308,4.2,14.7,9.5,23.3,1.9,2.5,15.7,24.3,0.4,0.9,1.3,0.057,-0.1,-0.1,-0.2,0.5,,2018.0,5
Shabazz Napier,26.0,POR,1.0,74.0,9.0,1535.0,14.2,0.544,0.411,0.26,1.9,10.1,6.0,14.6,2.6,0.7,13.2,19.5,1.2,2.0,3.2,0.101,-0.7,1.4,0.7,1.0,,2018.0,5
Marquese Chriss,20.0,PHO,4.0,72.0,49.0,1527.0,11.1,0.509,0.398,0.331,5.2,22.7,13.8,8.1,1.6,3.7,16.4,18.1,-0.8,1.5,0.7,0.023,-3.2,0.4,-2.8,-0.3,,2018.0,2
Kris Dunn,23.0,CHI,1.0,52.0,43.0,1525.0,14.5,0.488,0.201,0.171,1.6,14.4,7.8,33.3,3.3,1.6,17.3,24.7,-1.0,1.9,0.9,0.027,-2.4,1.1,-1.3,0.3,,2018.0,5
Jakob Poeltl,22.0,TOR,5.0,82.0,0.0,1524.0,17.5,0.662,0.005,0.263,12.4,16.4,14.4,5.4,1.3,5.2,16.6,14.8,3.1,2.4,5.6,0.175,-0.7,1.1,0.4,0.9,6MOY-12,2018.0,2
Fred VanVleet,23.0,TOR,1.0,76.0,0.0,1520.0,15.9,0.556,0.479,0.185,1.9,11.5,6.8,22.8,2.2,1.0,11.2,19.1,2.7,2.0,4.7,0.149,1.4,1.0,2.4,1.7,6MOY-3,2018.0,3
Bryn Forbes,24.0,SAS,2.0,80.0,12.0,1517.0,9.1,0.525,0.459,0.145,0.9,7.2,4.0,7.8,0.9,0.1,6.5,16.7,0.8,1.3,2.1,0.067,-2.5,-0.6,-3.1,-0.4,,2018.0,3
Zach Randolph,36.0,SAC,4.0,59.0,58.0,1508.0,17.3,0.529,0.193,0.14,7.0,23.7,15.0,14.9,1.4,0.6,12.5,27.6,0.3,1.2,1.5,0.048,0.5,-1.5,-1.0,0.4,,2018.0,0
Justin Jackson,22.0,SAC,3.0,68.0,41.0,1506.0,9.2,0.521,0.442,0.086,2.0,12.6,7.1,7.2,0.9,0.8,8.4,14.2,0.4,0.5,1.0,0.031,-2.4,-1.1,-3.5,-0.6,,2018.0,2
Bismack Biyombo,25.0,ORL,5.0,82.0,25.0,1495.0,14.1,0.556,0.003,0.446,10.5,24.0,17.2,6.5,0.7,5.1,16.6,14.9,1.1,1.8,2.9,0.094,-2.6,0.2,-2.4,-0.2,,2018.0,4
Nikola Mirotić,26.0,2TM,4.0,55.0,14.0,1494.0,18.7,0.577,0.523,0.2,4.3,24.9,14.6,8.6,1.4,2.2,7.7,23.4,2.2,1.8,4.0,0.128,2.5,-0.3,2.2,1.6,6MOY-7,2018.0,3
Pat Connaughton,25.0,POR,2.0,82.0,5.0,1488.0,9.3,0.539,0.538,0.113,2.7,9.1,5.9,8.7,0.8,1.2,9.5,13.4,1.2,1.3,2.5,0.08,-1.7,-0.1,-1.8,0.1,,2018.0,3
Wesley Johnson,30.0,LAC,3.0,74.0,40.0,1486.0,9.8,0.512,0.481,0.158,2.2,13.6,8.0,5.6,2.5,3.5,12.3,13.0,-0.1,1.7,1.7,0.055,-2.5,1.7,-0.7,0.5,,2018.0,5
Aron Baynes,31.0,BOS,5.0,81.0,67.0,1485.0,12.0,0.502,0.047,0.175,9.7,22.1,16.0,9.6,0.7,2.9,14.3,16.8,0.5,2.5,3.0,0.097,-3.6,0.7,-2.9,-0.3,,2018.0,3
OG Anunoby,20.0,TOR,3.0,74.0,62.0,1481.0,10.0,0.587,0.569,0.179,3.4,10.4,7.0,5.0,1.7,0.8,10.8,12.4,1.4,1.6,3.0,0.098,-1.2,0.6,-0.6,0.5,,2018.0,2
Ed Davis,28.0,POR,5.0,78.0,0.0,1471.0,15.5,0.607,0.003,0.38,13.7,28.8,21.3,3.9,1.1,2.9,16.2,12.1,2.5,2.5,5.0,0.164,-1.2,0.6,-0.6,0.5,,2018.0,4
Tyus Jones,21.0,MIN,1.0,82.0,11.0,1467.0,14.1,0.572,0.393,0.247,1.2,9.2,5.2,21.2,3.2,0.4,14.0,12.7,2.3,1.2,3.6,0.117,-0.8,1.7,0.8,1.1,,2018.0,2
Luke Kennard,21.0,DET,2.0,73.0,9.0,1463.0,12.1,0.56,0.419,0.163,1.6,11.9,6.6,12.7,1.5,0.8,12.2,17.2,1.1,1.4,2.6,0.084,-0.9,0.1,-0.8,0.5,,2018.0,2
Josh Hart,22.0,LAL,2.0,63.0,23.0,1461.0,12.2,0.596,0.525,0.251,3.1,16.0,9.6,7.6,1.5,0.9,10.1,13.5,1.9,1.5,3.4,0.111,-0.6,0.5,-0.1,0.7,,2018.0,2
Ian Clark,26.0,NOP,2.0,74.0,2.0,1455.0,9.4,0.529,0.394,0.119,0.8,8.4,4.7,10.4,1.1,0.5,9.9,17.2,0.3,0.8,1.1,0.037,-2.7,-0.8,-3.5,-0.6,,2018.0,1
Marcus Morris,28.0,BOS,4.0,54.0,21.0,1442.0,14.5,0.541,0.383,0.252,3.3,18.4,11.0,8.2,1.2,0.7,8.7,23.0,1.1,2.2,3.2,0.108,-0.1,-0.1,-0.1,0.7,,2018.0,1
Jarrett Allen,19.0,BRK,5.0,72.0,31.0,1441.0,17.5,0.636,0.038,0.37,10.5,18.1,14.3,5.4,0.9,4.6,15.1,16.3,2.7,1.5,4.2,0.141,-0.9,0.1,-0.8,0.5,,2018.0,2
Mason Plumlee,27.0,DEN,5.0,74.0,26.0,1439.0,16.9,0.586,0.003,0.486,10.4,20.9,15.6,14.4,1.7,4.7,18.7,16.6,1.8,1.8,3.6,0.12,-1.0,1.4,0.5,0.9,,2018.0,4
Malcolm Brogdon,25.0,MIL,1.0,48.0,20.0,1436.0,14.3,0.578,0.32,0.169,1.9,10.8,6.4,16.3,1.4,0.8,10.9,19.1,2.0,0.7,2.7,0.091,-0.1,-1.0,-1.2,0.3,,2018.0,1
Delon Wright,25.0,TOR,1.0,69.0,4.0,1433.0,16.5,0.574,0.354,0.271,3.6,11.7,7.7,19.6,2.5,1.8,13.9,17.2,2.5,2.1,4.5,0.152,1.4,1.8,3.3,1.9,,2018.0,5
Avery Bradley,27.0,2TM,2.0,46.0,46.0,1433.0,9.6,0.496,0.325,0.131,1.7,7.3,4.5,10.4,1.8,0.5,13.3,23.5,-1.4,1.2,-0.2,-0.007,-3.0,-1.0,-4.0,-0.7,,2018.0,1
Mario Chalmers,31.0,MEM,1.0,66.0,10.0,1421.0,10.4,0.503,0.431,0.312,1.0,12.0,6.4,21.5,2.8,0.9,18.8,19.6,-0.6,1.3,0.6,0.021,-3.7,0.5,-3.2,-0.4,,2018.0,5
Larry Nance Jr.,25.0,2TM,5.0,66.0,26.0,1421.0,20.2,0.605,0.029,0.332,12.4,22.0,17.3,8.6,3.0,2.2,9.7,15.9,3.5,2.3,5.8,0.196,0.9,1.5,2.4,1.6,,2018.0,4
Larry Nance Jr.,25.0,LAL,5.0,42.0,17.0,922.0,19.4,0.618,0.016,0.344,12.6,20.2,16.4,9.2,3.1,1.8,12.3,15.3,2.1,1.5,3.7,0.191,0.6,1.8,2.4,1.0,,2018.0,4
Mike Scott,29.0,WAS,4.0,76.0,1.0,1406.0,13.6,0.599,0.311,0.145,4.0,15.8,9.9,9.1,0.8,0.6,12.4,20.0,1.4,1.0,2.5,0.085,-0.6,-1.1,-1.7,0.1,,2018.0,3
Alex Len,24.0,PHO,5.0,69.0,13.0,1395.0,19.4,0.612,0.008,0.611,13.2,26.7,19.8,9.1,0.9,3.5,14.0,17.0,3.2,1.3,4.5,0.154,0.6,-0.3,0.3,0.8,,2018.0,4
Nick Young,32.0,GSW,2.0,80.0,8.0,1393.0,10.0,0.562,0.668,0.133,1.7,7.9,5.0,3.5,1.3,0.4,7.0,17.5,0.8,0.9,1.7,0.059,-1.6,-1.9,-3.5,-0.5,,2018.0,3
Trey Lyles,22.0,DEN,4.0,73.0,2.0,1391.0,17.9,0.591,0.396,0.26,4.5,23.5,14.0,10.1,1.1,2.0,9.1,21.1,2.7,1.2,3.9,0.134,2.0,-0.7,1.3,1.1,,2018.0,2
Kosta Koufos,28.0,SAC,5.0,71.0,12.0,1391.0,17.5,0.566,0.0,0.19,11.7,27.6,19.3,9.7,1.7,2.2,10.4,15.2,2.3,1.5,3.9,0.134,-0.2,-0.2,-0.4,0.6,,2018.0,4
Kyle O'Quinn,27.0,NYK,5.0,77.0,10.0,1387.0,20.0,0.625,0.044,0.331,9.7,27.8,18.8,16.8,1.3,6.1,18.5,17.0,2.7,2.1,4.8,0.166,0.4,2.6,3.1,1.8,,2018.0,4
Nemanja Bjelica,29.0,MIN,4.0,67.0,21.0,1371.0,12.6,0.581,0.493,0.121,4.4,18.8,11.5,8.7,1.8,1.0,11.7,14.3,1.7,1.1,2.8,0.097,-0.1,0.2,0.1,0.7,,2018.0,1
Bam Adebayo,20.0,MIA,5.0,69.0,19.0,1368.0,15.7,0.57,0.021,0.526,9.7,21.6,15.6,11.0,1.2,2.5,13.6,15.9,2.3,1.9,4.2,0.148,-1.1,0.7,-0.4,0.6,,2018.0,2
Raymond Felton,33.0,OKC,1.0,82.0,2.0,1365.0,13.0,0.494,0.417,0.08,2.0,11.0,6.3,22.5,1.8,1.1,11.7,20.4,0.9,1.3,2.2,0.078,-0.3,-0.3,-0.6,0.5,,2018.0,3
Shelvin Mack,27.0,ORL,1.0,69.0,3.0,1365.0,13.3,0.518,0.336,0.234,1.8,11.6,6.7,29.5,1.9,0.5,16.3,17.6,1.0,1.0,1.9,0.069,-1.2,-0.2,-1.4,0.2,,2018.0,5
Hassan Whiteside,28.0,MIA,5.0,54.0,54.0,1364.0,24.1,0.573,0.003,0.315,14.3,36.6,25.4,6.9,1.4,5.9,12.3,24.7,2.3,3.0,5.3,0.187,1.5,1.1,2.6,1.6,,2018.0,4
Quincy Acy,27.0,BRK,4.0,70.0,8.0,1359.0,8.2,0.525,0.8,0.164,3.1,17.1,10.0,6.0,1.2,1.6,13.3,14.4,-0.1,1.1,1.0,0.036,-2.6,0.1,-2.5,-0.2,,2018.0,1
Lance Thomas,29.0,NYK,4.0,73.0,31.0,1353.0,6.3,0.513,0.464,0.199,3.6,10.7,7.2,4.2,1.1,0.9,12.1,10.7,0.3,0.6,0.9,0.031,-3.2,-0.5,-3.7,-0.6,,2018.0,1
Devin Harris,34.0,2TM,1.0,71.0,1.0,1340.0,13.0,0.563,0.5,0.374,1.0,9.8,5.3,16.9,1.8,0.8,12.6,20.2,1.6,0.9,2.5,0.089,-1.5,-0.3,-1.8,0.1,,2018.0,1
Devin Harris,34.0,DAL,1.0,44.0,1.0,807.0,13.5,0.56,0.44,0.394,1.2,10.8,5.8,16.4,2.1,0.9,12.8,21.5,0.7,0.7,1.4,0.085,-1.7,0.7,-1.0,0.2,,2018.0,5
C.J. Miles,30.0,TOR,3.0,70.0,3.0,1337.0,13.0,0.545,0.758,0.162,1.5,11.0,6.4,6.0,1.4,1.3,5.7,22.3,1.4,1.5,2.9,0.103,1.0,-0.7,0.3,0.8,,2018.0,1
Gorgui Dieng,28.0,MIN,5.0,79.0,0.0,1333.0,14.7,0.543,0.157,0.263,9.1,22.2,15.6,7.5,1.7,2.6,12.0,16.3,1.6,1.3,2.9,0.105,-0.9,-0.1,-1.0,0.3,,2018.0,4
Andrew Harrison,23.0,MEM,1.0,56.0,46.0,1326.0,12.7,0.534,0.331,0.371,2.0,9.7,5.7,21.3,1.4,1.8,14.0,19.6,1.0,0.7,1.7,0.062,-1.0,-0.5,-1.5,0.2,,2018.0,5
Manu Ginóbili,40.0,SAS,2.0,65.0,0.0,1299.0,12.9,0.553,0.415,0.283,1.6,10.6,6.1,19.1,1.7,1.0,16.8,21.5,0.6,1.6,2.2,0.082,-1.5,0.2,-1.3,0.2,,2018.0,5
Montrezl Harrell,24.0,LAC,5.0,76.0,3.0,1293.0,24.7,0.647,0.013,0.405,8.9,17.0,13.0,10.1,1.4,3.4,9.5,23.8,4.3,1.3,5.5,0.205,3.1,0.2,3.3,1.7,,2018.0,4
Patrick Patterson,28.0,OKC,4.0,82.0,3.0,1270.0,10.0,0.555,0.643,0.173,2.7,14.6,8.4,6.1,1.9,1.6,10.3,10.8,1.2,1.4,2.6,0.098,-1.2,1.0,-0.2,0.6,,2018.0,3
Maurice Harkless,24.0,POR,3.0,59.0,37.0,1264.0,12.6,0.596,0.397,0.199,4.0,9.9,7.0,6.0,1.9,2.8,11.0,12.6,1.6,1.7,3.2,0.123,-0.4,1.7,1.4,1.1,,2018.0,5
Emmanuel Mudiay,21.0,2TM,1.0,64.0,14.0,1245.0,11.5,0.474,0.281,0.245,2.3,11.3,6.8,24.5,1.6,0.8,16.2,24.4,-0.8,0.7,0.0,-0.002,-2.1,-1.8,-3.9,-0.6,,2018.0,2
Emmanuel Mudiay,21.0,DEN,1.0,42.0,0.0,752.0,12.3,0.504,0.317,0.242,2.4,11.6,7.0,24.1,1.4,0.4,16.8,24.8,0.0,0.3,0.3,0.019,-1.4,-2.1,-3.5,-0.3,,2018.0,2
Skal Labissière,21.0,SAC,4.0,60.0,29.0,1240.0,14.3,0.513,0.111,0.258,8.7,18.1,13.2,9.1,1.0,3.7,12.5,21.1,0.4,1.0,1.4,0.054,-1.9,-0.8,-2.7,-0.2,,2018.0,2
Thon Maker,20.0,MIL,5.0,74.0,12.0,1238.0,10.2,0.499,0.329,0.294,7.1,14.1,10.6,5.2,1.5,3.7,11.0,14.6,0.3,1.1,1.5,0.056,-3.2,-0.4,-3.5,-0.5,,2018.0,2
D'Angelo Russell,21.0,BRK,1.0,48.0,35.0,1234.0,15.2,0.509,0.414,0.195,2.6,13.8,8.1,35.7,1.4,1.0,16.8,30.8,-0.5,0.9,0.4,0.014,0.8,-2.0,-1.2,0.3,,2018.0,0
Rudy Gay,31.0,SAS,4.0,57.0,6.0,1231.0,18.0,0.545,0.22,0.27,6.8,19.5,13.1,9.8,1.9,2.6,11.5,24.6,1.0,2.1,3.1,0.122,0.2,0.6,0.8,0.9,,2018.0,4
Corey Brewer,31.0,2TM,3.0,72.0,18.0,1208.0,11.2,0.534,0.348,0.285,3.8,10.0,6.9,7.5,3.2,1.0,12.1,14.3,0.7,1.6,2.3,0.091,-3.2,1.9,-1.3,0.2,,2018.0,5
Corey Brewer,31.0,LAL,3.0,54.0,2.0,694.0,8.9,0.509,0.25,0.297,3.6,10.7,7.1,8.1,2.8,0.9,16.3,14.2,-0.2,0.9,0.7,0.048,-4.7,1.6,-3.1,-0.2,,2018.0,5
Maxi Kleber,26.0,DAL,4.0,72.0,35.0,1206.0,13.4,0.576,0.414,0.191,6.3,15.6,10.8,6.4,1.1,3.5,8.2,13.7,1.6,1.2,2.8,0.113,-1.0,0.5,-0.5,0.5,,2018.0,1
Joe Johnson,36.0,2TM,3.0,55.0,4.0,1205.0,8.1,0.49,0.403,0.125,1.3,14.7,8.1,10.2,0.7,0.5,11.4,15.9,-0.3,1.3,1.0,0.04,-2.7,-0.2,-2.9,-0.3,,2018.0,1
Reggie Jackson,27.0,DET,1.0,45.0,45.0,1201.0,15.9,0.516,0.293,0.232,2.6,9.0,5.7,32.8,1.1,0.3,13.5,27.1,1.1,0.9,2.0,0.078,1.0,-1.4,-0.4,0.5,,2018.0,5
Amir Johnson,30.0,PHI,5.0,74.0,18.0,1171.0,14.9,0.575,0.123,0.327,11.8,18.3,15.2,13.9,1.8,3.1,15.6,12.8,2.1,2.0,4.1,0.169,-1.2,2.2,1.0,0.9,,2018.0,4
Isaiah Taylor,23.0,ATL,1.0,67.0,9.0,1167.0,10.9,0.492,0.205,0.362,2.1,6.9,4.5,27.0,1.4,0.7,15.7,20.1,0.2,0.5,0.6,0.027,-3.1,-1.3,-4.4,-0.7,,2018.0,5
Trevor Booker,30.0,3TM,4.0,68.0,7.0,1158.0,14.9,0.557,0.096,0.271,11.1,18.6,14.9,10.8,1.2,1.5,13.3,16.6,1.6,1.3,2.9,0.121,-0.6,0.0,-0.6,0.4,,2018.0,1
Sindarius Thornwell,23.0,LAC,2.0,73.0,16.0,1156.0,8.2,0.519,0.262,0.378,3.2,10.0,6.7,7.8,2.0,1.8,16.3,12.1,0.1,0.9,1.0,0.041,-3.4,1.0,-2.4,-0.1,,2018.0,5
Tyson Chandler,35.0,PHO,5.0,46.0,46.0,1151.0,14.2,0.658,0.0,0.497,12.2,26.8,19.4,6.6,0.7,1.9,20.6,10.6,1.9,0.8,2.7,0.111,-0.8,-0.6,-1.4,0.2,,2018.0,4
Semi Ojeleye,23.0,BOS,4.0,73.0,0.0,1150.0,4.6,0.473,0.665,0.218,3.6,11.6,7.7,2.4,0.9,0.3,10.8,9.0,-0.2,1.3,1.2,0.048,-4.6,-0.1,-4.7,-0.8,,2018.0,1
Royce O'Neale,24.0,UTA,3.0,69.0,4.0,1150.0,10.8,0.54,0.415,0.268,2.5,20.6,11.7,12.0,1.6,1.2,14.8,14.6,0.5,1.8,2.4,0.099,-2.0,1.8,-0.2,0.5,,2018.0,5
Ian Mahinmi,31.0,WAS,5.0,77.0,0.0,1145.0,12.2,0.601,0.008,0.516,13.4,17.4,15.4,6.6,1.6,3.2,24.7,15.6,0.8,1.4,2.2,0.093,-4.6,0.2,-4.4,-0.7,,2018.0,4
Álex Abrines,24.0,OKC,2.0,75.0,8.0,1134.0,9.0,0.567,0.759,0.158,2.5,8.9,5.6,3.4,1.7,0.6,7.4,12.7,1.3,0.9,2.2,0.094,-1.9,0.4,-1.5,0.1,,2018.0,3
Jonas Jerebko,30.0,UTA,4.0,74.0,19.0,1134.0,13.2,0.586,0.46,0.167,5.4,19.1,12.3,5.7,1.1,0.9,6.9,15.6,1.8,1.6,3.4,0.144,-0.4,0.4,0.1,0.6,,2018.0,1
Miloš Teodosić,30.0,LAC,1.0,45.0,36.0,1134.0,11.6,0.564,0.644,0.128,1.6,10.5,6.1,26.2,1.0,0.4,20.3,18.2,0.9,0.5,1.4,0.058,-0.3,-1.5,-1.7,0.1,,2018.0,5
Shaun Livingston,32.0,GSW,1.0,71.0,7.0,1129.0,11.6,0.533,0.015,0.178,3.4,9.2,6.5,16.8,1.5,1.5,13.6,16.7,0.9,0.9,1.8,0.077,-2.8,-0.4,-3.1,-0.3,,2018.0,1
Jodie Meeks,30.0,WAS,2.0,77.0,0.0,1119.0,12.4,0.548,0.534,0.298,1.5,11.2,6.4,9.1,1.3,0.3,7.7,19.0,1.3,0.8,2.0,0.086,-0.3,-0.8,-1.1,0.3,,2018.0,3
Tyler Zeller,28.0,2TM,5.0,66.0,34.0,1109.0,16.0,0.598,0.084,0.237,11.0,19.4,15.2,6.7,0.7,2.5,11.3,16.4,2.0,0.9,2.9,0.126,-0.5,-0.9,-1.4,0.2,,2018.0,4
Tyler Zeller,28.0,BRK,5.0,42.0,33.0,703.0,15.3,0.587,0.114,0.262,9.4,20.0,14.7,6.5,0.6,2.2,12.1,17.9,1.0,0.6,1.5,0.105,-0.7,-0.4,-1.0,0.2,,2018.0,4
Ben McLemore,24.0,MEM,2.0,56.0,17.0,1091.0,9.7,0.526,0.426,0.172,3.5,11.4,7.4,7.5,1.8,1.3,13.2,19.0,-0.2,0.7,0.5,0.023,-2.9,-1.0,-3.9,-0.5,,2018.0,1
Dāvis Bertāns,25.0,SAS,4.0,77.0,10.0,1086.0,14.1,0.588,0.689,0.134,1.8,13.9,7.8,10.3,1.2,2.1,8.5,17.4,1.6,1.4,3.1,0.135,1.0,0.6,1.6,1.0,,2018.0,3
Tristan Thompson,26.0,CLE,5.0,53.0,22.0,1072.0,13.6,0.569,0.0,0.336,13.4,23.3,18.4,4.3,0.7,1.3,11.8,12.6,1.8,0.7,2.5,0.113,-1.0,-1.9,-2.9,-0.2,,2018.0,4
Tony Parker,35.0,SAS,1.0,55.0,21.0,1071.0,12.7,0.498,0.095,0.201,0.7,9.2,4.9,28.2,1.3,0.1,13.9,20.5,0.3,1.1,1.4,0.065,-2.3,-0.9,-3.3,-0.3,,2018.0,5
Norman Powell,24.0,TOR,2.0,70.0,18.0,1062.0,8.5,0.492,0.497,0.104,1.5,10.9,6.3,11.8,1.7,1.2,14.4,18.9,-0.6,1.2,0.6,0.027,-3.2,0.2,-2.9,-0.3,,2018.0,1
Mike Muscala,26.0,ATL,5.0,53.0,7.0,1060.0,14.4,0.597,0.535,0.199,5.9,18.3,12.1,7.3,1.4,2.2,11.0,15.7,1.5,0.9,2.4,0.109,0.3,0.1,0.3,0.6,,2018.0,1
Alec Burks,26.0,UTA,2.0,64.0,1.0,1059.0,13.1,0.527,0.343,0.3,2.1,18.4,10.3,10.0,1.8,0.6,11.4,22.5,0.2,1.6,1.9,0.084,-1.3,0.4,-0.9,0.3,,2018.0,5
Treveon Graham,24.0,CHO,2.0,63.0,2.0,1050.0,9.0,0.553,0.439,0.267,4.3,8.3,6.2,7.8,1.5,0.2,9.9,11.3,1.1,0.7,1.8,0.08,-2.8,0.1,-2.7,-0.2,,2018.0,1
Zach Collins,20.0,POR,5.0,66.0,1.0,1045.0,7.5,0.475,0.391,0.145,4.7,18.2,11.5,7.1,0.8,2.4,15.9,15.4,-0.7,1.3,0.6,0.03,-4.5,0.2,-4.3,-0.6,,2018.0,2
Greg Monroe,27.0,3TM,5.0,51.0,14.0,1040.0,21.2,0.598,0.0,0.308,11.4,25.2,18.3,18.7,2.1,1.8,17.7,22.4,1.8,1.6,3.4,0.155,1.3,1.0,2.2,1.1,,2018.0,4
Vince Carter,41.0,SAC,3.0,58.0,4.0,1026.0,10.8,0.523,0.583,0.131,1.9,15.1,8.2,9.7,2.1,2.4,10.7,14.7,0.3,0.9,1.2,0.056,-1.9,0.7,-1.2,0.2,,2018.0,1
Wes Iwundu,23.0,ORL,3.0,62.0,12.0,1020.0,7.8,0.48,0.211,0.216,3.9,11.0,7.4,7.8,1.6,0.9,11.2,11.6,0.0,0.7,0.7,0.032,-4.2,-0.1,-4.3,-0.6,,2018.0,1
Malcolm Delaney,28.0,ATL,1.0,54.0,3.0,1014.0,10.6,0.519,0.435,0.323,1.0,10.0,5.5,23.4,1.7,0.5,16.9,16.9,0.4,0.6,1.0,0.047,-2.2,-0.4,-2.6,-0.1,,2018.0,5
Jameer Nelson,35.0,2TM,1.0,50.0,0.0,1013.0,8.1,0.489,0.508,0.082,1.4,9.5,5.6,22.8,1.3,0.3,21.0,13.7,-0.1,0.7,0.6,0.028,-2.9,-0.4,-3.3,-0.3,,2018.0,5
Jameer Nelson,35.0,NOP,1.0,43.0,0.0,897.0,8.9,0.52,0.537,0.083,1.4,9.9,5.8,22.2,1.2,0.3,20.9,13.0,0.3,0.6,0.8,0.045,-2.3,-0.3,-2.6,-0.1,,2018.0,5
David West,37.0,GSW,5.0,73.0,0.0,999.0,20.9,0.6,0.021,0.209,7.7,18.2,13.3,20.5,2.3,5.9,16.2,21.7,1.8,1.7,3.5,0.168,0.7,2.5,3.1,1.3,,2018.0,4
Frank Mason III,23.0,SAC,1.0,52.0,2.0,984.0,13.0,0.48,0.226,0.303,3.3,12.1,7.5,22.7,1.7,1.0,13.1,22.6,0.0,0.6,0.5,0.027,-1.3,-1.0,-2.3,-0.1,,2018.0,5
Josh Huestis,26.0,OKC,4.0,69.0,10.0,982.0,5.4,0.417,0.632,0.11,4.6,13.9,9.1,2.7,0.8,4.0,12.0,9.5,-0.5,1.0,0.5,0.024,-3.9,0.0,-3.9,-0.5,,2018.0,1
Cristiano Felício,25.0,CHI,5.0,55.0,16.0,977.0,12.5,0.614,0.009,0.377,8.8,17.1,12.8,8.4,0.8,1.0,17.7,13.6,1.2,0.5,1.7,0.086,-2.8,-1.1,-3.9,-0.5,,2018.0,4
Tyler Dorsey,21.0,ATL,2.0,56.0,5.0,974.0,10.0,0.494,0.521,0.165,1.9,12.9,7.4,12.5,0.9,0.4,8.3,20.0,0.0,0.4,0.4,0.02,-1.4,-1.5,-2.9,-0.2,,2018.0,2
Zaza Pachulia,33.0,GSW,5.0,69.0,57.0,972.0,17.0,0.612,0.004,0.352,11.0,25.0,18.5,15.2,1.9,1.4,19.1,17.0,1.8,1.4,3.3,0.161,-0.7,0.7,0.0,0.5,,2018.0,4
Patrick McCaw,22.0,GSW,2.0,57.0,10.0,961.0,7.4,0.477,0.356,0.151,2.0,7.2,4.8,10.6,2.2,0.8,14.6,12.8,-0.3,0.8,0.6,0.029,-4.3,0.1,-4.1,-0.5,,2018.0,2
Deyonta Davis,21.0,MEM,5.0,62.0,6.0,943.0,16.6,0.621,0.0,0.215,9.0,22.0,15.3,7.1,0.8,3.9,9.9,15.3,1.9,0.8,2.7,0.138,-0.9,-0.6,-1.5,0.1,,2018.0,2
Daniel Theis,25.0,BOS,5.0,63.0,3.0,936.0,16.1,0.616,0.249,0.348,10.7,21.2,16.0,9.1,1.6,4.3,17.2,15.5,1.6,1.9,3.5,0.178,-2.0,2.3,0.3,0.5,,2018.0,4
Miles Plumlee,29.0,ATL,5.0,55.0,35.0,918.0,10.6,0.574,0.0,0.333,9.4,18.3,13.9,7.2,0.9,2.8,23.4,12.8,0.1,0.7,0.9,0.046,-3.7,-0.1,-3.8,-0.4,,2018.0,4
José Calderón,36.0,CLE,1.0,57.0,32.0,914.0,11.3,0.643,0.524,0.162,1.7,8.5,5.2,17.4,1.4,0.2,17.1,11.6,1.5,0.3,1.8,0.095,-1.4,-0.5,-1.9,0.0,,2018.0,1
Kevon Looney,21.0,GSW,5.0,66.0,4.0,910.0,14.8,0.588,0.026,0.399,11.0,15.2,13.2,6.0,1.8,4.9,12.0,12.5,1.5,1.3,2.8,0.145,-1.2,1.0,-0.2,0.4,,2018.0,2
Sam Dekker,23.0,LAC,4.0,73.0,1.0,883.0,11.5,0.534,0.232,0.216,5.6,16.0,10.8,6.2,1.3,0.9,10.4,15.5,0.6,0.6,1.2,0.066,-2.3,-0.6,-2.9,-0.2,,2018.0,1
Noah Vonleh,22.0,2TM,4.0,54.0,16.0,875.0,12.8,0.509,0.282,0.248,8.5,30.2,19.2,5.7,1.1,1.6,10.7,14.5,0.5,1.2,1.6,0.09,-1.1,-0.2,-1.3,0.2,,2018.0,2
Langston Galloway,26.0,DET,2.0,58.0,2.0,863.0,12.2,0.503,0.641,0.121,1.6,10.3,5.9,10.1,2.0,0.5,4.8,19.3,0.5,0.9,1.4,0.079,-0.2,0.2,0.1,0.5,,2018.0,1
Malik Monk,19.0,CHO,2.0,63.0,0.0,854.0,10.2,0.477,0.572,0.089,1.0,7.5,4.2,16.9,1.1,0.9,10.0,24.9,-0.5,0.5,0.0,0.0,-1.3,-2.0,-3.4,-0.3,,2018.0,2
Tim Frazier,27.0,WAS,1.0,59.0,11.0,838.0,11.3,0.475,0.326,0.174,2.4,13.1,7.8,31.1,2.8,0.7,23.5,12.8,0.4,1.0,1.4,0.08,-2.8,1.8,-0.9,0.2,,2018.0,5
Michael Carter-Williams,26.0,CHO,1.0,52.0,2.0,835.0,10.8,0.446,0.258,0.389,4.7,13.3,8.9,19.4,2.6,2.3,16.2,16.6,-0.2,1.1,0.9,0.05,-3.3,1.8,-1.5,0.1,,2018.0,5
Paul Zipser,23.0,CHI,3.0,54.0,12.0,824.0,5.2,0.445,0.47,0.107,1.6,16.0,8.5,8.0,1.2,1.6,14.9,15.2,-1.1,0.6,-0.6,-0.034,-5.5,-0.5,-6.1,-0.8,,2018.0,1
Jason Terry,40.0,MIL,2.0,51.0,4.0,814.0,8.1,0.525,0.747,0.058,0.7,6.2,3.5,9.7,2.6,1.4,13.7,10.1,0.1,0.6,0.7,0.042,-2.6,0.6,-2.0,0.0,,2018.0,1
Ekpe Udoh,30.0,UTA,5.0,63.0,3.0,810.0,15.2,0.56,0.008,0.467,9.6,11.4,10.5,9.1,2.7,7.7,12.1,9.1,1.3,1.8,3.2,0.187,-1.3,4.4,3.1,1.1,,2018.0,4
Jordan Bell,23.0,GSW,5.0,57.0,13.0,809.0,18.0,0.641,0.022,0.238,8.9,19.0,14.3,16.9,2.1,5.5,20.0,13.9,1.6,1.4,2.9,0.174,0.0,2.8,2.8,1.0,,2018.0,4
Timothé Luwawu-Cabarrot,22.0,PHI,3.0,52.0,7.0,807.0,7.0,0.511,0.592,0.217,1.9,7.5,4.8,9.3,0.7,0.5,11.5,17.5,0.1,0.7,0.8,0.046,-3.1,-1.1,-4.1,-0.4,,2018.0,2
Eric Moreland,26.0,DET,4.0,67.0,3.0,805.0,13.9,0.531,0.0,0.238,10.9,27.6,19.1,13.3,1.9,5.6,23.8,9.7,0.7,1.6,2.3,0.135,-2.8,3.3,0.5,0.5,,2018.0,4
Jawun Evans,21.0,LAC,1.0,48.0,4.0,778.0,7.2,0.421,0.213,0.194,1.3,10.4,5.9,17.8,2.3,0.6,13.8,17.7,-0.8,0.6,-0.2,-0.011,-5.4,0.4,-5.0,-0.6,,2018.0,2
Sterling Brown,22.0,MIL,2.0,54.0,4.0,776.0,9.1,0.503,0.444,0.117,4.1,17.5,10.8,4.5,2.0,1.4,10.4,14.0,0.0,0.7,0.7,0.043,-2.8,-0.2,-3.1,-0.2,,2018.0,2
Shane Larkin,25.0,BOS,1.0,54.0,2.0,775.0,10.3,0.491,0.393,0.169,2.1,10.7,6.5,18.5,1.9,0.2,12.3,15.5,0.3,1.1,1.4,0.087,-2.8,1.1,-1.7,0.1,,2018.0,5
Terrance Ferguson,19.0,OKC,2.0,61.0,12.0,763.0,7.4,0.545,0.71,0.059,2.7,4.2,3.4,3.4,1.6,1.2,6.0,10.4,0.7,0.5,1.2,0.077,-3.2,-0.1,-3.3,-0.3,,2018.0,2
Nenê,35.0,HOU,5.0,52.0,4.0,758.0,16.4,0.594,0.008,0.448,8.1,18.0,13.1,9.5,1.8,1.6,11.7,18.9,1.5,1.1,2.6,0.163,-1.6,0.6,-1.0,0.2,,2018.0,4
Richaun Holmes,24.0,PHI,5.0,48.0,2.0,746.0,17.4,0.585,0.129,0.232,8.6,21.4,15.2,12.3,1.3,3.2,8.6,16.6,1.6,1.3,2.8,0.183,-0.3,1.4,1.1,0.6,,2018.0,4
Omri Casspi,29.0,GSW,3.0,53.0,7.0,740.0,15.5,0.632,0.106,0.333,4.9,24.0,15.1,9.5,1.2,2.0,13.5,16.3,1.2,1.0,2.2,0.14,-0.9,0.0,-0.9,0.2,,2018.0,4
Salah Mejri,31.0,DAL,5.0,61.0,1.0,729.0,17.8,0.644,0.022,0.482,12.5,25.4,18.7,7.2,1.5,8.2,19.0,12.8,1.3,1.3,2.7,0.175,-2.0,2.8,0.7,0.5,,2018.0,4
DeAndre Liggins,29.0,2TM,2.0,58.0,4.0,724.0,6.0,0.467,0.5,0.047,1.1,10.6,5.9,8.4,2.5,1.6,15.6,7.9,-0.2,0.7,0.5,0.034,-4.3,1.8,-2.5,-0.1,,2018.0,5
Luke Babbitt,28.0,2TM,3.0,50.0,14.0,715.0,9.8,0.576,0.726,0.102,1.1,13.9,7.5,6.5,0.5,0.8,7.8,15.0,0.5,0.4,0.9,0.06,-0.9,-1.5,-2.4,-0.1,,2018.0,1
Dwayne Bacon,22.0,CHO,2.0,53.0,6.0,713.0,5.8,0.431,0.224,0.13,0.6,18.5,9.4,7.5,1.1,0.2,10.2,13.7,-0.7,0.6,-0.1,-0.007,-4.8,0.1,-4.7,-0.5,,2018.0,2
Channing Frye,34.0,2TM,5.0,53.0,1.0,695.0,13.1,0.599,0.542,0.09,1.9,19.4,10.8,7.9,1.3,1.6,8.7,15.2,0.9,0.6,1.5,0.101,-0.5,0.0,-0.5,0.3,,2018.0,1
Channing Frye,34.0,CLE,5.0,44.0,1.0,545.0,13.9,0.604,0.533,0.089,2.1,20.3,11.3,7.5,1.5,1.9,8.8,15.6,0.7,0.5,1.2,0.104,-0.4,0.1,-0.3,0.3,,2018.0,1
Jared Dudley,32.0,PHO,4.0,48.0,0.0,686.0,8.8,0.553,0.656,0.287,1.2,13.6,7.3,15.6,1.7,1.3,16.9,10.2,0.5,0.4,0.8,0.058,-3.0,0.5,-2.5,-0.1,,2018.0,1
Tyler Ennis,23.0,LAL,1.0,54.0,11.0,683.0,11.1,0.473,0.25,0.129,3.0,11.8,7.4,21.9,2.1,1.2,13.8,17.1,0.1,0.8,0.8,0.058,-3.0,0.9,-2.1,0.0,,2018.0,5
Arron Afflalo,32.0,ORL,2.0,53.0,3.0,682.0,5.8,0.516,0.432,0.16,0.6,10.1,5.3,6.2,0.3,1.1,10.8,12.5,-0.1,0.2,0.1,0.009,-3.8,-1.5,-5.4,-0.6,,2018.0,1
Marreese Speights,30.0,ORL,5.0,52.0,3.0,675.0,13.7,0.539,0.668,0.158,3.4,18.4,10.8,9.8,0.6,2.6,9.7,26.9,0.1,0.5,0.6,0.045,0.2,-1.4,-1.1,0.1,,2018.0,1
Cedi Osman,22.0,CLE,3.0,61.0,12.0,672.0,11.0,0.577,0.468,0.247,3.2,16.6,10.0,8.7,1.6,0.4,13.4,15.7,0.5,0.4,0.9,0.064,-2.1,-0.7,-2.9,-0.1,,2018.0,2
Sean Kilpatrick,28.0,4TM,2.0,52.0,1.0,640.0,11.6,0.507,0.49,0.245,0.8,14.2,7.5,11.3,1.0,0.7,10.4,24.9,-0.2,0.3,0.1,0.008,-1.1,-1.7,-2.8,-0.1,,2018.0,1
JaVale McGee,30.0,GSW,5.0,65.0,17.0,615.0,22.3,0.641,0.027,0.237,11.5,18.7,15.4,8.0,1.6,7.3,10.0,19.2,1.7,1.1,2.7,0.212,0.3,1.2,1.5,0.5,,2018.0,4
Malik Beasley,21.0,DEN,2.0,62.0,0.0,583.0,9.0,0.509,0.461,0.185,2.7,11.0,6.9,7.4,1.3,1.0,11.1,16.2,0.1,0.3,0.3,0.028,-2.4,-1.4,-3.8,-0.3,,2018.0,2
Cheick Diallo,21.0,NOP,4.0,52.0,0.0,581.0,17.0,0.619,0.0,0.375,9.1,29.6,19.7,4.7,0.9,2.9,12.0,17.4,1.1,0.8,1.9,0.157,-1.3,0.1,-1.2,0.1,,2018.0,2
Khem Birch,25.0,ORL,5.0,42.0,0.0,578.0,16.4,0.582,0.0,0.484,13.2,21.1,17.1,8.5,1.3,2.9,12.1,13.2,1.2,0.6,1.8,0.15,-0.7,-0.2,-0.9,0.2,,2018.0,4
Brandon Paul,26.0,SAS,2.0,64.0,2.0,576.0,7.4,0.504,0.425,0.339,1.1,12.0,6.5,9.0,2.2,1.0,16.6,13.6,-0.3,0.8,0.5,0.045,-5.1,1.6,-3.5,-0.2,,2018.0,5
Joe Young,25.0,IND,1.0,53.0,1.0,558.0,10.1,0.521,0.355,0.156,2.4,10.3,6.4,9.9,1.3,0.2,11.6,18.0,0.1,0.4,0.5,0.043,-2.3,-1.2,-3.5,-0.2,,2018.0,1
Tarik Black,26.0,HOU,5.0,51.0,2.0,536.0,14.3,0.582,0.087,0.496,13.4,20.9,17.1,3.7,1.9,4.8,18.4,15.6,0.5,1.0,1.5,0.136,-3.7,1.2,-2.6,-0.1,,2018.0,4
Joffrey Lauvergne,26.0,SAS,5.0,55.0,1.0,534.0,16.5,0.536,0.026,0.247,13.0,22.6,17.8,12.2,0.9,0.5,13.5,20.4,0.6,0.7,1.3,0.12,-0.4,-0.6,-1.0,0.1,,2018.0,4
Abdel Nader,24.0,BOS,3.0,48.0,1.0,522.0,5.1,0.439,0.436,0.262,2.8,12.0,7.4,7.1,1.4,1.6,17.0,17.1,-0.9,0.8,-0.1,-0.014,-5.5,0.2,-5.3,-0.4,,2018.0,5
Willy Hernangómez,23.0,2TM,5.0,48.0,1.0,495.0,21.2,0.604,0.073,0.549,13.3,27.2,20.2,10.5,1.8,2.7,14.7,21.0,1.1,0.7,1.8,0.173,0.9,0.5,1.4,0.4,,2018.0,4
Damyean Dotson,23.0,NYK,2.0,44.0,2.0,474.0,11.6,0.532,0.422,0.143,2.1,17.5,9.8,9.5,1.3,0.4,9.0,17.3,0.3,0.3,0.6,0.06,-1.6,-0.6,-2.3,0.0,,2018.0,1
T.J. Leaf,20.0,IND,4.0,53.0,0.0,459.0,10.7,0.545,0.309,0.118,7.2,13.0,10.1,2.8,0.5,0.8,6.5,14.9,0.5,0.3,0.8,0.082,-1.4,-1.7,-3.1,-0.1,,2018.0,2
Willie Reed,27.0,2TM,5.0,42.0,5.0,428.0,19.2,0.671,0.017,0.455,9.1,21.8,15.5,3.6,1.0,4.3,11.6,16.6,1.0,0.5,1.5,0.172,0.5,0.3,0.8,0.3,,2018.0,4
Lucas Nogueira,25.0,TOR,5.0,49.0,3.0,418.0,17.3,0.661,0.238,0.35,4.9,18.1,11.7,7.2,2.7,8.2,14.8,11.4,0.7,1.0,1.6,0.188,0.1,5.0,5.2,0.8,,2018.0,4
Shabazz Muhammad,25.0,2TM,2.0,43.0,2.0,418.0,15.4,0.51,0.144,0.266,6.3,14.8,10.6,5.7,1.1,0.6,2.8,23.0,0.5,0.2,0.7,0.081,-0.3,-2.3,-2.5,-0.1,,2018.0,1
Ivica Zubac,20.0,LAL,5.0,43.0,0.0,410.0,15.3,0.557,0.008,0.418,11.8,20.1,16.0,8.8,0.9,3.0,15.3,17.6,0.5,0.5,1.0,0.118,-1.8,-0.3,-2.0,0.0,,2018.0,2
Bradley Beal,25.0,WAS,2.0,82.0,82.0,3028.0,20.8,0.581,0.37,0.278,3.1,11.7,7.4,24.1,1.9,1.6,11.0,28.4,5.9,1.7,7.6,0.12,3.8,-0.8,2.9,3.7,AS,2019.0,0
James Harden,29.0,HOU,1.0,78.0,78.0,2867.0,30.6,0.616,0.539,0.449,2.5,17.8,10.0,39.5,2.7,1.7,14.5,40.5,11.4,3.8,15.2,0.254,9.4,1.6,11.0,9.3,"MVP-2,AS,NBA1",2019.0,0
Kemba Walker,28.0,CHO,1.0,82.0,82.0,2863.0,21.7,0.558,0.434,0.267,1.9,11.9,6.8,29.4,1.7,1.0,10.1,31.5,5.5,1.9,7.4,0.123,5.2,-1.0,4.2,4.4,"AS,NBA3",2019.0,0
Tobias Harris,26.0,2TM,4.0,82.0,82.0,2847.0,17.2,0.592,0.313,0.245,2.6,20.8,12.0,12.5,0.8,1.0,9.8,22.8,4.5,2.6,7.1,0.12,2.1,-0.5,1.6,2.6,,2019.0,0
Tobias Harris,26.0,LAC,4.0,55.0,55.0,1903.0,18.2,0.605,0.302,0.256,2.1,21.3,12.0,12.5,1.0,1.0,10.3,23.5,3.2,1.8,5.0,0.127,2.7,-0.2,2.4,2.1,,2019.0,0
Paul George,28.0,OKC,3.0,77.0,77.0,2841.0,23.3,0.583,0.469,0.335,3.7,19.6,11.4,17.7,2.8,1.0,10.0,29.5,7.0,4.9,11.9,0.201,5.6,1.6,7.2,6.6,"MVP-3,DPOY-3,AS,NBA1,DEF1",2019.0,0
Damian Lillard,28.0,POR,1.0,80.0,80.0,2838.0,23.7,0.588,0.419,0.335,2.6,11.1,7.0,30.6,1.5,1.0,10.8,29.3,9.7,2.4,12.1,0.205,6.6,-0.3,6.4,6.0,"MVP-6,AS,NBA2",2019.0,0
P.J. Tucker,33.0,HOU,4.0,82.0,82.0,2802.0,9.2,0.547,0.74,0.113,4.7,14.4,9.5,4.6,2.3,1.2,10.3,9.5,2.0,3.0,5.0,0.086,-1.6,1.0,-0.6,1.0,,2019.0,3
Kevin Durant,30.0,GSW,3.0,78.0,78.0,2702.0,24.2,0.631,0.281,0.366,1.4,17.5,9.8,26.2,1.0,2.6,12.3,29.0,8.6,2.9,11.5,0.204,5.4,0.1,5.5,5.1,"MVP-8,AS,NBA2",2019.0,0
Ben Simmons,22.0,PHI,1.0,79.0,79.0,2700.0,20.0,0.582,0.006,0.446,6.9,20.0,13.7,34.2,2.0,1.8,19.3,22.1,4.6,3.6,8.2,0.146,2.2,1.3,3.6,3.8,AS,2019.0,0
DeMar DeRozan,29.0,SAS,2.0,77.0,77.0,2688.0,19.6,0.542,0.034,0.336,2.2,16.4,9.4,27.6,1.6,1.1,11.7,27.9,3.6,2.6,6.3,0.112,1.0,0.1,1.1,2.2,,2019.0,0
LaMarcus Aldridge,33.0,SAS,5.0,81.0,81.0,2687.0,22.9,0.576,0.032,0.312,10.3,19.8,15.1,11.6,0.8,3.4,8.8,26.9,6.4,2.9,9.3,0.167,2.4,-0.6,1.8,2.6,AS,2019.0,0
Steven Adams,25.0,OKC,5.0,80.0,80.0,2669.0,18.5,0.591,0.002,0.361,14.7,14.8,14.7,6.6,2.0,2.4,12.6,16.4,5.1,4.0,9.1,0.163,0.7,0.4,1.1,2.1,,2019.0,0
Klay Thompson,28.0,GSW,2.0,78.0,78.0,2652.0,16.6,0.571,0.427,0.113,1.6,10.1,6.0,10.5,1.5,1.5,7.2,25.6,2.9,2.3,5.3,0.095,1.1,-1.4,-0.3,1.2,"AS,DEF2",2019.0,0
Andre Drummond,25.0,DET,5.0,79.0,79.0,2647.0,23.4,0.555,0.036,0.392,16.8,34.7,25.4,7.2,2.5,4.4,12.4,22.9,4.1,5.9,10.0,0.181,1.3,0.8,2.1,2.7,,2019.0,4
Aaron Gordon,23.0,ORL,4.0,78.0,78.0,2633.0,15.1,0.538,0.332,0.242,5.2,18.4,11.7,16.6,1.1,1.8,12.3,21.8,1.8,3.3,5.1,0.093,0.3,0.3,0.6,1.7,,2019.0,0
Russell Westbrook,30.0,OKC,1.0,73.0,73.0,2630.0,21.1,0.501,0.279,0.306,4.1,28.3,15.8,46.5,2.5,1.1,16.3,30.9,1.8,5.0,6.8,0.124,2.8,2.4,5.2,4.7,"MVP-10,AS,NBA3",2019.0,0
Blake Griffin,29.0,DET,4.0,75.0,75.0,2622.0,21.0,0.581,0.389,0.41,4.0,20.1,11.8,27.1,1.0,0.9,13.8,30.2,5.1,2.9,8.0,0.147,4.9,0.2,5.1,4.7,"AS,NBA3",2019.0,0
Buddy Hield,26.0,SAC,2.0,82.0,82.0,2615.0,17.5,0.587,0.479,0.142,4.1,12.4,8.1,11.9,1.0,1.1,9.2,25.1,4.3,1.6,5.9,0.108,3.5,-1.4,2.1,2.7,,2019.0,0
Jerami Grant,24.0,OKC,4.0,80.0,77.0,2612.0,13.8,0.592,0.356,0.269,3.7,13.1,8.2,4.2,1.1,3.2,6.8,15.4,4.0,3.3,7.3,0.134,-0.4,0.6,0.2,1.5,,2019.0,3
Justin Holiday,29.0,2TM,2.0,82.0,77.0,2607.0,10.0,0.52,0.598,0.136,1.9,11.9,6.8,8.1,2.3,1.2,11.2,15.7,-0.4,2.5,2.1,0.038,-2.3,0.5,-1.8,0.1,,2019.0,3
Justin Holiday,29.0,MEM,2.0,44.0,39.0,1282.0,8.9,0.509,0.509,0.157,2.3,11.3,6.7,7.1,2.1,1.1,12.2,16.3,-0.6,1.4,0.8,0.029,-3.3,-0.1,-3.4,-0.5,,2019.0,1
Collin Sexton,20.0,CLE,1.0,82.0,72.0,2605.0,12.0,0.52,0.245,0.211,2.3,8.0,5.0,15.3,0.8,0.2,12.3,25.2,-0.1,-0.5,-0.6,-0.011,-1.4,-3.3,-4.7,-1.8,ROY-5,2019.0,2
Donovan Mitchell,22.0,UTA,2.0,77.0,77.0,2598.0,17.2,0.537,0.339,0.259,2.5,10.5,6.6,21.2,2.0,0.9,11.3,31.6,1.3,3.7,5.0,0.092,1.2,0.1,1.3,2.2,,2019.0,2
Rudy Gobert,26.0,UTA,5.0,81.0,80.0,2577.0,24.6,0.682,0.0,0.733,13.2,30.2,21.9,9.6,1.2,5.8,12.1,17.8,8.7,5.7,14.4,0.268,3.0,2.5,5.4,4.8,"MVP-11,DPOY-1,NBA3,DEF1",2019.0,4
Bojan Bogdanović,29.0,IND,3.0,81.0,81.0,2573.0,16.1,0.613,0.367,0.29,1.5,12.7,7.2,9.5,1.3,0.0,10.2,22.4,3.9,2.8,6.8,0.126,1.3,-0.6,0.7,1.7,,2019.0,0
Joe Ingles,31.0,UTA,4.0,82.0,82.0,2568.0,13.4,0.581,0.602,0.153,1.5,12.2,7.0,26.1,1.8,0.6,18.4,17.5,2.5,3.6,6.0,0.113,0.3,1.1,1.4,2.2,,2019.0,3
Evan Fournier,26.0,ORL,2.0,81.0,81.0,2553.0,12.3,0.536,0.421,0.159,1.6,9.4,5.4,17.6,1.4,0.4,11.9,22.1,0.8,2.5,3.2,0.061,-1.8,-0.6,-2.4,-0.3,,2019.0,3
Pascal Siakam,24.0,TOR,4.0,80.0,79.0,2548.0,18.7,0.628,0.226,0.32,5.4,17.5,11.6,14.6,1.4,1.7,12.5,20.8,5.7,3.6,9.3,0.175,1.6,0.8,2.4,2.8,MIP-1,2019.0,0
De'Aaron Fox,21.0,SAC,1.0,81.0,81.0,2546.0,18.1,0.544,0.211,0.378,1.7,10.8,6.2,33.2,2.4,1.5,15.0,24.5,3.2,2.5,5.6,0.106,1.3,0.2,1.5,2.3,,2019.0,2
Karl-Anthony Towns,23.0,MIN,5.0,77.0,77.0,2545.0,26.3,0.622,0.27,0.342,10.9,29.3,20.0,17.2,1.3,4.2,13.7,28.9,7.2,3.2,10.4,0.197,5.4,0.6,6.0,5.1,AS,2019.0,0
Andrew Wiggins,23.0,MIN,3.0,73.0,73.0,2543.0,12.4,0.493,0.288,0.245,3.5,11.4,7.4,10.9,1.3,1.6,9.3,24.4,-0.6,1.3,0.6,0.012,-1.2,-1.8,-3.0,-0.6,,2019.0,3
Josh Richardson,25.0,MIA,2.0,73.0,73.0,2539.0,14.0,0.536,0.448,0.225,2.3,8.8,5.5,17.9,1.5,1.2,9.1,20.9,3.0,2.6,5.6,0.106,0.1,0.2,0.3,1.5,,2019.0,3
Harrison Barnes,26.0,2TM,4.0,77.0,77.0,2533.0,12.8,0.55,0.429,0.271,2.4,12.7,7.5,6.7,0.9,0.4,7.9,20.9,2.0,1.6,3.6,0.068,-0.2,-1.2,-1.4,0.4,,2019.0,3
Harrison Barnes,26.0,DAL,4.0,49.0,49.0,1584.0,13.1,0.538,0.434,0.276,2.4,11.5,7.0,6.3,1.0,0.6,7.8,23.7,0.8,1.1,1.9,0.059,0.0,-1.2,-1.2,0.3,,2019.0,1
Nikola Vučević,28.0,ORL,5.0,80.0,80.0,2510.0,25.5,0.573,0.171,0.168,9.4,31.9,20.5,21.9,1.6,3.0,9.9,28.0,5.4,4.7,10.1,0.193,5.0,1.7,6.6,5.5,AS,2019.0,0
Nikola Jokić,23.0,DEN,5.0,80.0,80.0,2504.0,26.3,0.589,0.224,0.292,9.8,27.6,18.7,37.0,2.1,1.9,15.4,27.4,7.5,4.3,11.8,0.226,6.2,2.9,9.1,7.0,"MVP-4,AS,NBA1",2019.0,0
Trae Young,20.0,ATL,1.0,81.0,81.0,2503.0,17.0,0.539,0.384,0.33,2.6,10.2,6.3,40.5,1.3,0.5,17.6,28.4,2.5,0.7,3.3,0.062,2.3,-2.8,-0.6,0.9,ROY-2,2019.0,0
Thaddeus Young,30.0,IND,4.0,81.0,81.0,2489.0,16.2,0.569,0.174,0.161,8.7,14.4,11.7,12.0,2.4,1.3,12.0,18.0,3.0,3.9,6.9,0.133,0.4,1.1,1.5,2.2,,2019.0,0
Jayson Tatum,20.0,BOS,3.0,79.0,79.0,2455.0,15.1,0.547,0.3,0.22,3.0,17.7,10.4,10.0,1.6,2.1,9.7,22.1,1.6,3.4,5.0,0.097,-0.4,0.2,-0.2,1.1,,2019.0,2
D'Angelo Russell,22.0,BRK,1.0,81.0,81.0,2448.0,19.4,0.533,0.419,0.135,2.3,11.2,6.8,41.3,1.9,0.6,13.6,31.9,2.4,2.6,5.0,0.097,4.0,-0.6,3.4,3.4,AS,2019.0,0
Jamal Murray,21.0,DEN,1.0,75.0,74.0,2447.0,16.0,0.538,0.353,0.19,2.9,11.2,7.0,22.4,1.3,1.0,11.1,24.9,2.8,2.3,5.1,0.1,1.4,-0.8,0.6,1.6,,2019.0,2
Cedi Osman,23.0,CLE,3.0,76.0,75.0,2444.0,11.5,0.536,0.443,0.214,2.0,14.8,8.1,12.1,1.2,0.4,11.0,18.6,1.2,0.2,1.5,0.029,-1.4,-1.8,-3.2,-0.8,,2019.0,3
Marc Gasol,34.0,2TM,5.0,79.0,72.0,2436.0,16.7,0.546,0.314,0.291,3.6,25.1,14.3,22.2,1.7,3.2,13.6,20.7,2.0,4.0,6.0,0.118,0.8,2.3,3.1,3.1,,2019.0,0
Marc Gasol,34.0,MEM,5.0,53.0,53.0,1788.0,16.9,0.541,0.324,0.294,3.5,25.5,14.3,22.6,1.7,3.3,13.4,22.3,1.0,2.8,3.9,0.104,1.1,2.1,3.2,2.3,,2019.0,4
Mikal Bridges,22.0,PHO,3.0,82.0,56.0,2417.0,10.8,0.556,0.556,0.21,2.5,9.7,6.0,9.8,2.5,1.3,10.2,12.2,1.7,1.2,2.9,0.058,-2.0,0.4,-1.6,0.3,,2019.0,2
Jrue Holiday,28.0,NOP,2.0,67.0,67.0,2402.0,19.4,0.555,0.313,0.234,3.3,11.0,7.2,31.8,2.1,1.8,14.1,25.4,3.5,1.9,5.4,0.108,3.1,-0.1,3.0,3.1,DEF2,2019.0,0
Khris Middleton,27.0,MIL,3.0,77.0,77.0,2393.0,16.5,0.558,0.413,0.225,2.3,16.5,9.8,20.1,1.6,0.2,12.1,25.1,2.5,3.6,6.1,0.123,0.7,0.1,0.8,1.7,AS,2019.0,0
JJ Redick,34.0,PHI,2.0,76.0,63.0,2379.0,15.1,0.602,0.589,0.248,0.9,7.2,4.1,12.9,0.6,0.6,8.1,21.9,4.6,1.2,5.9,0.118,2.2,-2.0,0.2,1.3,,2019.0,0
CJ McCollum,27.0,POR,2.0,70.0,70.0,2375.0,17.0,0.553,0.358,0.154,2.9,9.7,6.3,13.8,1.1,0.9,7.4,25.5,4.0,1.7,5.6,0.114,2.1,-1.0,1.0,1.8,,2019.0,0
Giannis Antetokounmpo,24.0,MIL,4.0,72.0,72.0,2358.0,30.9,0.644,0.163,0.55,7.3,30.0,19.3,30.3,1.8,3.9,14.8,32.3,8.9,5.5,14.4,0.292,6.3,4.1,10.4,7.4,"MVP-1,DPOY-2,AS,NBA1,DEF1",2019.0,0
Nicolas Batum,30.0,CHO,3.0,75.0,72.0,2354.0,11.9,0.581,0.53,0.158,3.2,14.9,8.9,14.5,1.5,1.6,16.3,13.2,2.0,1.7,3.7,0.076,-0.7,0.4,-0.3,1.0,,2019.0,3
Trevor Ariza,33.0,2TM,3.0,69.0,69.0,2349.0,12.1,0.534,0.59,0.223,2.3,15.2,8.6,14.8,1.8,0.7,11.6,16.6,1.3,1.2,2.5,0.052,-0.7,-0.6,-1.3,0.4,,2019.0,3
Trevor Ariza,33.0,WAS,3.0,43.0,43.0,1465.0,13.0,0.538,0.58,0.238,2.5,14.5,8.4,15.5,1.7,0.7,10.6,18.2,1.1,0.8,1.9,0.062,-0.5,-0.9,-1.4,0.2,,2019.0,1
Mike Conley,31.0,MEM,1.0,70.0,70.0,2342.0,21.4,0.569,0.38,0.363,1.9,9.7,5.7,33.4,2.0,0.9,9.1,27.3,5.7,2.3,8.0,0.164,4.6,0.1,4.7,3.9,,2019.0,0
Stephen Curry,30.0,GSW,1.0,69.0,69.0,2331.0,24.4,0.641,0.604,0.214,2.2,14.2,8.4,24.2,1.9,0.9,11.6,30.4,7.2,2.5,9.7,0.199,7.1,-0.5,6.6,5.1,"MVP-5,AS,NBA1",2019.0,0
Brook Lopez,30.0,MIL,5.0,81.0,81.0,2322.0,14.6,0.597,0.651,0.169,1.5,15.0,8.7,5.7,1.0,6.5,8.9,16.7,2.3,4.3,6.7,0.138,0.4,1.8,2.2,2.4,,2019.0,4
Luka Dončić,19.0,DAL,2.0,72.0,72.0,2318.0,19.6,0.545,0.433,0.409,4.0,21.9,13.0,31.6,1.6,0.9,15.0,30.5,2.1,2.8,4.9,0.101,3.6,0.3,3.9,3.4,ROY-1,2019.0,0
Dennis Schröder,25.0,OKC,1.0,79.0,14.0,2314.0,12.7,0.508,0.33,0.206,1.6,11.3,6.3,20.4,1.3,0.4,12.5,24.2,0.4,2.4,2.9,0.06,-1.3,-0.7,-2.0,0.0,6MOY-8,2019.0,3
Kyle Kuzma,23.0,LAL,4.0,70.0,68.0,2314.0,14.0,0.546,0.388,0.23,2.7,14.1,8.5,11.5,0.8,0.9,10.0,23.8,1.2,1.9,3.1,0.065,-0.2,-1.2,-1.4,0.4,,2019.0,3
Bryn Forbes,25.0,SAS,2.0,82.0,81.0,2293.0,12.0,0.586,0.522,0.099,0.9,10.4,5.7,10.6,1.0,0.1,8.8,17.4,2.5,1.3,3.8,0.079,-0.3,-0.9,-1.2,0.5,,2019.0,3
Joe Harris,27.0,BRK,2.0,76.0,76.0,2293.0,13.5,0.645,0.516,0.178,2.4,10.9,6.7,11.9,0.8,0.6,13.0,17.0,3.8,1.7,5.5,0.116,0.8,-0.3,0.5,1.4,,2019.0,3
Al-Farouq Aminu,28.0,POR,4.0,81.0,81.0,2292.0,13.2,0.568,0.472,0.292,5.3,22.6,14.2,6.0,1.4,1.2,9.7,13.7,3.0,2.8,5.8,0.121,0.1,0.6,0.7,1.5,,2019.0,3
Reggie Jackson,28.0,DET,1.0,82.0,82.0,2289.0,15.2,0.547,0.45,0.225,2.1,8.5,5.2,24.7,1.2,0.3,11.4,24.5,3.1,1.9,5.0,0.105,1.3,-0.9,0.4,1.4,,2019.0,0
Eric Bledsoe,29.0,MIL,1.0,78.0,78.0,2272.0,19.3,0.577,0.388,0.243,3.9,11.8,8.1,27.4,2.4,1.1,13.3,22.9,4.4,3.7,8.2,0.173,1.9,1.2,3.1,2.9,DEF1,2019.0,0
D.J. Augustin,31.0,ORL,1.0,81.0,81.0,2269.0,15.7,0.616,0.459,0.309,1.9,7.8,4.8,26.9,1.1,0.1,14.3,17.2,5.0,1.9,6.9,0.146,1.1,-0.7,0.5,1.4,,2019.0,0
Jeremy Lamb,26.0,CHO,2.0,79.0,55.0,2250.0,17.3,0.552,0.337,0.266,3.1,18.1,10.4,11.9,1.9,1.2,6.8,22.5,3.3,2.0,5.3,0.113,1.2,0.0,1.2,1.8,,2019.0,3
Clint Capela,24.0,HOU,5.0,67.0,67.0,2249.0,23.8,0.658,0.0,0.357,14.4,27.6,20.8,7.1,1.0,3.9,10.0,18.2,7.8,3.0,10.8,0.23,3.3,-0.3,3.0,2.8,,2019.0,4
Devin Booker,22.0,PHO,2.0,64.0,64.0,2242.0,20.2,0.584,0.33,0.362,1.9,11.3,6.5,34.1,1.2,0.5,15.4,32.9,3.3,0.3,3.5,0.076,3.3,-2.3,1.0,1.7,,2019.0,0
Julius Randle,24.0,NOP,4.0,73.0,49.0,2232.0,20.9,0.6,0.179,0.447,7.6,21.6,14.7,15.8,1.1,1.6,13.8,27.8,4.2,1.9,6.1,0.131,2.1,-0.6,1.5,2.0,,2019.0,4
Danny Green,31.0,TOR,2.0,80.0,80.0,2216.0,13.0,0.632,0.69,0.07,3.0,12.2,7.7,7.7,1.6,2.0,10.4,14.1,3.0,2.9,5.9,0.128,1.1,0.8,2.0,2.2,,2019.0,3
Jordan Clarkson,26.0,CLE,2.0,81.0,0.0,2214.0,16.8,0.539,0.377,0.163,3.9,9.9,6.8,15.6,1.3,0.5,9.6,27.6,1.9,-0.1,1.8,0.039,2.1,-2.6,-0.5,0.8,,2019.0,3
Kyrie Irving,26.0,BOS,1.0,67.0,67.0,2214.0,24.3,0.592,0.35,0.197,3.4,12.7,8.1,35.0,2.2,1.4,11.3,29.6,6.2,2.9,9.1,0.197,6.0,1.1,7.2,5.1,"AS,NBA2",2019.0,0
Willie Cauley-Stein,25.0,SAC,5.0,81.0,81.0,2213.0,18.0,0.566,0.003,0.343,8.2,23.7,15.8,12.3,2.0,2.0,9.0,17.5,3.8,2.9,6.7,0.146,0.2,1.1,1.2,1.8,,2019.0,0
Kyle Lowry,32.0,TOR,1.0,65.0,65.0,2213.0,16.5,0.562,0.613,0.263,2.1,12.9,7.6,34.8,2.0,1.2,18.1,19.6,3.6,3.0,6.6,0.144,1.7,0.6,2.3,2.4,AS,2019.0,0
Marcus Smart,24.0,BOS,2.0,80.0,60.0,2200.0,13.1,0.568,0.61,0.228,2.8,8.6,5.7,19.1,3.1,1.1,16.5,14.6,2.2,3.1,5.3,0.116,-1.2,2.0,0.8,1.5,"DPOY-8,DEF1",2019.0,5
Jimmy Butler,29.0,2TM,2.0,65.0,65.0,2185.0,20.2,0.571,0.213,0.404,6.0,10.5,8.3,18.0,2.7,1.4,8.2,22.3,5.4,2.5,7.9,0.173,2.8,0.9,3.7,3.2,,2019.0,0
Jimmy Butler,29.0,PHI,3.0,55.0,55.0,1824.0,19.8,0.569,0.198,0.407,6.3,10.4,8.4,18.0,2.6,1.2,8.4,22.1,4.4,2.1,6.6,0.172,2.4,0.7,3.1,2.4,,2019.0,0
Deandre Ayton,20.0,PHO,5.0,71.0,70.0,2183.0,20.5,0.608,0.005,0.217,11.1,26.1,18.5,9.6,1.3,2.6,11.7,21.2,4.1,1.7,5.8,0.128,1.3,-1.1,0.2,1.2,ROY-3,2019.0,2
Shai Gilgeous-Alexander,20.0,LAC,1.0,82.0,73.0,2174.0,13.4,0.554,0.194,0.272,2.9,8.3,5.7,17.8,2.1,1.6,15.0,18.3,1.5,1.9,3.3,0.074,-0.9,0.4,-0.5,0.8,ROY-6,2019.0,2
Zach LaVine,23.0,CHI,2.0,63.0,62.0,2171.0,18.7,0.574,0.283,0.33,2.0,12.9,7.4,22.6,1.3,1.0,14.2,30.5,1.7,1.1,2.8,0.062,2.4,-1.6,0.8,1.5,,2019.0,0
Jae Crowder,28.0,UTA,3.0,80.0,11.0,2166.0,12.1,0.538,0.655,0.247,3.1,15.9,9.6,8.9,1.4,1.1,8.8,19.1,1.3,3.1,4.4,0.097,-0.3,0.6,0.3,1.2,6MOY-11,2019.0,3
Tomáš Satoranský,27.0,WAS,1.0,80.0,54.0,2164.0,14.1,0.59,0.306,0.302,4.0,10.0,7.0,24.6,1.8,0.5,16.7,14.1,3.8,0.9,4.7,0.104,-0.4,-0.3,-0.7,0.7,,2019.0,5
Montrezl Harrell,25.0,LAC,5.0,82.0,5.0,2158.0,23.4,0.636,0.019,0.466,9.3,16.7,13.1,12.5,1.6,4.0,11.0,23.5,6.1,2.6,8.7,0.193,2.6,0.7,3.3,2.9,6MOY-3,2019.0,4
Kevin Knox,19.0,NYK,4.0,75.0,57.0,2158.0,8.7,0.475,0.398,0.247,2.9,13.6,8.1,6.0,1.0,0.9,10.1,22.3,-2.2,0.9,-1.3,-0.03,-3.4,-2.3,-5.7,-2.0,,2019.0,2
Eric Gordon,30.0,HOU,2.0,68.0,53.0,2158.0,12.2,0.549,0.64,0.162,0.9,6.9,3.8,9.4,0.9,1.1,8.2,22.0,1.7,1.0,2.6,0.059,0.5,-1.8,-1.3,0.4,,2019.0,1
Joel Embiid,24.0,PHI,5.0,64.0,64.0,2154.0,26.1,0.593,0.219,0.541,8.1,34.0,21.4,18.4,1.0,4.4,13.2,33.3,4.9,3.8,8.7,0.194,4.0,0.9,4.9,3.8,"MVP-7,DPOY-4,AS,NBA2,DEF2",2019.0,0
Terrence Ross,27.0,ORL,2.0,81.0,0.0,2150.0,15.4,0.561,0.551,0.14,1.3,12.8,7.0,9.9,1.6,1.1,7.6,23.9,1.7,2.6,4.3,0.095,1.1,-0.3,0.8,1.5,6MOY-5,2019.0,3
Darren Collison,31.0,IND,1.0,76.0,76.0,2143.0,16.7,0.574,0.294,0.288,1.9,9.9,6.0,29.9,2.5,0.4,14.4,17.7,3.9,2.9,6.8,0.153,0.8,1.0,1.8,2.1,,2019.0,0
Patrick Beverley,30.0,LAC,1.0,78.0,49.0,2137.0,11.8,0.561,0.591,0.258,3.9,15.0,9.6,18.4,1.5,1.6,13.8,12.2,2.8,2.0,4.8,0.108,-0.3,1.2,0.9,1.5,DPOY-9,2019.0,3
Marvin Williams,32.0,CHO,4.0,75.0,75.0,2133.0,12.6,0.548,0.586,0.132,3.8,17.1,10.3,6.1,1.6,2.5,6.4,14.9,1.9,1.9,3.8,0.086,-0.4,0.2,-0.3,0.9,,2019.0,3
Myles Turner,22.0,IND,5.0,74.0,74.0,2119.0,18.0,0.567,0.251,0.258,5.4,22.0,13.9,8.0,1.4,8.4,10.3,20.0,1.9,4.4,6.3,0.144,0.0,2.4,2.5,2.4,DPOY-5,2019.0,4
Jeff Green,32.0,WAS,4.0,77.0,44.0,2097.0,13.6,0.608,0.466,0.3,2.9,13.3,8.0,9.2,1.0,1.6,11.5,17.8,2.8,0.8,3.6,0.083,0.0,-1.4,-1.4,0.3,,2019.0,3
Jarrett Allen,20.0,BRK,5.0,80.0,80.0,2096.0,18.5,0.632,0.079,0.489,9.6,24.0,16.8,7.9,1.0,4.5,13.0,15.9,4.4,3.3,7.6,0.175,0.2,1.4,1.6,1.9,DPOY-9,2019.0,2
Marcus Morris,29.0,BOS,4.0,75.0,53.0,2091.0,14.2,0.568,0.461,0.205,3.9,19.5,11.7,7.5,1.0,1.1,9.1,20.9,2.1,2.5,4.5,0.104,-0.2,-0.7,-0.9,0.6,,2019.0,3
Wesley Matthews,32.0,3TM,3.0,69.0,68.0,2091.0,10.3,0.546,0.577,0.234,1.7,7.1,4.4,11.1,1.3,0.7,10.6,17.8,1.1,1.5,2.7,0.062,-1.4,-0.5,-1.8,0.1,,2019.0,3
Wesley Matthews,32.0,DAL,3.0,44.0,44.0,1312.0,11.3,0.556,0.561,0.235,1.6,6.6,4.2,11.6,1.2,0.8,10.1,18.9,1.0,0.8,1.8,0.066,-0.8,-0.5,-1.3,0.2,,2019.0,1
Draymond Green,28.0,GSW,4.0,66.0,66.0,2065.0,12.9,0.526,0.391,0.216,3.2,20.8,12.4,26.8,2.2,2.8,26.8,13.1,1.1,3.2,4.3,0.1,-1.3,2.7,1.4,1.8,"DPOY-6,DEF2",2019.0,0
Cory Joseph,27.0,IND,1.0,82.0,9.0,2063.0,11.0,0.474,0.312,0.078,2.1,12.6,7.5,20.7,2.2,0.9,12.4,13.7,0.5,2.9,3.5,0.081,-2.1,1.7,-0.4,0.9,,2019.0,3
Danilo Gallinari,30.0,LAC,3.0,68.0,68.0,2059.0,21.0,0.633,0.421,0.459,2.9,18.1,10.7,13.2,1.1,0.9,8.5,23.8,6.4,1.8,8.2,0.191,4.9,-0.5,4.3,3.3,,2019.0,0
Tim Hardaway Jr.,26.0,2TM,2.0,65.0,63.0,2057.0,13.6,0.527,0.48,0.278,1.7,9.8,5.7,12.8,1.3,0.3,8.6,25.4,1.0,0.9,1.8,0.043,-0.1,-2.0,-2.0,0.0,,2019.0,3
Tim Hardaway Jr.,26.0,NYK,2.0,46.0,46.0,1499.0,14.4,0.531,0.464,0.321,1.8,9.6,5.6,13.5,1.4,0.3,8.9,25.9,1.0,0.5,1.5,0.048,0.4,-1.9,-1.6,0.2,,2019.0,5
Kevin Huerter,20.0,ATL,2.0,75.0,59.0,2048.0,10.1,0.533,0.537,0.085,3.0,9.7,6.3,14.5,1.5,1.1,13.8,15.7,0.7,0.7,1.5,0.034,-1.6,-0.8,-2.4,-0.2,,2019.0,2
DeAndre Jordan,30.0,2TM,5.0,69.0,69.0,2047.0,19.0,0.674,0.0,0.592,11.7,35.2,23.5,11.6,1.0,3.0,21.4,15.0,4.0,3.1,7.1,0.167,0.8,1.3,2.1,2.1,,2019.0,4
DeAndre Jordan,30.0,DAL,5.0,50.0,50.0,1554.0,18.0,0.672,0.0,0.613,11.2,35.9,23.6,9.5,1.0,2.9,21.3,14.4,2.7,2.5,5.3,0.162,0.4,1.3,1.7,1.4,,2019.0,4
Kawhi Leonard,27.0,TOR,3.0,60.0,60.0,2040.0,25.8,0.606,0.267,0.377,4.2,18.6,11.6,16.4,2.5,1.0,8.4,30.3,6.1,3.4,9.5,0.224,6.1,1.1,7.2,4.7,"MVP-9,DPOY-6,AS,NBA2,DEF2",2019.0,0
Garrett Temple,32.0,2TM,2.0,75.0,55.0,2040.0,8.5,0.543,0.535,0.217,1.5,10.2,5.8,7.4,1.8,1.4,11.5,13.2,0.3,2.0,2.2,0.052,-3.3,0.5,-2.8,-0.4,,2019.0,3
Garrett Temple,32.0,MEM,2.0,49.0,49.0,1530.0,8.6,0.551,0.543,0.196,1.3,10.0,5.6,6.7,1.6,1.5,11.4,13.9,0.1,1.5,1.6,0.05,-3.1,0.4,-2.7,-0.3,,2019.0,1
Kentavious Caldwell-Pope,25.0,LAL,2.0,82.0,23.0,2035.0,12.9,0.568,0.575,0.209,2.5,9.4,6.0,7.5,1.7,0.5,7.3,18.1,2.3,1.8,4.0,0.095,-0.3,-0.1,-0.5,0.8,,2019.0,3
Austin Rivers,26.0,2TM,2.0,76.0,15.0,2028.0,7.7,0.503,0.572,0.166,1.3,7.5,4.4,11.5,1.1,1.0,10.0,14.5,0.4,0.8,1.2,0.028,-3.3,-1.0,-4.3,-1.1,,2019.0,3
Austin Rivers,26.0,HOU,2.0,47.0,13.0,1345.0,8.2,0.511,0.585,0.13,1.2,6.4,3.7,11.7,1.1,0.8,7.4,13.9,0.8,0.6,1.4,0.05,-2.9,-0.9,-3.8,-0.6,,2019.0,1
Dario Šarić,24.0,2TM,4.0,81.0,41.0,2023.0,13.1,0.563,0.464,0.216,6.6,17.5,12.1,8.8,1.1,0.4,11.3,17.8,2.3,1.2,3.5,0.084,-0.3,-1.3,-1.6,0.2,,2019.0,3
Dario Šarić,24.0,MIN,4.0,68.0,28.0,1627.0,14.3,0.579,0.449,0.213,6.8,17.7,12.2,8.8,1.2,0.3,10.5,17.8,2.4,0.9,3.3,0.099,0.4,-1.3,-0.8,0.5,,2019.0,1
Serge Ibaka,29.0,TOR,5.0,74.0,51.0,2010.0,18.7,0.582,0.193,0.202,8.6,23.2,16.1,7.7,0.7,4.3,10.7,22.9,2.8,3.3,6.1,0.146,0.2,0.1,0.2,1.2,,2019.0,4
Damyean Dotson,24.0,NYK,2.0,73.0,40.0,2004.0,10.8,0.526,0.49,0.14,1.7,12.2,6.8,10.4,1.4,0.4,8.7,17.3,0.7,0.9,1.5,0.037,-1.7,-0.8,-2.6,-0.3,,2019.0,1
Jonathan Isaac,21.0,ORL,4.0,75.0,64.0,1996.0,13.0,0.537,0.435,0.221,5.2,17.0,11.0,5.7,1.4,4.1,10.1,16.3,0.9,3.1,4.0,0.096,-1.4,1.0,-0.4,0.8,,2019.0,2
Lou Williams,32.0,LAC,2.0,75.0,1.0,1993.0,21.2,0.554,0.256,0.426,2.2,9.4,5.9,33.0,1.3,0.4,11.8,32.4,3.9,1.2,5.1,0.123,4.3,-2.1,2.2,2.1,6MOY-1,2019.0,0
Josh Jackson,21.0,PHO,2.0,79.0,29.0,1988.0,10.6,0.487,0.268,0.253,3.6,15.9,9.7,14.1,1.8,2.3,15.6,23.9,-2.8,1.1,-1.7,-0.04,-3.3,-1.2,-4.6,-1.3,,2019.0,2
Dorian Finney-Smith,25.0,DAL,3.0,81.0,26.0,1985.0,11.0,0.53,0.481,0.195,7.5,13.4,10.5,6.9,1.7,1.5,11.4,14.0,1.2,2.0,3.3,0.079,-1.8,0.4,-1.4,0.3,,2019.0,3
Jusuf Nurkić,24.0,POR,5.0,72.0,72.0,1974.0,23.4,0.57,0.035,0.442,13.4,26.7,20.2,17.9,1.7,4.2,14.6,24.7,4.4,3.3,7.8,0.189,2.1,1.7,3.7,2.8,,2019.0,0
Al Horford,32.0,BOS,5.0,68.0,68.0,1973.0,20.2,0.605,0.281,0.131,6.5,18.3,12.4,21.2,1.4,3.9,11.8,18.9,4.5,2.9,7.5,0.181,3.3,1.9,5.1,3.6,,2019.0,0
Monte Morris,23.0,DEN,1.0,82.0,6.0,1970.0,16.2,0.577,0.323,0.115,1.9,8.8,5.3,21.7,1.8,0.2,6.6,17.1,4.4,1.8,6.2,0.151,1.1,0.3,1.5,1.7,6MOY-9,2019.0,3
Ryan Arcidiacono,24.0,CHI,1.0,81.0,32.0,1961.0,11.6,0.588,0.519,0.244,1.5,10.8,6.1,18.9,1.6,0.2,12.0,11.7,2.8,0.9,3.7,0.09,-2.0,0.1,-1.9,0.1,,2019.0,3
Justise Winslow,22.0,MIA,3.0,66.0,52.0,1959.0,12.8,0.513,0.342,0.183,3.4,15.9,9.6,21.9,1.8,0.9,14.9,20.8,0.2,2.6,2.8,0.067,-1.3,0.6,-0.6,0.7,,2019.0,2
Bogdan Bogdanović,26.0,SAC,2.0,70.0,17.0,1947.0,14.1,0.53,0.431,0.188,2.1,11.0,6.4,19.3,1.7,0.7,11.1,22.3,1.3,1.4,2.7,0.067,-0.1,-0.6,-0.6,0.7,,2019.0,1
LeBron James,34.0,LAL,3.0,55.0,55.0,1937.0,25.6,0.588,0.299,0.382,3.1,21.3,12.4,39.4,1.7,1.4,13.3,31.6,4.7,2.6,7.2,0.179,6.4,1.7,8.0,4.9,"MVP-11,AS,NBA3",2019.0,0
Kelly Oubre Jr.,23.0,2TM,3.0,69.0,19.0,1935.0,15.2,0.551,0.401,0.29,4.0,14.6,9.2,6.8,2.1,2.5,9.8,23.2,0.9,1.3,2.2,0.054,-0.3,-0.9,-1.2,0.4,,2019.0,5
DeAndre' Bembry,24.0,ATL,2.0,82.0,15.0,1931.0,10.8,0.508,0.281,0.221,2.9,16.9,9.7,14.7,2.5,1.8,17.4,17.2,-0.9,1.7,0.9,0.022,-3.3,0.8,-2.4,-0.2,,2019.0,3
Terrance Ferguson,20.0,OKC,2.0,74.0,74.0,1931.0,6.4,0.566,0.673,0.118,1.7,6.0,3.8,4.8,1.0,0.7,9.4,10.6,1.2,1.6,2.8,0.07,-3.9,0.1,-3.8,-0.9,,2019.0,2
Spencer Dinwiddie,25.0,BRK,1.0,68.0,4.0,1914.0,16.3,0.58,0.447,0.43,1.4,7.6,4.6,25.6,1.0,0.7,13.4,24.9,3.5,1.4,4.8,0.121,1.4,-0.8,0.6,1.3,6MOY-4,2019.0,3
Bam Adebayo,21.0,MIA,5.0,82.0,28.0,1913.0,17.9,0.623,0.031,0.465,9.2,24.0,16.6,14.2,1.8,3.0,17.1,15.8,3.4,3.4,6.8,0.171,-0.4,2.2,1.8,1.8,,2019.0,2
Jaylen Brown,22.0,BOS,2.0,74.0,25.0,1913.0,13.5,0.547,0.348,0.255,3.6,13.9,8.7,7.7,1.7,1.5,10.1,22.1,0.7,2.4,3.0,0.076,-1.6,-0.4,-2.1,0.0,,2019.0,2
Patty Mills,30.0,SAS,1.0,82.0,1.0,1908.0,13.2,0.572,0.609,0.155,1.4,8.9,5.2,17.6,1.3,0.4,11.6,18.5,2.2,1.2,3.5,0.087,0.4,-0.8,-0.3,0.8,,2019.0,3
Avery Bradley,28.0,2TM,2.0,63.0,63.0,1905.0,7.6,0.496,0.403,0.082,2.5,7.3,4.9,11.8,1.0,0.7,12.4,16.2,-0.6,1.0,0.3,0.009,-2.8,-0.9,-3.7,-0.8,,2019.0,3
Avery Bradley,28.0,LAC,2.0,49.0,49.0,1463.0,5.5,0.464,0.41,0.06,2.6,6.7,4.7,8.8,0.9,0.9,12.4,14.2,-1.0,0.6,-0.3,-0.011,-3.7,-0.9,-4.6,-1.0,,2019.0,1
Ricky Rubio,28.0,UTA,1.0,68.0,67.0,1899.0,14.0,0.52,0.348,0.312,1.9,11.8,6.9,32.1,2.3,0.4,17.8,22.7,0.9,2.8,3.7,0.095,-1.0,0.8,-0.2,0.9,,2019.0,5
Paul Millsap,33.0,DEN,4.0,70.0,65.0,1895.0,17.9,0.57,0.239,0.374,8.7,20.2,14.4,10.6,2.2,2.5,10.9,19.6,3.2,2.9,6.1,0.155,0.7,1.0,1.7,1.8,,2019.0,0
Rodney Hood,26.0,2TM,2.0,72.0,49.0,1893.0,12.3,0.545,0.352,0.231,1.4,7.9,4.6,10.0,1.5,0.5,6.9,18.1,2.1,0.5,2.6,0.065,-1.2,-0.8,-2.0,0.0,,2019.0,1
Rodney Hood,26.0,CLE,2.0,45.0,45.0,1234.0,13.0,0.542,0.335,0.251,1.6,8.8,5.0,11.5,1.5,0.4,6.7,19.1,1.5,0.0,1.5,0.059,-1.0,-1.1,-2.1,0.0,,2019.0,1
Dwyane Wade,37.0,MIA,2.0,72.0,2.0,1885.0,15.8,0.51,0.272,0.243,3.9,12.2,8.0,26.5,1.5,1.8,13.5,27.9,0.1,2.3,2.4,0.061,0.8,-0.2,0.6,1.2,"6MOY-7,AS",2019.0,3
Malik Beasley,22.0,DEN,2.0,81.0,18.0,1879.0,14.2,0.599,0.55,0.09,2.0,9.5,5.8,7.5,1.4,0.5,6.7,18.7,2.9,1.6,4.5,0.115,0.8,-0.7,0.1,1.0,6MOY-11,2019.0,2
Reggie Bullock,27.0,2TM,2.0,63.0,60.0,1879.0,10.5,0.563,0.662,0.143,1.2,8.8,4.9,10.1,1.0,0.5,9.3,15.8,1.6,1.4,3.1,0.078,-0.7,-0.4,-1.1,0.4,,2019.0,1
Reggie Bullock,27.0,DET,2.0,44.0,44.0,1355.0,11.0,0.569,0.667,0.145,1.6,8.6,5.0,12.0,0.9,0.3,10.3,16.7,1.4,1.0,2.4,0.084,-0.1,-0.5,-0.6,0.5,,2019.0,1
Gordon Hayward,28.0,BOS,4.0,72.0,18.0,1863.0,15.6,0.575,0.364,0.294,2.9,15.5,9.2,18.4,1.6,1.1,12.8,19.0,2.6,2.3,4.9,0.126,0.4,0.4,0.8,1.3,,2019.0,4
Chris Paul,33.0,HOU,1.0,58.0,58.0,1857.0,19.7,0.56,0.493,0.282,2.1,13.9,7.9,39.3,3.0,0.8,15.8,22.5,4.4,2.2,6.6,0.172,2.7,1.1,3.9,2.8,,2019.0,0
Anthony Davis,25.0,NOP,5.0,56.0,56.0,1850.0,30.3,0.597,0.141,0.422,9.9,27.5,18.8,19.0,2.2,6.0,8.4,29.5,6.4,3.1,9.5,0.247,7.1,2.3,9.4,5.3,AS,2019.0,0
Rudy Gay,32.0,SAS,4.0,69.0,51.0,1842.0,17.5,0.583,0.247,0.197,3.8,23.9,13.9,14.7,1.4,1.6,12.3,22.1,2.2,2.2,4.4,0.115,0.8,0.6,1.4,1.6,,2019.0,4
Domantas Sabonis,22.0,IND,5.0,74.0,5.0,1838.0,21.9,0.63,0.024,0.416,11.5,29.8,20.8,18.2,1.3,1.5,16.2,23.5,4.3,3.3,7.6,0.197,1.9,1.3,3.1,2.4,6MOY-2,2019.0,2
Malcolm Brogdon,26.0,MIL,2.0,64.0,64.0,1832.0,17.8,0.614,0.326,0.203,3.8,11.7,8.0,16.2,1.2,0.6,10.0,20.7,4.2,2.3,6.5,0.171,2.0,0.1,2.2,1.9,,2019.0,3
John Collins,21.0,ATL,4.0,61.0,59.0,1829.0,21.8,0.627,0.19,0.32,12.3,22.1,17.1,11.0,0.6,1.8,11.2,23.7,5.0,1.0,6.0,0.158,2.8,-1.9,0.9,1.3,,2019.0,2
Marco Belinelli,32.0,SAS,2.0,79.0,1.0,1815.0,11.9,0.557,0.572,0.18,1.0,10.8,5.9,10.1,0.9,0.4,8.8,19.8,1.4,1.1,2.5,0.065,-0.5,-1.2,-1.7,0.1,,2019.0,3
Kelly Olynyk,27.0,MIA,4.0,79.0,36.0,1812.0,14.4,0.61,0.566,0.328,4.2,17.8,11.0,11.4,1.4,1.8,15.0,18.0,2.3,2.5,4.7,0.126,-0.2,0.9,0.7,1.2,,2019.0,3
Landry Shamet,21.0,2TM,2.0,79.0,27.0,1802.0,11.0,0.604,0.711,0.167,1.3,6.4,3.9,9.0,1.0,0.4,7.0,15.0,2.7,0.9,3.6,0.095,-0.3,-1.3,-1.6,0.2,,2019.0,2
Landry Shamet,21.0,PHI,2.0,54.0,4.0,1108.0,10.7,0.606,0.706,0.156,1.4,5.9,3.7,7.4,1.0,0.6,6.6,15.0,1.6,0.6,2.2,0.096,-0.7,-1.1,-1.9,0.0,,2019.0,2
Larry Nance Jr.,26.0,CLE,5.0,67.0,30.0,1795.0,18.6,0.583,0.205,0.28,10.0,24.9,17.1,17.8,2.8,1.9,15.3,15.5,3.3,1.6,4.9,0.131,1.0,1.4,2.4,2.0,,2019.0,4
Terry Rozier,24.0,BOS,1.0,79.0,14.0,1791.0,12.9,0.501,0.506,0.14,1.9,16.4,9.1,17.7,1.8,1.0,8.8,18.6,0.9,2.3,3.2,0.086,-0.7,0.5,-0.2,0.8,,2019.0,3
Nemanja Bjelica,30.0,SAC,4.0,77.0,70.0,1788.0,15.4,0.585,0.433,0.155,7.0,18.8,12.8,11.1,1.4,2.7,11.5,16.5,2.7,1.9,4.5,0.122,0.4,0.5,0.9,1.3,,2019.0,0
Derrick Favors,27.0,UTA,5.0,76.0,70.0,1766.0,21.8,0.624,0.126,0.368,12.9,21.3,17.2,8.0,1.5,4.8,10.5,19.4,4.4,3.5,7.9,0.215,1.8,1.5,3.3,2.4,,2019.0,4
Fred VanVleet,24.0,TOR,1.0,64.0,28.0,1760.0,13.7,0.539,0.493,0.192,1.3,8.7,5.1,23.9,1.6,0.9,11.2,17.9,2.4,1.9,4.3,0.117,0.4,0.1,0.5,1.1,,2019.0,5
Brandon Ingram,21.0,LAL,3.0,52.0,52.0,1760.0,13.4,0.555,0.129,0.396,2.5,13.0,7.8,12.9,0.7,1.4,13.1,23.2,0.6,1.4,2.0,0.055,-1.3,-0.7,-2.0,0.0,,2019.0,2
Josh Okogie,20.0,MIN,2.0,74.0,52.0,1757.0,9.4,0.492,0.423,0.319,2.5,10.9,6.6,6.9,2.4,1.6,9.8,15.4,-0.1,1.4,1.2,0.034,-3.5,0.4,-3.1,-0.5,ROY-8,2019.0,2
Darius Miller,28.0,NOP,3.0,69.0,15.0,1757.0,8.4,0.55,0.752,0.147,0.8,6.6,3.8,10.4,1.1,1.1,10.3,13.4,1.1,0.6,1.6,0.045,-2.1,-0.8,-2.9,-0.4,,2019.0,1
Langston Galloway,27.0,DET,2.0,80.0,4.0,1745.0,10.7,0.534,0.647,0.164,3.0,7.9,5.4,7.3,1.0,0.4,3.7,16.1,2.1,1.3,3.4,0.094,-0.9,-0.6,-1.5,0.2,,2019.0,3
Mason Plumlee,28.0,DEN,5.0,82.0,17.0,1731.0,17.8,0.602,0.023,0.448,10.3,22.5,16.4,19.5,1.9,3.9,19.2,16.2,2.9,2.9,5.8,0.16,-0.5,2.6,2.1,1.8,,2019.0,4
Derrick White,24.0,SAS,1.0,67.0,55.0,1728.0,14.8,0.555,0.262,0.227,2.2,13.3,7.8,21.0,1.9,2.3,14.0,17.7,1.7,1.9,3.6,0.101,-0.4,1.3,0.9,1.3,,2019.0,5
Jabari Parker,23.0,2TM,4.0,64.0,17.0,1724.0,15.5,0.56,0.26,0.246,4.9,21.8,13.3,14.1,1.3,1.5,15.4,24.6,0.1,1.3,1.4,0.039,-0.7,-0.9,-1.5,0.2,,2019.0,1
Noah Vonleh,23.0,NYK,4.0,68.0,57.0,1722.0,13.9,0.561,0.311,0.355,6.7,25.8,16.0,11.1,1.3,2.5,14.7,14.8,1.5,1.7,3.2,0.09,-1.2,0.5,-0.7,0.6,,2019.0,1
Josh Hart,23.0,LAL,2.0,67.0,22.0,1715.0,9.3,0.526,0.591,0.172,2.2,12.6,7.5,7.0,1.7,1.9,10.4,13.5,0.2,1.9,2.1,0.059,-2.3,1.0,-1.3,0.3,,2019.0,1
DeMarre Carroll,32.0,BRK,4.0,67.0,8.0,1703.0,12.1,0.546,0.539,0.421,4.2,17.3,10.8,7.2,0.9,0.5,9.7,18.6,1.5,1.6,3.1,0.088,-0.9,-0.6,-1.5,0.2,,2019.0,1
Delon Wright,26.0,2TM,1.0,75.0,13.0,1699.0,15.5,0.523,0.301,0.269,4.4,12.8,8.6,21.6,2.5,1.6,11.0,18.1,1.9,2.4,4.3,0.121,0.1,1.4,1.5,1.5,,2019.0,5
Delon Wright,26.0,TOR,1.0,49.0,2.0,897.0,14.5,0.527,0.307,0.208,4.8,10.1,7.5,16.8,2.5,1.4,10.4,17.1,1.0,1.3,2.3,0.123,0.1,1.6,1.7,0.8,,2019.0,5
Miles Bridges,20.0,CHO,3.0,80.0,25.0,1696.0,13.1,0.548,0.391,0.151,4.2,16.6,10.3,8.1,1.6,2.5,8.4,15.1,1.4,1.5,2.9,0.083,-0.9,0.1,-0.8,0.5,,2019.0,2
Taj Gibson,33.0,MIN,4.0,70.0,57.0,1686.0,17.8,0.612,0.063,0.33,10.8,18.3,14.5,7.3,1.5,2.0,10.6,17.2,3.7,1.4,5.1,0.144,0.3,-0.4,-0.1,0.8,,2019.0,4
Otto Porter Jr.,25.0,2TM,3.0,56.0,43.0,1683.0,15.9,0.569,0.398,0.149,3.4,17.0,10.1,10.6,2.3,1.6,8.7,19.1,1.8,1.5,3.2,0.093,0.8,0.1,0.9,1.2,,2019.0,3
Lauri Markkanen,21.0,CHI,4.0,52.0,51.0,1682.0,17.1,0.553,0.418,0.245,4.7,25.9,15.2,7.2,1.1,1.7,8.8,25.1,1.3,1.5,2.7,0.078,1.4,-1.5,-0.2,0.7,,2019.0,2
Hassan Whiteside,29.0,MIA,5.0,72.0,53.0,1674.0,23.5,0.564,0.024,0.357,16.3,35.6,25.9,5.6,1.3,7.3,11.0,22.6,2.3,4.0,6.3,0.18,1.1,1.2,2.3,1.8,,2019.0,4
Royce O'Neale,25.0,UTA,3.0,82.0,16.0,1671.0,9.0,0.589,0.513,0.122,1.5,16.7,9.2,10.0,1.5,1.1,16.2,11.0,0.7,2.5,3.3,0.094,-2.6,2.1,-0.5,0.6,,2019.0,3
JaVale McGee,31.0,LAL,5.0,75.0,62.0,1671.0,21.8,0.634,0.019,0.237,12.3,22.5,17.5,4.8,1.3,7.3,13.2,20.2,3.0,2.9,5.9,0.171,0.3,1.2,1.4,1.4,,2019.0,4
Dwight Powell,27.0,DAL,5.0,77.0,22.0,1662.0,20.4,0.682,0.261,0.523,9.1,17.3,13.2,10.7,1.3,2.6,10.1,17.2,5.6,1.9,7.5,0.215,2.0,0.9,2.9,2.1,,2019.0,4
Kent Bazemore,29.0,ATL,2.0,67.0,35.0,1643.0,11.9,0.507,0.434,0.253,2.3,14.6,8.3,13.5,2.5,2.2,13.6,22.0,-0.7,1.4,0.7,0.021,-2.5,0.2,-2.3,-0.1,,2019.0,5
Enes Freedom,26.0,2TM,5.0,67.0,31.0,1640.0,22.3,0.594,0.05,0.288,16.4,26.1,21.1,12.1,0.9,1.3,13.3,23.1,3.9,1.6,5.4,0.159,2.5,-1.5,1.0,1.2,,2019.0,4
Enes Freedom,26.0,NYK,5.0,44.0,23.0,1128.0,21.8,0.585,0.047,0.276,15.5,27.5,21.4,13.1,0.8,1.3,13.1,22.9,2.4,0.9,3.4,0.143,2.5,-1.6,0.9,0.8,,2019.0,4
Gary Harris,24.0,DEN,2.0,57.0,48.0,1639.0,12.2,0.526,0.38,0.226,2.7,7.9,5.3,11.0,1.6,1.0,8.9,20.0,1.1,1.5,2.6,0.076,-1.2,-0.4,-1.6,0.2,,2019.0,1
Dāvis Bertāns,26.0,SAS,4.0,76.0,12.0,1632.0,13.0,0.632,0.746,0.132,1.6,16.0,8.8,8.2,1.0,1.7,8.2,14.1,2.6,1.5,4.0,0.118,1.1,0.2,1.3,1.4,6MOY-11,2019.0,3
Justin Jackson,23.0,2TM,3.0,81.0,14.0,1614.0,11.3,0.561,0.505,0.163,2.8,11.0,6.9,8.1,0.9,0.7,5.3,14.3,2.0,0.9,2.9,0.086,-0.8,-0.8,-1.6,0.2,,2019.0,3
Justin Jackson,23.0,SAC,3.0,52.0,3.0,1083.0,10.1,0.546,0.539,0.169,2.3,11.8,6.9,8.0,1.0,1.0,6.5,12.9,1.0,0.6,1.6,0.072,-1.3,-0.5,-1.9,0.0,,2019.0,1
Dewayne Dedmon,29.0,ATL,5.0,64.0,52.0,1609.0,16.0,0.602,0.413,0.215,6.7,25.0,15.7,8.1,2.0,3.8,12.7,16.7,2.1,1.9,4.0,0.119,-0.3,0.8,0.5,1.0,,2019.0,4
Emmanuel Mudiay,22.0,NYK,1.0,59.0,42.0,1607.0,14.6,0.531,0.284,0.251,2.1,10.9,6.4,24.2,1.3,1.0,14.6,25.6,0.1,0.7,0.8,0.023,-0.2,-1.8,-2.0,0.0,,2019.0,2
Robin Lopez,30.0,CHI,5.0,74.0,36.0,1606.0,15.9,0.598,0.058,0.23,9.4,10.0,9.7,8.8,0.3,4.2,14.0,18.6,2.0,0.7,2.7,0.081,-0.6,-1.4,-1.9,0.0,,2019.0,4
Evan Turner,30.0,POR,1.0,73.0,2.0,1605.0,11.6,0.504,0.117,0.239,2.5,18.9,10.9,23.6,1.0,0.9,18.9,15.9,0.5,1.5,2.0,0.06,-1.8,0.5,-1.3,0.3,,2019.0,5
Jalen Brunson,22.0,DAL,1.0,73.0,38.0,1591.0,12.8,0.549,0.32,0.212,1.7,9.6,5.7,22.6,1.1,0.2,12.5,19.1,1.5,1.0,2.6,0.077,-1.2,-0.5,-1.7,0.1,,2019.0,2
Andre Iguodala,35.0,GSW,3.0,68.0,13.0,1578.0,13.1,0.587,0.477,0.222,3.4,13.2,8.5,16.8,1.8,2.7,13.6,10.4,2.4,1.8,4.2,0.129,0.1,1.7,1.8,1.5,6MOY-10,2019.0,5
Marvin Bagley III,19.0,SAC,4.0,62.0,4.0,1567.0,18.9,0.562,0.136,0.371,10.4,20.8,15.5,5.9,1.0,3.2,10.7,24.2,2.0,1.6,3.6,0.11,0.5,-1.5,-1.0,0.4,ROY-7,2019.0,2
Tyus Jones,22.0,MIN,1.0,68.0,23.0,1560.0,13.7,0.491,0.283,0.155,1.6,7.7,4.6,28.3,2.5,0.3,9.0,14.1,2.1,0.9,3.0,0.091,-0.9,0.3,-0.6,0.6,,2019.0,2
Taurean Prince,24.0,ATL,3.0,55.0,47.0,1552.0,11.9,0.575,0.53,0.195,1.5,12.3,6.7,11.1,1.6,1.1,13.4,19.5,0.8,0.7,1.5,0.047,-1.0,-1.0,-2.0,0.0,,2019.0,1
Rodney McGruder,27.0,MIA,2.0,66.0,45.0,1550.0,9.4,0.51,0.488,0.156,4.1,12.2,8.2,10.3,1.1,0.7,11.5,15.4,0.4,1.6,1.9,0.059,-2.2,-0.1,-2.3,-0.1,,2019.0,1
Alex Len,25.0,ATL,5.0,77.0,31.0,1544.0,17.2,0.575,0.315,0.333,10.5,18.5,14.4,8.6,0.8,3.9,11.5,22.1,2.2,1.0,3.2,0.1,0.0,-1.3,-1.2,0.3,,2019.0,4
Tyler Johnson,26.0,2TM,1.0,57.0,22.0,1529.0,12.4,0.532,0.494,0.241,2.4,9.8,6.1,15.9,1.7,1.6,11.7,18.5,0.9,1.4,2.3,0.071,-0.7,0.3,-0.4,0.6,,2019.0,5
Tyler Johnson,26.0,MIA,1.0,44.0,10.0,1123.0,12.3,0.54,0.509,0.219,1.8,9.7,5.7,14.9,1.7,1.7,12.5,19.2,0.5,1.3,1.8,0.075,-0.7,0.6,-0.1,0.5,,2019.0,1
Jaren Jackson Jr.,19.0,MEM,4.0,58.0,56.0,1515.0,16.4,0.591,0.241,0.334,5.3,15.0,10.1,7.2,1.7,5.1,12.7,22.8,1.2,2.2,3.3,0.105,-1.2,1.0,-0.3,0.7,ROY-4,2019.0,2
Dennis Smith Jr.,21.0,2TM,1.0,53.0,50.0,1508.0,12.3,0.502,0.32,0.24,2.2,8.7,5.5,27.3,2.1,1.1,17.6,24.8,-1.2,1.2,0.0,0.001,-1.6,-0.4,-1.9,0.0,,2019.0,2
Torrey Craig,28.0,DEN,3.0,75.0,37.0,1503.0,10.4,0.547,0.519,0.193,6.4,12.6,9.5,6.3,1.2,2.7,10.1,12.4,1.4,1.7,3.0,0.096,-2.0,0.2,-1.9,0.0,,2019.0,3
Maxi Kleber,27.0,DAL,4.0,71.0,18.0,1502.0,13.1,0.579,0.565,0.192,6.5,16.9,11.7,6.8,1.2,4.4,11.4,13.5,1.6,1.8,3.5,0.111,-0.8,1.2,0.4,0.9,,2019.0,1
Thomas Bryant,21.0,WAS,5.0,72.0,53.0,1496.0,21.0,0.674,0.197,0.273,8.1,25.1,16.5,9.3,0.8,3.8,9.6,17.6,4.3,1.3,5.6,0.178,2.3,-0.3,2.0,1.5,,2019.0,2
Kevon Looney,22.0,GSW,5.0,80.0,24.0,1481.0,17.3,0.636,0.029,0.303,14.6,15.4,15.0,10.9,1.5,3.0,11.5,12.8,4.2,1.8,6.0,0.194,0.1,0.4,0.5,0.9,,2019.0,2
Iman Shumpert,28.0,2TM,2.0,62.0,41.0,1481.0,9.1,0.499,0.612,0.101,1.9,11.4,6.5,9.9,1.9,1.4,9.7,14.5,0.1,1.2,1.4,0.045,-2.4,0.5,-1.9,0.0,,2019.0,1
Iman Shumpert,28.0,SAC,2.0,42.0,40.0,1099.0,10.1,0.511,0.58,0.118,1.7,10.6,6.0,10.7,2.0,1.6,9.4,15.2,0.3,0.9,1.2,0.054,-1.9,0.6,-1.3,0.2,,2019.0,1
Gerald Green,33.0,HOU,2.0,73.0,0.0,1473.0,11.4,0.555,0.763,0.118,2.2,11.7,6.8,4.1,1.1,1.6,8.3,19.5,0.9,1.0,1.9,0.061,-0.2,-1.5,-1.7,0.1,,2019.0,1
T.J. McConnell,26.0,PHI,1.0,76.0,3.0,1470.0,13.4,0.555,0.1,0.088,2.1,10.2,6.3,24.7,2.5,0.9,17.3,15.0,1.2,1.7,2.9,0.094,-1.8,0.9,-0.9,0.4,,2019.0,5
E'Twaun Moore,29.0,NOP,2.0,53.0,36.0,1463.0,11.5,0.567,0.331,0.111,2.5,6.4,4.5,9.5,1.3,0.4,9.6,17.3,1.2,0.5,1.7,0.055,-1.2,-1.1,-2.3,-0.1,,2019.0,1
Allonzo Trier,23.0,NYK,2.0,64.0,3.0,1459.0,12.2,0.564,0.255,0.431,2.2,12.2,7.1,12.9,0.9,0.8,15.8,21.5,0.4,0.5,0.9,0.03,-1.6,-1.5,-3.1,-0.4,,2019.0,1
Bruce Brown,22.0,DET,2.0,74.0,56.0,1449.0,6.9,0.469,0.296,0.191,3.5,10.7,7.0,8.8,1.4,2.1,11.9,11.5,-0.1,1.6,1.5,0.048,-4.4,1.0,-3.3,-0.5,,2019.0,2
Ed Davis,29.0,BRK,5.0,81.0,1.0,1446.0,17.3,0.632,0.007,0.536,15.8,34.6,25.2,6.0,1.2,1.8,14.6,12.7,3.3,2.5,5.7,0.191,-0.6,0.7,0.0,0.7,6MOY-11,2019.0,4
Wayne Selden,24.0,2TM,2.0,75.0,13.0,1439.0,8.3,0.491,0.36,0.19,2.8,11.0,6.9,11.3,1.1,0.8,13.1,18.4,-1.0,0.8,-0.3,-0.009,-3.8,-1.6,-5.4,-1.2,,2019.0,3
Wayne Selden,24.0,CHI,2.0,43.0,13.0,984.0,8.1,0.489,0.345,0.196,2.3,12.8,7.5,10.8,1.1,0.6,13.8,18.0,-0.8,0.4,-0.4,-0.019,-4.0,-1.8,-5.9,-1.0,,2019.0,1
Luke Kennard,22.0,DET,2.0,63.0,10.0,1437.0,11.9,0.56,0.517,0.117,0.9,13.5,7.0,12.3,0.9,0.6,9.4,18.1,1.3,1.3,2.5,0.085,-0.4,-0.6,-1.1,0.3,,2019.0,2
Jeremy Lin,30.0,2TM,1.0,74.0,4.0,1436.0,13.5,0.558,0.346,0.388,1.6,11.7,6.6,23.4,1.5,0.8,16.4,21.8,1.2,0.9,2.1,0.07,-1.4,-0.9,-2.2,-0.1,,2019.0,5
Jeremy Lin,30.0,ATL,1.0,51.0,1.0,1003.0,15.9,0.594,0.342,0.435,1.6,11.0,6.2,26.7,1.8,0.6,17.6,22.6,1.5,0.4,1.9,0.092,0.3,-1.0,-0.6,0.3,,2019.0,5
Shaquille Harrison,25.0,CHI,2.0,73.0,11.0,1430.0,12.4,0.494,0.209,0.289,2.5,14.5,8.4,14.1,3.0,1.8,11.1,16.5,-0.1,1.6,1.4,0.048,-2.8,1.5,-1.3,0.2,,2019.0,5
Lonzo Ball,21.0,LAL,1.0,47.0,45.0,1423.0,11.7,0.487,0.5,0.105,4.0,14.0,9.1,23.8,2.3,1.1,17.8,16.9,-0.2,1.7,1.6,0.052,-1.6,1.3,-0.3,0.6,,2019.0,2
Maurice Harkless,25.0,POR,3.0,60.0,53.0,1415.0,13.2,0.547,0.309,0.188,5.9,14.1,10.1,7.1,2.3,3.0,9.7,13.9,1.5,1.9,3.4,0.114,-1.0,1.7,0.7,1.0,,2019.0,5
Tyreke Evans,29.0,IND,2.0,69.0,18.0,1402.0,11.5,0.483,0.327,0.242,2.7,13.0,7.9,17.5,2.0,1.1,13.9,26.4,-1.7,2.0,0.3,0.01,-2.4,-0.3,-2.7,-0.2,,2019.0,5
Seth Curry,28.0,POR,2.0,74.0,2.0,1399.0,11.4,0.595,0.54,0.112,2.1,6.9,4.6,6.5,1.2,0.7,11.1,16.6,1.5,0.9,2.4,0.082,-0.4,-0.7,-1.0,0.3,,2019.0,1
Mike Scott,30.0,2TM,4.0,79.0,3.0,1395.0,8.6,0.528,0.6,0.079,3.4,17.2,10.5,6.4,0.9,0.7,9.2,14.4,0.4,1.2,1.6,0.053,-1.9,-0.7,-2.5,-0.2,,2019.0,3
Mike Scott,30.0,LAC,4.0,52.0,0.0,748.0,9.4,0.521,0.578,0.078,3.5,20.6,12.3,8.1,1.1,0.8,10.2,14.9,0.1,0.7,0.9,0.055,-1.5,0.0,-1.5,0.1,,2019.0,1
Derrick Rose,30.0,MIN,1.0,51.0,13.0,1392.0,19.5,0.557,0.194,0.212,2.5,8.3,5.4,26.4,1.1,0.7,9.1,27.3,2.6,0.3,3.0,0.102,3.2,-1.7,1.4,1.2,6MOY-6,2019.0,0
Kris Dunn,24.0,CHI,1.0,46.0,44.0,1389.0,12.4,0.484,0.19,0.136,1.5,13.3,7.3,30.0,2.4,1.3,16.2,20.1,-0.5,1.2,0.6,0.022,-2.8,0.2,-2.7,-0.2,,2019.0,5
Alec Burks,27.0,3TM,2.0,64.0,24.0,1375.0,12.7,0.523,0.354,0.297,2.3,17.0,9.4,13.7,1.4,1.3,10.8,19.0,0.7,0.8,1.5,0.052,-0.6,-0.7,-1.2,0.3,,2019.0,1
JaMychal Green,28.0,2TM,4.0,65.0,6.0,1371.0,14.7,0.587,0.37,0.212,8.3,24.3,16.4,5.8,1.6,2.3,14.3,19.4,0.9,1.9,2.9,0.101,-1.3,-0.4,-1.7,0.1,,2019.0,1
Rajon Rondo,32.0,LAL,1.0,46.0,29.0,1369.0,12.1,0.473,0.329,0.083,2.6,15.5,9.2,35.5,1.9,0.4,22.1,17.4,-0.2,1.5,1.3,0.047,-1.7,0.2,-1.5,0.2,,2019.0,5
Mitchell Robinson,20.0,NYK,5.0,66.0,19.0,1360.0,22.0,0.692,0.0,0.464,13.3,19.4,16.3,4.2,1.8,10.0,9.1,12.1,4.0,2.2,6.1,0.217,0.1,2.4,2.5,1.6,ROY-8,2019.0,4
T.J. Warren,25.0,PHO,3.0,43.0,36.0,1360.0,16.3,0.58,0.295,0.203,2.5,11.8,7.1,7.7,1.8,1.8,7.2,22.7,1.6,0.5,2.1,0.074,0.9,-1.1,-0.2,0.6,,2019.0,3
Juancho Hernangómez,23.0,DEN,4.0,70.0,25.0,1358.0,11.0,0.58,0.576,0.274,5.1,16.1,10.6,5.3,1.0,1.6,9.5,12.2,1.6,1.4,3.0,0.105,-0.9,-0.2,-1.1,0.3,,2019.0,1
Zach Collins,21.0,POR,5.0,77.0,0.0,1356.0,13.5,0.562,0.303,0.315,8.8,16.5,12.7,7.1,0.9,3.9,14.5,16.6,1.4,1.5,2.9,0.104,-1.5,0.3,-1.2,0.3,,2019.0,2
OG Anunoby,21.0,TOR,3.0,67.0,6.0,1352.0,9.8,0.544,0.5,0.153,4.8,10.8,7.9,4.7,1.6,1.3,11.3,15.5,0.3,1.7,2.0,0.07,-2.4,0.1,-2.4,-0.1,,2019.0,2
Doug McDermott,27.0,IND,3.0,77.0,1.0,1340.0,11.6,0.617,0.488,0.187,1.4,7.5,4.5,7.1,0.7,0.5,8.4,16.3,1.8,1.1,2.9,0.103,-0.5,-0.9,-1.4,0.2,,2019.0,3
Kyle Korver,37.0,2TM,4.0,70.0,0.0,1334.0,11.2,0.582,0.72,0.151,0.7,12.4,6.6,8.9,0.9,0.7,10.3,18.5,1.0,1.3,2.3,0.082,-0.2,-0.3,-0.5,0.5,,2019.0,1
Kyle Korver,37.0,UTA,2.0,54.0,0.0,1083.0,11.2,0.569,0.722,0.14,0.9,12.2,6.7,8.6,1.0,0.7,8.9,18.7,0.8,1.3,2.0,0.091,-0.4,0.0,-0.4,0.4,,2019.0,1
Vince Carter,42.0,ATL,4.0,76.0,9.0,1330.0,11.8,0.565,0.675,0.141,2.4,13.2,7.7,9.3,1.5,1.8,8.8,16.7,1.2,0.7,1.9,0.07,-0.4,-0.3,-0.7,0.5,,2019.0,3
Jake Layman,24.0,POR,3.0,71.0,33.0,1327.0,13.5,0.594,0.427,0.167,4.6,12.6,8.7,5.6,1.1,1.8,9.2,15.9,1.9,1.2,3.1,0.111,-0.1,-0.3,-0.5,0.5,,2019.0,1
Mike Muscala,27.0,2TM,4.0,64.0,10.0,1306.0,10.8,0.564,0.709,0.235,4.7,14.7,9.8,7.7,0.8,2.3,10.8,14.3,1.2,1.2,2.5,0.091,-0.8,-0.3,-1.1,0.3,,2019.0,1
Mike Muscala,27.0,PHI,4.0,47.0,6.0,1041.0,10.4,0.56,0.716,0.277,5.3,14.7,10.2,7.9,0.8,2.0,12.1,14.3,0.9,1.0,1.9,0.087,-1.1,-0.4,-1.5,0.1,,2019.0,1
Tony Snell,27.0,MIL,3.0,74.0,12.0,1304.0,10.7,0.585,0.565,0.116,2.4,9.4,6.1,6.7,0.9,1.2,5.7,12.9,1.6,1.6,3.2,0.117,-1.0,0.3,-0.7,0.4,,2019.0,1
George Hill,32.0,2TM,1.0,60.0,13.0,1302.0,12.1,0.554,0.407,0.226,3.2,8.3,5.9,14.0,1.9,0.5,11.0,15.1,1.5,1.3,2.8,0.103,-1.9,0.5,-1.4,0.2,,2019.0,5
George Hill,32.0,MIL,1.0,47.0,0.0,958.0,11.6,0.534,0.465,0.242,3.0,9.4,6.4,13.3,1.9,0.6,9.4,14.4,1.0,1.4,2.3,0.117,-2.3,1.1,-1.2,0.2,,2019.0,5
Bobby Portis,23.0,2TM,4.0,50.0,28.0,1299.0,16.1,0.529,0.304,0.154,9.0,24.9,16.8,8.8,1.3,1.3,9.9,24.6,0.5,1.1,1.6,0.06,-0.2,-2.3,-2.4,-0.1,,2019.0,4
Wayne Ellington,31.0,2TM,2.0,53.0,38.0,1297.0,11.8,0.569,0.814,0.107,1.1,7.9,4.5,8.3,2.0,0.4,7.7,17.2,1.3,1.4,2.6,0.097,-0.3,0.3,0.0,0.7,,2019.0,1
Rodions Kurucs,20.0,BRK,3.0,63.0,46.0,1294.0,11.0,0.545,0.41,0.205,4.6,15.4,10.0,6.0,1.5,1.5,13.6,18.4,0.1,1.5,1.6,0.059,-2.9,0.3,-2.6,-0.2,,2019.0,2
Kyle Anderson,25.0,MEM,3.0,43.0,40.0,1281.0,12.8,0.569,0.123,0.232,4.1,18.1,11.0,15.0,2.1,2.7,16.0,12.6,0.8,1.8,2.7,0.1,-1.6,2.4,0.8,0.9,,2019.0,5
Jakob Poeltl,23.0,SAS,5.0,77.0,24.0,1273.0,19.4,0.64,0.0,0.317,15.4,19.7,17.6,10.0,1.1,4.5,12.7,13.1,3.5,1.6,5.1,0.193,1.3,0.7,2.0,1.3,,2019.0,4
Markieff Morris,29.0,2TM,4.0,58.0,16.0,1270.0,11.7,0.521,0.419,0.19,5.0,17.5,11.1,8.8,1.3,1.5,9.3,19.1,0.6,1.1,1.6,0.061,-2.1,-0.6,-2.7,-0.2,,2019.0,1
Jeff Teague,30.0,MIN,1.0,42.0,41.0,1264.0,15.4,0.528,0.252,0.368,1.3,7.7,4.5,37.6,1.6,1.2,16.7,19.3,1.7,0.5,2.2,0.085,0.8,-1.2,-0.4,0.5,,2019.0,5
Pat Connaughton,26.0,MIL,2.0,61.0,2.0,1261.0,13.6,0.573,0.571,0.114,5.2,15.0,10.4,12.6,1.2,1.7,8.2,13.3,2.0,1.9,3.9,0.149,0.3,0.8,1.2,1.0,,2019.0,1
Malik Monk,20.0,CHO,2.0,73.0,0.0,1258.0,11.8,0.518,0.563,0.174,1.3,10.6,5.9,14.3,1.4,1.3,12.0,24.6,-0.4,0.7,0.3,0.012,-1.3,-1.7,-3.0,-0.3,,2019.0,2
Ish Smith,30.0,DET,1.0,56.0,0.0,1251.0,11.8,0.485,0.276,0.127,1.9,11.1,6.3,25.4,1.1,0.7,10.6,19.9,0.5,1.1,1.7,0.064,-1.6,-0.3,-2.0,0.0,,2019.0,5
Elfrid Payton,24.0,NOP,1.0,42.0,42.0,1250.0,14.0,0.502,0.255,0.18,4.1,14.0,9.1,33.5,1.6,1.1,20.1,18.3,0.6,0.9,1.5,0.058,-0.7,-0.7,-1.4,0.2,,2019.0,5
Shelvin Mack,28.0,2TM,1.0,57.0,3.0,1246.0,10.4,0.489,0.323,0.208,1.6,7.9,4.7,22.6,1.9,0.3,13.0,18.1,-0.2,1.1,0.9,0.034,-2.7,-0.4,-3.0,-0.3,,2019.0,5
Shelvin Mack,28.0,MEM,1.0,53.0,3.0,1204.0,11.0,0.499,0.329,0.193,1.6,8.0,4.8,23.3,1.9,0.3,12.8,18.0,0.1,1.0,1.1,0.045,-2.3,-0.3,-2.5,-0.1,,2019.0,5
Nikola Mirotić,27.0,2TM,4.0,46.0,25.0,1245.0,17.2,0.584,0.587,0.229,5.1,22.6,14.0,6.2,1.2,2.2,7.4,21.4,2.0,1.4,3.5,0.133,2.1,-0.6,1.5,1.1,,2019.0,3
Cody Zeller,26.0,CHO,5.0,49.0,47.0,1243.0,17.2,0.611,0.064,0.409,9.4,19.7,14.5,12.1,1.5,2.9,13.2,16.3,2.6,1.2,3.9,0.15,-0.6,0.7,0.1,0.7,,2019.0,4
Rondae Hollis-Jefferson,24.0,BRK,3.0,59.0,21.0,1234.0,12.5,0.464,0.101,0.376,7.1,19.2,13.2,11.7,1.7,1.7,10.7,21.6,-0.5,1.7,1.2,0.047,-3.0,0.4,-2.6,-0.2,,2019.0,1
Wes Iwundu,24.0,ORL,3.0,68.0,13.0,1233.0,8.7,0.531,0.288,0.376,3.2,13.0,8.0,7.9,1.1,1.5,12.1,12.8,0.5,1.4,1.9,0.073,-3.8,0.6,-3.2,-0.4,,2019.0,1
Ersan İlyasova,31.0,MIL,4.0,67.0,7.0,1231.0,11.6,0.548,0.42,0.194,8.2,16.2,12.5,5.5,1.2,1.4,10.4,15.7,1.2,1.9,3.0,0.119,-2.4,0.1,-2.3,-0.1,,2019.0,1
James Ennis III,28.0,2TM,3.0,58.0,27.0,1230.0,11.0,0.59,0.531,0.276,5.3,10.9,8.1,4.7,1.6,1.6,9.3,12.7,1.6,1.0,2.6,0.103,-1.4,-0.2,-1.5,0.1,,2019.0,1
Jared Dudley,33.0,BRK,4.0,59.0,25.0,1220.0,7.8,0.554,0.632,0.192,2.9,10.4,6.7,9.2,1.4,1.0,14.2,10.4,0.6,1.2,1.8,0.07,-2.9,1.1,-1.8,0.1,,2019.0,1
Jonas Jerebko,31.0,GSW,4.0,73.0,6.0,1218.0,13.5,0.588,0.53,0.225,6.6,18.1,12.6,10.1,1.1,1.2,9.9,15.2,2.1,1.2,3.3,0.13,-0.3,-0.4,-0.7,0.4,,2019.0,1
Jamal Crawford,38.0,PHO,2.0,64.0,0.0,1211.0,11.7,0.522,0.461,0.251,0.7,7.2,3.9,27.7,1.3,0.8,16.9,20.8,0.1,0.0,0.2,0.006,-1.1,-2.8,-3.9,-0.6,,2019.0,5
Stanley Johnson,22.0,2TM,3.0,66.0,7.0,1208.0,9.6,0.485,0.489,0.145,3.0,16.9,9.7,10.6,2.4,1.0,14.7,19.4,-1.1,1.6,0.5,0.021,-3.1,0.9,-2.2,0.0,,2019.0,2
Stanley Johnson,22.0,DET,3.0,48.0,7.0,961.0,9.8,0.482,0.519,0.146,2.7,17.7,9.9,9.4,2.5,1.1,12.9,19.1,-0.7,1.4,0.7,0.034,-2.9,1.3,-1.6,0.1,,2019.0,2
Mario Hezonja,23.0,NYK,3.0,58.0,24.0,1206.0,10.8,0.497,0.328,0.246,2.4,18.7,10.4,11.5,2.3,0.6,14.6,21.3,-1.1,1.1,-0.1,-0.003,-3.5,-0.3,-3.8,-0.5,,2019.0,5
Tristan Thompson,27.0,CLE,5.0,43.0,40.0,1198.0,18.4,0.551,0.0,0.279,15.4,25.7,20.3,11.2,1.2,1.2,12.1,17.7,2.1,0.5,2.6,0.105,1.4,-1.9,-0.5,0.4,,2019.0,4
Will Barton,28.0,DEN,3.0,43.0,38.0,1189.0,11.0,0.501,0.426,0.161,2.9,15.3,9.1,14.6,0.7,1.6,11.7,20.0,0.1,1.1,1.2,0.049,-1.1,-0.8,-1.8,0.0,,2019.0,1
Richaun Holmes,25.0,PHO,5.0,70.0,4.0,1184.0,20.7,0.647,0.0,0.479,10.6,20.5,15.5,7.9,1.7,5.6,10.5,17.9,3.1,1.1,4.3,0.173,0.1,0.5,0.6,0.8,,2019.0,4
Michael Kidd-Gilchrist,25.0,CHO,4.0,64.0,3.0,1179.0,13.3,0.553,0.142,0.37,7.9,14.8,11.3,7.4,1.3,2.9,10.0,15.7,1.5,1.0,2.5,0.1,-2.3,-0.1,-2.4,-0.1,,2019.0,1
Wilson Chandler,31.0,2TM,3.0,51.0,33.0,1177.0,8.5,0.537,0.579,0.092,4.4,14.6,9.7,9.1,1.0,1.4,13.9,11.8,0.5,1.0,1.5,0.062,-2.3,-0.5,-2.8,-0.2,,2019.0,1
Frank Jackson,20.0,NOP,1.0,61.0,16.0,1169.0,9.4,0.517,0.378,0.163,2.2,9.5,5.9,8.0,1.0,0.1,9.1,18.5,0.1,0.4,0.4,0.018,-2.9,-1.7,-4.6,-0.8,,2019.0,2
James Johnson,31.0,MIA,4.0,55.0,33.0,1164.0,10.9,0.522,0.393,0.185,2.0,14.1,8.0,17.0,1.5,2.1,15.3,17.8,0.0,1.5,1.5,0.062,-2.4,1.1,-1.2,0.2,,2019.0,4
Derrick Jones Jr.,21.0,MIA,3.0,60.0,14.0,1153.0,14.0,0.559,0.281,0.377,8.8,13.3,11.1,4.7,1.9,3.3,10.2,15.6,1.2,1.7,2.9,0.121,-1.5,1.0,-0.5,0.4,,2019.0,2
Dion Waiters,27.0,MIA,2.0,44.0,28.0,1138.0,11.4,0.53,0.605,0.092,0.7,10.2,5.4,16.4,1.2,0.7,11.4,21.1,0.1,1.1,1.2,0.052,-0.5,-0.6,-1.1,0.3,,2019.0,1
Allen Crabbe,26.0,BRK,2.0,43.0,20.0,1133.0,7.7,0.519,0.694,0.15,1.5,12.2,6.9,5.8,1.0,0.9,10.4,16.4,-0.2,1.0,0.8,0.035,-2.4,-0.4,-2.8,-0.2,,2019.0,1
Norman Powell,25.0,TOR,2.0,60.0,3.0,1126.0,13.3,0.596,0.425,0.188,1.6,11.5,6.7,11.6,1.7,1.0,13.1,19.0,1.0,1.4,2.4,0.102,-0.9,0.2,-0.7,0.4,,2019.0,1
Trey Burke,26.0,2TM,1.0,58.0,8.0,1125.0,16.5,0.524,0.29,0.226,2.6,6.7,4.6,24.1,1.4,0.5,7.5,24.8,1.4,0.5,1.9,0.081,1.5,-1.4,0.1,0.6,,2019.0,3
Lance Stephenson,28.0,LAL,2.0,68.0,3.0,1123.0,11.8,0.529,0.456,0.169,3.0,16.5,9.9,17.3,1.7,0.5,15.6,20.3,-0.1,1.2,1.1,0.049,-1.6,0.1,-1.5,0.1,,2019.0,5
Trey Lyles,23.0,DEN,4.0,64.0,2.0,1120.0,12.7,0.5,0.404,0.234,4.2,19.6,11.9,11.3,1.3,1.8,11.1,23.4,-0.2,1.4,1.2,0.05,-1.8,-0.7,-2.4,-0.1,,2019.0,1
Tim Frazier,28.0,2TM,1.0,59.0,19.0,1120.0,11.7,0.544,0.387,0.207,3.9,11.5,7.7,27.6,1.2,0.4,21.1,13.3,1.3,0.7,2.0,0.084,-1.4,-0.4,-1.8,0.1,,2019.0,5
Tim Frazier,28.0,NOP,1.0,47.0,17.0,909.0,11.6,0.552,0.395,0.21,3.7,11.8,7.8,28.0,1.3,0.4,22.0,12.3,1.1,0.4,1.5,0.081,-1.2,-0.2,-1.3,0.2,,2019.0,5
Wendell Carter Jr.,19.0,CHI,5.0,44.0,44.0,1110.0,15.2,0.541,0.086,0.302,8.4,21.8,15.0,10.7,1.1,4.5,13.4,19.1,0.7,1.2,1.9,0.08,-2.2,0.6,-1.6,0.1,,2019.0,2
Jonas Valančiūnas,26.0,2TM,5.0,49.0,27.0,1091.0,24.4,0.616,0.089,0.344,10.7,31.4,21.1,12.0,0.8,4.4,12.7,28.5,2.2,1.9,4.2,0.183,2.2,0.4,2.7,1.3,,2019.0,4
Ante Žižić,22.0,CLE,5.0,59.0,25.0,1082.0,16.2,0.59,0.0,0.399,10.6,22.8,16.4,7.7,0.6,1.8,13.6,18.2,1.7,0.3,2.0,0.087,-1.1,-2.1,-3.2,-0.3,,2019.0,2
Anthony Tolliver,33.0,MIN,4.0,65.0,0.0,1079.0,8.6,0.571,0.83,0.232,1.5,16.2,8.8,5.5,0.8,1.7,11.2,12.5,0.6,0.5,1.2,0.052,-1.7,-0.7,-2.4,-0.1,,2019.0,1
Kenrich Williams,24.0,NOP,3.0,46.0,29.0,1079.0,9.7,0.485,0.559,0.068,5.4,15.5,10.5,9.5,1.9,1.4,11.1,12.3,0.3,0.9,1.2,0.053,-2.3,0.4,-1.9,0.0,,2019.0,1
Devin Harris,35.0,DAL,1.0,68.0,2.0,1071.0,10.7,0.527,0.576,0.386,1.2,9.9,5.6,16.7,1.6,1.3,12.1,18.5,0.6,0.9,1.5,0.068,-2.6,0.4,-2.2,-0.1,,2019.0,1
Yogi Ferrell,25.0,SAC,1.0,71.0,3.0,1067.0,12.7,0.55,0.423,0.19,1.2,9.5,5.3,17.0,1.6,0.3,9.5,16.3,1.3,0.6,1.9,0.087,-1.0,-0.4,-1.4,0.2,,2019.0,1
Jonathon Simmons,29.0,2TM,2.0,56.0,9.0,1064.0,8.5,0.466,0.297,0.277,2.7,10.0,6.3,16.7,1.3,1.2,14.8,18.7,-0.8,1.1,0.3,0.013,-3.9,-0.3,-4.2,-0.6,,2019.0,5
Quinn Cook,25.0,GSW,1.0,74.0,10.0,1059.0,13.1,0.565,0.456,0.059,2.3,13.0,7.9,15.2,0.9,0.2,10.0,20.2,1.0,0.8,1.8,0.082,-0.5,-1.6,-2.1,0.0,,2019.0,1
Nerlens Noel,24.0,OKC,5.0,77.0,2.0,1055.0,19.3,0.608,0.0,0.286,12.1,20.0,15.9,5.9,2.9,7.7,13.4,13.8,1.9,2.5,4.3,0.198,-1.2,3.3,2.1,1.1,,2019.0,4
Ivica Zubac,21.0,2TM,5.0,59.0,37.0,1040.0,18.9,0.604,0.0,0.332,11.9,24.2,18.2,9.1,0.6,4.0,13.9,20.3,1.9,1.3,3.2,0.148,-0.2,-0.2,-0.5,0.4,,2019.0,2
Sterling Brown,23.0,MIL,2.0,58.0,7.0,1034.0,10.9,0.563,0.471,0.135,3.0,14.4,9.0,10.7,1.1,0.7,12.2,15.2,0.7,1.4,2.1,0.098,-1.8,0.3,-1.5,0.1,,2019.0,1
Gorgui Dieng,29.0,MIN,5.0,76.0,2.0,1031.0,18.1,0.572,0.149,0.281,8.3,24.1,16.1,10.3,2.2,3.4,11.9,19.6,1.5,1.3,2.8,0.132,-0.3,0.9,0.6,0.7,,2019.0,4
Nik Stauskas,25.0,2TM,2.0,68.0,0.0,1015.0,10.9,0.545,0.556,0.189,1.9,11.7,6.8,11.1,1.0,0.6,12.2,17.6,0.6,0.5,1.1,0.052,-0.7,-1.2,-1.9,0.0,,2019.0,1
Nik Stauskas,25.0,POR,2.0,44.0,0.0,673.0,10.8,0.545,0.546,0.157,1.6,10.8,6.3,12.6,1.0,0.5,14.0,17.9,0.3,0.4,0.8,0.055,-0.9,-0.8,-1.6,0.1,,2019.0,1
Alfonzo McKinnie,26.0,GSW,3.0,72.0,5.0,1003.0,11.2,0.569,0.429,0.175,9.0,16.9,13.1,4.0,0.9,1.3,9.2,13.9,1.2,0.9,2.1,0.1,-2.2,-1.3,-3.5,-0.4,,2019.0,1
Tony Parker,36.0,CHO,1.0,56.0,0.0,1003.0,15.3,0.512,0.11,0.268,1.5,7.6,4.5,33.3,1.0,0.6,12.7,25.5,0.6,0.3,0.9,0.044,-0.3,-2.3,-2.6,-0.1,,2019.0,5
David Nwaba,26.0,CLE,3.0,51.0,14.0,984.0,12.5,0.558,0.286,0.324,4.4,14.4,9.2,8.1,1.8,1.5,8.8,14.6,1.1,0.3,1.4,0.069,-1.8,-0.3,-2.1,0.0,,2019.0,1
De'Anthony Melton,20.0,PHO,1.0,50.0,31.0,984.0,9.9,0.466,0.371,0.109,2.8,12.5,7.5,22.3,3.3,1.9,21.8,15.0,-0.8,0.8,0.0,0.002,-3.8,1.1,-2.7,-0.2,,2019.0,2
Shabazz Napier,27.0,BRK,1.0,56.0,2.0,983.0,15.3,0.534,0.524,0.317,1.9,8.7,5.3,22.2,2.0,1.3,11.7,24.0,1.0,1.0,2.0,0.098,0.9,0.6,1.5,0.9,,2019.0,5
Ian Clark,27.0,NOP,2.0,60.0,6.0,973.0,8.3,0.502,0.527,0.097,1.4,8.0,4.7,12.9,1.1,0.7,12.7,19.3,-0.4,0.3,-0.1,-0.003,-3.3,-1.8,-5.1,-0.8,,2019.0,1
Thon Maker,21.0,2TM,4.0,64.0,5.0,972.0,11.3,0.53,0.571,0.313,4.5,17.4,11.0,6.3,1.0,4.4,9.8,14.8,0.5,1.5,2.0,0.099,-2.2,1.0,-1.2,0.2,,2019.0,2
Shaun Livingston,33.0,GSW,1.0,64.0,0.0,967.0,11.7,0.555,0.01,0.243,4.9,7.9,6.5,14.8,1.5,2.3,14.1,12.0,1.2,0.9,2.0,0.101,-1.7,0.7,-1.0,0.2,,2019.0,5
Elie Okobo,21.0,PHO,1.0,53.0,16.0,958.0,7.6,0.489,0.455,0.162,1.4,10.1,5.7,18.7,1.6,0.6,18.2,17.0,-0.7,0.2,-0.5,-0.027,-4.2,-1.5,-5.7,-0.9,,2019.0,2
Jerian Grant,26.0,ORL,1.0,60.0,1.0,939.0,10.8,0.526,0.5,0.182,2.1,9.1,5.6,22.4,2.3,0.5,17.7,13.4,0.5,1.1,1.7,0.085,-2.9,1.3,-1.6,0.1,,2019.0,5
Jahlil Okafor,23.0,NOP,5.0,59.0,24.0,935.0,17.9,0.603,0.014,0.246,9.2,21.4,15.4,6.3,0.7,3.5,11.5,19.9,1.4,0.8,2.2,0.115,-0.6,-0.9,-1.5,0.1,,2019.0,4
Dante Cunningham,31.0,SAS,4.0,64.0,21.0,928.0,10.2,0.585,0.411,0.114,5.7,16.3,11.0,6.8,1.4,1.2,11.7,8.9,1.0,0.9,1.9,0.097,-1.3,0.6,-0.6,0.3,,2019.0,1
Daniel Theis,26.0,BOS,5.0,66.0,2.0,908.0,17.0,0.624,0.252,0.286,10.2,16.2,13.2,10.5,1.1,4.1,9.9,15.8,2.3,1.3,3.5,0.188,-0.8,0.9,0.0,0.5,,2019.0,4
Frank Ntilikina,20.0,NYK,1.0,43.0,16.0,904.0,6.0,0.417,0.408,0.106,1.4,8.9,5.0,19.5,1.6,1.3,15.9,16.6,-1.3,0.4,-0.8,-0.045,-5.2,-0.8,-6.0,-0.9,,2019.0,2
Cheick Diallo,22.0,NOP,4.0,64.0,1.0,896.0,17.5,0.644,0.015,0.247,8.8,29.3,19.2,5.1,1.5,3.0,14.0,16.0,1.4,1.2,2.6,0.14,-1.1,0.1,-0.9,0.2,,2019.0,2
Chandler Hutchison,22.0,CHI,3.0,44.0,14.0,895.0,8.8,0.507,0.239,0.182,3.7,18.9,11.2,5.3,1.2,0.6,10.0,12.2,0.0,0.6,0.6,0.03,-3.4,-0.5,-3.9,-0.4,,2019.0,2
D.J. Wilson,22.0,MIL,4.0,48.0,3.0,882.0,10.3,0.515,0.506,0.187,5.5,19.2,12.8,7.6,0.9,1.9,10.5,14.4,0.3,1.4,1.7,0.093,-2.4,0.2,-2.2,0.0,,2019.0,2
Zaza Pachulia,34.0,DET,5.0,68.0,3.0,878.0,13.7,0.539,0.021,0.642,11.9,21.5,16.5,14.7,1.7,1.6,18.7,15.0,1.1,1.3,2.3,0.128,-2.8,1.6,-1.2,0.2,,2019.0,4
Meyers Leonard,26.0,POR,5.0,61.0,2.0,878.0,15.8,0.675,0.459,0.211,6.1,21.8,14.2,11.8,0.7,0.8,14.0,14.8,2.1,0.9,3.0,0.164,1.5,0.3,1.8,0.8,,2019.0,4
Solomon Hill,27.0,NOP,3.0,44.0,15.0,878.0,6.8,0.497,0.567,0.18,4.1,11.5,7.8,7.6,1.2,0.9,13.9,10.4,0.1,0.4,0.5,0.029,-3.1,-0.4,-3.6,-0.3,,2019.0,1
Tyson Chandler,36.0,2TM,5.0,55.0,6.0,875.0,11.2,0.63,0.01,0.879,11.1,25.3,18.3,5.3,1.1,2.2,23.4,8.5,0.9,1.2,2.1,0.114,-2.9,0.8,-2.1,0.0,,2019.0,4
Tyson Chandler,36.0,LAL,5.0,48.0,6.0,786.0,11.2,0.626,0.011,0.793,11.4,23.6,17.6,4.8,1.1,2.3,23.0,8.0,0.9,1.1,1.9,0.117,-2.7,0.9,-1.8,0.0,,2019.0,4
Patrick Patterson,29.0,OKC,4.0,63.0,5.0,861.0,8.1,0.493,0.626,0.137,4.9,13.0,8.8,4.6,0.9,1.3,8.7,12.0,0.2,0.9,1.1,0.064,-2.0,-0.4,-2.5,-0.1,,2019.0,1
C.J. Miles,31.0,2TM,3.0,53.0,1.0,856.0,9.0,0.504,0.653,0.186,1.7,10.3,6.1,6.0,1.5,1.5,8.2,18.6,-0.2,0.9,0.7,0.041,-2.4,-0.5,-2.9,-0.2,,2019.0,1
Antonio Blakeney,22.0,CHI,2.0,57.0,3.0,829.0,10.6,0.487,0.23,0.192,0.9,13.1,6.9,8.2,0.7,0.9,7.5,24.5,-0.8,0.3,-0.5,-0.03,-2.4,-2.7,-5.2,-0.7,,2019.0,2
Dragan Bender,21.0,PHO,4.0,46.0,27.0,826.0,9.5,0.521,0.513,0.274,4.5,20.3,12.3,9.4,1.0,2.2,14.4,13.4,0.0,0.4,0.5,0.027,-3.4,-0.8,-4.1,-0.5,,2019.0,2
Aron Baynes,32.0,BOS,5.0,51.0,18.0,821.0,14.0,0.567,0.274,0.278,11.4,19.8,15.6,9.3,0.7,3.7,13.8,15.2,1.3,1.1,2.4,0.139,-1.8,0.3,-1.5,0.1,,2019.0,4
Harry Giles,20.0,SAC,4.0,58.0,0.0,820.0,14.4,0.526,0.017,0.261,8.1,20.1,14.0,15.2,1.8,2.3,15.8,23.2,0.0,1.0,1.0,0.056,-3.4,0.4,-3.0,-0.2,,2019.0,2
Willy Hernangómez,24.0,CHO,5.0,58.0,3.0,812.0,20.4,0.587,0.132,0.488,15.3,26.3,20.7,11.5,1.0,2.1,13.9,22.1,1.8,0.8,2.6,0.153,1.1,-1.1,-0.1,0.4,,2019.0,4
Matthew Dellavedova,28.0,2TM,1.0,48.0,0.0,812.0,11.1,0.532,0.537,0.215,0.8,9.9,5.2,31.9,0.8,0.2,20.4,17.9,0.5,0.0,0.5,0.028,-1.7,-2.8,-4.4,-0.5,,2019.0,5
Omari Spellman,21.0,ATL,4.0,46.0,11.0,805.0,12.4,0.516,0.525,0.184,9.2,16.3,12.7,8.0,1.5,2.7,10.5,14.9,0.6,0.5,1.2,0.07,-0.5,-0.7,-1.2,0.2,,2019.0,2
Dirk Nowitzki,40.0,DAL,4.0,51.0,20.0,795.0,9.6,0.469,0.545,0.133,0.7,20.5,10.6,6.9,0.5,1.9,4.3,22.5,-0.5,0.8,0.3,0.016,-2.7,-1.2,-3.9,-0.4,AS,2019.0,1
Jordan Bell,24.0,GSW,5.0,68.0,3.0,788.0,12.9,0.531,0.01,0.214,7.8,16.7,12.5,12.3,1.2,5.4,16.7,13.7,0.5,1.1,1.6,0.096,-2.2,1.3,-0.9,0.2,,2019.0,4
Sam Dekker,24.0,2TM,4.0,47.0,5.0,788.0,13.3,0.519,0.242,0.18,7.2,13.5,10.2,8.3,2.3,0.7,8.0,16.2,0.6,0.5,1.0,0.064,-1.0,-0.7,-1.8,0.1,,2019.0,5
Luke Kornet,23.0,NYK,5.0,46.0,18.0,784.0,14.8,0.531,0.682,0.163,3.6,14.6,9.0,10.5,1.7,4.5,7.6,17.9,0.6,0.7,1.4,0.083,1.4,0.7,2.0,0.8,,2019.0,1
Bismack Biyombo,26.0,CHO,5.0,54.0,32.0,783.0,14.4,0.602,0.0,0.583,11.0,23.3,17.0,5.9,0.7,4.6,14.8,12.7,1.2,0.8,2.0,0.125,-2.4,0.0,-2.5,-0.1,,2019.0,4
Lance Thomas,30.0,NYK,4.0,46.0,17.0,783.0,6.4,0.482,0.401,0.183,2.7,13.1,7.8,5.0,1.0,0.8,10.1,12.9,-0.3,0.3,0.1,0.004,-4.8,-0.9,-5.7,-0.7,,2019.0,1
Mo Bamba,20.0,ORL,5.0,47.0,1.0,766.0,14.9,0.539,0.288,0.259,8.8,24.0,16.3,7.4,0.8,7.0,13.7,17.8,0.3,1.4,1.7,0.106,-2.8,1.4,-1.4,0.1,,2019.0,4
Troy Daniels,27.0,PHO,2.0,51.0,1.0,760.0,9.8,0.558,0.705,0.084,1.9,8.9,5.3,5.0,1.6,0.5,8.7,17.6,0.2,0.1,0.3,0.02,-1.7,-2.0,-3.7,-0.3,,2019.0,1
Dwayne Bacon,23.0,CHO,2.0,43.0,13.0,759.0,11.7,0.57,0.339,0.179,1.1,11.7,6.3,9.2,0.8,0.6,6.1,16.8,0.9,0.3,1.2,0.073,-2.1,-1.6,-3.7,-0.3,,2019.0,1
Frank Kaminsky,25.0,CHO,5.0,47.0,0.0,755.0,16.8,0.587,0.466,0.359,5.5,18.1,11.7,12.9,0.8,1.4,10.6,22.1,1.3,0.5,1.8,0.114,1.4,-1.1,0.3,0.4,,2019.0,4
Marcin Gortat,34.0,LAC,5.0,47.0,43.0,751.0,12.8,0.562,0.0,0.258,9.8,26.5,18.4,12.0,0.4,2.5,19.4,14.4,0.6,0.8,1.4,0.089,-1.7,0.4,-1.3,0.1,,2019.0,4
Cristiano Felício,26.0,CHI,5.0,60.0,0.0,746.0,13.4,0.568,0.022,0.408,11.4,20.5,15.9,7.2,0.7,0.8,13.5,14.3,0.9,0.4,1.4,0.088,-2.0,-2.1,-4.1,-0.4,,2019.0,4
Chasson Randle,25.0,WAS,1.0,49.0,2.0,743.0,9.9,0.555,0.53,0.286,1.4,6.8,4.1,17.5,1.6,0.3,15.0,16.4,0.4,0.2,0.6,0.041,-2.7,-1.3,-4.0,-0.4,,2019.0,5
Troy Brown Jr.,19.0,WAS,3.0,52.0,10.0,730.0,11.1,0.487,0.295,0.201,5.1,16.6,10.8,14.9,1.4,0.6,10.5,16.5,0.2,0.4,0.6,0.039,-1.7,-1.0,-2.7,-0.1,,2019.0,2
Ivan Rabb,21.0,MEM,4.0,49.0,13.0,721.0,16.1,0.586,0.071,0.325,10.7,21.5,16.0,12.0,1.2,1.8,12.6,17.2,1.2,0.9,2.1,0.137,-1.1,-0.3,-1.4,0.1,,2019.0,2
Tyler Dorsey,22.0,2TM,2.0,48.0,11.0,698.0,11.2,0.509,0.5,0.231,4.2,13.7,8.9,12.4,1.0,0.3,8.5,19.7,0.2,0.4,0.6,0.043,-1.4,-2.1,-3.5,-0.3,,2019.0,2
Abdel Nader,25.0,OKC,3.0,61.0,1.0,694.0,8.8,0.522,0.465,0.167,2.0,15.7,8.6,3.8,1.3,1.5,10.1,15.1,0.0,0.9,0.9,0.062,-3.6,0.3,-3.2,-0.2,,2019.0,1
Joakim Noah,33.0,MEM,5.0,42.0,1.0,693.0,18.6,0.571,0.005,0.512,9.2,29.6,19.3,20.6,1.4,4.2,16.1,20.0,1.0,1.2,2.2,0.15,-0.3,2.4,2.1,0.7,,2019.0,4
Boban Marjanović,30.0,2TM,5.0,58.0,12.0,681.0,24.2,0.664,0.038,0.504,14.0,26.9,20.6,12.8,1.1,3.1,15.7,23.3,2.1,0.9,3.0,0.212,2.8,0.3,3.2,0.9,,2019.0,4
Furkan Korkmaz,21.0,PHI,2.0,48.0,7.0,679.0,11.5,0.528,0.588,0.18,2.6,13.8,8.3,10.7,2.0,0.2,8.6,17.9,0.4,0.7,1.1,0.079,-1.6,-0.2,-1.8,0.0,,2019.0,2
Devonte' Graham,23.0,CHO,1.0,46.0,3.0,676.0,10.3,0.459,0.56,0.213,1.6,8.6,5.0,24.8,1.7,0.3,11.3,17.0,0.2,0.3,0.5,0.035,-2.6,-1.3,-4.0,-0.3,,2019.0,5
Timothé Luwawu-Cabarrot,23.0,2TM,3.0,50.0,7.0,669.0,8.0,0.489,0.532,0.188,1.7,14.1,7.8,5.5,1.4,1.0,8.2,16.6,-0.3,0.5,0.2,0.015,-4.1,-1.1,-5.2,-0.5,,2019.0,1
Dante Exum,23.0,UTA,1.0,42.0,1.0,664.0,11.2,0.516,0.257,0.357,2.7,8.3,5.5,24.1,1.0,0.6,15.7,21.3,0.2,0.7,1.0,0.069,-2.0,-0.1,-2.1,0.0,,2019.0,5
Aaron Holiday,22.0,IND,1.0,50.0,0.0,646.0,11.9,0.518,0.485,0.191,0.9,10.4,5.8,19.3,1.6,1.8,12.3,21.9,0.1,0.8,0.9,0.065,-1.7,0.1,-1.6,0.1,,2019.0,2
Khem Birch,26.0,ORL,5.0,50.0,1.0,643.0,19.2,0.64,0.007,0.55,13.0,18.8,15.8,8.5,1.4,3.8,9.6,14.1,1.8,1.0,2.8,0.212,0.1,1.0,1.2,0.5,,2019.0,4
Gary Clark,24.0,HOU,4.0,51.0,2.0,641.0,9.2,0.48,0.914,0.046,4.1,16.2,10.0,3.8,1.5,3.5,4.3,10.9,0.3,0.7,1.0,0.071,-1.1,0.4,-0.7,0.2,,2019.0,1
Jonah Bolden,23.0,PHI,4.0,44.0,10.0,639.0,12.7,0.595,0.593,0.167,8.0,19.0,13.7,8.5,1.3,4.8,17.2,13.8,0.5,0.9,1.4,0.106,-1.8,1.1,-0.7,0.2,,2019.0,1
José Calderón,37.0,DET,1.0,49.0,0.0,632.0,7.1,0.453,0.475,0.092,1.8,8.8,5.2,24.9,1.2,0.4,21.9,10.9,0.0,0.5,0.6,0.043,-4.2,0.3,-3.9,-0.3,,2019.0,5
Tyrone Wallace,24.0,LAC,1.0,62.0,0.0,628.0,7.0,0.45,0.088,0.263,3.5,13.2,8.5,9.5,1.6,0.9,12.9,18.7,-0.8,0.5,-0.3,-0.023,-5.6,-0.8,-6.4,-0.7,,2019.0,1
Glenn Robinson III,25.0,DET,3.0,47.0,18.0,610.0,8.7,0.511,0.352,0.227,2.9,10.0,6.4,5.1,1.1,1.1,8.5,15.0,0.1,0.6,0.7,0.054,-2.8,-0.1,-3.0,-0.2,,2019.0,1
Thabo Sefolosha,34.0,UTA,3.0,50.0,2.0,609.0,12.1,0.599,0.523,0.148,1.4,20.1,10.9,6.1,3.4,0.7,13.6,12.9,0.2,1.2,1.5,0.115,-1.6,3.1,1.5,0.5,,2019.0,5
Semi Ojeleye,24.0,BOS,4.0,56.0,3.0,594.0,8.5,0.531,0.563,0.247,4.3,11.2,7.7,5.1,0.8,0.6,9.8,14.1,0.2,0.5,0.7,0.057,-2.8,-1.2,-4.0,-0.3,,2019.0,1
Nenê,36.0,HOU,5.0,42.0,2.0,546.0,11.9,0.552,0.026,0.405,6.7,18.4,12.5,6.8,1.6,2.3,7.4,11.7,0.8,0.6,1.4,0.123,-3.1,0.9,-2.2,0.0,,2019.0,4
Amir Johnson,31.0,PHI,5.0,51.0,6.0,529.0,13.1,0.574,0.255,0.261,9.7,19.5,14.7,16.0,1.4,1.9,20.5,17.4,0.4,0.7,1.1,0.098,-2.9,0.6,-2.3,0.0,,2019.0,4
Hamidou Diallo,20.0,OKC,2.0,51.0,3.0,526.0,10.1,0.497,0.145,0.358,7.2,12.0,9.5,4.4,1.9,1.6,10.7,16.6,0.1,0.7,0.8,0.069,-4.4,0.2,-4.2,-0.3,,2019.0,2
T.J. Leaf,21.0,IND,4.0,58.0,1.0,522.0,16.9,0.572,0.169,0.169,9.3,17.1,13.3,6.9,0.8,3.2,5.8,17.5,0.9,0.7,1.6,0.148,0.3,-0.6,-0.3,0.2,,2019.0,2
Georges Niang,25.0,UTA,4.0,59.0,0.0,516.0,13.0,0.613,0.58,0.133,2.4,15.7,9.1,10.1,0.9,0.9,10.7,17.8,0.7,0.7,1.3,0.123,-0.2,0.2,0.0,0.3,,2019.0,1
Kosta Koufos,29.0,SAC,5.0,42.0,1.0,502.0,12.3,0.477,0.0,0.157,10.4,26.3,18.2,9.5,1.4,3.1,14.2,15.7,0.0,0.7,0.7,0.063,-3.6,0.2,-3.4,-0.2,,2019.0,4
Marquese Chriss,21.0,2TM,4.0,43.0,2.0,499.0,9.2,0.455,0.4,0.25,8.6,23.6,15.8,6.5,1.7,1.9,15.3,20.6,-0.6,0.4,-0.2,-0.023,-5.7,-1.9,-7.5,-0.7,,2019.0,2
Greg Monroe,28.0,3TM,5.0,43.0,2.0,480.0,16.0,0.521,0.026,0.381,15.4,22.9,19.3,8.1,1.4,1.4,12.7,22.6,0.4,0.7,1.1,0.108,-2.0,-1.3,-3.2,-0.1,,2019.0,4
Justin Anderson,25.0,ATL,3.0,48.0,4.0,463.0,11.2,0.516,0.49,0.223,5.3,13.9,9.5,6.9,2.2,2.4,11.8,17.2,0.1,0.4,0.4,0.043,-2.4,-0.3,-2.7,-0.1,,2019.0,5
Ryan Broekhoff,28.0,DAL,2.0,42.0,0.0,453.0,10.7,0.621,0.738,0.151,1.9,12.9,7.4,7.2,0.6,0.8,10.6,14.3,0.5,0.3,0.8,0.086,-0.5,-0.5,-1.0,0.1,,2019.0,1
Moritz Wagner,21.0,LAL,5.0,43.0,5.0,446.0,10.1,0.533,0.45,0.31,4.0,15.4,9.8,7.4,1.1,2.4,16.7,21.7,-0.3,0.5,0.2,0.02,-3.9,-0.4,-4.3,-0.3,,2019.0,2
Svi Mykhailiuk,21.0,2TM,3.0,42.0,0.0,440.0,6.0,0.447,0.636,0.143,2.2,6.2,4.2,10.9,1.5,0.2,12.4,16.0,-0.4,0.3,-0.1,-0.012,-3.9,-1.1,-5.0,-0.3,,2019.0,2
Kyle O'Quinn,28.0,IND,5.0,45.0,3.0,371.0,16.8,0.537,0.088,0.154,8.9,26.4,17.8,22.4,1.2,6.0,17.6,20.8,0.2,0.8,1.0,0.125,-2.5,3.0,0.4,0.2,,2019.0,4
Jarell Martin,24.0,ORL,4.0,42.0,1.0,328.0,9.4,0.528,0.548,0.106,3.5,20.5,11.9,7.8,0.4,2.0,9.2,15.9,0.1,0.4,0.5,0.073,-3.7,-0.2,-3.9,-0.2,,2019.0,1
Ekpe Udoh,31.0,UTA,5.0,51.0,1.0,320.0,20.9,0.698,0.0,0.417,9.3,20.9,15.2,12.8,1.5,7.7,13.2,13.1,0.9,0.7,1.6,0.238,0.8,3.9,4.7,0.5,,2019.0,4
Sindarius Thornwell,24.0,LAC,2.0,64.0,1.0,313.0,5.2,0.485,0.306,0.694,1.7,12.8,7.5,7.2,2.1,1.8,23.8,11.3,-0.3,0.3,0.0,0.004,-5.8,1.0,-4.7,-0.2,,2019.0,4
CJ McCollum,28.0,POR,2.0,70.0,70.0,2556.0,17.0,0.541,0.378,0.136,1.9,10.2,6.1,19.1,1.0,1.4,8.1,25.9,3.5,0.6,4.1,0.077,2.3,-1.8,0.5,1.6,,2020.0,0
Devin Booker,23.0,PHO,2.0,70.0,70.0,2512.0,20.6,0.618,0.31,0.397,1.3,12.0,6.6,30.0,0.9,0.6,14.9,30.0,6.0,1.5,7.5,0.143,3.4,-1.3,2.2,2.6,AS,2020.0,0
James Harden,30.0,HOU,2.0,68.0,68.0,2483.0,29.1,0.626,0.557,0.528,2.9,16.0,9.4,35.9,2.3,2.1,14.2,36.3,9.9,3.2,13.1,0.254,8.1,1.6,9.6,7.3,"MVP-3,AS,NBA1",2020.0,0
Harrison Barnes,27.0,SAC,4.0,72.0,72.0,2482.0,13.3,0.574,0.338,0.337,3.4,12.9,8.1,9.2,0.8,0.5,8.8,17.4,3.4,1.1,4.6,0.088,0.0,-1.3,-1.3,0.5,,2020.0,3
Damian Lillard,29.0,POR,1.0,66.0,66.0,2474.0,26.9,0.627,0.5,0.384,1.4,10.5,6.0,34.4,1.3,0.8,11.0,30.3,10.9,0.7,11.6,0.225,8.3,-0.9,7.5,5.9,"MVP-8,AS,NBA2",2020.0,0
Tobias Harris,27.0,PHI,4.0,72.0,72.0,2469.0,17.2,0.556,0.304,0.184,3.1,19.1,11.1,14.6,1.0,1.4,7.6,23.9,3.5,2.7,6.2,0.121,1.3,-0.5,0.8,1.8,,2020.0,0
P.J. Tucker,34.0,HOU,4.0,72.0,72.0,2467.0,8.3,0.559,0.702,0.113,4.7,15.6,10.1,6.0,1.4,1.2,13.9,8.7,1.6,2.4,4.0,0.078,-2.4,0.6,-1.9,0.1,,2020.0,3
Shai Gilgeous-Alexander,21.0,OKC,2.0,70.0,70.0,2428.0,17.7,0.568,0.247,0.352,2.2,16.1,9.4,15.2,1.6,1.7,10.3,23.7,3.1,3.0,6.1,0.121,1.3,0.4,1.7,2.2,,2020.0,2
Bam Adebayo,22.0,MIA,4.0,72.0,72.0,2417.0,20.3,0.598,0.018,0.484,8.5,24.9,17.0,24.2,1.7,3.8,17.6,21.2,4.6,3.9,8.5,0.168,1.4,2.0,3.4,3.3,"DPOY-5,AS,DEF2",2020.0,0
Donovan Mitchell,23.0,UTA,2.0,69.0,69.0,2364.0,18.8,0.558,0.352,0.24,2.6,11.3,7.1,21.6,1.4,0.5,11.0,30.8,3.2,2.2,5.4,0.11,2.4,-0.6,1.9,2.3,AS,2020.0,0
Nikola Jokić,24.0,DEN,5.0,73.0,73.0,2336.0,24.9,0.605,0.238,0.281,8.0,26.1,17.1,35.2,1.8,1.7,15.8,26.6,6.7,3.1,9.8,0.202,5.5,2.0,7.4,5.5,"MVP-9,AS,NBA2",2020.0,0
Rudy Gobert,27.0,UTA,5.0,68.0,68.0,2333.0,21.7,0.699,0.0,0.724,11.2,31.3,21.6,6.5,1.1,4.8,15.0,16.2,6.5,4.2,10.7,0.221,1.7,1.9,3.6,3.3,"DPOY-3,AS,NBA3,DEF1",2020.0,4
DeMar DeRozan,30.0,SAS,3.0,68.0,68.0,2316.0,21.6,0.603,0.033,0.43,2.0,15.4,8.7,26.1,1.4,0.8,11.6,26.3,5.9,1.3,7.3,0.151,2.3,-0.4,1.9,2.3,,2020.0,0
LeBron James,35.0,LAL,1.0,67.0,67.0,2316.0,25.5,0.577,0.326,0.292,3.2,21.5,12.4,49.1,1.6,1.4,15.1,31.5,6.2,3.6,9.8,0.204,6.6,1.8,8.4,6.1,"MVP-2,AS,NBA1",2020.0,0
Jayson Tatum,21.0,BOS,4.0,66.0,66.0,2265.0,20.4,0.567,0.383,0.255,3.1,18.5,10.9,14.5,2.0,2.3,10.2,28.6,3.2,3.7,6.9,0.146,3.5,0.6,4.0,3.4,"MVP-12,AS,NBA3",2020.0,0
Buddy Hield,27.0,SAC,2.0,72.0,44.0,2216.0,16.0,0.566,0.592,0.117,2.8,14.1,8.3,15.5,1.4,0.7,12.1,27.2,1.4,1.5,3.0,0.064,2.5,-1.4,1.1,1.7,,2020.0,3
Devonte' Graham,24.0,CHO,1.0,63.0,53.0,2211.0,15.8,0.537,0.607,0.242,2.0,8.7,5.2,35.3,1.4,0.6,14.5,24.8,2.4,0.9,3.4,0.073,2.5,-2.1,0.5,1.4,,2020.0,3
Chris Paul,34.0,OKC,1.0,70.0,70.0,2208.0,21.7,0.61,0.343,0.315,1.3,15.7,8.7,34.0,2.4,0.4,13.8,23.3,5.9,3.0,8.9,0.193,3.0,1.4,4.4,3.5,"MVP-7,AS,NBA2",2020.0,0
T.J. Warren,26.0,IND,3.0,67.0,67.0,2202.0,18.4,0.61,0.227,0.205,3.4,10.5,7.0,7.1,1.7,1.4,7.2,23.3,4.0,2.6,6.5,0.143,1.2,0.0,1.1,1.7,,2020.0,0
Duncan Robinson,25.0,MIA,2.0,73.0,68.0,2166.0,13.1,0.684,0.882,0.105,0.5,11.0,6.0,7.1,0.8,0.9,8.9,16.0,3.7,1.6,5.3,0.118,1.5,-1.0,0.5,1.3,,2020.0,1
Terry Rozier,25.0,CHO,1.0,63.0,63.0,2164.0,14.8,0.553,0.45,0.202,2.4,11.8,7.0,20.4,1.4,0.4,12.1,23.7,1.9,1.1,3.0,0.066,0.8,-1.2,-0.4,0.8,,2020.0,3
Domantas Sabonis,23.0,IND,4.0,62.0,62.0,2159.0,20.7,0.586,0.079,0.349,9.7,29.3,19.6,21.7,1.1,1.2,14.8,23.3,4.1,3.4,7.5,0.168,2.0,1.2,3.2,2.9,AS,2020.0,0
Collin Sexton,21.0,CLE,1.0,65.0,65.0,2143.0,16.3,0.56,0.235,0.246,3.1,7.5,5.3,15.1,1.5,0.3,11.6,27.2,2.1,0.4,2.5,0.057,0.3,-2.1,-1.8,0.1,,2020.0,2
Joe Ingles,32.0,UTA,4.0,72.0,45.0,2137.0,12.6,0.595,0.638,0.17,1.4,12.5,7.2,24.4,1.5,0.4,19.3,15.1,2.7,2.1,4.8,0.108,0.1,0.7,0.7,1.5,,2020.0,3
Robert Covington,29.0,2TM,5.0,70.0,68.0,2137.0,13.3,0.559,0.664,0.172,3.0,20.2,11.4,5.9,2.5,3.7,11.7,17.0,0.7,3.0,3.7,0.083,-1.2,1.3,0.0,1.1,,2020.0,5
Robert Covington,29.0,MIN,4.0,48.0,47.0,1411.0,13.5,0.572,0.629,0.19,2.6,19.5,10.7,5.9,2.6,2.6,12.0,17.8,0.5,1.8,2.3,0.078,-1.2,1.2,0.0,0.7,,2020.0,5
Anthony Davis,26.0,LAL,4.0,62.0,62.0,2131.0,27.4,0.61,0.199,0.479,7.4,22.1,14.8,15.1,2.0,6.0,10.4,29.3,6.7,4.4,11.1,0.25,5.4,2.6,8.0,5.4,"MVP-6,DPOY-2,AS,NBA1,DEF1",2020.0,0
Joe Harris,28.0,BRK,3.0,69.0,69.0,2123.0,13.3,0.606,0.518,0.114,3.2,11.2,7.3,10.4,0.9,0.7,11.2,18.3,2.5,1.8,4.3,0.097,0.4,-0.6,-0.2,1.0,,2020.0,1
Dorian Finney-Smith,26.0,DAL,4.0,71.0,68.0,2120.0,12.3,0.595,0.58,0.207,7.3,12.7,10.0,7.2,1.0,1.6,10.8,12.9,3.3,1.5,4.9,0.11,0.1,-0.3,-0.2,0.9,,2020.0,1
Trae Young,21.0,ATL,1.0,60.0,60.0,2120.0,23.9,0.595,0.455,0.448,1.6,11.5,6.5,45.6,1.4,0.3,16.2,34.9,5.3,0.6,5.9,0.133,6.2,-2.3,3.9,3.1,AS,2020.0,0
Jrue Holiday,29.0,NOP,2.0,61.0,61.0,2117.0,17.0,0.537,0.344,0.181,3.8,10.9,7.3,29.1,2.2,1.9,14.5,24.5,2.0,1.9,3.9,0.088,1.6,0.2,1.8,2.0,,2020.0,0
Dillon Brooks,24.0,MEM,2.0,73.0,73.0,2112.0,11.3,0.51,0.385,0.19,3.5,8.6,6.1,10.5,1.4,1.1,9.7,25.2,-0.4,1.6,1.2,0.027,-2.7,-1.4,-4.1,-1.1,,2020.0,3
Pascal Siakam,25.0,TOR,4.0,60.0,60.0,2110.0,17.9,0.554,0.331,0.274,3.3,18.3,11.0,16.4,1.4,2.5,10.7,28.1,1.8,3.6,5.4,0.123,1.3,0.5,1.8,2.0,"MVP-10,AS,NBA2",2020.0,0
Brandon Ingram,22.0,NOP,4.0,62.0,62.0,2104.0,18.8,0.587,0.35,0.336,2.6,16.6,9.6,19.3,1.3,1.5,13.1,28.1,3.3,1.8,5.1,0.115,2.5,-0.4,2.1,2.2,"MIP-1,AS",2020.0,2
Kyle Lowry,33.0,TOR,1.0,58.0,58.0,2098.0,17.7,0.59,0.58,0.427,1.6,12.8,7.3,30.6,1.9,1.2,15.7,23.1,4.2,3.3,7.5,0.171,2.2,1.0,3.2,2.8,AS,2020.0,0
Tim Hardaway Jr.,27.0,DAL,2.0,71.0,58.0,2091.0,14.5,0.581,0.58,0.206,1.3,10.2,5.8,9.7,0.9,0.2,6.7,21.1,3.4,1.1,4.4,0.102,1.2,-1.4,-0.1,1.0,,2020.0,1
Zach LaVine,24.0,CHI,3.0,60.0,60.0,2085.0,19.4,0.568,0.404,0.279,2.1,13.8,7.7,21.7,2.0,1.3,13.3,31.7,1.8,2.2,4.0,0.091,3.3,-0.8,2.5,2.4,,2020.0,0
Bojan Bogdanović,30.0,UTA,3.0,63.0,63.0,2083.0,15.6,0.603,0.489,0.296,2.1,11.2,6.8,10.0,0.8,0.3,13.1,25.5,2.6,1.6,4.2,0.096,1.6,-1.5,0.1,1.1,,2020.0,0
Julius Randle,25.0,NYK,4.0,64.0,64.0,2080.0,17.5,0.538,0.23,0.35,7.5,24.9,16.0,15.8,1.2,1.0,14.3,27.6,0.9,1.8,2.7,0.062,0.7,-1.0,-0.3,0.9,,2020.0,0
Evan Fournier,27.0,ORL,3.0,66.0,66.0,2076.0,16.4,0.595,0.467,0.237,0.9,8.2,4.4,16.6,1.7,0.7,10.9,23.9,2.9,1.7,4.6,0.106,1.4,-0.4,1.0,1.6,,2020.0,0
Ja Morant,20.0,MEM,1.0,67.0,67.0,2074.0,17.4,0.556,0.191,0.329,2.6,10.4,6.6,35.2,1.3,0.8,17.0,25.9,2.3,1.5,3.8,0.088,1.4,-1.2,0.3,1.2,ROY-1,2020.0,2
OG Anunoby,22.0,TOR,3.0,69.0,68.0,2066.0,13.2,0.6,0.403,0.18,4.2,14.2,9.3,7.5,2.2,2.1,11.5,14.3,2.1,3.7,5.7,0.134,-0.8,2.0,1.2,1.7,,2020.0,2
Bradley Beal,26.0,WAS,2.0,57.0,57.0,2053.0,23.2,0.579,0.369,0.351,2.7,10.5,6.4,29.5,1.6,1.0,11.4,34.4,4.5,0.6,5.1,0.118,5.3,-2.4,2.9,2.5,,2020.0,0
Royce O'Neale,26.0,UTA,3.0,71.0,62.0,2049.0,9.5,0.578,0.668,0.151,1.5,18.8,10.4,11.6,1.4,1.3,13.5,9.6,1.8,2.5,4.3,0.101,-1.3,2.2,0.9,1.5,,2020.0,3
Russell Westbrook,31.0,HOU,1.0,57.0,57.0,2049.0,21.0,0.536,0.166,0.297,5.1,18.1,11.5,35.6,2.1,0.8,15.0,34.4,1.7,2.5,4.2,0.098,1.6,-0.1,1.5,1.8,"AS,NBA3",2020.0,0
Luka Dončić,20.0,DAL,1.0,61.0,61.0,2047.0,27.6,0.585,0.431,0.448,4.1,25.0,14.7,45.7,1.5,0.6,14.8,36.8,6.5,2.3,8.8,0.207,7.4,1.0,8.4,5.4,"MVP-4,AS,NBA1",2020.0,0
Mikal Bridges,23.0,PHO,3.0,73.0,32.0,2042.0,12.9,0.62,0.401,0.252,3.5,12.4,7.9,8.6,2.4,2.0,12.0,12.7,2.5,2.3,4.8,0.113,-0.6,1.5,0.8,1.5,,2020.0,5
Al Horford,33.0,PHI,5.0,67.0,61.0,2025.0,15.7,0.536,0.399,0.113,5.6,19.3,12.4,19.2,1.2,2.6,9.7,17.5,2.8,2.6,5.4,0.128,1.3,1.0,2.2,2.2,,2020.0,0
Lonzo Ball,22.0,NOP,1.0,63.0,54.0,2025.0,13.1,0.517,0.575,0.111,3.7,16.4,10.0,29.1,2.0,1.6,21.1,18.5,0.4,2.0,2.4,0.058,0.1,0.6,0.6,1.3,,2020.0,2
De'Andre Hunter,22.0,ATL,3.0,63.0,62.0,2018.0,8.6,0.521,0.445,0.211,2.3,13.1,7.6,8.0,1.0,0.7,12.1,17.5,-0.4,0.5,0.1,0.002,-2.9,-1.8,-4.7,-1.4,,2020.0,2
Aaron Gordon,24.0,ORL,4.0,62.0,62.0,2017.0,15.1,0.516,0.309,0.292,5.5,20.3,12.7,17.4,1.2,1.7,10.4,20.7,1.4,2.3,3.7,0.087,-0.1,0.1,0.0,1.0,,2020.0,0
Ben Simmons,23.0,PHI,1.0,57.0,57.0,2017.0,20.4,0.602,0.011,0.461,6.2,18.2,12.2,33.8,2.9,1.4,20.4,20.9,3.8,3.1,6.9,0.165,1.3,2.3,3.6,2.8,"DPOY-4,AS,NBA3,DEF1",2020.0,0
Ricky Rubio,29.0,PHO,1.0,65.0,65.0,2016.0,16.5,0.535,0.312,0.327,2.5,14.4,8.4,39.7,2.2,0.5,17.9,20.4,2.9,2.0,4.9,0.117,0.7,0.2,1.0,1.5,,2020.0,0
Nemanja Bjelica,31.0,SAC,4.0,72.0,67.0,2011.0,15.7,0.602,0.49,0.129,6.1,19.9,12.8,14.7,1.5,1.9,12.5,17.0,3.4,1.9,5.3,0.127,1.2,0.5,1.8,1.9,,2020.0,0
Hassan Whiteside,30.0,POR,5.0,67.0,61.0,2008.0,25.0,0.644,0.01,0.34,13.6,33.3,23.6,5.9,0.6,8.4,12.9,19.6,5.6,3.0,8.5,0.204,2.5,0.7,3.2,2.6,DPOY-11,2020.0,4
Dennis Schröder,26.0,OKC,1.0,65.0,2.0,1999.0,16.7,0.575,0.337,0.245,1.1,11.6,6.5,21.9,1.1,0.6,13.4,27.2,1.9,1.8,3.6,0.087,1.1,-1.1,-0.1,1.0,6MOY-2,2020.0,3
Nikola Vučević,29.0,ORL,5.0,62.0,62.0,1998.0,21.9,0.549,0.28,0.162,7.3,29.7,18.1,19.5,1.3,2.1,7.4,25.8,3.5,2.9,6.4,0.153,3.7,0.5,4.2,3.1,,2020.0,0
Markelle Fultz,21.0,ORL,1.0,72.0,60.0,1996.0,14.3,0.517,0.175,0.206,2.1,11.0,6.4,29.0,2.2,0.5,14.9,21.4,0.6,2.0,2.7,0.065,-1.8,0.0,-1.8,0.1,,2020.0,2
Miles Bridges,21.0,CHO,3.0,65.0,64.0,1995.0,12.1,0.52,0.398,0.174,4.6,15.6,9.9,9.4,1.0,2.2,10.5,20.0,0.3,1.3,1.6,0.039,-1.5,-1.0,-2.5,-0.3,,2020.0,2
Spencer Dinwiddie,26.0,BRK,1.0,64.0,49.0,1994.0,17.8,0.541,0.392,0.437,1.7,9.6,5.7,35.0,0.9,0.9,12.5,29.2,3.2,1.6,4.8,0.116,2.7,-0.9,1.8,1.9,,2020.0,3
Kendrick Nunn,24.0,MIA,1.0,67.0,67.0,1962.0,12.9,0.534,0.428,0.109,1.2,8.7,5.1,18.5,1.4,0.8,10.6,24.1,0.4,1.6,2.0,0.049,-1.0,-1.3,-2.3,-0.1,ROY-2,2020.0,3
Jimmy Butler,30.0,MIA,3.0,58.0,58.0,1959.0,23.6,0.585,0.157,0.693,6.3,15.4,11.0,28.1,2.6,1.6,11.4,25.1,6.3,2.7,9.0,0.221,4.0,1.5,5.4,3.7,"MVP-11,AS,NBA3",2020.0,0
Marcus Morris,30.0,2TM,4.0,62.0,62.0,1936.0,14.3,0.57,0.43,0.272,3.2,14.0,8.5,6.8,1.2,1.4,9.7,21.9,2.1,1.5,3.6,0.088,0.6,-0.7,-0.1,0.9,,2020.0,3
Marcus Morris,30.0,NYK,3.0,43.0,43.0,1387.0,16.5,0.582,0.415,0.311,3.6,14.7,9.0,6.8,1.2,1.2,9.2,24.4,2.1,0.8,2.9,0.101,1.8,-1.1,0.7,0.9,,2020.0,3
Jaylen Brown,23.0,BOS,2.0,57.0,57.0,1934.0,16.9,0.583,0.381,0.274,3.5,16.5,10.1,9.7,1.6,1.0,11.2,24.7,2.3,2.6,4.9,0.123,1.0,-0.2,0.8,1.4,,2020.0,3
Kelly Oubre Jr.,24.0,PHO,3.0,56.0,55.0,1933.0,14.9,0.56,0.372,0.298,3.8,17.1,10.4,6.6,1.7,1.8,8.2,22.4,1.7,2.1,3.8,0.093,-0.3,-0.3,-0.5,0.7,,2020.0,1
Fred VanVleet,25.0,TOR,2.0,54.0,54.0,1928.0,16.3,0.553,0.484,0.256,1.0,9.9,5.6,27.7,2.5,0.9,12.3,21.7,2.8,3.1,5.8,0.145,1.3,1.4,2.7,2.3,,2020.0,0
Marcus Smart,25.0,BOS,2.0,60.0,40.0,1919.0,13.8,0.518,0.579,0.223,2.4,10.1,6.3,21.1,2.5,1.4,12.1,18.9,1.7,2.8,4.5,0.112,0.0,1.4,1.4,1.6,"DPOY-6,DEF1",2020.0,5
Giannis Antetokounmpo,25.0,MIL,4.0,63.0,63.0,1917.0,31.9,0.613,0.237,0.508,7.7,34.8,22.1,34.2,1.5,3.0,13.2,37.5,6.1,5.0,11.1,0.279,7.4,4.1,11.5,6.6,"MVP-1,DPOY-1,AS,NBA1,DEF1",2020.0,0
Will Barton,29.0,DEN,3.0,58.0,58.0,1916.0,15.6,0.549,0.39,0.18,4.5,16.9,10.7,16.0,1.6,1.4,9.9,20.1,2.4,1.8,4.2,0.106,1.2,-0.2,1.1,1.5,,2020.0,3
Danuel House Jr.,26.0,HOU,3.0,63.0,52.0,1913.0,11.3,0.572,0.659,0.167,3.1,11.6,7.3,6.1,1.6,1.5,8.5,13.7,1.9,1.8,3.6,0.091,-0.8,0.0,-0.7,0.6,,2020.0,1
Cedi Osman,24.0,CLE,3.0,65.0,65.0,1910.0,10.7,0.552,0.527,0.154,2.2,11.3,6.7,11.6,1.4,0.7,12.3,16.6,1.0,0.6,1.6,0.04,-1.7,-0.9,-2.6,-0.3,,2020.0,3
Jamal Murray,22.0,DEN,1.0,59.0,59.0,1904.0,17.7,0.559,0.362,0.207,2.7,11.2,6.9,22.9,1.7,0.8,11.5,25.2,2.8,1.5,4.3,0.107,2.0,-0.8,1.2,1.5,,2020.0,2
Carmelo Anthony,35.0,POR,4.0,58.0,58.0,1902.0,12.4,0.525,0.289,0.206,3.9,16.1,10.1,6.4,1.2,1.2,10.5,21.2,0.4,0.9,1.3,0.033,-1.8,-1.8,-3.6,-0.8,,2020.0,1
Jerami Grant,25.0,DEN,4.0,71.0,24.0,1892.0,14.4,0.591,0.397,0.309,3.4,11.2,7.3,6.6,1.3,2.8,8.0,18.0,2.8,1.6,4.4,0.111,0.1,-0.6,-0.5,0.7,,2020.0,1
Maxi Kleber,28.0,DAL,4.0,74.0,21.0,1890.0,13.6,0.605,0.621,0.181,6.3,15.1,10.8,6.3,0.6,3.8,9.5,13.9,3.2,1.7,4.8,0.123,0.4,0.0,0.4,1.1,,2020.0,1
Terrence Ross,28.0,ORL,2.0,69.0,0.0,1889.0,14.0,0.548,0.596,0.217,0.7,12.3,6.3,6.8,2.0,1.1,7.0,22.8,1.1,2.0,3.0,0.077,-0.1,-0.3,-0.4,0.8,,2020.0,1
Andre Drummond,26.0,2TM,5.0,57.0,56.0,1879.0,22.0,0.553,0.045,0.375,14.9,37.5,26.0,13.6,2.8,4.2,18.2,25.9,0.6,3.6,4.2,0.108,-0.1,1.1,0.9,1.4,DPOY-8,2020.0,4
Andre Drummond,26.0,DET,5.0,49.0,48.0,1654.0,22.1,0.55,0.031,0.376,15.3,38.2,26.6,14.0,2.9,4.2,18.0,25.5,0.7,3.3,4.0,0.116,0.0,1.2,1.1,1.3,,2020.0,4
Tomáš Satoranský,28.0,CHI,2.0,65.0,64.0,1878.0,13.5,0.533,0.361,0.22,4.3,11.0,7.5,27.1,2.1,0.4,17.7,16.7,1.8,1.7,3.5,0.09,-1.1,-0.2,-1.2,0.4,,2020.0,5
Jae Crowder,29.0,2TM,3.0,65.0,53.0,1875.0,12.5,0.553,0.7,0.222,3.0,18.5,11.0,11.5,1.8,1.2,10.0,15.5,1.6,2.2,3.8,0.098,-0.5,0.4,-0.1,0.9,,2020.0,3
Jae Crowder,29.0,MEM,3.0,45.0,45.0,1322.0,11.0,0.507,0.667,0.238,3.2,18.5,11.0,12.2,1.7,0.9,10.9,15.6,0.5,1.4,1.9,0.069,-1.4,0.2,-1.2,0.3,,2020.0,1
Lou Williams,33.0,LAC,1.0,65.0,8.0,1864.0,17.3,0.546,0.337,0.362,1.8,9.2,5.6,30.1,1.1,0.6,14.4,28.4,2.3,1.8,4.1,0.105,2.2,-1.4,0.7,1.3,6MOY-3,2020.0,3
Andrew Wiggins,24.0,2TM,3.0,54.0,54.0,1858.0,16.4,0.536,0.342,0.274,3.6,12.3,7.8,18.1,1.1,2.4,10.7,27.4,0.8,1.1,1.9,0.05,1.1,-1.4,-0.3,0.8,,2020.0,0
Andrew Wiggins,24.0,MIN,3.0,42.0,42.0,1455.0,16.1,0.535,0.348,0.262,3.4,12.9,7.9,18.1,0.9,2.1,10.8,28.0,0.6,0.8,1.4,0.046,1.1,-1.5,-0.4,0.6,,2020.0,0
Taurean Prince,25.0,BRK,4.0,64.0,61.0,1857.0,9.1,0.497,0.583,0.12,2.8,18.1,10.6,9.2,1.5,1.1,14.0,20.4,-1.7,2.3,0.6,0.014,-2.8,-0.1,-2.9,-0.4,,2020.0,3
Khris Middleton,28.0,MIL,3.0,62.0,59.0,1853.0,21.1,0.619,0.374,0.24,2.5,17.0,10.2,22.2,1.3,0.3,11.6,26.4,4.6,3.3,7.9,0.205,3.4,0.7,4.1,2.9,AS,2020.0,0
Jarrett Allen,21.0,BRK,5.0,70.0,64.0,1852.0,20.7,0.664,0.013,0.581,12.3,24.9,18.7,8.9,1.0,4.2,11.7,14.9,5.2,2.9,8.2,0.212,1.4,1.0,2.3,2.0,DPOY-12,2020.0,2
Kawhi Leonard,28.0,LAC,3.0,57.0,57.0,1848.0,26.9,0.589,0.287,0.355,3.1,19.1,11.3,26.4,2.6,1.6,10.2,33.0,5.4,3.3,8.7,0.226,6.5,2.4,8.9,5.1,"MVP-5,DPOY-8,AS,NBA2,DEF2",2020.0,0
Jonas Valančiūnas,27.0,MEM,5.0,70.0,70.0,1845.0,22.2,0.631,0.123,0.271,12.4,32.2,22.5,10.9,0.8,3.6,13.3,21.5,4.2,2.8,7.0,0.182,2.1,0.2,2.4,2.0,,2020.0,4
Danilo Gallinari,31.0,OKC,4.0,62.0,62.0,1834.0,19.5,0.612,0.537,0.365,2.1,16.8,9.7,10.3,1.1,0.2,7.4,24.6,4.5,1.9,6.3,0.166,4.1,-0.9,3.3,2.4,,2020.0,0
Justin Holiday,30.0,IND,3.0,73.0,6.0,1826.0,12.1,0.585,0.681,0.138,1.9,12.2,7.1,6.7,2.3,2.2,7.9,13.4,1.6,2.6,4.2,0.112,-0.5,1.8,1.3,1.5,,2020.0,5
Myles Turner,23.0,IND,5.0,62.0,62.0,1826.0,14.8,0.566,0.426,0.288,5.2,19.1,12.2,5.4,1.2,6.4,11.4,17.9,1.1,3.1,4.2,0.111,-1.0,1.1,0.1,1.0,,2020.0,4
Darius Garland,20.0,CLE,2.0,59.0,59.0,1824.0,8.5,0.498,0.423,0.103,1.6,5.2,3.4,18.5,1.1,0.2,17.1,20.7,-1.3,0.0,-1.3,-0.034,-2.7,-2.8,-5.5,-1.7,,2020.0,2
Brook Lopez,31.0,MIL,5.0,68.0,67.0,1817.0,15.0,0.551,0.484,0.227,3.4,13.0,8.5,7.4,1.2,7.9,8.7,18.3,1.4,4.1,5.5,0.145,-0.4,2.5,2.0,1.9,"DPOY-10,DEF2",2020.0,4
Kristaps Porziņģis,24.0,DAL,5.0,57.0,57.0,1814.0,20.2,0.551,0.432,0.304,5.9,25.1,15.6,8.8,1.1,5.4,8.0,27.0,2.6,2.6,5.2,0.138,1.8,0.1,1.9,1.8,,2020.0,4
Ish Smith,31.0,WAS,1.0,68.0,23.0,1787.0,13.9,0.509,0.245,0.125,1.8,12.0,6.7,27.1,1.5,1.5,11.6,19.1,1.3,0.6,1.9,0.051,-0.3,-1.0,-1.3,0.3,,2020.0,5
Glenn Robinson III,26.0,2TM,3.0,62.0,52.0,1786.0,13.3,0.577,0.333,0.145,4.8,11.9,8.2,8.4,1.4,0.8,8.0,16.4,2.0,0.9,2.9,0.078,-0.5,-1.2,-1.7,0.1,,2020.0,1
Glenn Robinson III,26.0,GSW,3.0,48.0,48.0,1516.0,13.1,0.574,0.335,0.146,4.6,11.9,8.1,8.8,1.4,0.8,8.5,16.6,1.5,0.6,2.1,0.067,-0.6,-1.1,-1.7,0.1,,2020.0,1
Troy Brown Jr.,20.0,WAS,3.0,69.0,22.0,1782.0,13.7,0.524,0.288,0.223,4.5,19.6,11.7,14.1,2.2,0.3,10.4,17.8,1.3,1.2,2.4,0.065,-0.8,-0.4,-1.2,0.3,,2020.0,2
Gary Harris,25.0,DEN,2.0,56.0,55.0,1780.0,9.7,0.519,0.405,0.177,1.6,8.6,5.1,8.9,2.1,0.7,9.7,15.1,0.5,1.4,1.9,0.052,-2.8,0.3,-2.5,-0.2,,2020.0,5
Kevin Love,31.0,CLE,4.0,56.0,56.0,1780.0,17.9,0.599,0.536,0.301,3.3,31.1,17.1,15.4,0.9,0.9,14.5,23.1,2.5,1.3,3.8,0.101,2.6,-0.5,2.0,1.8,,2020.0,4
Bogdan Bogdanović,27.0,SAC,2.0,61.0,28.0,1766.0,15.2,0.565,0.576,0.151,1.6,11.8,6.6,18.0,1.8,0.8,11.1,22.6,1.8,1.3,3.1,0.084,1.2,-0.5,0.6,1.2,,2020.0,3
Kentavious Caldwell-Pope,26.0,LAL,2.0,69.0,26.0,1762.0,11.0,0.584,0.471,0.201,2.4,6.4,4.4,8.5,1.5,0.7,10.1,14.7,1.9,1.9,3.7,0.102,-1.2,0.4,-0.8,0.5,,2020.0,1
Kevin Huerter,21.0,ATL,2.0,56.0,48.0,1760.0,11.5,0.536,0.548,0.105,2.1,12.0,7.0,17.5,1.4,1.3,12.0,17.1,1.0,0.6,1.6,0.043,-0.7,-0.9,-1.6,0.2,,2020.0,2
Cory Joseph,28.0,SAC,1.0,72.0,26.0,1759.0,10.1,0.517,0.386,0.17,2.7,9.4,6.0,19.1,1.5,1.1,15.3,12.9,1.2,1.1,2.3,0.062,-2.1,0.1,-2.0,0.0,,2020.0,5
P.J. Washington,21.0,CHO,4.0,58.0,57.0,1759.0,12.4,0.547,0.39,0.231,3.5,16.6,9.8,11.3,1.5,2.3,12.5,18.6,0.5,1.5,2.0,0.054,-1.7,0.1,-1.6,0.2,,2020.0,2
Josh Hart,24.0,NOP,3.0,65.0,16.0,1755.0,11.9,0.563,0.665,0.216,3.7,22.1,12.8,8.2,1.7,1.1,11.4,15.3,1.3,1.8,3.1,0.085,-1.1,0.4,-0.7,0.6,,2020.0,1
LaMarcus Aldridge,34.0,SAS,5.0,53.0,53.0,1754.0,19.7,0.571,0.198,0.241,6.3,17.8,12.0,11.4,1.0,4.4,7.8,23.4,3.0,1.4,4.5,0.122,1.8,-0.5,1.4,1.5,,2020.0,4
Alec Burks,28.0,2TM,3.0,66.0,19.0,1754.0,16.7,0.561,0.392,0.345,2.9,14.9,8.7,17.2,1.7,0.9,9.3,23.8,2.5,1.2,3.7,0.101,1.2,-0.7,0.5,1.1,,2020.0,3
Alec Burks,28.0,GSW,3.0,48.0,18.0,1390.0,16.1,0.552,0.373,0.373,2.8,15.3,8.8,17.4,1.7,1.1,9.8,23.8,1.6,0.9,2.5,0.085,0.7,-0.6,0.1,0.7,,2020.0,3
Montrezl Harrell,26.0,LAC,5.0,63.0,2.0,1749.0,23.2,0.607,0.022,0.432,9.9,16.3,13.2,10.3,1.1,3.6,10.1,25.7,4.4,2.5,7.0,0.191,2.5,0.5,2.9,2.2,6MOY-1,2020.0,4
Kemba Walker,29.0,BOS,1.0,56.0,56.0,1742.0,20.0,0.575,0.532,0.272,2.2,11.0,6.7,24.2,1.3,1.5,10.5,27.2,3.9,2.0,5.9,0.162,4.9,-0.3,4.6,2.9,AS,2020.0,0
Gordon Hayward,29.0,BOS,3.0,52.0,52.0,1740.0,18.1,0.595,0.317,0.207,3.4,17.8,10.7,18.7,1.1,1.2,11.2,21.1,3.5,2.2,5.7,0.158,2.6,0.1,2.7,2.0,,2020.0,0
Garrett Temple,33.0,BRK,2.0,62.0,35.0,1730.0,10.5,0.513,0.658,0.148,1.8,11.1,6.5,12.8,1.3,1.4,9.0,16.6,0.7,1.7,2.4,0.066,-1.4,0.3,-1.1,0.4,,2020.0,1
Tristan Thompson,28.0,CLE,5.0,57.0,51.0,1721.0,16.8,0.54,0.041,0.286,14.5,22.9,18.6,10.5,0.9,2.5,14.0,18.3,2.0,1.1,3.1,0.085,-0.2,-1.3,-1.5,0.2,,2020.0,4
Jordan Clarkson,27.0,2TM,2.0,71.0,2.0,1705.0,17.3,0.574,0.476,0.19,3.3,8.7,6.1,13.2,1.3,0.8,9.4,26.3,2.4,1.0,3.4,0.096,2.4,-1.3,1.1,1.3,,2020.0,3
Jordan Clarkson,27.0,UTA,2.0,42.0,2.0,1039.0,16.5,0.569,0.47,0.146,3.2,9.1,6.3,10.8,1.4,0.6,9.2,26.7,1.0,0.9,1.9,0.089,1.3,-1.2,0.0,0.5,,2020.0,3
RJ Barrett,19.0,NYK,2.0,56.0,55.0,1704.0,10.7,0.479,0.271,0.349,3.0,14.8,8.7,12.8,1.6,0.9,12.9,24.0,-1.6,1.1,-0.5,-0.015,-2.9,-1.5,-4.3,-1.0,ROY-8,2020.0,2
Langston Galloway,28.0,DET,2.0,66.0,6.0,1702.0,12.3,0.584,0.611,0.157,2.2,7.8,5.0,8.8,1.4,0.5,6.5,15.9,2.4,0.7,3.1,0.087,0.0,-0.9,-0.8,0.5,,2020.0,1
Josh Richardson,26.0,PHI,2.0,55.0,53.0,1693.0,12.0,0.533,0.385,0.218,2.7,8.7,5.7,13.9,1.5,1.8,12.8,20.6,0.5,1.7,2.1,0.061,-1.4,-0.4,-1.8,0.1,,2020.0,1
Kent Bazemore,30.0,2TM,3.0,68.0,21.0,1688.0,9.3,0.499,0.457,0.275,1.7,17.1,9.4,7.4,2.1,2.1,13.2,17.5,-0.9,1.5,0.6,0.017,-3.4,0.3,-3.0,-0.5,,2020.0,5
Kent Bazemore,30.0,POR,3.0,43.0,21.0,1111.0,7.5,0.475,0.525,0.221,1.2,14.8,8.1,7.1,1.9,2.4,14.4,15.9,-1.0,0.8,-0.2,-0.008,-3.6,0.4,-3.2,-0.3,,2020.0,1
Danny Green,32.0,LAL,2.0,68.0,68.0,1687.0,10.8,0.552,0.69,0.101,3.3,11.2,7.3,7.1,2.4,1.7,11.3,13.9,0.8,2.5,3.4,0.096,-1.1,1.5,0.5,1.1,,2020.0,5
Dejounte Murray,23.0,SAS,1.0,66.0,58.0,1687.0,16.2,0.524,0.174,0.179,4.4,20.1,12.2,23.1,3.1,0.9,15.4,20.8,0.7,2.0,2.6,0.074,-0.9,1.3,0.4,1.0,,2020.0,5
Steven Adams,26.0,OKC,5.0,63.0,63.0,1680.0,20.5,0.604,0.006,0.421,14.0,24.0,19.2,13.2,1.5,3.4,14.2,17.3,3.8,2.7,6.5,0.185,1.9,1.1,2.9,2.1,,2020.0,4
Derrick White,25.0,SAS,2.0,68.0,20.0,1677.0,16.4,0.593,0.391,0.382,2.3,12.1,7.2,20.0,1.3,3.1,12.1,18.9,3.1,1.1,4.2,0.119,1.2,0.1,1.3,1.4,,2020.0,3
Coby White,19.0,CHI,1.0,65.0,1.0,1674.0,11.9,0.506,0.475,0.163,1.8,14.0,7.6,16.5,1.4,0.3,11.4,24.4,-0.5,1.4,0.9,0.026,-1.3,-1.6,-2.9,-0.4,ROY-5,2020.0,2
Malcolm Brogdon,27.0,IND,1.0,54.0,54.0,1666.0,17.7,0.541,0.309,0.25,3.1,14.1,8.6,33.8,1.0,0.5,13.7,25.2,2.3,1.7,4.0,0.114,2.3,-0.5,1.8,1.6,,2020.0,0
Goran Dragić,33.0,MIA,1.0,59.0,3.0,1663.0,16.3,0.573,0.467,0.34,2.0,10.2,6.3,29.2,1.2,0.6,14.8,25.9,2.2,1.3,3.5,0.102,1.4,-1.6,-0.1,0.8,6MOY-6,2020.0,3
Eric Paschall,23.0,GSW,4.0,60.0,26.0,1654.0,14.5,0.571,0.202,0.331,5.2,13.1,9.0,12.7,0.9,0.7,11.4,21.4,1.6,0.5,2.1,0.062,-0.7,-2.0,-2.7,-0.3,ROY-6,2020.0,1
Eric Bledsoe,30.0,MIL,1.0,61.0,61.0,1646.0,17.6,0.571,0.306,0.304,2.8,13.5,8.5,28.7,1.6,1.4,15.7,23.7,2.4,3.0,5.4,0.157,0.8,1.0,1.8,1.6,DEF2,2020.0,0
Tony Snell,28.0,DET,3.0,59.0,57.0,1641.0,9.7,0.598,0.665,0.084,0.6,7.1,3.8,10.9,1.0,0.8,7.3,11.4,2.1,0.5,2.6,0.076,-1.2,-0.6,-1.8,0.1,,2020.0,1
Monte Morris,24.0,DEN,1.0,73.0,12.0,1636.0,14.9,0.545,0.304,0.157,1.6,7.7,4.7,22.1,1.7,1.0,8.1,17.5,2.7,1.1,3.8,0.112,0.4,-0.5,-0.2,0.7,,2020.0,5
Wesley Matthews,33.0,MIL,2.0,67.0,67.0,1635.0,8.1,0.547,0.704,0.161,1.4,8.2,5.0,7.1,1.1,0.5,8.7,12.5,0.8,2.4,3.2,0.093,-2.6,0.7,-1.8,0.1,,2020.0,1
Bruce Brown,23.0,DET,1.0,58.0,43.0,1634.0,11.9,0.518,0.215,0.266,4.2,15.0,9.5,20.4,1.9,1.5,16.7,16.0,0.7,1.4,2.1,0.062,-2.0,0.8,-1.2,0.3,,2020.0,5
De'Aaron Fox,22.0,SAC,1.0,51.0,49.0,1634.0,20.6,0.558,0.227,0.42,2.4,11.4,6.8,35.3,2.2,1.5,14.1,29.8,2.6,1.4,4.0,0.118,2.3,-0.5,1.8,1.6,,2020.0,0
Dario Šarić,25.0,PHO,4.0,66.0,51.0,1632.0,14.2,0.592,0.437,0.238,6.7,21.1,13.8,10.8,1.1,0.9,12.9,17.8,2.1,1.5,3.6,0.105,-0.1,-0.3,-0.4,0.7,,2020.0,1
Jaren Jackson Jr.,20.0,MEM,5.0,57.0,57.0,1622.0,16.3,0.593,0.489,0.247,3.6,13.2,8.5,7.2,1.2,5.0,10.6,24.0,1.6,1.8,3.5,0.103,0.3,0.1,0.4,1.0,,2020.0,2
Ben McLemore,26.0,HOU,3.0,71.0,23.0,1619.0,11.8,0.622,0.829,0.123,1.3,8.9,5.1,5.2,1.3,0.8,8.0,16.0,2.2,1.1,3.3,0.099,0.1,-0.6,-0.5,0.6,,2020.0,1
Aaron Holiday,23.0,IND,1.0,66.0,33.0,1617.0,11.6,0.521,0.393,0.155,1.5,9.0,5.3,19.1,1.7,0.9,12.8,18.7,0.4,1.7,2.1,0.063,-1.6,0.0,-1.6,0.2,,2020.0,5
Austin Rivers,27.0,HOU,2.0,68.0,4.0,1594.0,10.4,0.542,0.539,0.222,1.8,9.8,5.8,10.0,1.4,0.5,8.3,15.6,1.2,1.2,2.4,0.072,-2.1,-0.4,-2.5,-0.2,,2020.0,1
Thaddeus Young,31.0,CHI,4.0,64.0,16.0,1591.0,13.3,0.521,0.369,0.12,6.2,16.1,10.9,11.3,2.8,1.4,13.9,19.7,-0.2,2.1,1.9,0.058,-1.4,0.2,-1.2,0.3,,2020.0,5
Dāvis Bertāns,27.0,WAS,4.0,54.0,4.0,1583.0,15.5,0.628,0.774,0.2,2.3,15.1,8.5,8.4,1.1,1.8,8.2,19.0,3.0,0.5,3.5,0.107,2.7,-1.8,0.9,1.1,6MOY-8,2020.0,1
JJ Redick,35.0,NOP,2.0,60.0,36.0,1581.0,15.4,0.644,0.629,0.293,0.7,9.5,5.1,10.8,0.6,0.5,9.5,20.4,3.6,0.6,4.1,0.125,2.3,-1.7,0.7,1.1,,2020.0,1
Bryn Forbes,26.0,SAS,2.0,63.0,62.0,1579.0,11.1,0.57,0.656,0.155,0.8,7.8,4.3,9.5,1.0,0.0,8.4,18.5,1.3,0.3,1.5,0.047,-0.6,-2.1,-2.7,-0.3,,2020.0,1
Seth Curry,29.0,DAL,2.0,64.0,25.0,1576.0,15.5,0.643,0.559,0.169,1.8,7.8,4.8,11.6,1.2,0.5,9.1,18.4,3.5,0.8,4.3,0.13,1.7,-0.9,0.8,1.2,,2020.0,1
Delon Wright,27.0,DAL,1.0,73.0,5.0,1570.0,15.4,0.554,0.309,0.243,4.7,13.8,9.4,21.0,2.6,1.2,13.8,14.4,2.6,1.8,4.4,0.134,0.0,1.9,1.9,1.5,,2020.0,5
Daniel Theis,27.0,BOS,5.0,65.0,64.0,1566.0,17.9,0.631,0.225,0.268,9.7,19.3,14.6,10.1,1.1,5.0,10.2,14.4,4.0,2.6,6.5,0.201,0.6,1.8,2.4,1.7,,2020.0,4
Furkan Korkmaz,22.0,PHI,2.0,72.0,12.0,1559.0,12.0,0.579,0.632,0.181,1.3,10.6,6.0,7.3,1.3,0.9,8.8,18.4,1.4,1.4,2.8,0.085,-0.4,-1.0,-1.3,0.3,,2020.0,2
Cam Reddish,20.0,ATL,3.0,58.0,34.0,1551.0,9.0,0.5,0.451,0.227,2.4,12.7,7.5,8.0,1.9,1.5,13.6,18.9,-1.2,0.8,-0.4,-0.011,-3.3,-1.0,-4.2,-0.9,,2020.0,2
Josh Okogie,21.0,MIN,2.0,62.0,28.0,1547.0,11.5,0.553,0.387,0.48,5.7,12.8,9.1,8.9,2.0,1.4,15.3,15.1,0.9,1.2,2.2,0.068,-2.4,0.0,-2.4,-0.2,,2020.0,2
Kyle Kuzma,24.0,LAL,4.0,61.0,9.0,1526.0,12.2,0.531,0.407,0.232,3.8,15.7,9.8,7.6,0.9,1.5,11.0,22.9,0.1,1.9,2.0,0.063,-1.6,-1.0,-2.6,-0.2,,2020.0,1
Donte DiVincenzo,23.0,MIL,2.0,66.0,24.0,1520.0,14.1,0.557,0.484,0.169,4.6,15.5,10.3,13.6,2.6,1.2,14.1,17.3,1.0,3.2,4.3,0.135,-1.1,2.4,1.3,1.3,,2020.0,5
Tyler Herro,20.0,MIA,2.0,55.0,8.0,1508.0,12.5,0.55,0.472,0.158,1.2,14.9,8.3,12.7,1.1,0.6,11.4,22.3,0.2,1.3,1.6,0.05,-0.4,-1.2,-1.6,0.1,,2020.0,2
Jarrett Culver,20.0,MIN,2.0,63.0,35.0,1506.0,9.6,0.467,0.388,0.206,4.7,10.3,7.4,10.8,1.8,2.1,11.5,19.2,-1.2,1.1,-0.1,-0.004,-3.3,-0.7,-4.0,-0.8,,2020.0,2
Joel Embiid,25.0,PHI,5.0,51.0,51.0,1506.0,25.8,0.59,0.215,0.543,10.3,33.2,21.7,16.9,1.4,3.7,13.8,32.9,3.3,2.7,6.0,0.192,3.7,1.0,4.7,2.5,AS,2020.0,0
Trevor Ariza,34.0,2TM,3.0,53.0,21.0,1493.0,11.0,0.593,0.639,0.228,2.5,15.7,9.0,8.0,2.2,0.9,13.6,11.8,1.3,1.2,2.5,0.081,-1.4,0.9,-0.5,0.6,,2020.0,1
Lauri Markkanen,22.0,CHI,4.0,50.0,50.0,1492.0,14.3,0.56,0.536,0.259,4.2,19.7,11.6,7.6,1.4,1.5,11.0,21.1,1.0,1.6,2.6,0.084,0.2,-0.8,-0.6,0.5,,2020.0,2
Patty Mills,31.0,SAS,1.0,66.0,1.0,1485.0,14.8,0.592,0.674,0.187,1.6,6.2,3.9,11.4,1.7,0.4,7.7,20.4,2.3,0.5,2.8,0.091,1.2,-1.2,0.0,0.8,,2020.0,1
Serge Ibaka,30.0,TOR,5.0,55.0,27.0,1485.0,17.3,0.583,0.272,0.185,8.3,23.5,16.1,8.6,0.9,3.0,13.1,24.0,1.2,2.7,3.9,0.126,0.1,0.0,0.1,0.8,,2020.0,4
Norman Powell,26.0,TOR,2.0,52.0,26.0,1479.0,16.8,0.624,0.457,0.256,1.9,11.4,6.8,9.7,1.9,1.4,10.4,21.5,2.3,2.3,4.6,0.15,1.2,0.8,2.0,1.5,,2020.0,3
Larry Nance Jr.,27.0,CLE,4.0,56.0,10.0,1472.0,17.3,0.608,0.369,0.172,7.9,23.1,15.4,12.3,1.9,1.3,11.5,15.2,2.8,1.1,3.9,0.128,1.4,0.4,1.7,1.4,,2020.0,4
Jeff Teague,31.0,2TM,1.0,59.0,17.0,1464.0,14.6,0.557,0.239,0.403,1.9,8.6,5.2,30.7,1.4,1.1,16.8,19.5,1.9,0.6,2.5,0.082,-0.2,-1.3,-1.5,0.2,,2020.0,5
Rudy Gay,33.0,SAS,4.0,67.0,5.0,1461.0,15.4,0.553,0.369,0.228,4.5,22.2,13.4,11.3,1.1,2.0,11.8,22.0,0.9,1.1,2.1,0.068,0.0,-0.9,-0.8,0.4,,2020.0,4
Landry Shamet,22.0,LAC,2.0,53.0,30.0,1452.0,8.5,0.58,0.757,0.194,0.4,6.6,3.6,9.1,0.7,0.6,9.0,13.4,1.5,1.1,2.6,0.086,-1.8,-0.3,-2.1,0.0,,2020.0,2
D'Angelo Russell,23.0,2TM,1.0,45.0,45.0,1452.0,18.7,0.556,0.509,0.235,1.2,12.3,6.6,35.2,1.6,0.8,13.6,31.5,1.1,0.7,1.8,0.06,3.8,-1.9,1.9,1.4,,2020.0,0
Anfernee Simons,20.0,POR,2.0,70.0,4.0,1449.0,9.0,0.502,0.422,0.172,1.8,9.1,5.5,9.2,0.9,0.6,9.6,18.7,0.0,0.1,0.2,0.005,-2.6,-1.9,-4.5,-0.9,,2020.0,2
Rui Hachimura,21.0,WAS,4.0,48.0,48.0,1444.0,13.5,0.535,0.16,0.257,5.7,17.0,11.1,8.8,1.2,0.5,8.0,19.0,1.3,0.5,1.8,0.06,-1.2,-2.0,-3.2,-0.4,,2020.0,2
Maurice Harkless,26.0,2TM,4.0,62.0,48.0,1427.0,9.8,0.572,0.346,0.233,4.1,13.3,8.8,6.4,1.9,2.1,14.5,10.7,0.8,1.9,2.7,0.09,-2.6,1.9,-0.7,0.5,,2020.0,5
Maurice Harkless,26.0,LAC,4.0,50.0,38.0,1141.0,9.7,0.584,0.336,0.194,4.4,13.6,9.1,5.5,2.0,2.3,16.3,10.3,0.5,1.7,2.3,0.095,-2.5,2.4,0.0,0.6,,2020.0,5
Damion Lee,27.0,GSW,2.0,49.0,36.0,1423.0,12.7,0.548,0.468,0.247,2.4,16.3,9.1,14.4,1.7,0.4,10.6,19.0,0.9,0.8,1.7,0.058,-1.5,-0.8,-2.3,-0.1,,2020.0,1
D.J. Augustin,32.0,ORL,1.0,57.0,13.0,1420.0,14.0,0.554,0.436,0.393,1.6,7.8,4.6,26.8,1.2,0.1,13.7,19.1,2.0,0.9,2.9,0.098,-0.3,-1.3,-1.6,0.2,,2020.0,5
Paul George,29.0,LAC,3.0,48.0,48.0,1419.0,21.1,0.589,0.487,0.277,1.8,17.7,10.0,21.1,2.3,1.2,12.5,29.6,2.5,2.3,4.8,0.161,3.8,1.1,4.9,2.5,,2020.0,0
Mitchell Robinson,21.0,NYK,5.0,61.0,7.0,1412.0,23.5,0.726,0.0,0.434,13.7,18.8,16.2,3.9,1.8,8.0,8.3,13.3,4.8,2.0,6.8,0.23,1.6,1.4,2.9,1.8,,2020.0,4
Bobby Portis,24.0,NYK,4.0,66.0,5.0,1393.0,14.6,0.53,0.317,0.158,6.0,20.4,12.9,11.1,1.1,1.2,10.4,21.4,0.9,1.0,1.9,0.064,0.0,-1.1,-1.1,0.3,,2020.0,1
Derrick Jones Jr.,22.0,MIA,3.0,59.0,16.0,1375.0,14.9,0.62,0.378,0.352,5.6,13.1,9.5,6.7,2.1,2.7,6.9,13.9,2.6,1.8,4.4,0.153,-0.3,1.1,0.7,1.0,,2020.0,2
Doug McDermott,28.0,IND,4.0,69.0,0.0,1372.0,14.4,0.62,0.537,0.106,2.1,11.7,7.0,8.4,0.4,0.3,6.8,19.6,2.3,1.1,3.3,0.117,1.4,-1.3,0.0,0.7,,2020.0,1
Brad Wanamaker,30.0,BOS,1.0,71.0,1.0,1369.0,12.8,0.577,0.282,0.376,1.7,9.4,5.6,17.8,2.2,0.9,15.3,15.5,1.8,1.8,3.5,0.124,-1.9,1.3,-0.6,0.5,,2020.0,5
Mike Conley,32.0,UTA,1.0,47.0,41.0,1363.0,14.1,0.537,0.451,0.245,2.8,9.2,6.1,23.1,1.3,0.3,12.8,23.1,1.4,1.1,2.5,0.089,0.7,-0.4,0.3,0.8,,2020.0,5
Shabazz Napier,28.0,2TM,1.0,56.0,32.0,1344.0,13.8,0.552,0.526,0.336,2.0,10.9,6.3,27.8,2.4,0.7,19.7,20.0,0.8,0.9,1.7,0.059,-0.7,-0.4,-1.1,0.3,,2020.0,5
Patrick Beverley,31.0,LAC,1.0,51.0,50.0,1342.0,12.5,0.56,0.604,0.138,4.5,15.8,10.3,18.2,1.9,1.6,15.4,13.3,1.6,2.0,3.6,0.128,-0.3,2.5,2.2,1.4,"DPOY-6,DEF2",2020.0,5
Cody Zeller,27.0,CHO,5.0,58.0,39.0,1341.0,18.8,0.576,0.157,0.374,12.6,21.2,16.7,11.3,1.5,1.7,11.9,20.8,2.3,1.3,3.6,0.129,0.2,-0.8,-0.6,0.5,,2020.0,4
Gary Trent Jr.,21.0,POR,3.0,61.0,8.0,1332.0,12.9,0.587,0.608,0.102,2.0,5.8,3.9,6.3,1.7,1.0,4.4,15.3,2.2,0.3,2.5,0.089,0.5,-0.8,-0.3,0.6,,2020.0,2
Kyle Anderson,26.0,MEM,3.0,67.0,28.0,1330.0,12.5,0.534,0.257,0.236,4.7,17.6,11.3,15.9,1.9,2.4,15.3,13.5,0.9,1.7,2.5,0.091,-1.5,2.0,0.5,0.9,,2020.0,5
Caris LeVert,25.0,BRK,2.0,45.0,31.0,1330.0,16.1,0.514,0.301,0.269,3.9,10.7,7.4,25.0,1.9,0.6,12.6,29.5,0.1,1.4,1.5,0.055,0.6,-0.9,-0.3,0.5,,2020.0,0
Ivica Zubac,22.0,LAC,5.0,72.0,70.0,1326.0,21.7,0.651,0.005,0.431,15.9,26.4,21.3,9.1,0.6,4.4,11.8,16.4,4.4,2.3,6.6,0.241,1.9,0.9,2.8,1.6,,2020.0,2
T.J. McConnell,27.0,IND,1.0,71.0,3.0,1326.0,16.5,0.54,0.041,0.102,3.2,12.4,7.8,37.6,2.0,0.7,18.9,17.5,1.7,1.7,3.3,0.121,0.1,0.4,0.5,0.8,,2020.0,5
Christian Wood,24.0,DET,4.0,62.0,12.0,1325.0,23.2,0.659,0.276,0.476,8.8,24.8,16.7,7.6,1.3,3.4,12.0,23.0,3.6,1.5,5.1,0.183,3.5,-0.3,3.1,1.7,6MOY-4,2020.0,4
JaMychal Green,29.0,LAC,4.0,63.0,1.0,1307.0,11.1,0.576,0.676,0.136,6.3,24.1,15.4,5.0,1.0,1.6,12.6,13.7,1.1,2.0,3.1,0.115,-1.2,0.7,-0.5,0.5,,2020.0,1
Dwight Howard,34.0,LAL,5.0,69.0,2.0,1306.0,18.7,0.696,0.018,0.773,14.6,27.8,21.2,4.8,1.1,5.4,18.5,14.7,2.8,2.6,5.4,0.197,-1.0,1.2,0.2,0.7,6MOY-9,2020.0,4
Kelly Olynyk,28.0,MIA,5.0,67.0,9.0,1300.0,14.6,0.621,0.588,0.251,3.9,21.6,13.1,13.3,1.7,1.8,13.8,17.4,1.9,1.8,3.7,0.135,0.0,1.0,1.0,1.0,,2020.0,1
Brandon Clarke,23.0,MEM,4.0,58.0,4.0,1300.0,20.9,0.663,0.134,0.234,7.6,20.1,14.0,9.5,1.1,3.2,9.4,18.7,3.4,1.6,5.0,0.183,2.4,0.7,3.1,1.7,ROY-4,2020.0,4
Derrick Rose,31.0,DET,1.0,50.0,15.0,1298.0,21.0,0.555,0.195,0.185,2.3,8.3,5.3,40.5,1.5,1.0,13.4,31.6,1.8,0.7,2.5,0.092,3.9,-1.7,2.2,1.4,6MOY-7,2020.0,0
Jeremy Lamb,27.0,IND,2.0,46.0,42.0,1291.0,14.0,0.547,0.33,0.23,2.1,14.8,8.5,10.5,2.1,1.5,8.7,19.6,0.9,1.8,2.7,0.099,-1.1,0.8,-0.4,0.5,,2020.0,5
Matisse Thybulle,22.0,PHI,2.0,65.0,14.0,1287.0,10.0,0.539,0.592,0.155,3.8,5.4,4.6,8.0,3.5,3.1,15.3,11.2,0.3,2.0,2.3,0.086,-2.8,3.1,0.3,0.8,,2020.0,5
Jordan Poole,20.0,GSW,2.0,57.0,14.0,1274.0,7.2,0.454,0.528,0.237,0.7,9.6,5.0,15.8,1.3,0.7,11.8,21.1,-1.6,0.4,-1.2,-0.047,-4.4,-2.2,-6.6,-1.5,,2020.0,2
Trey Lyles,24.0,SAS,4.0,63.0,53.0,1271.0,12.6,0.557,0.49,0.131,6.0,24.6,15.3,7.2,1.1,1.9,9.7,13.6,1.2,1.0,2.2,0.083,-0.5,-0.7,-1.2,0.3,,2020.0,1
George Hill,33.0,MIL,1.0,59.0,2.0,1271.0,16.9,0.659,0.468,0.269,4.1,9.3,6.9,19.0,1.7,0.3,11.9,15.5,3.5,2.1,5.5,0.21,1.6,1.3,2.9,1.6,6MOY-4,2020.0,0
Kris Dunn,25.0,CHI,1.0,51.0,32.0,1269.0,12.1,0.51,0.327,0.158,1.9,14.9,8.1,19.4,3.8,1.3,15.7,14.6,0.3,2.0,2.3,0.085,-3.8,3.1,-0.6,0.4,,2020.0,5
Svi Mykhailiuk,22.0,DET,3.0,56.0,27.0,1265.0,11.2,0.578,0.704,0.173,1.5,7.9,4.7,12.3,1.6,0.3,12.3,17.1,1.0,0.6,1.6,0.06,-0.7,-1.2,-1.9,0.0,,2020.0,2
James Ennis III,29.0,2TM,2.0,69.0,18.0,1265.0,11.5,0.565,0.471,0.273,6.1,15.3,10.6,7.0,1.3,1.5,12.6,15.7,1.0,1.4,2.4,0.09,-2.2,-0.4,-2.6,-0.2,,2020.0,1
James Ennis III,29.0,PHI,3.0,49.0,0.0,776.0,12.3,0.564,0.469,0.27,6.8,14.5,10.7,7.3,1.4,1.5,10.9,15.7,0.9,0.9,1.7,0.106,-1.5,0.0,-1.5,0.1,,2020.0,1
Terrance Ferguson,21.0,OKC,3.0,56.0,38.0,1257.0,3.7,0.481,0.764,0.091,2.1,4.4,3.3,5.3,1.0,1.2,11.9,9.1,-0.3,0.9,0.6,0.021,-4.8,0.3,-4.5,-0.8,,2020.0,2
Wendell Carter Jr.,20.0,CHI,5.0,43.0,43.0,1256.0,15.5,0.59,0.085,0.443,11.6,24.6,17.8,6.0,1.3,2.7,14.9,16.4,1.7,1.6,3.3,0.127,-2.1,-0.3,-2.4,-0.1,,2020.0,2
Cameron Johnson,23.0,PHO,4.0,57.0,9.0,1255.0,12.9,0.586,0.672,0.141,4.3,12.4,8.3,7.7,1.4,1.4,6.9,15.7,1.7,1.0,2.7,0.102,0.8,-0.4,0.3,0.7,,2020.0,1
Isaac Bonga,20.0,WAS,3.0,66.0,49.0,1250.0,10.2,0.608,0.303,0.363,6.0,13.8,9.7,7.9,1.7,1.5,17.6,11.0,1.2,0.6,1.8,0.068,-2.7,-0.1,-2.8,-0.3,,2020.0,2
Elfrid Payton,25.0,NYK,1.0,45.0,36.0,1246.0,16.0,0.47,0.157,0.195,4.3,14.1,9.1,38.6,2.7,1.3,16.7,19.5,0.5,1.2,1.7,0.065,-0.4,0.4,0.0,0.6,,2020.0,5
Pat Connaughton,27.0,MIL,2.0,67.0,4.0,1243.0,11.5,0.565,0.551,0.133,5.1,16.8,11.3,10.9,0.9,2.2,14.0,12.3,1.1,2.3,3.4,0.13,-0.9,1.5,0.6,0.8,,2020.0,1
Derrick Favors,28.0,NOP,5.0,51.0,49.0,1243.0,18.5,0.62,0.021,0.209,13.9,28.9,21.4,9.2,1.1,3.1,12.9,14.0,2.6,1.6,4.2,0.162,0.7,0.3,1.0,0.9,,2020.0,4
Richaun Holmes,26.0,SAC,5.0,44.0,38.0,1242.0,19.7,0.681,0.0,0.343,11.2,21.5,16.2,5.1,1.6,4.3,11.6,15.6,3.4,1.5,4.9,0.19,0.3,0.7,1.0,0.9,,2020.0,4
Paul Millsap,34.0,DEN,4.0,51.0,48.0,1240.0,16.9,0.591,0.283,0.322,8.9,17.6,13.2,9.6,1.8,2.2,12.3,20.0,2.1,1.4,3.5,0.136,0.3,-0.2,0.1,0.7,,2020.0,4
DeAndre Jordan,31.0,BRK,5.0,56.0,6.0,1234.0,19.9,0.682,0.0,0.425,12.1,34.5,23.5,12.6,0.7,3.5,17.8,14.1,3.0,2.2,5.2,0.2,1.2,1.8,3.0,1.5,,2020.0,4
Tyus Jones,23.0,MEM,1.0,65.0,6.0,1232.0,15.7,0.532,0.289,0.135,0.8,7.9,4.4,32.0,2.2,0.4,10.8,17.2,1.9,1.1,3.0,0.117,0.4,0.2,0.6,0.8,,2020.0,5
Draymond Green,29.0,GSW,4.0,43.0,43.0,1222.0,12.5,0.489,0.408,0.263,2.0,22.3,11.8,31.2,2.3,2.4,21.8,15.7,-0.2,1.3,1.1,0.044,-2.1,1.9,-0.2,0.5,,2020.0,5
Terence Davis,22.0,TOR,2.0,72.0,4.0,1209.0,13.8,0.588,0.555,0.135,4.5,16.0,10.3,14.2,1.5,1.1,14.1,19.0,1.2,1.9,3.1,0.122,0.1,0.7,0.8,0.8,ROY-6,2020.0,2
Malik Beasley,23.0,2TM,2.0,55.0,14.0,1209.0,12.7,0.546,0.517,0.124,1.6,11.9,6.7,9.4,1.6,0.6,9.2,21.8,0.4,0.8,1.2,0.049,-0.7,-1.4,-2.1,0.0,,2020.0,1
Mike Scott,31.0,PHI,4.0,68.0,11.0,1207.0,11.2,0.557,0.62,0.106,5.9,16.8,11.3,6.4,0.8,0.4,6.6,14.0,1.4,1.1,2.5,0.1,-0.7,-1.1,-1.8,0.1,,2020.0,1
Marquese Chriss,22.0,GSW,4.0,59.0,21.0,1196.0,19.5,0.604,0.101,0.405,10.0,23.6,16.5,15.3,1.6,4.7,14.7,19.0,2.1,1.3,3.4,0.136,0.0,0.6,0.6,0.8,,2020.0,2
Frank Ntilikina,21.0,NYK,1.0,57.0,26.0,1187.0,9.8,0.497,0.411,0.177,2.0,9.1,5.4,20.2,2.2,1.3,16.5,15.4,0.1,0.8,0.9,0.037,-3.6,0.4,-3.2,-0.4,,2020.0,2
Markieff Morris,30.0,2TM,4.0,58.0,17.0,1187.0,12.5,0.565,0.498,0.186,3.8,17.1,10.3,10.1,1.3,1.2,13.3,20.9,0.5,1.0,1.4,0.058,-1.1,-0.9,-2.0,0.0,,2020.0,1
Markieff Morris,30.0,DET,4.0,44.0,16.0,988.0,12.7,0.573,0.486,0.203,2.7,17.3,9.9,11.0,1.3,0.9,14.2,21.8,0.3,0.7,1.0,0.049,-1.1,-1.0,-2.1,0.0,,2020.0,1
Avery Bradley,29.0,LAL,2.0,49.0,44.0,1186.0,8.9,0.537,0.452,0.063,1.7,8.9,5.3,7.2,1.7,0.4,10.7,15.7,0.2,1.4,1.5,0.062,-3.0,0.5,-2.5,-0.2,,2020.0,1
Alex Caruso,25.0,LAL,1.0,64.0,2.0,1175.0,10.8,0.525,0.412,0.323,1.6,9.8,5.7,13.6,2.8,1.4,13.8,13.8,0.5,1.8,2.3,0.095,-2.6,2.4,-0.2,0.5,,2020.0,5
Jakob Poeltl,24.0,SAS,5.0,66.0,18.0,1171.0,19.1,0.612,0.0,0.323,12.1,22.5,17.3,13.6,1.5,7.1,15.1,13.2,2.4,1.6,4.0,0.163,0.5,2.0,2.5,1.3,,2020.0,4
Malik Monk,21.0,CHO,2.0,55.0,1.0,1169.0,12.6,0.53,0.418,0.205,2.4,12.6,7.3,16.6,1.1,1.3,12.6,22.9,0.1,0.6,0.7,0.028,-1.1,-1.3,-2.3,-0.1,,2020.0,2
De'Anthony Melton,21.0,MEM,1.0,60.0,8.0,1167.0,13.5,0.501,0.349,0.302,4.0,15.7,9.9,20.1,3.1,1.5,15.6,19.2,0.1,1.7,1.7,0.072,-2.2,2.0,-0.2,0.5,,2020.0,2
Kevin Knox,20.0,NYK,3.0,65.0,4.0,1166.0,8.3,0.47,0.496,0.252,2.5,14.7,8.4,7.4,1.0,2.3,9.2,17.8,-0.5,0.7,0.2,0.007,-3.1,-1.1,-4.2,-0.7,,2020.0,2
Kevin Porter Jr.,19.0,CLE,3.0,50.0,3.0,1162.0,10.8,0.535,0.375,0.24,2.1,13.5,7.7,13.9,1.9,1.0,16.7,20.5,-0.3,0.6,0.3,0.012,-3.2,-0.6,-3.8,-0.5,,2020.0,2
Marc Gasol,35.0,TOR,5.0,44.0,43.0,1161.0,11.8,0.551,0.53,0.176,2.9,21.7,12.5,17.3,1.4,3.2,16.4,13.2,0.8,2.2,3.0,0.124,-1.2,2.8,1.6,1.1,,2020.0,5
Thomas Bryant,22.0,WAS,5.0,46.0,36.0,1147.0,21.1,0.649,0.218,0.278,9.0,23.1,15.8,11.1,1.0,3.7,10.2,18.9,3.1,0.8,3.9,0.164,2.9,-0.7,2.2,1.2,,2020.0,2
JaVale McGee,32.0,LAL,5.0,68.0,68.0,1130.0,19.4,0.652,0.02,0.268,12.2,25.4,18.9,4.6,1.5,7.5,13.9,14.8,2.2,2.4,4.7,0.198,-0.6,2.1,1.5,1.0,,2020.0,4
Darius Bazley,19.0,OKC,4.0,61.0,9.0,1130.0,9.6,0.497,0.445,0.196,3.0,20.5,12.0,5.1,1.0,3.1,11.6,15.1,-0.5,1.5,1.0,0.041,-2.1,0.5,-1.6,0.1,,2020.0,2
Marvin Williams,33.0,2TM,4.0,58.0,1.0,1129.0,11.2,0.587,0.584,0.213,2.8,14.3,8.5,7.6,1.6,2.4,10.2,12.5,1.1,1.3,2.4,0.102,-1.6,1.0,-0.6,0.4,,2020.0,1
Nerlens Noel,25.0,OKC,5.0,61.0,7.0,1127.0,20.4,0.711,0.011,0.394,9.2,19.9,14.7,7.6,2.5,6.9,17.3,14.9,2.6,2.3,4.9,0.209,-0.3,3.4,3.1,1.5,,2020.0,4
Rondae Hollis-Jefferson,25.0,TOR,4.0,60.0,6.0,1122.0,15.1,0.533,0.07,0.435,10.6,15.9,13.3,13.6,2.0,2.0,13.1,17.2,1.4,2.0,3.4,0.146,-1.2,1.5,0.3,0.6,,2020.0,4
Willie Cauley-Stein,26.0,2TM,5.0,54.0,39.0,1097.0,17.0,0.589,0.003,0.219,8.0,23.3,15.5,9.9,2.1,5.0,10.8,14.4,1.5,1.5,2.9,0.128,-1.2,1.7,0.5,0.7,,2020.0,4
Gorgui Dieng,30.0,2TM,5.0,63.0,17.0,1096.0,17.1,0.568,0.418,0.277,8.5,25.8,17.0,9.7,2.2,4.5,12.8,17.6,1.3,1.7,2.9,0.129,-0.2,1.8,1.5,1.0,,2020.0,4
Gorgui Dieng,30.0,MIN,5.0,46.0,17.0,778.0,17.8,0.563,0.433,0.213,9.5,25.8,17.4,11.1,2.2,4.5,12.7,18.4,0.9,1.1,2.1,0.129,0.3,1.5,1.8,0.7,,2020.0,4
Solomon Hill,28.0,2TM,4.0,59.0,4.0,1088.0,9.8,0.535,0.615,0.194,2.9,13.0,8.1,12.4,1.9,1.0,14.5,13.6,0.4,1.1,1.4,0.064,-2.0,0.3,-1.7,0.1,,2020.0,1
Solomon Hill,28.0,MEM,4.0,48.0,3.0,901.0,10.2,0.549,0.631,0.163,2.9,13.8,8.4,13.4,1.6,0.7,13.8,13.4,0.5,0.8,1.4,0.072,-1.6,0.2,-1.4,0.1,,2020.0,1
Jaxson Hayes,19.0,NOP,5.0,64.0,14.0,1080.0,17.6,0.689,0.015,0.734,9.5,16.0,12.7,7.2,1.1,4.3,13.4,15.0,2.8,1.1,3.9,0.171,-0.9,0.6,-0.3,0.5,,2020.0,4
Torrey Craig,29.0,DEN,3.0,58.0,27.0,1072.0,10.8,0.553,0.513,0.134,6.6,13.2,9.9,5.9,1.1,3.1,8.1,12.6,1.1,0.9,2.0,0.091,-2.0,-0.3,-2.3,-0.1,,2020.0,1
Mason Plumlee,29.0,DEN,5.0,61.0,1.0,1057.0,18.8,0.613,0.017,0.538,10.4,23.2,16.8,20.9,1.5,3.3,18.7,18.0,2.0,1.4,3.4,0.153,0.3,1.7,2.0,1.1,,2020.0,4
Justin Jackson,24.0,DAL,4.0,65.0,3.0,1045.0,9.5,0.496,0.478,0.147,2.7,12.6,7.7,6.8,0.7,0.8,3.7,15.4,0.6,0.6,1.2,0.054,-2.1,-1.3,-3.4,-0.4,,2020.0,1
Grant Williams,21.0,BOS,4.0,69.0,5.0,1043.0,7.9,0.505,0.455,0.256,6.1,12.1,9.1,8.5,1.4,3.2,17.6,11.6,0.1,1.4,1.6,0.071,-4.1,1.4,-2.7,-0.2,,2020.0,2
Nicolò Melli,29.0,NOP,5.0,60.0,8.0,1042.0,11.4,0.556,0.638,0.226,3.9,14.5,9.2,10.5,1.5,1.8,11.5,15.7,0.9,0.9,1.8,0.082,-1.5,0.2,-1.3,0.2,,2020.0,1
Meyers Leonard,27.0,MIA,5.0,51.0,49.0,1034.0,10.6,0.627,0.547,0.12,3.4,24.0,14.1,7.6,0.7,1.4,13.7,12.2,0.9,1.2,2.1,0.096,-1.3,0.4,-0.9,0.3,,2020.0,1
Bismack Biyombo,27.0,CHO,5.0,53.0,29.0,1029.0,16.1,0.57,0.0,0.543,12.3,20.7,16.3,7.8,0.5,4.4,12.2,16.8,1.5,0.9,2.4,0.113,-1.8,-0.7,-2.5,-0.1,,2020.0,4
Taj Gibson,34.0,NYK,5.0,62.0,56.0,1025.0,16.1,0.61,0.049,0.196,11.2,16.7,13.9,7.6,1.3,2.8,13.1,14.8,1.8,0.8,2.6,0.12,-0.8,-0.3,-1.1,0.2,,2020.0,4
Jalen Brunson,23.0,DAL,1.0,57.0,16.0,1022.0,14.9,0.553,0.309,0.193,2.3,11.3,6.9,27.0,1.0,0.3,13.6,20.4,1.6,0.6,2.1,0.101,0.1,-1.0,-0.9,0.3,,2020.0,5
E'Twaun Moore,30.0,NOP,2.0,56.0,6.0,1020.0,11.3,0.51,0.382,0.103,3.2,10.4,6.8,11.0,1.5,0.9,8.1,19.9,0.3,0.7,0.9,0.043,-1.9,-0.8,-2.7,-0.2,,2020.0,1
Ky Bowman,22.0,GSW,1.0,45.0,12.0,1015.0,9.1,0.494,0.333,0.128,2.5,10.7,6.5,19.4,2.1,0.9,17.1,17.2,-0.6,0.6,-0.1,-0.003,-4.0,-0.3,-4.3,-0.6,,2020.0,2
Semi Ojeleye,25.0,BOS,4.0,69.0,6.0,1011.0,7.7,0.562,0.648,0.163,2.8,12.5,7.7,4.7,1.0,0.5,8.3,9.7,0.8,1.0,1.9,0.088,-2.1,0.4,-1.7,0.1,,2020.0,1
Lonnie Walker IV,21.0,SAS,2.0,61.0,12.0,988.0,10.5,0.507,0.283,0.171,2.5,12.7,7.6,9.6,1.5,1.2,10.3,18.7,-0.2,0.6,0.3,0.016,-2.5,-1.0,-3.5,-0.4,,2020.0,2
Ersan İlyasova,32.0,MIL,4.0,63.0,8.0,986.0,14.9,0.589,0.438,0.278,6.6,22.7,15.1,6.6,1.1,1.5,8.8,16.1,1.6,2.0,3.6,0.174,-0.3,0.8,0.4,0.6,,2020.0,1
Rajon Rondo,33.0,LAL,1.0,48.0,3.0,984.0,12.4,0.494,0.381,0.125,2.6,13.1,7.9,32.9,1.9,0.2,20.8,18.7,0.1,1.3,1.4,0.068,-1.2,-0.1,-1.4,0.2,,2020.0,5
Enes Freedom,27.0,BOS,5.0,58.0,7.0,983.0,22.4,0.599,0.02,0.284,18.0,28.9,23.5,8.8,1.1,3.9,12.5,19.4,2.6,1.8,4.4,0.214,1.8,-0.3,1.5,0.9,,2020.0,4
Jerome Robinson,22.0,2TM,2.0,63.0,6.0,979.0,7.4,0.476,0.494,0.184,1.4,12.8,7.0,11.9,1.3,1.5,12.8,16.4,-0.6,0.8,0.2,0.009,-3.8,-0.2,-3.9,-0.5,,2020.0,2
Jerome Robinson,22.0,LAC,2.0,42.0,1.0,476.0,4.8,0.423,0.493,0.14,1.1,11.7,6.5,12.6,1.3,1.5,15.3,15.0,-0.6,0.6,0.0,-0.004,-5.3,0.6,-4.7,-0.3,,2020.0,2
Alex Len,26.0,2TM,5.0,55.0,12.0,970.0,17.7,0.6,0.185,0.329,11.1,25.2,18.0,7.9,1.1,4.3,13.1,18.1,1.5,1.0,2.5,0.122,-0.5,-0.3,-0.7,0.3,,2020.0,4
Kyle Korver,38.0,MIL,3.0,58.0,1.0,960.0,11.3,0.62,0.809,0.14,1.6,10.4,6.3,9.2,1.2,1.1,13.4,15.4,0.9,1.5,2.5,0.124,-0.6,0.7,0.1,0.5,,2020.0,1
Jeff Green,33.0,2TM,5.0,48.0,4.0,960.0,13.7,0.59,0.532,0.265,2.7,12.0,7.5,7.9,1.3,1.7,9.9,19.0,1.2,0.9,2.1,0.104,0.0,-0.1,-0.1,0.5,,2020.0,1
Robin Lopez,31.0,MIL,5.0,66.0,5.0,958.0,10.2,0.554,0.351,0.177,6.2,10.2,8.3,6.3,0.5,4.1,16.4,16.6,-0.1,1.6,1.5,0.077,-3.0,0.4,-2.6,-0.2,,2020.0,4
Wes Iwundu,25.0,ORL,3.0,52.0,21.0,953.0,10.3,0.544,0.352,0.416,2.6,12.5,7.4,8.8,1.3,1.2,8.6,13.7,0.8,0.8,1.7,0.084,-2.7,0.0,-2.6,-0.2,,2020.0,1
Jevon Carter,24.0,PHO,1.0,58.0,2.0,945.0,11.3,0.563,0.601,0.111,3.5,10.5,6.9,11.9,2.4,1.6,11.2,12.9,0.8,1.0,1.8,0.093,-0.7,1.3,0.6,0.6,,2020.0,5
Aron Baynes,33.0,PHO,5.0,42.0,28.0,934.0,15.2,0.581,0.441,0.197,8.3,20.0,14.1,10.9,0.5,2.1,10.8,21.1,1.3,0.8,2.1,0.107,-0.2,-0.8,-1.0,0.2,,2020.0,4
Ryan Arcidiacono,25.0,CHI,1.0,58.0,4.0,930.0,9.0,0.551,0.627,0.173,2.3,11.2,6.5,14.3,1.4,0.3,13.5,12.5,0.7,0.7,1.4,0.071,-2.7,-0.1,-2.8,-0.2,,2020.0,1
Treveon Graham,26.0,2TM,3.0,55.0,20.0,929.0,6.6,0.456,0.496,0.231,5.7,11.7,8.6,6.6,1.2,0.5,9.8,13.1,-0.2,0.4,0.2,0.009,-4.5,-1.1,-5.6,-0.8,,2020.0,1
Georges Niang,26.0,UTA,4.0,66.0,1.0,923.0,11.7,0.589,0.699,0.075,1.9,12.9,7.6,7.0,0.9,0.4,8.3,17.2,1.0,0.8,1.8,0.092,0.4,-0.5,-0.1,0.4,,2020.0,1
Khem Birch,27.0,ORL,5.0,48.0,24.0,922.0,11.7,0.566,0.007,0.706,10.3,15.6,12.9,7.3,1.1,2.3,14.2,10.2,1.2,0.9,2.2,0.112,-2.5,0.2,-2.4,-0.1,,2020.0,4
DeAndre' Bembry,25.0,ATL,2.0,43.0,4.0,915.0,9.6,0.5,0.285,0.211,3.9,14.1,8.9,12.3,2.8,1.7,19.4,14.0,-0.5,0.8,0.2,0.012,-3.5,1.1,-2.5,-0.1,,2020.0,5
Michael Porter Jr.,21.0,DEN,3.0,55.0,8.0,903.0,19.8,0.617,0.384,0.188,8.2,23.9,16.1,7.9,1.5,2.6,10.6,22.3,1.8,1.1,2.9,0.154,2.4,-0.8,1.5,0.8,,2020.0,2
Cody Martin,24.0,CHO,3.0,48.0,3.0,903.0,10.5,0.505,0.372,0.314,4.4,15.1,9.6,15.7,2.2,0.9,15.7,13.6,0.2,0.8,1.0,0.052,-3.1,1.0,-2.1,0.0,,2020.0,5
Hamidou Diallo,21.0,OKC,3.0,46.0,3.0,896.0,9.3,0.491,0.193,0.213,5.6,14.7,10.3,5.9,2.0,0.9,13.6,18.4,-0.7,1.1,0.4,0.022,-4.2,0.3,-3.9,-0.4,,2020.0,2
Damian Jones,24.0,ATL,5.0,55.0,27.0,887.0,15.6,0.712,0.051,0.472,8.9,16.2,12.5,5.6,1.4,3.8,11.5,11.4,2.2,0.6,2.8,0.152,-1.6,0.1,-1.5,0.1,,2020.0,4
Omari Spellman,22.0,GSW,5.0,49.0,3.0,886.0,14.4,0.551,0.373,0.312,9.1,18.0,13.4,8.1,1.8,2.4,13.9,18.8,0.5,0.7,1.2,0.066,-0.8,-1.0,-1.8,0.1,,2020.0,2
Marco Belinelli,33.0,SAS,2.0,57.0,0.0,883.0,10.8,0.532,0.567,0.185,0.9,11.2,6.0,10.7,0.6,0.1,5.3,17.5,0.7,0.2,0.8,0.046,-0.7,-2.0,-2.7,-0.2,,2020.0,1
Mo Bamba,21.0,ORL,5.0,62.0,0.0,878.0,17.5,0.542,0.374,0.161,11.9,25.6,18.5,7.2,1.3,8.8,12.1,17.1,0.8,1.7,2.5,0.135,-1.2,1.6,0.4,0.5,,2020.0,4
Vince Carter,43.0,ATL,4.0,60.0,0.0,876.0,7.5,0.47,0.664,0.095,2.2,13.2,7.6,7.7,1.2,2.4,9.4,16.6,-0.6,0.4,-0.2,-0.011,-3.1,-1.2,-4.3,-0.5,,2020.0,1
Anthony Tolliver,34.0,3TM,4.0,55.0,13.0,872.0,7.0,0.513,0.797,0.159,4.1,14.3,9.3,6.0,1.0,1.1,14.9,11.1,0.0,0.4,0.5,0.026,-2.7,-0.5,-3.2,-0.3,,2020.0,1
Rodney McGruder,28.0,LAC,2.0,56.0,4.0,871.0,6.7,0.477,0.492,0.188,3.6,14.2,9.0,5.3,1.4,0.8,10.9,10.6,-0.1,1.1,1.0,0.055,-3.7,0.8,-3.0,-0.2,,2020.0,1
Mario Hezonja,24.0,POR,4.0,53.0,4.0,871.0,9.5,0.525,0.358,0.271,3.6,18.3,11.0,7.5,2.0,0.9,14.7,13.9,0.1,0.6,0.8,0.043,-3.1,0.2,-2.9,-0.2,,2020.0,5
Abdel Nader,26.0,OKC,3.0,55.0,6.0,867.0,11.3,0.591,0.487,0.251,1.8,10.6,6.4,6.4,1.3,2.0,12.8,17.0,0.5,0.9,1.3,0.074,-1.2,0.2,-1.0,0.2,,2020.0,1
Timothé Luwawu-Cabarrot,24.0,BRK,3.0,47.0,2.0,853.0,11.0,0.599,0.595,0.301,3.6,11.6,7.7,4.9,1.0,0.7,10.8,16.8,0.9,0.7,1.7,0.095,-1.8,-0.5,-2.2,-0.1,,2020.0,1
Emmanuel Mudiay,23.0,UTA,1.0,54.0,2.0,850.0,13.0,0.543,0.266,0.254,2.4,13.5,8.2,20.9,1.4,1.0,17.3,22.6,0.1,0.9,1.0,0.057,-1.8,-0.1,-1.9,0.0,,2020.0,5
Damyean Dotson,25.0,NYK,2.0,48.0,0.0,836.0,10.9,0.527,0.562,0.114,1.2,10.6,5.8,10.0,1.3,0.5,6.5,16.5,0.6,0.4,0.9,0.053,-0.9,-0.5,-1.4,0.1,,2020.0,1
Moritz Wagner,22.0,WAS,5.0,45.0,5.0,835.0,15.1,0.638,0.301,0.357,7.0,22.2,14.3,9.8,1.6,2.0,17.7,18.6,1.1,0.6,1.7,0.099,-2.0,-0.3,-2.3,-0.1,,2020.0,2
Michael Carter-Williams,28.0,ORL,2.0,45.0,0.0,833.0,15.3,0.535,0.288,0.365,5.8,13.5,9.5,19.1,2.9,2.4,14.7,18.3,0.7,1.2,1.9,0.111,-1.5,1.6,0.1,0.5,,2020.0,5
Juancho Hernangómez,24.0,2TM,4.0,48.0,14.0,833.0,10.4,0.518,0.522,0.287,5.6,20.5,12.8,6.6,1.1,1.0,10.3,15.7,0.2,0.7,0.9,0.052,-2.2,-1.1,-3.4,-0.3,,2020.0,1
Matthew Dellavedova,29.0,CLE,1.0,57.0,4.0,821.0,8.1,0.463,0.52,0.211,2.4,7.8,5.1,29.0,1.2,0.2,23.6,13.0,0.1,0.1,0.2,0.011,-3.6,-1.6,-5.2,-0.7,,2020.0,5
Chris Boucher,27.0,TOR,5.0,62.0,0.0,819.0,20.7,0.587,0.395,0.388,14.1,21.4,17.9,4.8,1.3,7.3,7.4,19.7,2.1,1.8,3.8,0.224,1.0,1.0,2.0,0.8,,2020.0,4
Frank Jackson,21.0,NOP,1.0,59.0,2.0,797.0,9.1,0.51,0.435,0.227,2.9,8.1,5.5,10.8,1.0,0.4,11.9,21.2,-0.2,0.3,0.2,0.01,-3.3,-2.2,-5.5,-0.7,,2020.0,2
Thon Maker,22.0,DET,5.0,60.0,14.0,776.0,13.7,0.582,0.332,0.57,7.8,16.7,12.2,8.0,1.6,4.2,15.7,16.1,0.7,0.8,1.5,0.096,-2.1,0.7,-1.4,0.1,,2020.0,2
Patrick Patterson,30.0,LAC,4.0,59.0,18.0,776.0,11.5,0.58,0.738,0.185,4.8,15.1,10.1,7.2,0.4,0.3,7.7,14.7,1.1,0.8,1.9,0.118,0.8,-0.5,0.3,0.5,,2020.0,1
Dewayne Dedmon,30.0,2TM,5.0,44.0,18.0,774.0,9.4,0.473,0.42,0.141,8.5,27.6,17.8,4.0,1.5,4.8,17.4,18.1,-1.0,1.0,0.1,0.005,-5.8,0.0,-5.8,-0.7,,2020.0,4
Sterling Brown,24.0,MIL,3.0,52.0,1.0,767.0,9.5,0.486,0.531,0.156,4.3,18.5,11.8,8.6,1.7,0.8,13.3,17.0,-0.4,1.5,1.1,0.07,-3.0,1.0,-2.0,0.0,,2020.0,1
Keita Bates-Diop,24.0,2TM,3.0,44.0,0.0,744.0,12.4,0.539,0.44,0.321,3.5,15.1,9.1,5.8,1.2,2.7,6.0,15.8,0.6,0.6,1.2,0.078,-1.0,-0.4,-1.4,0.1,,2020.0,1
Elie Okobo,22.0,PHO,1.0,55.0,3.0,719.0,10.6,0.516,0.392,0.392,2.4,11.6,6.9,21.2,1.6,0.5,15.2,14.8,0.5,0.5,1.0,0.067,-1.9,0.0,-1.9,0.0,,2020.0,2
Bruno Fernando,21.0,ATL,5.0,56.0,13.0,713.0,11.9,0.542,0.186,0.256,10.0,20.0,15.0,9.9,1.2,2.0,15.9,15.3,0.4,0.4,0.8,0.055,-3.2,-0.9,-4.1,-0.4,,2020.0,2
Rodions Kurucs,21.0,BRK,4.0,47.0,9.0,684.0,8.9,0.555,0.508,0.215,3.9,16.6,10.4,10.4,1.7,0.6,19.2,14.7,-0.1,0.8,0.8,0.055,-3.6,0.9,-2.8,-0.1,,2020.0,2
Raul Neto,27.0,PHI,1.0,54.0,3.0,668.0,12.7,0.567,0.396,0.212,1.8,8.3,5.0,20.3,1.7,0.8,16.2,18.7,0.5,0.6,1.2,0.083,-1.2,-0.6,-1.8,0.0,,2020.0,5
Harry Giles,21.0,SAC,5.0,46.0,17.0,667.0,16.4,0.58,0.008,0.195,7.1,25.1,15.9,14.2,1.6,2.6,13.9,20.6,0.8,0.8,1.6,0.112,-2.2,0.9,-1.3,0.1,,2020.0,2
Tony Bradley,22.0,UTA,5.0,58.0,3.0,663.0,21.7,0.681,0.016,0.243,19.1,25.0,22.2,5.4,1.0,4.1,12.5,15.8,2.2,1.1,3.3,0.236,1.0,0.3,1.3,0.6,,2020.0,2
Daniel Gafford,21.0,CHI,5.0,43.0,7.0,609.0,16.2,0.686,0.0,0.448,9.0,10.3,9.6,5.2,1.0,8.7,15.3,13.3,1.1,0.8,1.9,0.146,-2.8,1.5,-1.3,0.1,,2020.0,4
Nickeil Alexander-Walker,21.0,NOP,2.0,47.0,1.0,591.0,8.9,0.473,0.5,0.139,1.6,13.5,7.5,21.1,1.3,1.1,16.1,23.3,-0.7,0.4,-0.2,-0.02,-3.2,-1.4,-4.6,-0.4,,2020.0,2
Nassir Little,19.0,POR,4.0,48.0,5.0,573.0,9.6,0.505,0.391,0.291,5.7,13.9,9.9,5.0,1.1,2.1,8.1,13.7,0.3,0.3,0.6,0.047,-2.9,-0.6,-3.5,-0.2,,2020.0,2
Mike Muscala,28.0,OKC,5.0,47.0,2.0,572.0,12.5,0.569,0.757,0.116,3.2,17.3,10.4,10.1,0.8,1.8,7.9,16.6,0.7,0.6,1.3,0.107,0.1,-0.2,-0.1,0.3,,2020.0,1
Gary Clark,25.0,2TM,4.0,42.0,5.0,567.0,10.7,0.568,0.835,0.075,6.8,14.0,10.3,4.1,0.5,3.4,6.8,11.0,0.7,0.5,1.2,0.1,-0.9,-0.9,-1.9,0.0,,2020.0,1
Troy Daniels,28.0,2TM,2.0,47.0,0.0,532.0,8.4,0.518,0.71,0.086,2.5,8.2,5.4,4.3,1.0,0.5,5.9,16.3,0.1,0.5,0.6,0.056,-1.7,-1.2,-2.9,-0.1,,2020.0,1
Yogi Ferrell,26.0,SAC,1.0,50.0,0.0,530.0,12.2,0.528,0.42,0.223,1.2,9.4,5.2,18.8,1.6,0.7,11.9,19.2,0.3,0.3,0.7,0.06,-1.5,-0.3,-1.8,0.0,,2020.0,5
Quinn Cook,26.0,LAL,1.0,44.0,1.0,508.0,10.0,0.509,0.397,0.065,2.4,8.5,5.5,13.8,1.1,0.4,13.0,21.0,-0.2,0.5,0.3,0.03,-2.3,-1.4,-3.8,-0.2,,2020.0,1
Marko Gudurić,24.0,MEM,2.0,44.0,0.0,484.0,8.8,0.514,0.529,0.166,3.1,12.6,7.9,12.3,1.2,1.4,17.6,17.6,-0.3,0.4,0.1,0.014,-2.7,-0.7,-3.4,-0.2,,2020.0,5
Shaquille Harrison,26.0,CHI,2.0,43.0,10.0,484.0,17.8,0.559,0.255,0.303,4.8,15.3,9.8,15.3,3.4,3.7,9.2,18.1,0.7,0.8,1.5,0.153,0.4,2.4,2.8,0.6,,2020.0,5
Cheick Diallo,23.0,PHO,5.0,47.0,2.0,479.0,16.5,0.688,0.021,0.275,6.9,23.7,15.2,6.9,1.1,2.2,16.7,17.0,0.8,0.5,1.3,0.132,-1.1,-0.2,-1.3,0.1,,2020.0,4
Goga Bitadze,20.0,IND,5.0,54.0,2.0,471.0,12.1,0.523,0.28,0.22,5.9,18.7,12.3,6.7,1.0,6.9,14.5,17.9,-0.1,0.8,0.7,0.067,-4.1,1.8,-2.3,0.0,,2020.0,4
Javonte Green,26.0,BOS,2.0,48.0,2.0,468.0,13.1,0.564,0.262,0.333,5.6,15.6,10.6,7.7,2.5,1.6,13.7,15.3,0.4,0.8,1.1,0.113,-2.1,1.4,-0.7,0.2,,2020.0,5
Boban Marjanović,31.0,DAL,5.0,44.0,5.0,422.0,25.7,0.612,0.081,0.27,16.6,32.1,24.5,8.3,0.9,2.0,11.3,26.9,1.2,0.6,1.8,0.2,2.8,-1.6,1.2,0.3,,2020.0,4
Jared Dudley,34.0,LAL,4.0,45.0,1.0,364.0,7.8,0.558,0.7,0.033,1.8,13.7,7.8,9.5,2.0,0.7,11.6,8.0,0.3,0.5,0.8,0.102,-2.7,2.0,-0.7,0.1,,2020.0,1
Chris Silva,23.0,MIA,4.0,44.0,0.0,346.0,17.3,0.651,0.038,0.705,20.2,20.6,20.4,9.9,1.3,6.0,23.8,17.1,0.7,0.5,1.3,0.178,-3.1,0.8,-2.3,0.0,,2020.0,4
Julius Randle,26.0,NYK,4.0,71.0,71.0,2667.0,19.7,0.567,0.294,0.325,3.5,25.7,14.7,27.2,1.2,0.6,13.8,29.3,3.4,4.3,7.8,0.14,2.9,0.9,3.8,3.9,"MVP-8,MIP-1,AS,NBA2",2021.0,0
RJ Barrett,20.0,NYK,2.0,72.0,72.0,2511.0,13.4,0.535,0.292,0.26,3.0,14.8,8.9,13.8,1.1,0.8,10.5,23.4,0.9,3.1,4.1,0.078,-0.9,-0.3,-1.2,0.5,,2021.0,2
Nikola Jokić,25.0,DEN,5.0,72.0,72.0,2488.0,31.3,0.647,0.183,0.305,9.4,26.1,17.8,40.4,1.9,1.9,13.1,29.6,12.2,3.4,15.6,0.301,9.1,3.0,12.1,8.8,"MVP-1,AS,NBA1",2021.0,0
Buddy Hield,28.0,SAC,2.0,71.0,71.0,2433.0,12.8,0.567,0.727,0.105,1.3,14.1,7.6,14.7,1.2,1.0,11.1,20.7,1.5,0.7,2.2,0.044,1.0,-1.6,-0.6,0.9,,2021.0,1
Damian Lillard,30.0,POR,1.0,67.0,67.0,2398.0,25.6,0.623,0.528,0.363,1.4,11.5,6.3,34.6,1.3,0.6,11.6,31.4,9.6,0.8,10.4,0.209,7.5,-1.3,6.3,5.0,"MVP-7,AS,NBA2",2021.0,0
Terry Rozier,26.0,CHO,2.0,69.0,69.0,2383.0,17.1,0.575,0.504,0.178,2.1,11.8,6.9,20.0,1.8,1.1,9.5,24.4,3.3,2.0,5.2,0.105,2.2,-0.5,1.6,2.2,,2021.0,0
Russell Westbrook,32.0,WAS,1.0,65.0,65.0,2369.0,19.5,0.509,0.221,0.334,4.9,28.6,16.8,48.6,1.7,0.8,18.0,30.2,0.5,3.2,3.7,0.075,2.6,1.1,3.7,3.4,MVP-11,2021.0,0
Andrew Wiggins,25.0,GSW,4.0,71.0,71.0,2364.0,15.0,0.568,0.348,0.225,3.7,11.8,7.8,10.9,1.3,2.6,9.8,23.3,1.2,2.7,3.9,0.08,0.0,-0.4,-0.4,1.0,,2021.0,0
Mikal Bridges,24.0,PHO,3.0,72.0,72.0,2348.0,16.4,0.667,0.471,0.196,3.7,11.1,7.5,8.8,1.6,2.4,7.3,14.9,5.4,2.6,8.0,0.164,2.4,0.9,3.3,3.1,,2021.0,0
Nikola Vučević,30.0,2TM,5.0,70.0,70.0,2348.0,22.9,0.56,0.315,0.112,6.5,30.9,18.5,21.3,1.3,1.8,7.9,29.3,3.3,3.0,6.3,0.129,4.9,0.4,5.3,4.4,AS,2021.0,0
Nikola Vučević,30.0,ORL,5.0,44.0,44.0,1500.0,23.5,0.565,0.317,0.121,5.8,30.8,17.9,22.1,1.4,1.7,8.0,29.9,2.1,1.8,3.9,0.125,5.5,0.4,5.9,3.0,,2021.0,0
Anthony Edwards,19.0,MIN,2.0,72.0,55.0,2314.0,13.9,0.523,0.429,0.225,2.7,13.5,7.9,14.6,1.7,1.3,10.7,27.0,-0.6,1.4,0.8,0.017,-0.4,-1.7,-2.1,-0.1,ROY-2,2021.0,2
Jayson Tatum,22.0,BOS,3.0,64.0,64.0,2290.0,21.3,0.576,0.368,0.258,2.4,20.7,11.5,20.3,1.6,1.3,10.4,30.8,4.1,2.5,6.5,0.137,4.2,-0.3,3.9,3.4,AS,2021.0,0
Devin Booker,24.0,PHO,2.0,67.0,67.0,2270.0,19.2,0.587,0.288,0.305,1.7,12.1,7.0,20.6,1.2,0.6,12.4,32.7,2.9,2.0,4.9,0.104,1.7,-1.4,0.3,1.3,AS,2021.0,0
Khris Middleton,29.0,MIL,3.0,68.0,68.0,2269.0,18.2,0.588,0.34,0.22,2.6,15.7,9.4,23.2,1.5,0.4,13.1,25.0,4.1,2.2,6.4,0.135,1.7,-0.3,1.3,1.9,,2021.0,0
Duncan Robinson,26.0,MIA,3.0,72.0,72.0,2262.0,11.0,0.628,0.855,0.105,0.4,12.1,6.3,8.3,0.9,0.9,9.7,16.6,1.9,1.8,3.7,0.079,-0.2,-0.8,-1.0,0.6,,2021.0,1
Luka Dončić,21.0,DAL,1.0,66.0,66.0,2262.0,25.3,0.587,0.406,0.349,2.7,22.9,12.8,44.1,1.4,1.5,15.3,36.0,5.1,2.6,7.7,0.163,6.1,0.7,6.8,5.1,"MVP-6,AS,NBA1",2021.0,0
Robert Covington,30.0,POR,4.0,70.0,70.0,2243.0,11.2,0.553,0.699,0.122,2.8,19.8,11.1,6.8,2.2,3.4,10.7,11.5,1.4,2.4,3.7,0.08,-1.3,1.5,0.2,1.2,,2021.0,5
Royce O'Neale,27.0,UTA,3.0,71.0,71.0,2241.0,9.9,0.599,0.706,0.117,4.4,18.0,11.5,10.4,1.2,1.2,16.7,9.6,2.3,3.3,5.6,0.121,-1.2,2.1,1.0,1.7,,2021.0,3
Domantas Sabonis,24.0,IND,4.0,62.0,62.0,2231.0,20.6,0.601,0.179,0.363,7.3,28.6,18.0,27.5,1.6,1.2,16.9,24.1,4.0,3.0,6.9,0.149,2.3,1.6,3.8,3.3,AS,2021.0,0
Bojan Bogdanović,31.0,UTA,3.0,72.0,72.0,2216.0,14.0,0.588,0.498,0.286,2.0,11.1,6.7,9.1,1.0,0.1,10.9,22.8,2.7,2.5,5.2,0.113,0.2,-0.7,-0.4,0.9,,2021.0,3
Norman Powell,27.0,2TM,3.0,69.0,58.0,2205.0,16.2,0.618,0.453,0.295,2.0,8.8,5.3,9.2,1.8,0.8,10.3,22.6,3.4,1.3,4.7,0.103,1.1,-0.7,0.4,1.3,,2021.0,0
Norman Powell,27.0,TOR,2.0,42.0,31.0,1277.0,17.7,0.645,0.475,0.288,1.6,9.6,5.4,10.0,1.8,0.6,10.8,24.2,2.3,0.9,3.2,0.12,2.2,-0.7,1.5,1.1,,2021.0,3
Chris Paul,35.0,PHO,1.0,70.0,70.0,2199.0,21.4,0.599,0.294,0.206,1.3,14.5,8.0,40.9,2.2,0.8,14.0,22.6,6.5,2.7,9.2,0.201,3.5,1.1,4.6,3.6,"MVP-5,AS,NBA2",2021.0,0
Rudy Gobert,28.0,UTA,5.0,71.0,71.0,2187.0,23.5,0.683,0.007,0.646,12.2,33.5,23.3,6.0,0.9,7.0,13.7,17.0,6.1,5.2,11.3,0.248,2.1,2.8,4.9,3.8,"MVP-10,DPOY-1,AS,NBA3,DEF1",2021.0,4
Justin Holiday,31.0,IND,2.0,72.0,52.0,2183.0,10.4,0.571,0.725,0.136,1.6,11.1,6.4,7.0,1.6,1.5,7.5,14.0,1.4,1.8,3.1,0.069,-0.9,-0.1,-1.0,0.6,,2021.0,1
Isaac Okoro,20.0,CLE,2.0,67.0,67.0,2173.0,7.9,0.514,0.383,0.281,3.4,7.3,5.3,8.6,1.4,1.0,12.0,14.3,-0.1,1.0,0.9,0.02,-4.2,-0.9,-5.1,-1.7,,2021.0,2
Coby White,20.0,CHI,1.0,69.0,54.0,2156.0,12.0,0.54,0.503,0.157,1.5,13.0,7.3,21.8,0.9,0.6,13.9,22.5,0.7,1.7,2.4,0.052,-1.2,-1.2,-2.4,-0.2,,2021.0,2
Stephen Curry,32.0,GSW,1.0,63.0,63.0,2152.0,26.3,0.655,0.587,0.289,1.5,15.4,8.5,30.5,1.7,0.3,12.2,34.8,6.5,2.5,9.0,0.201,8.3,0.4,8.7,5.8,"MVP-3,AS,NBA1",2021.0,0
Bradley Beal,27.0,WAS,2.0,60.0,60.0,2147.0,22.7,0.593,0.27,0.332,3.6,10.4,7.0,21.3,1.5,0.9,10.6,34.1,4.2,1.7,5.9,0.132,4.8,-1.4,3.4,2.9,"AS,NBA3",2021.0,0
Bam Adebayo,23.0,MIA,5.0,64.0,64.0,2143.0,22.7,0.626,0.01,0.443,7.7,22.6,15.3,26.9,1.7,3.2,15.0,23.7,5.6,3.2,8.8,0.197,2.9,2.0,4.9,3.7,"DPOY-4,DEF2",2021.0,0
Joe Harris,29.0,BRK,3.0,69.0,65.0,2141.0,14.1,0.663,0.628,0.089,2.3,10.1,6.4,8.4,1.0,0.6,7.8,16.2,4.1,1.1,5.2,0.117,1.6,-1.2,0.4,1.3,,2021.0,1
Dejounte Murray,24.0,SAS,1.0,67.0,67.0,2139.0,16.5,0.509,0.204,0.138,2.8,21.1,11.8,25.9,2.3,0.3,10.2,23.4,0.7,2.6,3.3,0.074,-0.2,1.0,0.8,1.5,,2021.0,0
Kevin Huerter,22.0,ATL,2.0,69.0,49.0,2126.0,12.2,0.541,0.528,0.088,2.0,9.7,6.0,16.3,1.9,0.7,9.4,17.2,1.9,1.7,3.6,0.08,-0.6,0.4,-0.3,1.0,,2021.0,2
Trae Young,22.0,ATL,1.0,63.0,63.0,2125.0,23.0,0.589,0.357,0.491,2.0,10.5,6.3,45.5,1.2,0.5,16.2,33.0,5.9,1.3,7.2,0.163,5.3,-1.7,3.7,3.0,,2021.0,0
Deandre Ayton,22.0,PHO,5.0,69.0,69.0,2115.0,20.3,0.653,0.029,0.252,12.4,26.3,19.5,6.8,1.0,3.4,11.9,18.2,5.3,3.1,8.4,0.191,1.1,0.1,1.2,1.7,,2021.0,2
Collin Sexton,22.0,CLE,2.0,60.0,60.0,2115.0,18.0,0.573,0.239,0.347,3.0,7.0,4.9,22.6,1.4,0.4,11.6,29.7,2.6,0.9,3.5,0.08,1.8,-1.9,-0.2,1.0,,2021.0,2
Eric Bledsoe,31.0,NOP,2.0,71.0,70.0,2111.0,11.5,0.533,0.486,0.267,1.5,11.1,6.3,17.3,1.2,1.1,12.3,18.5,1.1,1.3,2.3,0.053,-1.2,-0.9,-2.0,0.0,,2021.0,3
Harrison Barnes,28.0,SAC,4.0,58.0,58.0,2102.0,15.4,0.626,0.399,0.366,3.3,17.2,10.2,13.0,1.0,0.4,11.1,17.2,4.0,0.5,4.5,0.103,1.5,-1.3,0.2,1.1,,2021.0,0
Brandon Ingram,23.0,NOP,3.0,61.0,61.0,2093.0,19.2,0.584,0.341,0.291,1.8,13.7,7.8,22.4,1.0,1.6,11.0,28.0,3.9,1.3,5.3,0.12,3.3,-1.1,2.2,2.2,,2021.0,0
DeMar DeRozan,31.0,SAS,4.0,61.0,61.0,2056.0,22.0,0.591,0.08,0.478,2.0,11.6,6.7,32.0,1.3,0.6,9.7,26.1,5.9,1.5,7.4,0.172,3.2,-0.1,3.1,2.6,,2021.0,0
Ja Morant,21.0,MEM,1.0,63.0,63.0,2053.0,16.7,0.537,0.252,0.389,3.0,10.1,6.5,33.5,1.3,0.6,15.3,27.2,1.6,1.6,3.2,0.074,1.3,-1.6,-0.4,0.8,,2021.0,2
Jae'Sean Tate,25.0,HOU,3.0,70.0,58.0,2043.0,13.8,0.576,0.312,0.235,6.6,13.2,9.8,13.2,2.0,1.6,12.4,16.4,2.2,1.6,3.8,0.088,-1.6,0.3,-1.4,0.3,,2021.0,5
De'Aaron Fox,23.0,SAC,1.0,58.0,58.0,2036.0,20.7,0.565,0.288,0.376,1.8,9.4,5.5,32.7,2.1,1.1,11.9,31.0,3.4,0.8,4.2,0.098,3.1,-1.3,1.8,2.0,,2021.0,0
Zach LaVine,25.0,CHI,2.0,58.0,58.0,2034.0,21.5,0.634,0.425,0.265,2.0,13.6,7.9,23.4,1.1,1.2,13.9,31.0,4.0,1.8,5.9,0.138,4.9,-0.8,4.0,3.1,AS,2021.0,0
Zion Williamson,20.0,NOP,4.0,61.0,61.0,2026.0,27.1,0.649,0.033,0.51,8.9,14.7,11.8,19.7,1.3,1.8,11.6,29.8,7.1,1.6,8.7,0.205,6.1,-0.3,5.8,4.0,AS,2021.0,0
Tobias Harris,28.0,PHI,4.0,62.0,62.0,2014.0,20.0,0.597,0.225,0.221,3.5,19.2,11.4,17.6,1.3,2.3,9.5,23.9,4.1,3.1,7.1,0.17,2.9,0.8,3.7,2.9,,2021.0,0
Giannis Antetokounmpo,26.0,MIL,4.0,61.0,61.0,2013.0,29.2,0.633,0.201,0.528,5.3,28.9,17.5,28.7,1.7,3.2,13.2,32.5,6.9,3.3,10.2,0.244,6.2,2.8,9.0,5.6,"MVP-4,DPOY-5,AS,NBA1,DEF1",2021.0,0
Pascal Siakam,26.0,TOR,4.0,56.0,56.0,2006.0,17.7,0.547,0.256,0.313,5.0,17.6,11.1,20.5,1.5,1.8,10.6,26.3,2.3,2.0,4.2,0.101,1.0,-0.3,0.8,1.4,,2021.0,0
Jaylen Brown,24.0,BOS,2.0,58.0,58.0,1999.0,19.9,0.586,0.37,0.225,3.9,15.5,9.7,16.5,1.8,1.5,11.5,29.7,2.8,2.0,4.8,0.115,3.2,-0.7,2.5,2.3,AS,2021.0,0
Dillon Brooks,25.0,MEM,3.0,67.0,67.0,1997.0,12.1,0.515,0.361,0.189,2.8,7.7,5.2,11.7,1.9,1.2,9.6,26.1,-0.5,1.8,1.4,0.033,-2.6,-1.1,-3.7,-0.9,,2021.0,3
Kelly Olynyk,29.0,2TM,4.0,70.0,62.0,1997.0,16.4,0.61,0.528,0.251,4.8,22.5,13.6,16.0,1.9,2.1,14.0,19.7,2.5,2.6,5.1,0.121,0.3,0.9,1.2,1.6,,2021.0,0
Kelly Olynyk,29.0,MIA,5.0,43.0,38.0,1157.0,12.1,0.549,0.646,0.106,4.4,21.1,12.9,11.7,1.7,2.4,12.3,17.5,0.3,1.6,1.9,0.078,-1.6,1.0,-0.7,0.4,,2021.0,1
Tim Hardaway Jr.,28.0,DAL,2.0,70.0,31.0,1985.0,15.7,0.589,0.581,0.191,1.1,11.5,6.4,9.8,0.8,0.5,6.1,23.4,3.2,1.2,4.3,0.105,2.0,-1.7,0.4,1.2,6MOY-5,2021.0,3
Patrick Williams,19.0,CHI,4.0,71.0,71.0,1983.0,10.5,0.562,0.261,0.237,3.7,14.4,9.1,6.7,1.6,2.0,14.4,14.9,0.3,2.2,2.5,0.06,-2.8,0.4,-2.4,-0.2,,2021.0,2
Draymond Green,30.0,GSW,4.0,63.0,63.0,1982.0,13.3,0.53,0.332,0.232,3.0,20.8,12.0,36.4,2.5,2.3,31.0,13.1,1.2,3.4,4.6,0.112,-1.6,3.3,1.7,1.9,"DPOY-3,DEF1",2021.0,0
Keldon Johnson,21.0,SAS,3.0,69.0,67.0,1968.0,13.8,0.557,0.257,0.278,4.9,17.6,11.1,8.9,1.0,1.0,9.0,19.2,1.6,1.7,3.3,0.079,-0.9,-0.7,-1.6,0.2,,2021.0,2
Dennis Schröder,27.0,LAL,2.0,61.0,61.0,1956.0,13.8,0.543,0.279,0.32,1.7,10.3,6.1,26.9,1.7,0.6,15.8,22.9,1.0,2.7,3.8,0.093,-1.3,0.2,-1.1,0.4,,2021.0,5
Kyle Kuzma,25.0,LAL,3.0,68.0,32.0,1954.0,12.7,0.546,0.502,0.128,6.3,17.7,12.0,9.8,0.9,1.9,12.4,20.3,0.4,2.9,3.3,0.08,-0.4,-0.1,-0.4,0.8,,2021.0,1
P.J. Washington,22.0,CHO,4.0,64.0,61.0,1954.0,13.4,0.549,0.423,0.211,5.1,18.3,11.6,12.2,1.7,4.0,14.6,19.4,0.3,2.4,2.7,0.066,-1.5,0.6,-0.9,0.6,,2021.0,2
Reggie Bullock,29.0,NYK,3.0,65.0,64.0,1949.0,11.1,0.606,0.709,0.098,0.9,11.4,6.2,7.4,1.3,0.5,7.1,14.4,2.3,2.3,4.6,0.114,-0.9,0.8,-0.1,0.9,,2021.0,1
Danny Green,33.0,PHI,3.0,69.0,69.0,1934.0,12.1,0.582,0.794,0.074,3.2,11.5,7.4,8.3,2.3,2.6,10.7,14.0,1.6,3.1,4.6,0.115,0.4,1.5,1.9,1.9,,2021.0,5
Miles Bridges,22.0,CHO,4.0,66.0,19.0,1932.0,14.7,0.625,0.466,0.182,4.5,18.0,11.1,11.4,1.1,2.7,13.6,17.3,2.4,1.9,4.2,0.105,0.2,0.1,0.2,1.1,6MOY-12,2021.0,2
Malcolm Brogdon,28.0,IND,1.0,56.0,56.0,1930.0,17.9,0.561,0.382,0.181,3.3,13.2,8.3,25.7,1.2,0.6,9.8,25.9,2.9,1.3,4.2,0.105,3.0,-0.9,2.1,2.0,,2021.0,0
Dorian Finney-Smith,27.0,DAL,4.0,60.0,60.0,1921.0,12.0,0.609,0.648,0.088,5.7,13.0,9.3,7.2,1.3,1.2,9.0,12.2,2.8,1.6,4.4,0.11,0.2,0.0,0.1,1.0,,2021.0,1
Michael Porter Jr.,22.0,DEN,3.0,61.0,54.0,1912.0,20.6,0.663,0.468,0.164,5.4,20.9,13.2,5.6,1.0,2.8,8.1,21.7,4.8,2.1,6.9,0.173,4.0,-0.9,3.1,2.5,,2021.0,2
Saddiq Bey,21.0,DET,3.0,70.0,53.0,1909.0,12.6,0.567,0.666,0.213,2.5,16.2,9.3,7.6,1.3,0.6,7.4,18.7,1.6,1.7,3.3,0.082,0.3,-0.8,-0.5,0.7,ROY-4,2021.0,2
Jrue Holiday,30.0,MIL,1.0,59.0,56.0,1907.0,20.0,0.592,0.344,0.165,4.2,10.4,7.4,26.3,2.4,1.7,12.6,22.2,4.3,2.2,6.6,0.165,2.8,0.6,3.4,2.6,"DPOY-8,DEF1",2021.0,0
Brook Lopez,32.0,MIL,5.0,70.0,70.0,1902.0,15.4,0.611,0.439,0.222,6.0,13.0,9.6,3.5,1.0,4.8,8.3,16.9,3.1,2.2,5.3,0.133,0.0,0.0,0.0,0.9,,2021.0,4
Kentavious Caldwell-Pope,27.0,LAL,2.0,67.0,67.0,1902.0,10.7,0.588,0.579,0.221,1.6,8.9,5.3,9.2,1.6,1.2,10.6,14.2,1.6,2.6,4.2,0.107,-1.6,1.0,-0.5,0.7,DPOY-11,2021.0,3
Fred VanVleet,26.0,TOR,2.0,52.0,52.0,1899.0,16.8,0.534,0.547,0.22,1.8,11.3,6.4,26.7,2.2,2.0,9.1,23.9,2.4,1.8,4.3,0.108,2.2,0.2,2.5,2.2,,2021.0,0
Clint Capela,26.0,ATL,5.0,63.0,63.0,1898.0,24.3,0.601,0.0,0.327,17.5,34.3,26.1,4.1,1.1,6.0,8.4,19.9,4.9,3.3,8.2,0.207,2.7,0.0,2.7,2.2,DPOY-6,2021.0,4
Kyle Anderson,27.0,MEM,4.0,69.0,69.0,1887.0,17.2,0.578,0.397,0.28,2.9,19.5,11.1,18.3,2.1,2.7,10.4,18.5,2.9,2.7,5.6,0.143,1.4,1.9,3.3,2.5,,2021.0,0
Kyrie Irving,28.0,BRK,1.0,54.0,54.0,1886.0,24.4,0.614,0.348,0.201,3.2,11.4,7.5,28.6,1.9,1.7,9.9,30.4,5.8,1.6,7.4,0.189,5.7,-0.2,5.5,3.6,"AS,NBA3",2021.0,0
Ben Simmons,24.0,PHI,1.0,58.0,58.0,1877.0,18.3,0.584,0.017,0.492,5.6,18.7,12.2,31.3,2.4,1.7,19.6,20.2,2.7,3.3,6.0,0.153,0.7,2.2,2.9,2.3,"MVP-12,DPOY-2,AS,DEF1",2021.0,0
Joe Ingles,33.0,UTA,3.0,67.0,30.0,1867.0,15.9,0.672,0.722,0.16,1.6,11.8,6.9,24.0,1.2,0.5,16.3,16.6,4.7,2.3,7.0,0.18,2.6,0.9,3.5,2.6,6MOY-2,2021.0,3
Jarrett Allen,22.0,2TM,5.0,63.0,45.0,1864.0,20.1,0.661,0.039,0.602,11.6,26.3,18.9,8.7,0.8,4.3,14.1,16.6,4.3,2.1,6.4,0.166,1.3,-0.2,1.1,1.4,,2021.0,2
Jarrett Allen,22.0,CLE,5.0,51.0,40.0,1544.0,19.8,0.649,0.046,0.549,11.2,25.9,18.3,8.8,0.8,4.1,13.1,16.8,3.4,1.6,5.0,0.155,1.2,-0.4,0.8,1.1,,2021.0,2
Dwayne Bacon,25.0,ORL,2.0,72.0,50.0,1853.0,9.9,0.49,0.285,0.242,1.7,11.2,6.3,7.9,1.2,0.2,5.4,19.8,-0.3,0.9,0.5,0.013,-3.7,-1.4,-5.1,-1.5,,2021.0,1
John Collins,23.0,ATL,4.0,63.0,63.0,1848.0,20.6,0.645,0.27,0.265,7.1,20.3,13.8,6.9,0.9,3.0,8.9,22.2,4.8,1.9,6.7,0.174,2.5,-0.2,2.3,2.0,,2021.0,4
Jakob Poeltl,25.0,SAS,5.0,69.0,51.0,1845.0,17.5,0.612,0.0,0.288,12.4,19.3,15.8,10.1,1.2,5.7,14.6,13.4,3.2,2.5,5.7,0.148,-0.5,1.2,0.8,1.3,,2021.0,4
Jeff Green,34.0,BRK,4.0,68.0,38.0,1835.0,13.0,0.624,0.472,0.304,2.2,13.1,7.9,7.8,0.9,1.3,8.2,15.6,2.9,1.2,4.1,0.107,0.0,-0.9,-0.8,0.5,,2021.0,1
Nicolas Batum,32.0,LAC,3.0,67.0,38.0,1835.0,12.9,0.617,0.66,0.141,3.2,15.9,9.7,10.5,1.9,1.8,10.8,11.8,2.7,2.3,5.0,0.132,0.6,1.5,2.1,1.9,,2021.0,1
Jerami Grant,26.0,DET,3.0,54.0,54.0,1829.0,16.9,0.556,0.353,0.368,2.1,13.2,7.6,14.3,0.9,2.8,9.1,28.5,1.6,1.6,3.2,0.083,1.9,-0.8,1.1,1.4,,2021.0,0
Paul George,30.0,LAC,3.0,54.0,54.0,1821.0,20.5,0.598,0.437,0.239,2.9,18.9,11.1,24.6,1.7,1.2,14.5,30.0,3.0,2.3,5.3,0.139,3.9,0.3,4.2,2.9,"AS,NBA3",2021.0,0
Jordan Clarkson,28.0,UTA,2.0,68.0,1.0,1818.0,17.1,0.549,0.557,0.134,2.9,12.7,8.0,15.3,1.6,0.4,9.2,29.7,1.7,2.5,4.2,0.111,1.8,-0.4,1.4,1.6,6MOY-1,2021.0,3
Donte DiVincenzo,24.0,MIL,2.0,66.0,66.0,1814.0,13.0,0.542,0.574,0.118,4.9,16.7,11.0,14.2,1.9,0.7,12.5,16.7,1.5,2.1,3.6,0.095,-0.2,0.4,0.2,1.0,,2021.0,3
Gary Trent Jr.,22.0,2TM,2.0,58.0,38.0,1802.0,12.1,0.534,0.546,0.135,1.6,7.7,4.6,6.6,1.5,0.5,4.9,20.9,1.0,0.7,1.7,0.045,-0.5,-1.7,-2.3,-0.1,,2021.0,2
Rui Hachimura,22.0,WAS,4.0,57.0,57.0,1797.0,11.4,0.549,0.211,0.248,2.9,15.5,9.2,6.3,1.1,0.3,8.6,18.1,0.7,1.4,2.1,0.056,-2.2,-1.0,-3.1,-0.5,,2021.0,2
T.J. McConnell,28.0,IND,1.0,69.0,3.0,1796.0,16.9,0.583,0.098,0.098,3.3,12.1,7.7,34.3,3.4,1.0,20.9,15.3,2.6,2.2,4.8,0.128,-0.2,1.7,1.4,1.5,6MOY-11,2021.0,5
Josh Richardson,27.0,DAL,2.0,59.0,56.0,1790.0,11.9,0.537,0.432,0.175,3.2,8.8,6.0,12.1,1.7,1.2,10.6,18.4,1.0,1.4,2.4,0.066,-1.5,-0.2,-1.7,0.1,,2021.0,1
Darius Garland,21.0,CLE,1.0,54.0,50.0,1790.0,14.2,0.547,0.332,0.165,1.4,6.8,4.0,30.9,1.8,0.3,16.0,24.9,0.3,0.9,1.2,0.033,0.0,-2.1,-2.1,-0.1,,2021.0,2
Richaun Holmes,27.0,SAC,5.0,61.0,61.0,1782.0,20.2,0.669,0.019,0.296,8.8,22.7,15.7,8.3,1.1,4.6,10.3,17.5,4.7,1.4,6.1,0.165,0.6,0.0,0.6,1.2,,2021.0,4
Théo Maledon,19.0,OKC,1.0,65.0,49.0,1778.0,8.2,0.489,0.51,0.22,1.4,11.0,6.2,18.8,1.5,0.5,17.3,19.4,-1.9,1.1,-0.8,-0.021,-4.0,-1.0,-5.0,-1.3,,2021.0,2
Kawhi Leonard,29.0,LAC,3.0,52.0,52.0,1773.0,26.0,0.622,0.28,0.325,3.6,17.4,10.7,24.9,2.3,1.1,9.2,28.6,6.4,2.4,8.8,0.238,6.0,1.3,7.3,4.2,"MVP-13,AS,NBA1,DEF2",2021.0,0
Ricky Rubio,30.0,MIN,1.0,68.0,51.0,1772.0,13.5,0.516,0.43,0.301,1.6,12.4,6.8,33.3,2.6,0.2,16.4,16.0,1.9,1.3,3.1,0.085,-1.9,0.0,-1.9,0.0,,2021.0,5
Donovan Mitchell,24.0,UTA,1.0,53.0,53.0,1771.0,21.3,0.569,0.423,0.29,3.1,10.6,7.0,26.7,1.4,0.7,10.7,33.5,3.9,2.2,6.2,0.167,4.6,-0.2,4.3,2.8,AS,2021.0,0
Enes Freedom,28.0,POR,5.0,72.0,35.0,1758.0,22.4,0.636,0.007,0.292,16.8,31.9,24.2,7.2,0.9,2.4,11.0,17.4,5.7,1.7,7.5,0.204,2.1,-1.4,0.6,1.2,6MOY-10,2021.0,4
Jonas Valančiūnas,28.0,MEM,5.0,62.0,61.0,1755.0,24.4,0.636,0.077,0.273,15.1,31.9,23.4,10.0,1.0,2.9,10.7,22.4,5.1,2.6,7.8,0.213,3.2,-0.3,3.0,2.2,,2021.0,4
Delon Wright,28.0,2TM,1.0,63.0,39.0,1748.0,16.3,0.562,0.332,0.243,4.1,13.1,8.6,23.0,2.8,1.5,12.6,16.3,2.5,1.8,4.3,0.117,0.6,1.5,2.2,1.8,,2021.0,5
Lonzo Ball,23.0,NOP,1.0,55.0,55.0,1747.0,15.2,0.551,0.65,0.091,2.1,14.3,8.2,25.4,2.3,1.7,14.5,20.5,1.5,1.7,3.2,0.089,1.4,0.3,1.7,1.6,,2021.0,0
Tyrese Haliburton,20.0,SAC,1.0,58.0,20.0,1746.0,16.2,0.585,0.478,0.09,2.4,8.6,5.5,24.6,2.1,1.4,12.5,18.1,2.8,0.7,3.5,0.096,1.9,-0.5,1.4,1.5,ROY-3,2021.0,2
Jimmy Butler,31.0,MIA,3.0,52.0,52.0,1745.0,26.5,0.607,0.139,0.565,6.3,17.1,11.8,35.1,3.1,1.1,10.6,26.6,6.6,2.7,9.3,0.255,5.4,2.3,7.7,4.3,"DPOY-10,NBA3,DEF2",2021.0,0
Will Barton,30.0,DEN,3.0,56.0,52.0,1736.0,11.8,0.538,0.423,0.199,2.6,12.2,7.4,14.1,1.4,1.3,12.7,19.0,0.7,1.5,2.2,0.061,-1.0,-0.8,-1.9,0.1,,2021.0,1
Darius Bazley,20.0,OKC,4.0,55.0,55.0,1714.0,9.7,0.491,0.414,0.258,3.1,21.2,12.0,8.9,0.8,1.3,13.7,22.1,-2.3,1.4,-0.9,-0.026,-3.1,-1.3,-4.4,-1.0,,2021.0,2
Jamal Murray,23.0,DEN,1.0,48.0,48.0,1704.0,18.3,0.592,0.399,0.193,2.5,10.4,6.5,20.3,1.9,0.7,11.2,24.8,3.1,1.5,4.6,0.129,2.7,-0.7,2.0,1.7,,2021.0,0
Jalen Brunson,24.0,DAL,1.0,68.0,12.0,1697.0,17.1,0.618,0.319,0.241,1.8,13.1,7.5,21.3,1.0,0.1,10.3,20.2,3.9,1.1,5.1,0.143,1.5,-0.6,0.9,1.2,6MOY-4,2021.0,0
Carmelo Anthony,36.0,POR,4.0,69.0,3.0,1690.0,14.6,0.547,0.418,0.198,2.0,11.8,6.8,9.2,1.3,2.0,6.7,23.1,1.7,0.8,2.6,0.073,0.2,-1.3,-1.1,0.4,6MOY-7,2021.0,1
Karl-Anthony Towns,25.0,MIN,5.0,50.0,50.0,1689.0,23.1,0.612,0.36,0.355,8.2,26.4,17.0,22.6,1.1,2.9,13.7,29.1,3.8,1.6,5.4,0.153,4.3,0.2,4.5,2.8,,2021.0,0
Kelly Oubre Jr.,25.0,GSW,3.0,55.0,50.0,1687.0,13.3,0.529,0.394,0.244,5.2,15.4,10.4,6.5,1.6,2.2,8.0,22.1,0.0,2.2,2.2,0.062,-1.4,-0.5,-1.9,0.0,,2021.0,1
Patty Mills,32.0,SAS,1.0,68.0,1.0,1685.0,11.8,0.57,0.702,0.128,1.1,6.3,3.7,13.5,1.2,0.2,9.3,18.4,1.3,0.8,2.2,0.062,0.0,-1.2,-1.2,0.4,,2021.0,1
Devonte' Graham,25.0,CHO,1.0,55.0,44.0,1659.0,14.6,0.552,0.713,0.236,1.4,8.4,4.8,26.3,1.4,0.4,10.2,21.4,2.5,0.9,3.4,0.099,1.8,-1.1,0.7,1.1,,2021.0,5
Thaddeus Young,32.0,CHI,4.0,68.0,23.0,1652.0,20.3,0.578,0.068,0.171,11.4,16.9,14.2,27.1,2.2,2.1,16.1,22.3,2.8,2.2,5.1,0.147,1.9,1.4,3.3,2.2,6MOY-14,2021.0,4
Kendrick Nunn,25.0,MIA,1.0,56.0,44.0,1650.0,14.2,0.596,0.486,0.091,1.5,10.8,6.2,14.5,1.6,0.9,10.5,20.9,1.4,1.5,2.9,0.084,-0.1,-0.4,-0.5,0.6,,2021.0,1
Jae Crowder,30.0,PHO,4.0,60.0,42.0,1648.0,11.8,0.574,0.772,0.152,2.2,16.9,9.7,10.0,1.4,1.5,9.5,15.7,1.4,1.9,3.3,0.097,0.3,0.8,1.1,1.3,,2021.0,1
Seth Curry,30.0,PHI,2.0,57.0,57.0,1638.0,12.9,0.607,0.507,0.139,0.7,8.3,4.6,13.6,1.3,0.4,10.0,17.1,2.3,1.7,4.0,0.118,0.1,-0.4,-0.3,0.7,,2021.0,1
Tyler Herro,21.0,MIA,2.0,54.0,15.0,1635.0,13.3,0.543,0.425,0.167,1.8,16.7,9.4,18.0,1.1,1.1,11.9,23.5,0.1,1.6,1.7,0.049,-0.3,-1.0,-1.3,0.3,,2021.0,2
Doug McDermott,29.0,IND,4.0,66.0,29.0,1619.0,15.6,0.635,0.43,0.147,4.0,10.7,7.4,7.8,0.6,0.3,7.0,20.0,3.1,0.7,3.8,0.112,1.4,-2.0,-0.6,0.6,,2021.0,1
Ivica Zubac,23.0,LAC,5.0,72.0,33.0,1609.0,19.1,0.693,0.01,0.434,13.6,22.4,18.1,7.9,0.7,3.4,14.7,15.1,4.8,2.1,6.9,0.206,0.6,0.4,1.0,1.2,,2021.0,4
James Harden,31.0,2TM,1.0,44.0,43.0,1609.0,24.5,0.618,0.455,0.44,2.5,20.6,11.9,44.4,1.6,1.8,16.8,28.4,5.3,1.7,7.0,0.208,6.2,1.0,7.2,3.7,"MVP-13,AS",2021.0,0
Steven Adams,27.0,NOP,5.0,58.0,58.0,1605.0,15.1,0.596,0.01,0.438,14.4,20.4,17.4,9.1,1.6,2.2,17.5,11.7,2.3,1.7,4.0,0.119,-0.4,0.1,-0.3,0.7,,2021.0,4
Kyle Lowry,34.0,TOR,1.0,46.0,46.0,1601.0,16.5,0.593,0.555,0.268,2.3,15.1,8.5,31.8,1.4,0.9,15.9,21.4,2.9,1.3,4.1,0.124,2.0,-0.4,1.6,1.5,,2021.0,0
Daniel Theis,28.0,2TM,5.0,65.0,51.0,1601.0,15.0,0.609,0.326,0.236,6.5,18.3,12.4,9.5,1.2,3.3,11.4,15.6,2.4,1.8,4.3,0.128,-0.7,0.7,0.0,0.8,,2021.0,4
Daniel Theis,28.0,BOS,5.0,42.0,37.0,1027.0,15.0,0.625,0.33,0.233,5.8,18.1,11.9,9.3,1.2,3.9,11.4,15.0,1.7,1.2,2.9,0.134,-0.6,1.0,0.4,0.6,,2021.0,4
CJ McCollum,29.0,POR,2.0,47.0,47.0,1600.0,20.8,0.577,0.475,0.15,2.0,10.6,6.2,23.0,1.3,1.2,6.5,27.1,4.1,0.6,4.7,0.141,5.0,-1.1,3.9,2.4,,2021.0,0
Joel Embiid,26.0,PHI,5.0,51.0,51.0,1585.0,30.3,0.636,0.171,0.61,8.0,29.1,18.7,16.2,1.5,3.9,12.2,35.3,5.6,3.2,8.8,0.266,6.3,1.2,7.5,3.8,"MVP-2,DPOY-7,AS,NBA2,DEF2",2021.0,0
Marcus Smart,26.0,BOS,1.0,48.0,45.0,1581.0,13.8,0.539,0.553,0.318,2.5,9.3,5.9,23.6,2.2,1.4,14.2,18.4,1.8,1.5,3.3,0.1,-0.4,0.2,-0.3,0.7,,2021.0,5
Montrezl Harrell,27.0,LAL,5.0,69.0,1.0,1580.0,22.7,0.65,0.017,0.425,11.3,19.1,15.2,7.7,1.4,2.8,9.4,21.7,4.5,2.7,7.3,0.221,2.3,0.7,3.0,2.0,6MOY-6,2021.0,4
Pat Connaughton,28.0,MIL,2.0,69.0,4.0,1575.0,11.3,0.578,0.703,0.103,4.4,17.3,11.1,6.3,1.5,1.3,7.5,11.6,1.8,1.7,3.5,0.108,-0.5,0.5,0.0,0.8,,2021.0,1
Josh Jackson,23.0,DET,2.0,62.0,25.0,1560.0,12.0,0.516,0.364,0.308,4.0,14.2,9.1,15.1,1.7,2.6,15.0,26.5,-1.6,1.7,0.1,0.004,-2.5,-0.5,-3.0,-0.4,,2021.0,5
Nerlens Noel,26.0,NYK,5.0,64.0,41.0,1547.0,14.8,0.638,0.013,0.314,10.1,18.4,14.3,4.1,2.3,8.7,20.4,9.2,1.6,3.6,5.2,0.162,-2.4,3.8,1.4,1.3,,2021.0,4
Reggie Jackson,30.0,LAC,2.0,67.0,43.0,1544.0,14.2,0.576,0.482,0.14,1.8,11.9,7.0,19.0,1.3,0.4,10.6,19.9,2.3,1.4,3.7,0.115,0.6,-0.2,0.4,0.9,,2021.0,1
Luguentz Dort,21.0,OKC,2.0,52.0,52.0,1543.0,10.1,0.513,0.515,0.257,2.5,10.3,6.4,8.8,1.4,1.1,10.0,21.7,-0.6,1.0,0.3,0.011,-2.6,-0.9,-3.5,-0.6,,2021.0,2
Khem Birch,28.0,2TM,5.0,67.0,22.0,1529.0,15.1,0.552,0.137,0.339,11.6,15.3,13.4,8.5,1.5,3.1,9.2,13.6,2.3,1.4,3.8,0.118,-1.0,0.1,-1.0,0.4,,2021.0,4
Khem Birch,28.0,ORL,5.0,48.0,5.0,952.0,14.1,0.517,0.1,0.407,12.3,14.2,13.2,8.0,1.6,2.7,8.5,12.2,1.3,0.8,2.1,0.106,-1.7,0.1,-1.6,0.1,,2021.0,4
Garrett Temple,34.0,CHI,2.0,56.0,25.0,1528.0,8.2,0.525,0.525,0.131,2.1,9.4,5.8,10.5,1.4,1.7,12.6,13.1,0.2,1.4,1.6,0.05,-3.3,0.3,-3.0,-0.4,,2021.0,1
Lonnie Walker IV,22.0,SAS,2.0,60.0,38.0,1522.0,9.8,0.523,0.463,0.115,1.0,10.1,5.4,9.6,0.9,0.8,9.2,20.1,-0.5,0.9,0.4,0.012,-2.3,-1.4,-3.7,-0.7,,2021.0,2
Desmond Bane,22.0,MEM,2.0,68.0,17.0,1519.0,12.2,0.6,0.543,0.098,2.1,12.6,7.3,10.6,1.3,0.9,10.2,16.1,1.6,1.3,2.9,0.093,-0.6,-0.2,-0.8,0.5,,2021.0,2
Solomon Hill,29.0,ATL,4.0,71.0,16.0,1513.0,6.7,0.498,0.711,0.154,3.1,12.2,7.7,6.4,1.6,0.6,11.7,10.4,0.1,1.2,1.3,0.04,-3.0,0.5,-2.5,-0.2,,2021.0,1
Jaden McDaniels,20.0,MIN,4.0,63.0,27.0,1511.0,8.9,0.552,0.54,0.123,3.6,13.4,8.3,6.4,1.1,3.4,10.8,12.0,0.5,0.9,1.4,0.046,-3.3,-0.2,-3.5,-0.6,,2021.0,2
Cedi Osman,25.0,CLE,3.0,59.0,26.0,1510.0,10.3,0.488,0.553,0.162,2.8,12.4,7.5,17.7,1.7,0.5,11.3,20.4,-0.5,1.0,0.5,0.014,-2.3,-0.9,-3.2,-0.5,,2021.0,1
LeBron James,36.0,LAL,1.0,45.0,45.0,1504.0,24.2,0.602,0.346,0.31,2.2,23.6,12.9,41.8,1.6,1.5,15.2,31.9,3.0,2.6,5.6,0.179,5.9,2.3,8.1,3.8,"MVP-13,AS,NBA2",2021.0,0
Marcus Morris,31.0,LAC,4.0,57.0,29.0,1502.0,14.5,0.614,0.507,0.152,2.7,14.5,8.8,5.6,1.1,0.9,8.4,20.1,2.1,1.5,3.6,0.115,0.9,-0.8,0.0,0.8,,2021.0,1
Mason Plumlee,30.0,DET,5.0,56.0,56.0,1499.0,18.7,0.638,0.018,0.444,10.6,28.1,19.3,21.0,1.4,2.9,18.7,16.3,3.0,2.1,5.1,0.164,0.2,2.0,2.2,1.6,,2021.0,4
Mike Conley,33.0,UTA,1.0,51.0,51.0,1498.0,19.2,0.589,0.523,0.222,2.7,9.6,6.3,30.6,2.3,0.5,12.4,23.1,4.0,2.1,6.1,0.197,3.6,1.3,4.9,2.6,AS,2021.0,0
Gordon Hayward,30.0,CHO,3.0,44.0,44.0,1496.0,17.6,0.584,0.312,0.281,2.6,16.3,9.3,19.5,1.7,0.9,11.0,23.9,2.2,1.4,3.5,0.114,1.6,-0.1,1.6,1.4,,2021.0,3
Caris LeVert,26.0,2TM,2.0,47.0,39.0,1486.0,17.8,0.531,0.317,0.221,2.5,13.1,7.8,25.4,2.1,1.7,10.2,28.7,0.9,1.5,2.4,0.077,0.9,-0.5,0.4,0.9,,2021.0,0
Elfrid Payton,26.0,NYK,1.0,63.0,63.0,1484.0,11.7,0.478,0.158,0.172,4.7,11.0,7.9,21.6,1.6,0.6,13.3,23.2,-0.9,1.9,1.0,0.032,-2.9,-0.1,-3.0,-0.4,,2021.0,5
LaMelo Ball,19.0,CHO,1.0,51.0,31.0,1469.0,17.5,0.539,0.388,0.246,4.6,17.9,11.1,33.9,2.7,1.2,16.3,26.1,1.0,1.9,2.8,0.093,1.1,0.7,1.8,1.4,ROY-1,2021.0,2
Dāvis Bertāns,28.0,WAS,4.0,57.0,7.0,1464.0,11.4,0.62,0.895,0.241,1.3,10.8,6.1,4.4,1.0,0.7,5.9,15.9,2.1,1.0,3.1,0.101,0.3,-1.1,-0.8,0.4,,2021.0,1
Shake Milton,24.0,PHI,2.0,63.0,4.0,1461.0,14.6,0.549,0.304,0.264,2.5,8.5,5.6,20.3,1.3,1.1,12.2,24.9,1.1,1.6,2.8,0.091,-0.7,-1.0,-1.6,0.1,6MOY-12,2021.0,5
Isaiah Stewart,19.0,DET,5.0,68.0,14.0,1455.0,16.4,0.597,0.154,0.225,12.0,22.7,17.3,6.3,1.3,5.2,13.0,15.5,1.9,2.1,4.0,0.132,-1.6,0.5,-1.1,0.3,,2021.0,2
Myles Turner,24.0,IND,5.0,47.0,47.0,1455.0,15.3,0.599,0.477,0.329,4.7,18.0,11.4,4.4,1.3,8.8,11.9,16.4,1.1,2.2,3.3,0.11,-1.6,2.0,0.4,0.9,DPOY-9,2021.0,4
Chris Boucher,28.0,TOR,5.0,60.0,14.0,1453.0,21.9,0.634,0.42,0.345,8.5,22.5,15.3,6.9,1.2,7.6,6.7,20.5,4.0,2.1,6.1,0.201,2.7,0.6,3.3,2.0,6MOY-8,2021.0,4
Bruce Brown,24.0,BRK,1.0,65.0,37.0,1451.0,16.1,0.604,0.139,0.277,8.9,17.2,13.3,9.8,1.9,1.7,10.2,15.9,2.8,1.5,4.4,0.144,-0.4,0.2,-0.1,0.7,,2021.0,1
Cory Joseph,29.0,2TM,1.0,63.0,13.0,1446.0,12.5,0.556,0.31,0.207,2.7,9.7,6.1,21.4,2.0,1.1,14.5,16.3,1.3,0.8,2.1,0.069,-1.8,0.0,-1.8,0.1,,2021.0,5
Cory Joseph,29.0,SAC,1.0,44.0,2.0,944.0,9.9,0.534,0.376,0.188,2.9,8.8,5.8,14.9,2.0,0.8,14.0,14.3,0.4,0.3,0.7,0.037,-3.0,-0.3,-3.3,-0.3,,2021.0,5
Cameron Johnson,24.0,PHO,4.0,60.0,11.0,1437.0,11.8,0.563,0.694,0.122,2.6,12.9,7.9,8.0,1.3,1.0,7.3,17.0,1.2,1.4,2.6,0.086,0.0,-0.2,-0.2,0.7,,2021.0,1
OG Anunoby,23.0,TOR,3.0,43.0,43.0,1433.0,15.4,0.605,0.503,0.197,4.0,14.6,9.1,10.1,2.2,2.2,11.7,19.3,1.5,1.6,3.1,0.104,0.8,0.4,1.2,1.2,,2021.0,3
Kenrich Williams,26.0,OKC,4.0,66.0,13.0,1426.0,14.0,0.599,0.285,0.153,6.1,14.0,10.0,16.4,1.8,1.1,14.8,15.3,1.6,1.2,2.8,0.096,-1.2,0.5,-0.7,0.4,,2021.0,1
Facundo Campazzo,29.0,DEN,1.0,65.0,19.0,1425.0,11.6,0.558,0.686,0.289,1.8,8.9,5.3,20.2,2.7,1.0,17.1,13.1,1.6,1.5,3.1,0.105,-1.7,1.2,-0.6,0.5,6MOY-15,2021.0,5
Isaiah Roby,22.0,OKC,4.0,61.0,34.0,1425.0,11.9,0.555,0.254,0.273,6.4,18.6,12.4,11.4,1.7,2.3,19.0,17.7,-0.3,1.5,1.3,0.043,-3.7,0.4,-3.3,-0.5,,2021.0,2
Lou Williams,34.0,2TM,1.0,66.0,4.0,1423.0,14.0,0.519,0.268,0.268,1.7,8.9,5.4,23.4,1.6,0.4,13.0,25.7,0.5,1.2,1.7,0.056,-1.0,-1.5,-2.5,-0.2,,2021.0,5
Lou Williams,34.0,LAC,1.0,42.0,3.0,918.0,15.7,0.529,0.277,0.277,1.9,8.7,5.4,23.3,2.1,0.4,12.0,26.5,0.7,0.9,1.6,0.084,-0.5,-1.0,-1.5,0.1,,2021.0,0
Brandon Clarke,24.0,MEM,4.0,59.0,16.0,1415.0,17.3,0.56,0.156,0.228,7.2,17.5,12.3,9.5,2.0,3.2,5.7,17.2,2.2,2.0,4.2,0.142,0.4,1.2,1.5,1.3,,2021.0,4
Raul Neto,28.0,WAS,1.0,64.0,22.0,1403.0,13.0,0.575,0.367,0.19,2.1,9.6,5.9,14.0,2.4,0.4,9.9,15.8,1.5,1.3,2.8,0.097,-1.4,0.9,-0.6,0.5,,2021.0,5
Landry Shamet,23.0,BRK,2.0,61.0,12.0,1403.0,10.3,0.578,0.73,0.171,0.9,7.6,4.4,9.3,1.1,0.6,8.9,16.7,1.2,0.6,1.8,0.063,-0.9,-1.5,-2.4,-0.2,,2021.0,1
Aaron Gordon,25.0,2TM,4.0,50.0,50.0,1384.0,14.5,0.547,0.353,0.299,6.0,16.4,11.1,17.8,1.2,2.3,14.7,20.7,0.7,1.2,1.9,0.066,0.2,-0.1,0.1,0.7,,2021.0,1
Wendell Carter Jr.,21.0,2TM,5.0,54.0,44.0,1375.0,16.7,0.566,0.112,0.392,10.2,24.6,17.4,11.2,1.2,2.7,12.7,19.3,1.7,1.7,3.4,0.118,-1.1,-0.2,-1.3,0.2,,2021.0,2
Bobby Portis,25.0,MIL,5.0,66.0,7.0,1372.0,19.9,0.598,0.263,0.122,9.9,25.3,17.9,7.4,1.8,1.7,8.2,20.9,2.8,2.0,4.8,0.167,1.8,-0.4,1.5,1.2,6MOY-9,2021.0,4
Kemba Walker,30.0,BOS,1.0,43.0,43.0,1369.0,17.7,0.559,0.522,0.22,1.3,12.6,6.9,23.8,1.7,0.8,10.6,26.1,2.1,1.1,3.3,0.115,2.8,-0.7,2.1,1.4,,2021.0,0
Rudy Gay,34.0,SAS,4.0,63.0,1.0,1358.0,14.7,0.532,0.443,0.162,3.2,20.9,11.9,9.7,1.6,2.5,8.8,23.6,0.0,1.7,1.7,0.059,-0.1,0.0,-0.1,0.6,,2021.0,1
P.J. Tucker,35.0,2TM,4.0,52.0,33.0,1356.0,5.5,0.51,0.672,0.158,3.9,12.3,8.0,5.7,1.4,1.3,17.4,7.2,0.1,0.9,1.0,0.034,-4.6,0.5,-4.1,-0.7,,2021.0,1
Robin Lopez,32.0,WAS,5.0,71.0,9.0,1354.0,16.7,0.661,0.042,0.322,11.1,10.2,10.6,5.9,0.5,2.7,13.4,17.1,2.8,0.9,3.7,0.131,0.2,-1.2,-1.0,0.4,,2021.0,4
Bryn Forbes,27.0,MIL,2.0,70.0,10.0,1354.0,12.8,0.631,0.645,0.115,0.9,7.6,4.3,4.5,0.8,0.1,7.3,18.5,2.0,0.7,2.7,0.096,0.4,-1.7,-1.3,0.2,,2021.0,1
Bismack Biyombo,28.0,CHO,5.0,66.0,36.0,1349.0,11.7,0.574,0.004,0.434,10.8,17.1,13.9,8.3,0.6,5.4,19.8,11.5,0.9,1.4,2.3,0.081,-3.4,0.4,-3.0,-0.4,,2021.0,4
Josh Hart,25.0,NOP,3.0,47.0,4.0,1349.0,12.2,0.566,0.561,0.259,4.3,26.1,15.2,10.6,1.4,0.8,11.3,13.5,1.4,1.3,2.7,0.097,-1.1,0.3,-0.8,0.4,,2021.0,1
Naz Reid,21.0,MIN,5.0,70.0,15.0,1347.0,18.2,0.599,0.299,0.286,6.4,20.0,12.9,8.7,1.2,4.9,9.5,22.5,1.9,1.3,3.2,0.113,-0.1,-0.2,-0.2,0.6,,2021.0,2
Terrence Ross,29.0,ORL,2.0,46.0,2.0,1347.0,13.2,0.53,0.429,0.224,1.1,11.4,6.1,13.2,1.7,1.4,9.9,24.1,-0.1,1.0,0.9,0.03,-1.4,-0.8,-2.3,-0.1,,2021.0,1
Maxi Kleber,29.0,DAL,4.0,50.0,40.0,1341.0,10.6,0.606,0.771,0.135,3.9,17.4,10.7,6.6,0.9,2.4,9.3,10.6,1.6,1.3,2.9,0.103,-0.5,0.5,0.0,0.7,,2021.0,1
Andre Iguodala,37.0,MIA,3.0,63.0,5.0,1339.0,9.2,0.519,0.734,0.153,3.3,15.4,9.4,14.3,2.1,2.7,20.2,11.2,-0.1,1.8,1.7,0.062,-2.2,1.8,-0.4,0.5,,2021.0,5
Goran Dragić,34.0,MIA,1.0,50.0,11.0,1337.0,13.0,0.552,0.44,0.22,2.2,12.1,7.2,25.9,1.2,0.6,16.2,24.5,0.2,1.2,1.3,0.048,-1.1,-1.3,-2.3,-0.1,,2021.0,5
Kent Bazemore,31.0,GSW,3.0,67.0,18.0,1333.0,10.6,0.564,0.469,0.199,2.1,16.0,9.1,11.1,2.4,2.2,16.1,16.3,-0.2,2.1,1.8,0.065,-2.9,1.7,-1.2,0.2,,2021.0,5
Kristaps Porziņģis,25.0,DAL,5.0,43.0,43.0,1327.0,21.3,0.582,0.378,0.202,6.9,24.6,15.8,8.4,0.7,4.1,6.4,26.5,2.6,1.7,4.3,0.154,3.0,-0.8,2.2,1.4,,2021.0,0
Svi Mykhailiuk,23.0,2TM,3.0,66.0,14.0,1324.0,10.4,0.529,0.621,0.099,1.9,11.4,6.6,12.9,1.9,0.8,14.3,20.0,-0.8,1.1,0.3,0.01,-1.9,-0.7,-2.6,-0.2,,2021.0,1
Derrick Jones Jr.,23.0,POR,3.0,58.0,43.0,1318.0,11.9,0.576,0.447,0.299,6.1,10.7,8.3,4.8,1.4,3.7,8.5,12.3,1.6,0.8,2.4,0.089,-1.4,0.0,-1.4,0.2,,2021.0,1
Lauri Markkanen,23.0,CHI,4.0,51.0,26.0,1317.0,15.2,0.619,0.568,0.177,3.0,19.4,11.3,5.0,1.0,1.0,8.5,20.2,1.7,1.3,3.0,0.109,1.0,-0.9,0.1,0.7,,2021.0,1
Tomáš Satoranský,29.0,CHI,2.0,58.0,18.0,1307.0,13.8,0.614,0.359,0.24,2.6,9.4,6.0,27.9,1.5,0.9,20.9,15.2,1.9,1.1,3.1,0.113,-0.6,0.1,-0.5,0.5,,2021.0,5
Bogdan Bogdanović,28.0,ATL,2.0,44.0,27.0,1305.0,17.6,0.616,0.589,0.078,1.7,11.5,6.7,17.6,1.8,0.9,8.5,21.3,2.8,1.1,3.9,0.142,3.3,0.3,3.6,1.8,,2021.0,3
Talen Horton-Tucker,20.0,LAL,2.0,65.0,4.0,1304.0,12.9,0.536,0.268,0.264,2.2,12.3,7.3,20.8,2.4,1.4,16.1,21.7,-0.1,2.2,2.1,0.078,-2.6,1.5,-1.2,0.3,,2021.0,2
Matisse Thybulle,23.0,PHI,2.0,65.0,8.0,1298.0,10.1,0.508,0.588,0.074,2.6,7.8,5.3,6.3,3.9,4.9,11.3,9.4,0.1,2.7,2.8,0.102,-2.6,4.5,1.9,1.3,"DPOY-11,DEF2",2021.0,5
Tristan Thompson,29.0,BOS,5.0,54.0,43.0,1287.0,14.2,0.54,0.009,0.368,14.5,23.5,19.0,7.2,0.9,2.4,14.1,14.8,1.5,1.4,2.9,0.107,-1.5,-1.0,-2.5,-0.2,,2021.0,4
Derrick Rose,32.0,2TM,1.0,50.0,3.0,1279.0,18.3,0.55,0.211,0.208,1.7,9.3,5.5,28.0,1.9,1.4,10.5,25.8,1.6,1.6,3.1,0.118,1.6,0.3,1.9,1.3,"MVP-9,6MOY-3",2021.0,3
Cole Anthony,20.0,ORL,1.0,47.0,34.0,1273.0,12.1,0.496,0.312,0.237,3.0,15.4,9.0,24.2,1.1,1.3,14.8,24.3,-0.9,0.9,0.0,-0.001,-1.9,-1.4,-3.3,-0.4,,2021.0,2
Payton Pritchard,23.0,BOS,2.0,66.0,4.0,1268.0,12.4,0.582,0.593,0.108,2.9,11.1,6.9,13.3,1.4,0.7,10.8,16.7,1.6,0.9,2.5,0.095,-0.3,-0.4,-0.7,0.4,,2021.0,1
Terance Mann,24.0,LAC,2.0,67.0,10.0,1263.0,13.8,0.603,0.26,0.269,5.1,16.1,10.8,11.3,1.1,0.9,9.3,15.1,2.4,1.3,3.7,0.141,-0.5,0.3,-0.2,0.6,,2021.0,1
Grayson Allen,25.0,MEM,2.0,50.0,38.0,1259.0,12.8,0.586,0.662,0.22,1.6,12.0,6.7,11.5,1.7,0.6,9.6,16.8,1.5,1.2,2.7,0.101,-0.2,0.1,-0.2,0.6,,2021.0,1
Evan Fournier,28.0,2TM,3.0,42.0,36.0,1259.0,16.7,0.598,0.523,0.253,0.8,10.2,5.4,18.6,1.8,1.4,10.8,23.1,1.8,1.0,2.8,0.107,1.5,-0.4,1.1,1.0,,2021.0,3
Deni Avdija,20.0,WAS,3.0,54.0,32.0,1257.0,7.6,0.515,0.538,0.144,1.9,20.2,11.0,6.3,1.2,1.0,9.0,12.0,0.0,1.2,1.2,0.046,-3.6,0.4,-3.1,-0.4,,2021.0,2
Alec Burks,29.0,NYK,2.0,49.0,5.0,1255.0,14.8,0.564,0.492,0.236,1.8,17.6,9.8,13.2,1.2,1.1,8.2,21.3,1.5,1.8,3.3,0.126,0.9,0.6,1.5,1.1,,2021.0,1
DeAndre Jordan,32.0,BRK,5.0,57.0,43.0,1246.0,17.1,0.736,0.004,0.369,10.9,26.1,18.9,10.1,0.7,4.6,22.7,13.1,2.4,1.5,3.9,0.152,0.1,1.0,1.0,0.9,,2021.0,4
Immanuel Quickley,21.0,NYK,1.0,64.0,3.0,1243.0,15.8,0.557,0.522,0.3,2.2,9.7,6.0,16.2,1.2,0.9,8.1,25.6,1.8,1.4,3.2,0.125,1.4,-0.5,0.9,0.9,,2021.0,2
Andre Drummond,27.0,2TM,5.0,46.0,46.0,1242.0,19.4,0.519,0.014,0.358,14.8,35.2,24.9,13.2,2.5,3.5,15.8,27.6,-0.6,2.5,2.0,0.077,-1.7,0.5,-1.2,0.3,,2021.0,4
Luke Kennard,24.0,LAC,2.0,63.0,17.0,1232.0,12.7,0.608,0.541,0.075,1.4,13.0,7.3,11.9,0.9,0.7,10.1,17.1,1.6,1.1,2.7,0.105,0.3,-0.5,-0.2,0.6,,2021.0,1
Sterling Brown,25.0,HOU,2.0,51.0,14.0,1229.0,11.1,0.597,0.642,0.093,3.2,16.8,9.7,8.4,1.5,0.9,10.5,13.5,1.0,0.8,1.8,0.071,-1.6,0.0,-1.6,0.1,,2021.0,1
Hamidou Diallo,22.0,2TM,3.0,52.0,9.0,1226.0,14.3,0.541,0.174,0.426,5.1,18.8,11.9,13.3,1.6,1.7,12.0,22.2,0.3,1.3,1.6,0.063,-2.2,0.1,-2.1,0.0,,2021.0,2
Tyus Jones,24.0,MEM,1.0,70.0,9.0,1222.0,15.0,0.511,0.339,0.109,1.8,10.4,6.1,28.6,2.5,0.4,10.0,16.6,1.5,1.3,2.8,0.11,-0.1,0.9,0.8,0.9,,2021.0,5
Danilo Gallinari,32.0,ATL,4.0,51.0,4.0,1222.0,16.3,0.613,0.535,0.366,1.6,17.0,9.5,9.2,1.2,0.7,7.2,21.2,2.7,1.0,3.7,0.146,1.7,-0.6,1.1,1.0,,2021.0,3
Alex Caruso,26.0,LAL,1.0,58.0,6.0,1216.0,11.1,0.547,0.449,0.249,2.9,12.8,7.9,18.1,2.6,1.1,18.3,14.8,0.3,2.1,2.4,0.095,-2.5,2.5,0.0,0.6,,2021.0,5
Dean Wade,24.0,CLE,4.0,63.0,19.0,1212.0,11.3,0.573,0.685,0.125,3.4,16.8,9.9,8.9,1.4,1.5,8.4,12.9,1.1,0.9,2.0,0.08,-1.1,-0.1,-1.3,0.2,,2021.0,1
Markieff Morris,31.0,LAL,4.0,61.0,27.0,1200.0,9.3,0.509,0.553,0.132,4.5,20.3,12.5,8.6,0.9,1.4,11.9,16.4,-0.2,1.8,1.6,0.062,-2.9,0.3,-2.6,-0.2,,2021.0,1
Josh Okogie,22.0,MIN,2.0,59.0,37.0,1197.0,9.1,0.524,0.425,0.425,5.5,8.7,7.1,7.0,2.1,2.0,12.5,12.1,0.5,0.8,1.3,0.051,-3.7,0.3,-3.3,-0.4,,2021.0,2
Dwight Howard,35.0,PHI,5.0,69.0,6.0,1196.0,17.8,0.61,0.066,0.693,17.8,35.3,26.7,7.2,1.2,4.7,22.1,18.2,1.3,2.6,4.0,0.159,-2.1,0.6,-1.5,0.1,,2021.0,4
Monte Morris,25.0,DEN,1.0,47.0,13.0,1196.0,14.0,0.574,0.346,0.189,1.0,8.0,4.6,17.1,1.4,1.1,7.5,16.5,2.0,0.8,2.9,0.115,0.1,-0.5,-0.3,0.5,,2021.0,1
D'Angelo Russell,24.0,MIN,1.0,42.0,26.0,1196.0,17.6,0.555,0.475,0.229,1.4,8.9,5.0,33.6,1.8,1.3,13.5,29.1,1.0,0.6,1.6,0.063,3.3,-1.7,1.6,1.1,,2021.0,0
Blake Griffin,31.0,2TM,4.0,46.0,30.0,1186.0,12.9,0.546,0.499,0.285,3.4,17.4,10.5,17.0,1.3,1.1,11.8,19.3,0.9,1.1,2.0,0.081,-0.8,0.0,-0.8,0.3,,2021.0,1
Aaron Holiday,24.0,IND,1.0,66.0,8.0,1176.0,9.2,0.503,0.417,0.19,1.4,6.8,4.1,14.0,1.8,0.9,12.3,19.5,-0.6,0.8,0.2,0.009,-3.3,-0.9,-4.2,-0.7,,2021.0,1
Paul Millsap,35.0,DEN,4.0,56.0,36.0,1162.0,16.4,0.565,0.357,0.244,7.4,18.1,12.8,11.6,2.2,3.0,10.3,18.6,1.7,1.6,3.2,0.133,0.3,0.7,1.0,0.9,,2021.0,4
Kevon Looney,24.0,GSW,5.0,61.0,34.0,1161.0,11.9,0.575,0.086,0.244,10.9,18.6,14.8,13.4,0.8,1.7,14.5,9.4,2.0,1.4,3.4,0.139,-1.8,1.0,-0.9,0.3,,2021.0,1
Georges Niang,27.0,UTA,4.0,72.0,10.0,1154.0,11.4,0.602,0.721,0.057,2.7,13.0,8.1,7.3,1.1,0.6,10.9,17.4,1.2,1.4,2.6,0.108,-0.4,0.1,-0.3,0.5,,2021.0,1
Jarred Vanderbilt,21.0,MIN,4.0,64.0,30.0,1139.0,16.2,0.612,0.021,0.432,10.8,24.7,17.5,9.3,2.7,3.5,15.9,12.3,1.6,1.5,3.1,0.132,-1.4,1.4,-0.1,0.5,,2021.0,2
Grant Williams,22.0,BOS,4.0,63.0,9.0,1138.0,7.5,0.546,0.522,0.206,4.7,12.8,8.7,7.4,1.4,2.0,17.2,12.3,0.1,1.0,1.1,0.046,-4.0,0.3,-3.7,-0.5,,2021.0,2
Chuma Okeke,22.0,ORL,4.0,45.0,19.0,1133.0,11.8,0.511,0.435,0.123,3.7,13.2,8.3,13.2,2.1,1.8,10.0,14.5,0.3,1.0,1.3,0.056,-1.9,0.5,-1.5,0.1,,2021.0,2
Wesley Matthews,34.0,LAL,2.0,58.0,10.0,1130.0,7.2,0.517,0.782,0.163,2.0,7.2,4.6,6.3,1.6,1.3,8.8,11.4,0.2,1.5,1.7,0.073,-3.1,1.4,-1.7,0.1,,2021.0,1
D.J. Augustin,33.0,2TM,1.0,57.0,12.0,1129.0,12.1,0.57,0.633,0.274,1.9,7.0,4.4,22.2,1.2,0.1,14.5,16.8,1.5,0.5,2.1,0.088,-0.6,-1.5,-2.1,0.0,,2021.0,5
JaMychal Green,30.0,DEN,4.0,58.0,5.0,1120.0,13.6,0.59,0.529,0.152,8.6,19.4,14.0,6.4,1.1,1.9,11.7,17.6,1.4,1.2,2.6,0.11,-0.5,-1.0,-1.5,0.1,,2021.0,1
Marvin Bagley III,21.0,SAC,4.0,43.0,42.0,1112.0,16.3,0.554,0.22,0.273,10.4,21.5,15.9,5.8,0.9,1.6,9.7,23.5,0.9,0.5,1.4,0.059,-0.4,-2.7,-3.1,-0.3,,2021.0,2
Juan Toscano-Anderson,27.0,GSW,2.0,53.0,16.0,1107.0,12.6,0.676,0.44,0.148,2.8,19.6,11.3,18.1,1.7,2.1,21.5,11.0,1.4,1.6,3.0,0.13,-1.4,2.2,0.8,0.8,,2021.0,5
Anfernee Simons,21.0,POR,2.0,64.0,0.0,1104.0,12.3,0.589,0.703,0.142,1.3,12.5,6.8,11.4,0.8,0.6,9.2,18.3,1.5,0.3,1.8,0.078,0.6,-1.6,-1.0,0.3,,2021.0,2
Aleksej Pokusevski,19.0,OKC,4.0,45.0,28.0,1090.0,6.1,0.43,0.507,0.103,2.8,17.6,10.1,13.1,0.9,3.4,18.8,20.5,-2.9,1.0,-1.9,-0.084,-5.1,-1.0,-6.1,-1.1,,2021.0,2
PJ Dozier,24.0,DEN,2.0,50.0,6.0,1088.0,10.4,0.501,0.42,0.186,3.7,15.3,9.5,11.2,1.4,2.0,10.7,17.2,0.1,1.1,1.1,0.051,-2.3,-0.4,-2.6,-0.2,,2021.0,1
Xavier Tillman Sr.,22.0,MEM,4.0,59.0,12.0,1085.0,14.7,0.605,0.217,0.177,7.2,18.0,12.5,9.4,1.9,2.7,12.3,14.3,1.4,1.5,2.9,0.127,-1.3,1.1,-0.2,0.5,,2021.0,2
Cameron Payne,26.0,PHO,1.0,60.0,1.0,1079.0,17.4,0.602,0.42,0.142,1.7,13.2,7.6,28.1,1.6,1.3,12.5,19.8,2.4,1.2,3.6,0.158,2.1,1.0,3.1,1.4,,2021.0,0
Damion Lee,28.0,GSW,2.0,57.0,1.0,1079.0,11.8,0.636,0.708,0.161,2.2,15.4,8.9,9.1,1.7,0.7,9.3,12.8,1.4,1.3,2.7,0.119,-0.7,0.9,0.2,0.6,,2021.0,1
Terence Davis,23.0,2TM,2.0,61.0,4.0,1074.0,12.7,0.555,0.586,0.121,2.0,14.1,7.9,11.4,2.0,1.2,11.6,21.8,0.1,0.8,0.8,0.038,-0.9,-0.9,-1.7,0.1,,2021.0,1
KJ Martin,20.0,HOU,3.0,45.0,8.0,1068.0,14.6,0.59,0.302,0.264,7.0,17.6,12.1,6.8,1.3,3.4,9.7,15.6,1.3,0.9,2.2,0.099,-1.4,-0.4,-1.8,0.0,,2021.0,2
Furkan Korkmaz,23.0,PHI,2.0,55.0,11.0,1062.0,12.8,0.544,0.634,0.193,1.8,9.8,5.9,11.1,2.2,0.8,9.1,20.5,0.6,1.5,2.0,0.092,-0.3,0.2,-0.1,0.5,,2021.0,1
Devin Vassell,20.0,SAS,3.0,62.0,7.0,1056.0,10.6,0.524,0.495,0.168,2.4,15.4,8.8,7.1,2.0,1.4,6.3,14.3,0.4,1.1,1.5,0.069,-2.2,0.7,-1.5,0.1,,2021.0,2
Brad Wanamaker,31.0,2TM,1.0,61.0,0.0,1053.0,9.5,0.489,0.284,0.338,1.8,8.8,5.3,22.5,1.9,1.0,17.1,16.9,-0.2,1.0,0.9,0.039,-4.4,0.3,-4.0,-0.5,,2021.0,5
Timothé Luwawu-Cabarrot,25.0,BRK,3.0,58.0,7.0,1050.0,7.8,0.493,0.671,0.121,3.1,10.1,6.8,8.6,1.5,0.5,10.3,17.4,-0.3,0.7,0.3,0.015,-3.2,-1.2,-4.4,-0.6,,2021.0,1
De'Anthony Melton,22.0,MEM,1.0,52.0,1.0,1045.0,15.2,0.568,0.537,0.13,3.0,13.4,8.2,17.5,2.7,2.7,13.7,19.5,0.7,1.5,2.2,0.103,0.6,1.7,2.3,1.1,,2021.0,2
James Johnson,33.0,2TM,4.0,51.0,12.0,1043.0,11.4,0.51,0.367,0.232,3.4,15.1,9.3,12.9,2.0,3.8,13.2,17.1,-0.1,1.3,1.2,0.055,-2.7,1.5,-1.2,0.2,,2021.0,5
Derrick Favors,29.0,UTA,5.0,68.0,0.0,1039.0,19.7,0.663,0.008,0.329,14.7,23.3,19.2,6.0,1.5,5.3,11.5,13.0,2.9,2.2,5.1,0.237,0.3,2.4,2.6,1.2,,2021.0,4
Garrison Mathews,24.0,WAS,2.0,64.0,24.0,1038.0,9.7,0.635,0.835,0.401,1.6,7.2,4.4,3.1,1.3,0.6,3.5,11.5,1.7,0.6,2.3,0.108,-1.7,-0.1,-1.8,0.1,,2021.0,1
Denzel Valentine,27.0,CHI,2.0,62.0,3.0,1036.0,10.1,0.479,0.582,0.041,2.6,18.3,10.5,14.0,1.4,0.6,9.0,19.5,-0.4,1.1,0.7,0.032,-2.2,-0.4,-2.7,-0.2,,2021.0,1
Wayne Ellington,33.0,DET,2.0,46.0,31.0,1012.0,12.2,0.625,0.814,0.104,1.3,8.1,4.7,10.2,0.9,0.8,8.5,16.7,1.3,0.5,1.9,0.088,1.1,-1.3,-0.2,0.5,,2021.0,1
Nickeil Alexander-Walker,22.0,NOP,2.0,46.0,13.0,1007.0,12.5,0.522,0.478,0.144,1.4,14.1,7.8,14.7,2.2,2.1,12.4,23.2,-0.3,1.0,0.7,0.035,-1.4,0.1,-1.3,0.2,,2021.0,2
Stanley Johnson,24.0,TOR,4.0,61.0,13.0,1006.0,8.8,0.519,0.588,0.236,3.1,14.1,8.4,12.0,2.5,1.8,17.4,13.4,-0.1,1.1,1.0,0.048,-3.8,1.2,-2.5,-0.1,,2021.0,5
Cody Zeller,28.0,CHO,5.0,48.0,21.0,1005.0,18.2,0.599,0.086,0.367,12.6,22.9,17.7,13.2,1.3,1.7,11.9,18.3,2.1,1.1,3.3,0.156,-0.2,-0.2,-0.5,0.4,,2021.0,4
Marc Gasol,36.0,LAL,5.0,52.0,42.0,993.0,12.2,0.606,0.629,0.258,4.3,19.9,12.2,14.7,1.3,5.2,19.7,11.8,0.8,1.9,2.8,0.133,-1.4,3.7,2.3,1.1,,2021.0,4
Tony Snell,29.0,ATL,2.0,47.0,23.0,992.0,9.5,0.708,0.637,0.064,2.0,10.2,6.2,7.9,0.6,1.0,10.7,8.6,1.6,0.5,2.0,0.099,-0.4,-0.1,-0.5,0.4,,2021.0,1
Jordan Poole,21.0,GSW,2.0,51.0,7.0,988.0,15.1,0.581,0.582,0.251,1.6,8.2,5.0,15.4,1.2,0.8,8.8,25.0,1.1,0.9,1.9,0.094,0.7,-1.2,-0.5,0.4,,2021.0,2
Robert Williams,23.0,BOS,5.0,52.0,13.0,985.0,25.7,0.719,0.008,0.283,14.9,25.6,20.2,14.2,2.1,8.6,15.2,15.0,3.4,1.9,5.3,0.258,2.9,3.1,6.0,2.0,,2021.0,4
Aron Baynes,34.0,TOR,5.0,53.0,31.0,980.0,10.5,0.503,0.339,0.135,9.4,21.7,15.3,7.0,0.8,2.3,12.5,16.2,0.1,0.9,1.0,0.049,-3.4,-1.1,-4.5,-0.6,,2021.0,1
Alex Len,27.0,2TM,5.0,64.0,42.0,979.0,16.4,0.643,0.09,0.417,8.5,19.7,14.1,7.0,0.9,5.6,14.3,16.3,1.5,1.3,2.7,0.133,-1.2,1.0,-0.1,0.5,,2021.0,4
Alex Len,27.0,WAS,5.0,57.0,40.0,903.0,17.5,0.643,0.071,0.41,9.2,20.0,14.6,7.2,1.0,5.4,12.9,16.7,1.6,1.2,2.8,0.147,-0.7,0.9,0.2,0.5,,2021.0,4
DeAndre' Bembry,26.0,TOR,3.0,51.0,12.0,972.0,11.2,0.57,0.232,0.289,3.6,13.3,8.3,15.6,2.6,1.9,21.6,14.6,0.1,1.1,1.2,0.059,-3.2,1.4,-1.9,0.0,,2021.0,5
Dwight Powell,29.0,DAL,5.0,58.0,19.0,966.0,16.8,0.688,0.108,0.639,9.2,17.4,13.3,8.9,1.8,2.9,13.9,13.2,2.6,1.2,3.8,0.188,-0.7,1.3,0.6,0.6,,2021.0,4
Jaxson Hayes,20.0,NOP,5.0,60.0,3.0,964.0,19.1,0.675,0.05,0.429,10.4,18.6,14.5,5.2,1.2,3.7,10.5,16.2,2.6,1.0,3.5,0.176,0.6,0.0,0.6,0.6,,2021.0,2
Semi Ojeleye,26.0,BOS,4.0,56.0,15.0,950.0,8.3,0.553,0.715,0.145,3.6,13.7,8.6,5.1,0.9,0.0,8.2,11.6,0.7,0.6,1.2,0.063,-1.7,-0.7,-2.4,-0.1,,2021.0,1
Jeff Teague,32.0,2TM,1.0,55.0,7.0,950.0,12.3,0.562,0.289,0.37,1.7,8.3,5.1,18.3,1.7,1.2,16.2,17.7,0.8,0.8,1.6,0.079,-1.7,-0.5,-2.2,-0.1,,2021.0,5
Rodney Hood,28.0,2TM,3.0,55.0,5.0,942.0,5.6,0.452,0.435,0.108,2.6,9.4,5.9,7.5,1.2,0.7,11.7,14.1,-0.7,0.3,-0.4,-0.019,-4.9,-1.4,-6.4,-1.0,,2021.0,1
Jordan McLaughlin,24.0,MIN,1.0,51.0,2.0,938.0,12.0,0.502,0.38,0.124,2.3,10.4,6.2,28.0,2.6,0.6,16.7,13.7,0.6,0.6,1.2,0.062,-2.0,0.2,-1.7,0.1,,2021.0,5
Taj Gibson,35.0,NYK,5.0,45.0,3.0,936.0,16.0,0.661,0.095,0.348,11.6,17.3,14.5,5.4,1.7,5.0,10.8,9.7,2.1,1.7,3.8,0.195,-0.7,2.1,1.3,0.8,,2021.0,4
Tyrese Maxey,20.0,PHI,2.0,61.0,8.0,935.0,14.5,0.531,0.24,0.163,1.3,10.8,6.1,19.9,1.3,1.2,8.2,23.0,0.8,1.1,1.9,0.099,-1.0,-0.5,-1.5,0.1,,2021.0,2
Malachi Flynn,22.0,TOR,1.0,47.0,14.0,928.0,10.9,0.484,0.494,0.165,1.1,13.0,6.9,21.4,2.0,0.8,10.5,19.0,0.0,0.8,0.8,0.041,-2.5,-0.2,-2.6,-0.1,,2021.0,2
Ish Smith,32.0,WAS,1.0,44.0,1.0,924.0,11.6,0.473,0.165,0.111,2.5,14.6,8.6,24.7,1.6,1.2,11.6,15.8,0.2,0.9,1.1,0.056,-2.1,0.5,-1.5,0.1,,2021.0,5
Moses Brown,21.0,OKC,5.0,43.0,32.0,920.0,18.8,0.572,0.0,0.47,17.2,26.2,21.6,1.7,1.6,4.5,11.7,16.9,1.3,1.3,2.6,0.138,-1.3,-1.2,-2.4,-0.1,,2021.0,2
Trey Burke,28.0,DAL,1.0,62.0,1.0,911.0,12.6,0.544,0.465,0.161,1.2,5.3,3.3,12.9,1.9,0.7,8.0,20.0,0.7,0.7,1.4,0.071,-1.4,-0.4,-1.8,0.0,,2021.0,1
Damyean Dotson,26.0,CLE,2.0,46.0,7.0,907.0,8.1,0.499,0.543,0.123,0.6,11.1,5.7,15.1,0.9,0.4,12.0,16.9,-0.4,0.3,0.0,-0.002,-3.4,-1.4,-4.8,-0.6,,2021.0,1
Willie Cauley-Stein,27.0,DAL,5.0,53.0,16.0,906.0,14.3,0.647,0.06,0.429,8.1,20.5,14.3,5.3,1.1,4.4,11.8,12.0,1.6,1.2,2.8,0.147,-2.2,0.9,-1.3,0.2,,2021.0,4
Ben McLemore,27.0,2TM,2.0,53.0,5.0,905.0,8.5,0.523,0.767,0.145,1.7,10.5,6.0,6.4,1.2,0.9,9.8,20.4,-0.5,0.7,0.2,0.013,-2.7,-1.2,-3.9,-0.4,,2021.0,1
Kira Lewis Jr.,19.0,NOP,1.0,54.0,0.0,904.0,10.3,0.477,0.356,0.151,1.4,7.1,4.3,18.7,2.0,1.0,8.6,18.3,0.2,0.6,0.9,0.045,-3.2,-0.2,-3.4,-0.3,,2021.0,2
Jalen McDaniels,23.0,CHO,3.0,47.0,18.0,904.0,11.4,0.554,0.37,0.225,5.3,15.1,10.1,8.6,1.5,2.1,12.6,17.0,0.3,0.9,1.2,0.062,-2.8,-0.4,-3.2,-0.3,,2021.0,1
Juancho Hernangómez,25.0,MIN,4.0,52.0,6.0,900.0,12.1,0.549,0.562,0.324,5.2,20.0,12.3,5.6,1.0,0.7,7.3,17.2,0.6,0.5,1.1,0.06,-1.1,-1.8,-2.9,-0.2,,2021.0,1
R.J. Hampton,19.0,2TM,2.0,51.0,1.0,888.0,11.1,0.507,0.278,0.262,3.4,18.4,10.7,15.2,1.2,1.0,13.2,19.6,-0.3,0.7,0.4,0.021,-2.6,-1.2,-3.8,-0.4,,2021.0,2
Malik Monk,22.0,CHO,2.0,42.0,0.0,878.0,13.6,0.569,0.531,0.18,1.7,10.9,6.2,15.7,1.1,0.5,11.3,23.8,0.5,0.5,1.0,0.054,0.2,-2.0,-1.8,0.0,,2021.0,2
Dario Šarić,26.0,PHO,5.0,50.0,4.0,871.0,14.3,0.567,0.395,0.289,6.1,18.4,12.4,10.4,1.7,0.4,12.9,22.6,0.7,1.0,1.7,0.093,-1.4,-0.6,-2.0,0.0,,2021.0,1
Sekou Doumbouya,20.0,DET,4.0,56.0,11.0,869.0,6.9,0.459,0.408,0.227,4.9,13.5,9.2,8.0,1.4,0.9,12.4,17.8,-0.9,0.7,-0.2,-0.012,-5.4,-1.3,-6.7,-1.0,,2021.0,2
Edmond Sumner,25.0,IND,2.0,53.0,24.0,861.0,12.7,0.626,0.312,0.294,2.3,9.5,5.9,7.9,1.8,0.9,13.8,18.3,0.7,0.7,1.4,0.077,-2.3,-0.5,-2.8,-0.2,,2021.0,1
Mike Scott,32.0,PHI,4.0,51.0,12.0,852.0,6.8,0.492,0.735,0.057,1.4,13.8,7.8,6.1,1.4,1.5,8.1,11.9,-0.1,1.1,1.0,0.058,-3.2,0.3,-2.8,-0.2,,2021.0,1
Cody Martin,25.0,CHO,3.0,52.0,10.0,849.0,10.6,0.5,0.309,0.229,6.5,14.1,10.3,13.9,2.1,1.4,16.2,12.5,0.2,0.9,1.1,0.061,-2.7,0.7,-2.0,0.0,,2021.0,5
Willy Hernangómez,26.0,NOP,5.0,47.0,12.0,846.0,19.6,0.591,0.037,0.347,15.0,27.8,21.4,8.5,1.2,2.6,9.9,17.0,1.9,1.0,2.9,0.163,1.0,-1.0,0.0,0.4,,2021.0,4
Caleb Martin,25.0,CHO,3.0,53.0,3.0,818.0,9.5,0.465,0.488,0.25,4.0,14.8,9.3,11.5,2.2,1.5,10.4,16.7,-0.4,0.9,0.5,0.03,-3.6,0.2,-3.4,-0.3,,2021.0,5
Torrey Craig,30.0,2TM,3.0,50.0,8.0,803.0,14.2,0.579,0.467,0.097,8.1,19.1,13.7,7.9,1.7,2.9,9.6,14.3,1.1,1.1,2.2,0.133,-0.3,0.7,0.4,0.5,,2021.0,1
Daniel Gafford,22.0,2TM,5.0,54.0,11.0,791.0,22.2,0.697,0.0,0.48,12.9,18.6,15.8,5.3,1.5,8.1,13.1,16.7,2.1,1.3,3.5,0.209,0.6,1.6,2.2,0.8,,2021.0,4
Saben Lee,21.0,DET,1.0,48.0,7.0,781.0,13.8,0.536,0.11,0.424,2.8,11.1,6.9,33.2,2.0,1.5,18.1,17.0,0.7,0.8,1.5,0.091,-2.1,0.2,-2.0,0.0,,2021.0,2
Rajon Rondo,34.0,2TM,1.0,45.0,3.0,770.0,13.2,0.544,0.414,0.079,2.7,12.9,7.9,35.3,2.4,0.5,26.2,17.2,0.5,0.8,1.3,0.081,-0.5,0.3,-0.2,0.4,,2021.0,5
Mychal Mulder,26.0,GSW,1.0,60.0,6.0,766.0,10.8,0.613,0.808,0.083,1.1,7.1,4.2,4.8,0.7,1.4,5.5,16.2,0.6,0.6,1.2,0.075,-0.6,-1.2,-1.8,0.0,,2021.0,1
Jaylen Nowell,21.0,MIN,2.0,42.0,0.0,759.0,12.3,0.528,0.448,0.164,2.6,11.3,6.8,12.5,1.4,1.4,7.2,21.4,0.3,0.4,0.7,0.044,-1.5,-1.4,-2.8,-0.2,,2021.0,2
Drew Eubanks,23.0,SAS,5.0,54.0,3.0,755.0,17.9,0.618,0.01,0.517,10.2,24.0,17.0,7.9,1.2,5.5,15.2,17.1,1.2,1.1,2.3,0.145,-1.0,1.0,0.0,0.4,,2021.0,4
Precious Achiuwa,21.0,MIA,4.0,61.0,4.0,737.0,14.2,0.55,0.004,0.482,11.5,20.6,16.1,6.1,1.3,4.0,13.5,19.5,0.3,1.0,1.3,0.085,-3.6,-0.5,-4.1,-0.4,,2021.0,2
Mo Bamba,22.0,ORL,5.0,46.0,5.0,725.0,19.3,0.556,0.392,0.219,10.5,28.0,19.0,8.1,0.9,7.3,9.8,21.8,0.7,1.1,1.8,0.117,0.2,0.0,0.1,0.4,,2021.0,4
Yuta Watanabe,26.0,TOR,3.0,50.0,4.0,723.0,12.2,0.565,0.5,0.161,5.3,19.4,12.1,7.7,1.7,2.6,9.0,12.7,0.7,0.8,1.5,0.102,-1.1,0.5,-0.7,0.2,,2021.0,1
JJ Redick,36.0,2TM,2.0,44.0,0.0,723.0,9.9,0.564,0.667,0.195,0.6,9.0,4.8,9.7,0.7,0.4,11.0,19.2,0.4,0.3,0.7,0.045,-1.4,-2.1,-3.5,-0.3,,2021.0,1
Moritz Wagner,23.0,3TM,5.0,45.0,24.0,722.0,12.5,0.58,0.397,0.38,3.9,17.7,10.7,9.7,1.7,2.2,13.9,18.1,0.5,0.8,1.2,0.082,-2.7,0.2,-2.6,-0.1,,2021.0,1
Jevon Carter,25.0,PHO,1.0,60.0,1.0,717.0,12.2,0.548,0.677,0.031,2.6,11.8,7.3,13.0,2.0,1.1,6.6,15.0,0.7,0.8,1.6,0.104,-0.4,0.9,0.5,0.5,,2021.0,1
Frank Kaminsky,27.0,PHO,5.0,47.0,13.0,715.0,15.8,0.547,0.331,0.233,5.8,23.7,14.9,15.3,1.0,2.1,7.2,19.0,1.1,0.9,2.0,0.133,0.4,0.8,1.3,0.6,,2021.0,4
Tony Bradley,23.0,2TM,5.0,42.0,8.0,684.0,20.7,0.678,0.015,0.279,13.3,24.0,18.6,8.5,1.0,3.9,13.0,15.8,1.8,1.0,2.7,0.192,1.2,0.1,1.3,0.6,,2021.0,4
Obi Toppin,22.0,NYK,4.0,62.0,0.0,683.0,12.7,0.574,0.407,0.124,4.2,17.6,11.0,6.4,1.2,2.1,9.4,15.9,0.5,1.0,1.5,0.109,-1.4,0.7,-0.7,0.2,,2021.0,2
JaVale McGee,33.0,2TM,5.0,46.0,2.0,678.0,17.0,0.541,0.085,0.238,12.6,27.3,19.8,9.7,1.4,7.3,16.2,23.9,-0.1,1.1,1.0,0.068,-3.3,0.8,-2.5,-0.1,,2021.0,4
Aaron Nesmith,21.0,BOS,3.0,46.0,1.0,669.0,9.4,0.573,0.607,0.157,4.6,16.6,10.6,4.6,1.1,1.3,10.8,13.7,0.5,0.6,1.1,0.076,-2.8,-0.4,-3.2,-0.2,,2021.0,2
Gabe Vincent,24.0,MIA,1.0,50.0,7.0,655.0,7.6,0.498,0.639,0.099,1.8,7.9,4.9,15.1,1.6,0.3,12.3,19.1,-0.4,0.5,0.2,0.011,-4.5,-0.9,-5.4,-0.6,,2021.0,1
Nassir Little,20.0,POR,4.0,48.0,2.0,640.0,11.6,0.589,0.479,0.269,5.2,16.5,10.7,4.9,0.4,1.8,8.8,13.8,0.9,0.2,1.1,0.082,-1.1,-1.6,-2.7,-0.1,,2021.0,2
Jake Layman,26.0,MIN,3.0,45.0,11.0,627.0,11.4,0.577,0.424,0.201,2.2,9.7,5.8,6.4,2.2,2.6,11.5,15.1,0.2,0.5,0.7,0.051,-2.2,0.2,-2.1,0.0,,2021.0,5
Brandon Goodwin,25.0,ATL,1.0,47.0,5.0,620.0,9.2,0.471,0.462,0.193,1.4,10.6,6.1,21.6,1.3,0.0,13.0,19.5,-0.2,0.4,0.2,0.013,-2.5,-0.6,-3.1,-0.2,,2021.0,5
Onyeka Okongwu,20.0,ATL,5.0,50.0,4.0,601.0,16.8,0.655,0.02,0.383,11.5,18.0,14.9,4.4,1.9,4.8,14.3,14.7,1.1,0.8,1.9,0.155,-2.2,0.8,-1.4,0.1,,2021.0,2
John Konchar,24.0,MEM,2.0,43.0,0.0,575.0,14.8,0.608,0.406,0.217,6.4,17.3,11.8,10.7,2.5,1.4,10.6,12.4,0.9,0.8,1.7,0.145,-0.2,1.4,1.2,0.5,,2021.0,5
Nicolò Melli,30.0,2TM,4.0,45.0,4.0,566.0,7.9,0.441,0.603,0.177,5.6,17.9,11.8,9.8,1.2,0.5,7.3,12.5,0.1,0.5,0.6,0.048,-3.5,0.0,-3.5,-0.2,,2021.0,1
Goga Bitadze,21.0,IND,5.0,45.0,3.0,561.0,16.3,0.523,0.407,0.314,11.7,17.3,14.5,8.9,0.8,8.7,7.1,18.1,0.7,0.8,1.5,0.129,-2.0,1.0,-1.0,0.1,,2021.0,4
Isaiah Hartenstein,22.0,2TM,5.0,46.0,2.0,559.0,17.9,0.583,0.035,0.415,13.0,23.7,18.2,15.3,1.7,6.5,17.9,19.2,0.7,0.9,1.6,0.134,-2.4,1.5,-0.9,0.2,,2021.0,4
Thanasis Antetokounmpo,28.0,MIL,3.0,57.0,3.0,551.0,10.3,0.523,0.212,0.358,10.7,12.9,11.8,10.3,1.9,1.6,21.3,15.3,0.0,0.6,0.7,0.057,-3.7,0.2,-3.5,-0.2,,2021.0,4
Miye Oni,23.0,UTA,2.0,54.0,0.0,519.0,6.4,0.517,0.889,0.061,4.9,11.9,8.6,6.8,1.0,1.2,13.6,9.8,0.2,0.7,0.9,0.081,-3.0,1.3,-1.7,0.0,,2021.0,1
Kevin Knox,21.0,NYK,3.0,42.0,0.0,464.0,9.1,0.537,0.622,0.14,2.4,11.8,7.1,5.9,1.3,1.2,10.1,16.2,0.0,0.6,0.6,0.065,-1.7,0.4,-1.4,0.1,,2021.0,2
Ryan Arcidiacono,26.0,CHI,1.0,44.0,0.0,450.0,9.8,0.541,0.573,0.171,1.2,15.1,8.3,16.3,1.0,0.0,7.4,13.1,0.5,0.4,0.9,0.093,-2.6,0.3,-2.3,0.0,,2021.0,1
Zeke Nnaji,20.0,DEN,4.0,42.0,1.0,397.0,11.3,0.615,0.567,0.144,4.0,14.5,9.3,3.3,1.0,1.0,6.0,12.9,0.6,0.3,0.9,0.104,-0.6,-1.1,-1.7,0.0,,2021.0,2
Amir Coffey,23.0,LAC,2.0,44.0,1.0,394.0,10.1,0.585,0.544,0.369,2.9,9.4,6.3,7.4,1.3,0.0,11.1,15.1,0.4,0.3,0.7,0.085,-1.9,-0.1,-2.0,0.0,,2021.0,1
Matt Thomas,26.0,2TM,2.0,45.0,0.0,326.0,9.1,0.522,0.63,0.11,2.3,12.2,7.3,8.6,0.6,0.0,9.5,19.5,0.0,0.2,0.2,0.031,-2.6,-2.0,-4.6,-0.2,,2021.0,1
Mikal Bridges,25.0,PHO,3.0,82.0,82.0,2854.0,14.4,0.627,0.364,0.183,2.9,10.0,6.5,8.7,1.6,1.1,6.8,15.0,5.2,3.7,8.9,0.15,0.5,1.1,1.6,2.6,"DPOY-2,DEF1",2022.0,0
Miles Bridges,23.0,CHO,4.0,80.0,80.0,2837.0,17.9,0.593,0.383,0.274,3.3,17.8,10.4,15.7,1.3,2.2,9.9,22.6,5.0,2.3,7.2,0.123,1.8,-0.3,1.5,2.5,,2022.0,0
DeMar DeRozan,32.0,CHI,4.0,76.0,76.0,2743.0,23.1,0.59,0.093,0.386,2.3,13.7,8.0,23.3,1.2,0.8,9.2,31.8,7.0,1.8,8.8,0.154,3.4,-0.9,2.5,3.1,"MVP-10,AS,NBA2",2022.0,0
Jayson Tatum,23.0,BOS,3.0,76.0,76.0,2731.0,21.8,0.578,0.416,0.3,3.5,20.2,12.1,21.1,1.4,1.6,10.9,32.1,5.0,4.6,9.6,0.169,4.3,0.6,5.0,4.8,"MVP-6,AS,NBA1",2022.0,0
Saddiq Bey,22.0,DET,3.0,82.0,82.0,2704.0,14.0,0.529,0.537,0.224,4.1,14.1,8.8,13.8,1.3,0.5,7.1,21.3,2.4,1.6,4.0,0.071,0.9,-1.2,-0.3,1.2,,2022.0,2
Tyrese Haliburton,21.0,2TM,1.0,77.0,77.0,2695.0,18.2,0.595,0.428,0.209,2.5,10.3,6.3,34.1,2.4,1.6,16.7,19.0,5.2,1.8,7.0,0.125,2.7,-0.1,2.6,3.1,,2022.0,0
Tyrese Haliburton,21.0,SAC,2.0,51.0,51.0,1757.0,17.0,0.575,0.43,0.177,2.4,10.0,6.2,31.4,2.4,1.7,15.4,18.3,2.7,1.2,4.0,0.109,2.2,0.4,2.6,2.0,,2022.0,2
Russell Westbrook,33.0,LAL,1.0,78.0,78.0,2678.0,15.0,0.512,0.215,0.324,4.4,18.8,11.6,31.6,1.3,0.7,17.3,27.3,-0.6,2.3,1.7,0.03,-0.7,-0.9,-1.6,0.2,,2022.0,0
Trae Young,23.0,ATL,1.0,76.0,76.0,2652.0,25.4,0.603,0.395,0.358,2.1,9.6,5.9,46.7,1.3,0.2,14.5,34.4,9.0,1.0,10.0,0.181,7.1,-2.0,5.2,4.8,"AS,NBA3",2022.0,0
Tyrese Maxey,21.0,PHI,1.0,75.0,74.0,2650.0,16.2,0.594,0.311,0.247,1.1,8.9,5.1,19.1,1.0,1.1,7.4,20.2,5.4,1.9,7.3,0.132,1.3,-0.7,0.6,1.8,,2022.0,2
Dorian Finney-Smith,28.0,DAL,4.0,80.0,80.0,2644.0,12.5,0.604,0.629,0.12,5.1,10.7,7.9,8.2,1.7,1.3,9.9,13.8,3.4,3.2,6.6,0.121,0.1,0.7,0.8,1.9,,2022.0,3
Scottie Barnes,20.0,TOR,4.0,74.0,74.0,2617.0,16.3,0.552,0.207,0.231,7.7,15.8,11.5,14.7,1.5,2.1,11.7,19.0,3.7,2.9,6.6,0.122,0.5,0.4,0.9,1.9,ROY-1,2022.0,2
Harrison Barnes,29.0,SAC,4.0,77.0,77.0,2587.0,15.7,0.623,0.432,0.495,3.4,14.9,9.1,10.5,1.0,0.5,10.4,18.8,5.0,1.0,6.0,0.112,1.5,-1.3,0.2,1.4,,2022.0,3
Pascal Siakam,27.0,TOR,4.0,68.0,68.0,2578.0,20.3,0.565,0.181,0.314,5.1,20.1,12.2,23.0,1.6,1.6,11.6,25.8,4.9,3.2,8.1,0.151,2.7,0.8,3.5,3.6,NBA3,2022.0,0
Julius Randle,27.0,NYK,4.0,72.0,72.0,2544.0,15.7,0.509,0.313,0.322,5.2,25.5,15.1,25.1,1.0,1.5,14.7,28.7,-0.3,3.4,3.1,0.059,0.4,0.2,0.5,1.6,,2022.0,0
Tobias Harris,29.0,PHI,4.0,73.0,73.0,2543.0,15.9,0.566,0.269,0.198,3.4,18.1,10.9,15.9,0.9,1.5,9.5,21.7,3.0,2.6,5.6,0.105,0.6,-0.6,0.0,1.3,,2022.0,0
Jalen Brunson,25.0,DAL,2.0,79.0,61.0,2524.0,17.1,0.583,0.25,0.211,1.9,11.7,6.8,24.3,1.3,0.1,10.1,21.9,4.9,2.7,7.5,0.143,0.9,0.0,0.9,1.9,,2022.0,0
Buddy Hield,29.0,2TM,2.0,81.0,32.0,2499.0,12.9,0.548,0.652,0.116,2.9,12.8,7.8,13.8,1.4,0.9,11.7,22.4,0.8,1.1,1.9,0.036,0.5,-1.7,-1.2,0.5,,2022.0,3
Buddy Hield,29.0,SAC,2.0,55.0,6.0,1574.0,11.9,0.54,0.714,0.133,2.9,12.4,7.6,10.0,1.5,0.8,10.9,22.5,0.0,0.8,0.7,0.023,0.2,-1.5,-1.3,0.3,,2022.0,1
Nikola Jokić,26.0,DEN,5.0,74.0,74.0,2476.0,32.8,0.661,0.22,0.357,9.6,35.5,23.0,42.6,2.2,2.3,15.6,31.9,10.8,4.5,15.2,0.296,9.2,4.5,13.7,9.8,"MVP-1,AS,NBA1",2022.0,0
Karl-Anthony Towns,26.0,MIN,5.0,74.0,74.0,2476.0,24.1,0.64,0.301,0.385,8.2,23.6,15.7,18.0,1.4,3.2,13.7,27.8,7.1,3.2,10.3,0.199,4.5,0.5,5.0,4.4,"AS,NBA3",2022.0,0
Anthony Edwards,20.0,MIN,2.0,72.0,72.0,2466.0,16.5,0.56,0.484,0.225,2.6,12.5,7.5,17.4,2.0,1.8,12.2,26.4,1.8,2.4,4.3,0.084,1.6,-0.4,1.2,2.0,,2022.0,2
Fred VanVleet,27.0,TOR,1.0,65.0,65.0,2462.0,17.3,0.552,0.585,0.202,1.8,11.4,6.4,26.7,2.3,1.4,12.5,23.7,3.9,2.8,6.7,0.131,3.1,0.5,3.6,3.5,AS,2022.0,0
Terry Rozier,27.0,CHO,2.0,73.0,73.0,2458.0,17.6,0.566,0.508,0.151,2.4,11.3,6.8,19.7,1.8,1.0,7.2,23.2,4.3,1.6,5.9,0.115,2.4,-0.7,1.7,2.3,,2022.0,0
Gary Trent Jr.,23.0,TOR,2.0,70.0,69.0,2448.0,14.7,0.546,0.502,0.188,1.1,7.7,4.2,8.8,2.5,0.8,5.8,21.8,3.1,2.5,5.6,0.11,-0.1,0.3,0.2,1.3,,2022.0,3
Darius Garland,22.0,CLE,1.0,68.0,68.0,2430.0,19.0,0.576,0.387,0.205,1.8,8.2,5.1,39.9,1.8,0.3,16.2,27.8,3.8,2.5,6.3,0.125,3.4,-0.8,2.6,2.8,AS,2022.0,0
Franz Wagner,20.0,ORL,3.0,79.0,79.0,2429.0,14.7,0.559,0.278,0.225,3.6,11.9,7.7,15.7,1.4,1.3,10.0,21.2,2.1,1.9,4.0,0.079,-0.4,-0.3,-0.7,0.8,ROY-5,2022.0,2
LaMelo Ball,20.0,CHO,1.0,75.0,75.0,2422.0,19.7,0.554,0.451,0.194,4.7,17.4,11.0,35.7,2.4,1.2,15.3,28.2,3.4,2.5,5.8,0.116,3.3,0.1,3.4,3.3,AS,2022.0,0
James Harden,32.0,2TM,1.0,65.0,65.0,2419.0,20.9,0.583,0.452,0.54,2.6,19.7,11.3,40.3,1.7,1.3,18.8,27.2,4.9,2.7,7.6,0.152,3.7,0.3,4.0,3.7,AS,2022.0,0
James Harden,32.0,BRK,1.0,44.0,44.0,1627.0,20.4,0.576,0.435,0.496,2.9,20.2,11.7,39.7,1.7,1.7,19.8,28.3,2.6,1.8,4.4,0.13,3.7,0.4,4.1,2.5,,2022.0,0
Nikola Vučević,31.0,CHI,5.0,73.0,73.0,2418.0,18.2,0.533,0.287,0.105,6.6,30.7,18.7,15.2,1.4,2.5,10.1,24.5,1.4,3.2,4.5,0.09,0.8,0.1,0.9,1.8,,2022.0,0
RJ Barrett,21.0,NYK,3.0,70.0,70.0,2417.0,13.7,0.511,0.338,0.34,2.9,15.5,9.1,14.9,0.9,0.7,9.9,27.6,0.1,2.2,2.3,0.046,-0.3,-1.3,-1.6,0.2,,2022.0,2
Royce O'Neale,28.0,UTA,3.0,77.0,77.0,2406.0,10.3,0.608,0.689,0.126,3.0,13.4,8.4,10.5,1.8,1.2,14.4,9.9,2.7,2.8,5.5,0.109,-0.8,1.7,0.8,1.7,,2022.0,3
Keldon Johnson,22.0,SAS,3.0,75.0,74.0,2392.0,15.2,0.574,0.395,0.231,3.5,16.7,10.0,9.5,1.2,0.5,7.6,21.3,2.9,2.0,4.9,0.099,0.7,-1.2,-0.5,0.9,,2022.0,2
Aaron Gordon,26.0,DEN,4.0,75.0,75.0,2376.0,15.3,0.602,0.312,0.276,6.1,14.3,10.3,11.6,0.9,1.7,12.5,19.7,3.2,2.0,5.2,0.105,0.5,-1.1,-0.6,0.9,,2022.0,0
Dejounte Murray,25.0,SAS,1.0,68.0,68.0,2366.0,22.3,0.533,0.237,0.199,3.5,21.6,12.5,40.6,2.8,0.8,11.8,27.3,3.9,3.4,7.3,0.149,3.7,1.7,5.4,4.4,AS,2022.0,0
Evan Fournier,29.0,NYK,2.0,80.0,80.0,2358.0,12.3,0.554,0.641,0.117,1.5,8.2,4.8,11.9,1.7,0.8,9.4,20.8,1.5,2.2,3.7,0.075,-0.4,-0.3,-0.7,0.7,,2022.0,3
Patty Mills,33.0,BRK,2.0,81.0,48.0,2346.0,10.4,0.563,0.715,0.074,0.9,6.2,3.6,10.6,1.1,0.6,8.2,16.4,1.9,0.9,2.8,0.058,-0.3,-1.4,-1.7,0.2,,2022.0,3
Devin Booker,25.0,PHO,2.0,68.0,68.0,2345.0,21.3,0.576,0.336,0.255,2.1,13.2,7.8,22.4,1.6,1.0,9.3,32.0,4.3,3.3,7.6,0.156,3.9,0.2,4.1,3.6,"MVP-4,AS,NBA1",2022.0,0
Reggie Jackson,31.0,LAC,2.0,75.0,75.0,2337.0,12.1,0.488,0.419,0.133,1.8,10.2,6.1,24.6,1.2,0.5,11.8,27.6,-1.7,2.0,0.4,0.008,-1.4,-1.6,-3.0,-0.6,,2022.0,3
Herbert Jones,23.0,NOP,4.0,78.0,69.0,2335.0,12.3,0.573,0.293,0.283,4.5,9.6,7.0,10.0,2.7,2.5,13.4,13.7,2.1,2.5,4.6,0.096,-2.0,1.5,-0.5,0.9,ROY-6,2022.0,3
Evan Mobley,20.0,CLE,4.0,69.0,69.0,2331.0,16.1,0.549,0.111,0.304,6.9,19.8,13.5,11.6,1.2,4.4,12.4,20.4,1.5,3.7,5.2,0.107,-0.9,1.5,0.6,1.5,ROY-2,2022.0,2
Kentavious Caldwell-Pope,28.0,WAS,2.0,77.0,77.0,2329.0,12.6,0.568,0.492,0.186,2.0,10.3,6.2,9.1,1.8,0.9,9.8,19.0,1.4,1.4,2.8,0.058,-0.9,-0.6,-1.5,0.3,,2022.0,3
Andrew Wiggins,26.0,GSW,3.0,73.0,73.0,2329.0,15.0,0.56,0.392,0.231,4.1,10.9,7.6,10.8,1.6,2.1,9.0,23.1,1.8,3.4,5.1,0.105,0.3,0.1,0.4,1.4,AS,2022.0,0
Zach LaVine,26.0,CHI,2.0,67.0,67.0,2328.0,20.0,0.605,0.401,0.316,1.1,13.8,7.4,20.8,0.9,0.9,11.2,28.8,4.5,1.3,5.8,0.12,3.9,-1.5,2.4,2.6,AS,2022.0,0
Alec Burks,30.0,NYK,2.0,81.0,44.0,2318.0,13.7,0.559,0.534,0.363,2.1,16.6,9.2,15.7,1.8,1.1,9.7,17.7,3.2,2.9,6.1,0.126,-0.4,1.2,0.8,1.7,,2022.0,3
Terance Mann,25.0,LAC,3.0,81.0,33.0,2317.0,13.4,0.572,0.301,0.238,4.9,14.3,9.7,13.1,1.2,0.8,9.9,16.0,3.1,2.4,5.5,0.113,-0.8,0.2,-0.6,0.8,,2022.0,3
Luka Dončić,22.0,DAL,1.0,65.0,65.0,2301.0,25.1,0.571,0.406,0.349,2.7,26.0,14.3,46.0,1.6,1.4,15.3,37.4,3.8,3.8,7.6,0.159,6.4,1.8,8.2,5.9,"MVP-5,AS,NBA1",2022.0,0
Joel Embiid,27.0,PHI,5.0,68.0,68.0,2297.0,31.2,0.616,0.188,0.602,7.2,31.1,19.4,23.5,1.7,3.9,11.3,37.2,7.9,4.1,12.0,0.252,7.2,2.0,9.2,6.5,"MVP-2,AS,NBA2",2022.0,0
Marcus Smart,27.0,BOS,1.0,71.0,71.0,2296.0,13.6,0.54,0.501,0.249,2.0,10.5,6.4,25.6,2.6,0.7,16.6,18.3,1.9,3.7,5.6,0.116,-1.2,1.7,0.5,1.5,"DPOY-1,DEF1",2022.0,5
Jordan Poole,22.0,GSW,2.0,76.0,51.0,2283.0,16.1,0.598,0.548,0.251,1.7,10.5,6.2,21.0,1.3,1.0,13.7,26.0,3.1,2.9,6.0,0.126,1.3,-0.3,1.0,1.7,,2022.0,2
Will Barton,31.0,DEN,2.0,71.0,71.0,2277.0,13.4,0.548,0.48,0.142,2.2,14.1,8.3,17.6,1.2,1.2,11.8,20.8,1.2,1.9,3.2,0.067,0.4,-0.9,-0.5,0.9,,2022.0,3
Desmond Bane,23.0,MEM,2.0,76.0,76.0,2266.0,17.6,0.592,0.475,0.141,2.1,13.6,7.7,13.5,1.9,1.1,8.7,23.1,4.5,2.7,7.2,0.153,2.5,0.3,2.7,2.7,,2022.0,0
Donovan Mitchell,25.0,UTA,2.0,67.0,67.0,2266.0,21.6,0.572,0.475,0.227,2.7,10.6,6.8,27.7,2.2,0.5,11.7,32.9,4.7,2.5,7.2,0.152,4.6,-0.3,4.3,3.6,AS,2022.0,0
Jonas Valančiūnas,29.0,NOP,5.0,74.0,74.0,2240.0,21.2,0.617,0.168,0.308,10.9,31.2,20.8,14.0,0.9,2.6,14.4,23.8,4.6,2.7,7.3,0.156,2.0,-0.1,1.9,2.2,,2022.0,4
Monte Morris,26.0,DEN,1.0,75.0,74.0,2239.0,14.7,0.583,0.406,0.109,1.4,9.6,5.6,21.4,1.2,0.6,8.8,17.4,3.9,1.5,5.4,0.116,0.8,-0.8,0.0,1.1,,2022.0,3
Jaylen Brown,25.0,BOS,3.0,66.0,66.0,2220.0,18.9,0.574,0.381,0.261,2.6,16.7,9.8,17.9,1.6,0.7,11.6,30.5,2.3,3.4,5.8,0.124,1.9,0.1,2.1,2.2,,2022.0,0
Stephen Curry,33.0,GSW,1.0,64.0,64.0,2211.0,21.4,0.601,0.613,0.243,1.7,14.4,8.3,30.4,1.9,1.0,13.2,30.8,4.6,3.4,8.0,0.173,5.4,0.4,5.8,4.4,"MVP-8,AS,NBA2",2022.0,0
Jrue Holiday,31.0,MIL,1.0,67.0,64.0,2207.0,19.8,0.593,0.336,0.189,3.4,10.9,7.2,31.8,2.4,1.3,15.0,23.5,4.5,2.4,6.9,0.15,2.9,0.3,3.2,2.9,"DPOY-8,DEF2",2022.0,0
Giannis Antetokounmpo,27.0,MIL,4.0,67.0,67.0,2204.0,32.1,0.633,0.194,0.615,6.6,30.4,18.7,31.7,1.6,4.0,12.2,34.9,9.2,3.7,12.9,0.281,7.6,3.5,11.2,7.4,"MVP-3,DPOY-6,AS,NBA1,DEF1",2022.0,0
Kyle Kuzma,26.0,WAS,4.0,66.0,66.0,2204.0,15.2,0.547,0.401,0.234,3.6,24.3,14.1,16.3,0.9,2.2,14.1,24.2,0.0,2.0,2.0,0.044,0.2,-0.4,-0.2,1.0,,2022.0,0
Derrick White,27.0,2TM,2.0,75.0,52.0,2199.0,14.8,0.549,0.461,0.294,1.8,10.7,6.3,22.9,1.4,2.3,11.6,19.9,2.8,2.3,5.1,0.111,0.4,0.6,0.9,1.6,,2022.0,3
Derrick White,27.0,SAS,2.0,49.0,48.0,1486.0,15.7,0.551,0.453,0.281,1.8,10.5,6.1,25.2,1.6,2.4,12.0,20.7,2.0,1.3,3.3,0.107,1.2,0.6,1.8,1.4,,2022.0,3
Kevin Huerter,23.0,ATL,3.0,74.0,60.0,2188.0,11.9,0.57,0.541,0.068,1.6,11.0,6.4,13.2,1.2,1.1,10.4,17.5,1.8,1.0,2.8,0.062,-0.5,-0.7,-1.2,0.4,,2022.0,1
Devonte' Graham,26.0,NOP,1.0,76.0,63.0,2162.0,12.1,0.514,0.691,0.172,1.9,7.3,4.5,21.0,1.6,0.5,10.7,19.5,1.6,1.2,2.8,0.062,0.2,-1.2,-1.0,0.5,,2022.0,3
Tyler Herro,22.0,MIA,2.0,66.0,10.0,2151.0,16.2,0.561,0.391,0.195,1.7,15.4,8.7,20.9,1.0,0.4,12.5,28.8,1.3,2.4,3.8,0.084,1.6,-0.9,0.7,1.5,6MOY-1,2022.0,2
CJ McCollum,30.0,2TM,1.0,62.0,62.0,2145.0,18.3,0.553,0.403,0.146,2.6,11.5,6.9,26.1,1.6,1.0,9.3,27.5,2.6,1.0,3.6,0.081,3.2,-1.3,1.9,2.1,,2022.0,0
Jordan Clarkson,29.0,UTA,2.0,79.0,1.0,2141.0,14.9,0.532,0.536,0.156,3.5,10.2,7.0,14.5,1.5,0.7,9.8,26.8,1.5,2.0,3.5,0.079,0.5,-1.2,-0.6,0.7,6MOY-4,2022.0,3
Khris Middleton,30.0,MIL,3.0,66.0,66.0,2141.0,18.1,0.577,0.425,0.285,2.1,15.3,8.8,25.5,1.7,0.8,14.2,26.7,3.2,2.2,5.3,0.119,1.9,-0.3,1.6,1.9,AS,2022.0,0
Malik Monk,23.0,LAL,2.0,76.0,37.0,2139.0,14.4,0.597,0.535,0.142,1.9,11.0,6.4,15.2,1.4,1.2,12.2,20.1,2.3,1.4,3.6,0.081,0.5,-1.0,-0.5,0.8,,2022.0,3
Chris Paul,36.0,PHO,1.0,65.0,65.0,2139.0,20.8,0.581,0.27,0.274,1.1,12.8,7.1,44.5,2.7,0.8,15.6,19.7,5.8,3.6,9.4,0.21,3.1,2.3,5.4,4.0,"MVP-9,AS,NBA3",2022.0,0
Jalen Green,19.0,HOU,2.0,67.0,67.0,2138.0,12.5,0.547,0.48,0.247,1.7,10.0,5.8,13.1,1.0,0.8,11.3,23.7,0.5,0.2,0.7,0.015,-0.5,-2.4,-2.9,-0.5,ROY-4,2022.0,2
Domantas Sabonis,25.0,2TM,4.0,62.0,61.0,2136.0,21.9,0.637,0.162,0.429,10.3,29.0,19.5,23.6,1.3,1.1,17.5,22.3,5.3,1.8,7.1,0.159,3.2,0.9,4.1,3.2,,2022.0,0
Domantas Sabonis,25.0,IND,4.0,47.0,46.0,1632.0,22.2,0.649,0.189,0.452,10.4,28.6,19.4,22.2,1.4,1.2,17.3,21.7,4.4,1.3,5.7,0.168,3.6,1.0,4.6,2.7,,2022.0,0
Seth Curry,31.0,2TM,2.0,64.0,64.0,2135.0,13.7,0.615,0.506,0.127,1.1,9.1,5.2,16.3,1.2,0.6,12.3,18.5,2.7,1.5,4.2,0.095,0.3,-0.9,-0.6,0.8,,2022.0,1
Seth Curry,31.0,PHI,2.0,45.0,45.0,1566.0,13.3,0.603,0.473,0.138,1.2,9.4,5.4,17.7,1.1,0.6,13.0,18.5,1.7,1.1,2.9,0.088,-0.1,-0.9,-1.0,0.4,,2022.0,1
Kyle Lowry,35.0,MIA,1.0,63.0,63.0,2133.0,15.0,0.6,0.609,0.278,1.8,13.0,7.5,32.3,1.6,0.8,19.3,18.2,3.7,2.7,6.4,0.143,1.1,0.8,2.0,2.1,,2022.0,0
Bojan Bogdanović,32.0,UTA,4.0,69.0,69.0,2131.0,15.7,0.599,0.504,0.28,3.1,11.8,7.6,8.7,0.8,0.0,10.2,23.7,3.6,1.6,5.2,0.118,1.6,-1.6,0.0,1.1,,2022.0,0
Jaren Jackson Jr.,22.0,MEM,4.0,78.0,78.0,2126.0,17.0,0.535,0.387,0.333,5.7,16.9,11.2,5.8,1.6,7.4,9.9,25.4,1.7,3.7,5.4,0.121,-0.9,0.8,-0.1,1.0,"DPOY-5,DEF1",2022.0,4
Rudy Gobert,29.0,UTA,5.0,66.0,66.0,2120.0,24.7,0.732,0.008,0.864,12.9,36.3,25.0,5.1,1.0,5.7,14.5,16.9,7.3,4.3,11.7,0.264,2.9,1.7,4.6,3.6,"DPOY-3,AS,DEF1",2022.0,4
Ayo Dosunmu,22.0,CHI,2.0,77.0,40.0,2110.0,11.2,0.596,0.348,0.146,1.4,9.9,5.7,16.5,1.4,1.2,15.9,14.1,1.7,1.3,3.0,0.069,-1.9,-0.1,-2.0,0.0,,2022.0,2
Christian Wood,26.0,HOU,5.0,68.0,67.0,2094.0,19.1,0.595,0.383,0.378,5.7,30.4,18.0,12.2,1.2,2.8,11.0,23.3,2.9,2.0,4.9,0.112,2.1,-0.4,1.6,1.9,,2022.0,0
Cade Cunningham,20.0,DET,2.0,64.0,64.0,2088.0,13.1,0.504,0.352,0.163,2.9,16.2,9.2,29.1,1.8,1.9,17.5,27.5,-2.4,1.9,-0.5,-0.011,-1.1,-0.5,-1.6,0.2,ROY-3,2022.0,2
LeBron James,37.0,LAL,5.0,56.0,56.0,2084.0,26.2,0.619,0.367,0.275,3.3,20.4,11.8,30.6,1.7,2.5,12.5,32.3,5.2,2.3,7.5,0.172,6.9,0.8,7.7,5.1,"MVP-10,AS,NBA3",2022.0,0
De'Aaron Fox,24.0,SAC,1.0,59.0,59.0,2083.0,17.4,0.549,0.228,0.319,1.3,10.9,6.0,26.8,1.6,1.0,11.9,29.1,1.5,1.0,2.5,0.058,0.6,-1.2,-0.6,0.7,,2022.0,0
D'Angelo Russell,25.0,MIN,1.0,65.0,65.0,2077.0,16.3,0.544,0.531,0.246,1.3,10.1,5.6,33.1,1.4,1.0,13.2,25.1,2.9,1.5,4.4,0.101,2.2,-1.5,0.8,1.4,,2022.0,3
Davion Mitchell,23.0,SAC,1.0,75.0,19.0,2076.0,10.8,0.489,0.38,0.101,1.7,7.0,4.4,22.5,1.3,1.0,11.5,20.6,-0.5,0.6,0.1,0.003,-2.1,-1.7,-3.8,-0.9,,2022.0,3
Cole Anthony,21.0,ORL,1.0,65.0,65.0,2059.0,13.5,0.519,0.429,0.277,1.6,16.2,8.9,28.9,1.1,0.8,14.2,25.1,-0.1,1.7,1.6,0.038,-0.6,-0.6,-1.2,0.4,,2022.0,2
Mike Conley,34.0,UTA,1.0,72.0,72.0,2058.0,17.2,0.572,0.523,0.205,2.6,8.8,5.8,27.7,2.3,0.9,12.5,20.9,4.4,2.3,6.7,0.157,2.4,0.7,3.1,2.7,,2022.0,0
Justin Holiday,32.0,2TM,3.0,74.0,65.0,2057.0,9.5,0.543,0.728,0.094,1.5,8.8,5.1,8.6,1.3,1.4,9.2,15.8,0.8,0.6,1.4,0.033,-1.4,-0.8,-2.2,-0.1,,2022.0,3
Justin Holiday,32.0,IND,3.0,49.0,40.0,1416.0,10.3,0.568,0.734,0.09,1.4,9.4,5.3,8.8,1.2,1.1,9.3,15.9,1.0,0.3,1.4,0.047,-0.8,-0.8,-1.7,0.1,,2022.0,1
Jae'Sean Tate,26.0,HOU,4.0,78.0,77.0,2056.0,14.3,0.567,0.277,0.252,7.2,15.3,11.2,16.9,1.7,1.8,14.6,19.6,1.9,1.1,3.0,0.071,-1.3,-0.5,-1.8,0.1,,2022.0,3
Kevin Durant,33.0,BRK,4.0,55.0,55.0,2047.0,25.6,0.634,0.269,0.367,1.6,19.6,10.8,29.1,1.1,2.3,12.9,31.2,6.4,2.0,8.4,0.198,6.4,0.7,7.2,4.8,"MVP-10,AS,NBA2",2022.0,0
Duncan Robinson,27.0,MIA,2.0,79.0,68.0,2043.0,10.6,0.573,0.86,0.084,1.4,9.8,5.6,9.3,1.0,0.7,7.4,17.7,1.9,2.0,3.9,0.092,-0.3,-0.3,-0.6,0.7,,2022.0,3
Clint Capela,27.0,ATL,5.0,74.0,73.0,2042.0,21.4,0.604,0.002,0.28,15.0,31.9,23.5,6.6,1.3,4.1,6.1,15.5,5.6,2.7,8.3,0.195,2.1,-0.1,2.0,2.1,,2022.0,4
Bobby Portis,26.0,MIL,5.0,72.0,59.0,2028.0,17.7,0.571,0.388,0.13,9.6,24.4,17.2,6.4,1.3,2.4,8.9,21.3,2.9,2.6,5.5,0.131,1.2,-1.0,0.2,1.1,,2022.0,4
Al Horford,35.0,BOS,5.0,69.0,69.0,2005.0,16.7,0.574,0.466,0.167,6.0,22.2,14.3,16.4,1.2,4.2,9.6,14.8,3.7,3.8,7.6,0.181,1.4,2.9,4.3,3.2,DPOY-9,2022.0,0
Steven Adams,28.0,MEM,5.0,76.0,75.0,1999.0,17.6,0.56,0.003,0.518,17.9,22.0,19.9,16.1,1.6,2.7,19.6,12.0,3.8,3.0,6.8,0.163,1.0,1.0,2.0,2.0,,2022.0,4
Kelly Oubre Jr.,26.0,CHO,3.0,76.0,13.0,1999.0,14.9,0.56,0.593,0.203,4.1,12.0,8.0,6.2,1.8,1.5,6.2,23.0,1.8,1.4,3.3,0.079,0.2,-1.6,-1.4,0.3,6MOY-7,2022.0,3
Deni Avdija,21.0,WAS,3.0,82.0,8.0,1984.0,11.6,0.536,0.447,0.235,3.0,20.5,11.9,11.8,1.5,1.9,12.0,16.3,0.6,1.8,2.4,0.058,-2.1,0.4,-1.7,0.1,,2022.0,2
P.J. Tucker,36.0,MIA,4.0,71.0,70.0,1981.0,11.3,0.593,0.451,0.143,5.8,16.2,11.1,10.6,1.5,0.8,12.7,11.7,2.4,2.6,5.0,0.121,-0.8,1.4,0.6,1.3,,2022.0,3
Isaac Okoro,21.0,CLE,3.0,67.0,61.0,1981.0,10.4,0.589,0.364,0.36,4.1,7.1,5.6,8.5,1.4,1.0,10.4,12.4,2.4,1.9,4.2,0.103,-2.4,0.7,-1.7,0.1,,2022.0,2
Spencer Dinwiddie,28.0,2TM,1.0,67.0,51.0,1980.0,15.1,0.543,0.449,0.343,2.6,13.0,7.8,25.7,1.1,0.6,10.9,21.4,2.7,1.4,4.1,0.098,0.8,-0.4,0.3,1.1,,2022.0,0
Spencer Dinwiddie,28.0,WAS,1.0,44.0,44.0,1330.0,13.2,0.501,0.459,0.291,3.0,14.0,8.6,27.5,1.0,0.4,11.6,21.0,0.9,0.7,1.6,0.058,-0.2,-0.7,-0.9,0.3,,2022.0,5
Malik Beasley,25.0,MIN,2.0,79.0,18.0,1976.0,11.9,0.544,0.749,0.071,1.4,11.2,6.2,8.5,1.0,0.6,4.7,19.4,1.7,1.2,2.9,0.069,0.7,-1.5,-0.7,0.7,,2022.0,3
Jakob Poeltl,26.0,SAS,5.0,68.0,67.0,1970.0,20.8,0.613,0.002,0.287,13.9,20.0,16.9,14.0,1.1,5.0,12.7,18.3,4.4,2.5,6.9,0.168,0.9,0.7,1.6,1.7,,2022.0,4
Shai Gilgeous-Alexander,23.0,OKC,1.0,56.0,56.0,1942.0,20.9,0.557,0.282,0.385,1.9,13.0,7.4,31.1,1.8,2.2,11.1,30.8,2.8,1.8,4.6,0.113,2.9,0.5,3.4,2.7,,2022.0,0
Robert Covington,31.0,2TM,4.0,71.0,42.0,1940.0,12.4,0.572,0.681,0.139,3.3,18.9,11.0,6.8,2.6,4.4,12.4,13.5,0.8,2.4,3.2,0.08,-1.6,1.7,0.2,1.1,,2022.0,5
Robert Covington,31.0,POR,4.0,48.0,40.0,1431.0,10.0,0.519,0.685,0.107,3.0,18.6,10.5,6.7,2.5,4.3,14.2,12.4,-0.3,1.4,1.1,0.037,-2.8,1.6,-1.2,0.3,,2022.0,5
Devin Vassell,21.0,SAS,3.0,71.0,32.0,1937.0,13.3,0.54,0.497,0.13,2.4,14.3,8.3,9.7,1.9,1.8,6.7,18.9,1.3,2.0,3.3,0.082,-0.5,0.0,-0.5,0.7,,2022.0,2
Jimmy Butler,32.0,MIA,3.0,57.0,57.0,1931.0,23.6,0.592,0.14,0.549,6.1,13.5,9.9,26.4,2.4,1.5,10.5,26.5,6.2,2.9,9.2,0.228,4.5,1.9,6.3,4.0,AS,2022.0,0
Darius Bazley,21.0,OKC,4.0,69.0,53.0,1924.0,12.6,0.515,0.414,0.262,3.7,19.8,11.6,7.7,1.5,3.4,11.1,18.3,-0.5,2.2,1.8,0.044,-2.1,0.3,-1.8,0.1,,2022.0,2
Luke Kennard,25.0,LAC,2.0,70.0,13.0,1919.0,13.3,0.619,0.662,0.121,1.1,11.2,6.3,11.2,1.1,0.3,8.2,16.8,2.8,1.7,4.5,0.113,0.8,-0.3,0.5,1.2,6MOY-5,2022.0,1
Kevin Porter Jr.,21.0,HOU,1.0,61.0,61.0,1907.0,13.5,0.531,0.511,0.239,2.5,13.0,7.7,30.7,1.7,1.0,17.7,24.1,0.0,0.8,0.8,0.021,-0.1,-1.6,-1.6,0.2,,2022.0,2
Reggie Bullock,30.0,DAL,3.0,68.0,37.0,1902.0,9.2,0.558,0.782,0.096,1.9,12.2,7.0,6.1,1.1,0.7,7.1,13.3,1.2,2.0,3.2,0.08,-1.4,0.0,-1.4,0.3,,2022.0,1
Ja Morant,22.0,MEM,1.0,57.0,57.0,1889.0,24.4,0.575,0.218,0.353,4.2,14.1,9.0,34.1,1.7,1.0,12.6,33.7,4.6,2.1,6.7,0.171,6.2,-0.1,6.1,3.9,"MVP-7,MIP-1,AS,NBA2",2022.0,0
Jae Crowder,31.0,PHO,4.0,67.0,67.0,1886.0,11.3,0.541,0.671,0.165,1.8,18.0,10.1,8.3,2.4,1.4,8.6,14.6,0.9,3.4,4.3,0.11,-1.3,2.4,1.1,1.5,,2022.0,5
Jarred Vanderbilt,22.0,MIN,4.0,74.0,67.0,1880.0,15.3,0.612,0.039,0.363,12.0,23.9,17.8,6.7,2.5,2.4,14.8,10.9,3.1,2.9,6.0,0.153,-0.8,1.0,0.2,1.1,,2022.0,2
Lauri Markkanen,24.0,CLE,3.0,61.0,61.0,1878.0,14.7,0.582,0.541,0.226,3.5,16.5,10.2,6.6,1.2,1.4,6.5,19.5,2.7,2.3,5.0,0.127,0.4,-0.1,0.4,1.1,,2022.0,1
Grant Williams,23.0,BOS,4.0,77.0,21.0,1875.0,11.2,0.635,0.597,0.22,3.8,11.8,7.9,5.7,1.0,2.8,11.6,12.6,2.4,2.6,5.1,0.13,-1.4,1.1,-0.4,0.8,,2022.0,3
Brandon Ingram,24.0,NOP,3.0,55.0,55.0,1869.0,18.7,0.554,0.23,0.328,2.0,17.3,9.5,27.8,0.9,1.3,11.8,29.3,2.5,1.3,3.9,0.099,2.6,-0.6,2.0,1.9,,2022.0,0
Cody Martin,26.0,CHO,3.0,71.0,11.0,1866.0,12.7,0.579,0.376,0.253,4.6,11.7,8.1,12.4,2.3,1.6,11.5,12.1,2.4,1.5,3.9,0.101,-1.2,0.7,-0.5,0.7,,2022.0,5
Ivica Zubac,24.0,LAC,5.0,76.0,76.0,1852.0,19.2,0.66,0.0,0.459,12.8,23.7,18.4,9.8,1.0,3.5,16.1,16.8,4.3,2.9,7.2,0.187,-0.1,0.8,0.7,1.3,,2022.0,4
Wendell Carter Jr.,22.0,ORL,4.0,62.0,61.0,1852.0,18.4,0.601,0.313,0.303,7.9,29.1,18.5,15.4,0.9,2.1,13.1,20.9,2.6,2.4,5.0,0.129,1.0,0.6,1.6,1.7,,2022.0,2
Jeff Green,35.0,DEN,4.0,75.0,63.0,1849.0,12.5,0.627,0.318,0.374,2.6,11.1,7.0,7.3,0.7,1.3,10.3,16.3,2.7,1.2,3.9,0.101,-1.2,-1.3,-2.5,-0.2,,2022.0,3
Mitchell Robinson,23.0,NYK,5.0,72.0,62.0,1848.0,20.7,0.722,0.0,0.528,16.8,19.1,17.9,3.2,1.6,7.1,12.4,11.4,5.3,3.2,8.5,0.221,1.0,1.2,2.2,2.0,,2022.0,4
Bogdan Bogdanović,29.0,ATL,2.0,63.0,27.0,1848.0,15.4,0.562,0.578,0.145,1.7,13.0,7.4,15.5,1.8,0.7,7.7,21.6,2.5,1.2,3.7,0.095,1.5,-0.2,1.3,1.5,6MOY-6,2022.0,3
Dennis Schröder,28.0,2TM,1.0,64.0,29.0,1837.0,13.0,0.539,0.345,0.254,2.0,10.5,6.3,24.2,1.4,0.4,15.1,22.6,1.0,1.9,2.9,0.076,-1.5,-0.4,-1.9,0.0,,2022.0,5
Dennis Schröder,28.0,BOS,1.0,49.0,25.0,1433.0,13.5,0.543,0.329,0.248,2.2,10.0,6.2,22.0,1.4,0.3,13.8,23.1,1.0,1.8,2.8,0.092,-1.2,0.0,-1.2,0.3,,2022.0,5
Bam Adebayo,24.0,MIA,5.0,56.0,56.0,1825.0,21.8,0.608,0.008,0.466,8.7,26.1,17.5,17.5,2.2,2.6,14.4,25.0,3.6,3.5,7.2,0.188,1.7,2.1,3.8,2.7,"DPOY-4,DEF2",2022.0,0
Mo Bamba,23.0,ORL,5.0,71.0,69.0,1824.0,16.5,0.582,0.455,0.118,8.5,24.6,16.5,7.4,1.0,5.9,10.6,17.2,1.8,2.7,4.5,0.118,-0.2,0.9,0.7,1.2,,2022.0,4
Isaiah Stewart,20.0,DET,5.0,71.0,71.0,1816.0,14.0,0.55,0.094,0.21,12.8,24.5,18.4,6.9,0.6,3.9,13.7,14.6,1.6,1.8,3.4,0.091,-2.5,-0.8,-3.3,-0.6,,2022.0,2
Jarrett Allen,23.0,CLE,5.0,56.0,56.0,1809.0,23.0,0.698,0.018,0.428,12.0,24.5,18.4,8.2,1.2,3.7,12.7,18.1,5.4,3.0,8.5,0.225,2.7,1.2,3.9,2.7,AS,2022.0,4
Grayson Allen,26.0,MIL,2.0,66.0,61.0,1805.0,12.7,0.609,0.684,0.13,1.9,10.9,6.5,7.6,1.2,1.0,6.7,15.2,2.8,1.4,4.2,0.11,0.6,-0.2,0.4,1.1,,2022.0,1
Robert Williams,24.0,BOS,5.0,61.0,61.0,1804.0,22.1,0.745,0.003,0.245,14.6,20.5,17.6,9.7,1.5,6.8,13.4,11.5,6.0,3.9,9.9,0.262,2.4,3.1,5.5,3.4,"DPOY-7,DEF2",2022.0,4
Jaden McDaniels,21.0,MIN,4.0,70.0,31.0,1803.0,10.3,0.553,0.455,0.128,4.4,13.2,8.7,6.1,1.4,2.9,11.4,15.3,0.7,1.7,2.4,0.065,-2.9,-0.1,-2.9,-0.4,,2022.0,2
Immanuel Quickley,22.0,NYK,1.0,78.0,3.0,1802.0,14.6,0.543,0.547,0.278,1.8,13.1,7.4,24.5,1.5,0.2,10.9,22.2,2.5,1.8,4.2,0.113,0.2,0.0,0.2,1.0,6MOY-10,2022.0,2
Corey Kispert,22.0,WAS,3.0,77.0,36.0,1801.0,10.9,0.586,0.623,0.121,3.3,9.4,6.4,6.7,1.0,1.0,8.5,14.6,1.6,0.7,2.3,0.061,-0.8,-1.5,-2.3,-0.1,,2022.0,2
Dwight Powell,30.0,DAL,5.0,82.0,71.0,1798.0,18.1,0.725,0.092,0.529,10.7,14.3,12.5,8.1,1.0,2.0,11.5,14.0,6.0,2.2,8.2,0.219,0.4,0.5,0.9,1.3,,2022.0,4
Mason Plumlee,31.0,CHO,5.0,73.0,73.0,1793.0,14.7,0.603,0.006,0.534,10.2,23.3,16.7,16.4,1.6,2.7,20.2,11.7,2.7,2.0,4.7,0.127,-1.5,1.5,0.0,0.9,,2022.0,4
Carmelo Anthony,37.0,LAL,4.0,69.0,3.0,1793.0,14.8,0.579,0.549,0.22,3.7,13.5,8.6,5.6,1.3,2.6,6.9,20.4,2.2,1.4,3.6,0.097,0.4,-0.8,-0.5,0.7,,2022.0,1
Josh Hart,26.0,2TM,2.0,54.0,53.0,1791.0,16.1,0.61,0.374,0.371,3.7,20.7,12.0,18.9,1.7,0.7,14.7,18.6,2.8,1.5,4.4,0.117,0.5,0.5,0.9,1.3,,2022.0,3
Caris LeVert,27.0,2TM,2.0,58.0,49.0,1781.0,15.1,0.525,0.3,0.226,2.7,10.7,6.7,22.0,1.4,1.1,10.3,25.4,1.2,1.0,2.2,0.059,0.0,-1.2,-1.2,0.4,,2022.0,0
Bruce Brown,25.0,BRK,3.0,72.0,45.0,1774.0,15.0,0.575,0.186,0.253,6.3,14.7,10.6,11.5,2.1,2.6,9.1,15.0,2.8,2.0,4.8,0.13,-0.4,1.1,0.7,1.2,,2022.0,4
P.J. Washington,23.0,CHO,5.0,65.0,28.0,1768.0,13.6,0.588,0.566,0.152,4.8,15.5,10.1,11.2,1.5,3.3,12.6,15.6,1.8,1.6,3.4,0.091,-0.2,0.2,-0.1,0.9,,2022.0,1
Chuma Okeke,23.0,ORL,4.0,70.0,20.0,1749.0,12.0,0.501,0.645,0.113,2.8,18.2,10.5,10.1,2.7,2.2,8.6,16.4,-0.3,2.5,2.2,0.06,-1.6,1.5,-0.1,0.8,,2022.0,5
Georges Niang,28.0,PHI,4.0,76.0,7.0,1736.0,10.7,0.594,0.687,0.105,1.6,11.3,6.5,8.7,0.9,0.7,9.1,16.8,1.5,1.3,2.8,0.077,-0.8,-1.1,-1.9,0.0,,2022.0,3
Kevon Looney,25.0,GSW,5.0,82.0,80.0,1732.0,15.7,0.586,0.003,0.343,13.5,23.8,18.8,13.2,1.4,2.9,13.8,12.2,3.5,3.2,6.8,0.187,-0.9,1.7,0.9,1.3,,2022.0,4
Cameron Johnson,25.0,PHO,4.0,66.0,16.0,1730.0,15.2,0.625,0.644,0.188,2.7,14.0,8.5,7.7,1.6,0.8,6.7,17.5,3.2,2.4,5.6,0.156,2.0,0.7,2.7,2.1,6MOY-3,2022.0,1
Gary Harris,27.0,ORL,2.0,61.0,30.0,1730.0,10.9,0.571,0.546,0.172,2.2,5.3,3.7,9.5,1.6,0.5,9.3,16.4,1.1,1.0,2.2,0.06,-2.0,-0.4,-2.4,-0.2,,2022.0,1
OG Anunoby,24.0,TOR,3.0,48.0,48.0,1728.0,14.8,0.549,0.455,0.169,4.4,12.6,8.3,11.0,2.1,1.4,9.7,20.5,1.8,1.9,3.7,0.104,0.4,0.1,0.5,1.1,,2022.0,5
Precious Achiuwa,22.0,TOR,5.0,73.0,28.0,1725.0,12.7,0.503,0.259,0.217,8.7,21.7,14.9,6.9,1.1,2.3,11.3,18.5,0.4,2.1,2.5,0.07,-2.0,-0.6,-2.6,-0.2,,2022.0,2
Deandre Ayton,23.0,PHO,5.0,58.0,58.0,1713.0,21.9,0.656,0.027,0.204,9.6,27.1,18.6,7.6,1.1,2.1,10.7,21.4,4.1,3.1,7.3,0.203,2.2,0.6,2.8,2.1,,2022.0,4
Garrison Mathews,25.0,HOU,2.0,65.0,33.0,1712.0,11.0,0.602,0.837,0.39,2.0,10.2,6.1,5.3,1.6,1.3,7.1,14.4,2.2,0.5,2.8,0.077,-1.3,-1.0,-2.3,-0.1,,2022.0,1
Josh Giddey,19.0,OKC,3.0,54.0,54.0,1700.0,13.3,0.478,0.318,0.118,5.8,19.8,12.7,32.3,1.5,1.1,19.5,22.2,-1.3,1.7,0.4,0.01,-1.2,0.3,-0.9,0.5,,2022.0,2
Pat Connaughton,29.0,MIL,3.0,65.0,19.0,1691.0,13.4,0.62,0.746,0.109,2.9,14.0,8.6,6.6,1.7,0.9,6.3,14.0,2.8,1.6,4.4,0.125,0.8,0.3,1.2,1.4,,2022.0,1
Chris Boucher,29.0,TOR,3.0,80.0,9.0,1690.0,17.9,0.57,0.397,0.334,10.9,21.3,15.8,2.2,1.4,4.3,6.0,17.8,3.5,2.4,6.0,0.169,0.5,-0.4,0.1,0.9,,2022.0,4
Matisse Thybulle,24.0,PHI,2.0,66.0,50.0,1685.0,11.2,0.594,0.48,0.143,2.8,7.1,5.0,6.1,3.4,3.8,10.9,9.5,1.2,2.5,3.7,0.107,-2.2,3.3,1.1,1.3,"DPOY-11,DEF2",2022.0,5
Anfernee Simons,22.0,POR,2.0,57.0,30.0,1681.0,15.3,0.583,0.555,0.146,1.6,8.5,4.9,22.2,0.9,0.4,11.9,24.8,2.0,-0.1,1.9,0.055,1.9,-2.7,-0.7,0.5,,2022.0,2
Coby White,21.0,CHI,1.0,61.0,17.0,1675.0,12.6,0.564,0.548,0.141,1.1,11.0,6.1,15.0,0.8,0.6,9.3,19.8,1.6,0.8,2.4,0.067,-0.4,-1.7,-2.1,0.0,,2022.0,2
Danilo Gallinari,33.0,ATL,4.0,66.0,18.0,1672.0,14.3,0.579,0.492,0.261,2.3,17.8,10.1,8.5,0.8,0.6,5.4,18.4,2.8,0.8,3.6,0.105,1.0,-1.2,-0.2,0.8,,2022.0,1
Eric Gordon,33.0,HOU,2.0,57.0,46.0,1669.0,12.1,0.614,0.534,0.239,1.0,6.5,3.7,14.1,0.8,1.0,14.6,18.6,1.5,-0.1,1.4,0.04,-0.1,-2.2,-2.3,-0.1,,2022.0,1
Kevin Love,33.0,CLE,5.0,74.0,4.0,1665.0,19.6,0.594,0.627,0.26,5.9,29.2,17.8,15.3,0.8,1.0,10.4,25.1,3.2,2.5,5.7,0.164,4.4,0.1,4.5,2.7,6MOY-2,2022.0,4
Luguentz Dort,22.0,OKC,2.0,51.0,51.0,1665.0,12.3,0.541,0.539,0.263,2.3,10.9,6.5,8.6,1.3,1.0,9.8,23.3,0.2,1.1,1.4,0.04,-1.5,-0.7,-2.3,-0.1,,2022.0,2
John Collins,24.0,ATL,4.0,54.0,53.0,1663.0,18.7,0.61,0.273,0.262,6.2,21.5,13.9,8.9,1.0,3.0,7.7,20.5,3.6,1.4,5.1,0.146,1.5,0.0,1.5,1.5,,2022.0,4
De'Anthony Melton,23.0,MEM,2.0,73.0,15.0,1657.0,15.2,0.529,0.535,0.173,4.0,17.1,10.4,16.0,3.0,2.1,13.0,21.3,0.9,2.8,3.7,0.107,0.3,1.6,1.9,1.6,6MOY-8,2022.0,5
KJ Martin,21.0,HOU,3.0,79.0,2.0,1656.0,14.3,0.603,0.321,0.235,5.3,14.5,9.9,9.4,1.0,2.2,9.4,16.3,2.3,0.6,2.9,0.084,0.0,-1.2,-1.2,0.4,,2022.0,2
Killian Hayes,20.0,DET,1.0,66.0,40.0,1647.0,9.3,0.461,0.364,0.161,2.2,12.0,6.9,24.6,2.3,1.9,18.4,15.7,-1.0,1.5,0.5,0.014,-4.3,0.8,-3.5,-0.6,,2022.0,2
Montrezl Harrell,28.0,2TM,5.0,71.0,3.0,1641.0,23.2,0.68,0.031,0.533,10.0,18.7,14.4,13.9,0.9,2.3,9.5,20.2,6.1,1.2,7.3,0.213,3.7,0.1,3.9,2.4,6MOY-9,2022.0,4
Montrezl Harrell,28.0,WAS,5.0,46.0,3.0,1117.0,23.9,0.684,0.039,0.535,9.7,20.8,15.3,13.9,0.8,2.4,9.6,20.8,4.2,0.9,5.1,0.218,4.3,0.6,4.8,1.9,,2022.0,4
Lonnie Walker IV,23.0,SAS,2.0,70.0,6.0,1612.0,12.3,0.512,0.462,0.194,1.2,10.7,5.9,13.4,1.3,1.0,7.9,23.6,0.1,1.1,1.2,0.037,-1.2,-1.3,-2.5,-0.2,,2022.0,1
Cory Joseph,30.0,DET,1.0,65.0,39.0,1600.0,11.4,0.579,0.393,0.283,1.9,10.3,5.9,21.8,1.3,1.0,15.9,14.3,1.7,0.8,2.5,0.075,-2.0,-0.1,-2.1,0.0,,2022.0,5
Josh Richardson,28.0,2TM,2.0,65.0,7.0,1600.0,12.8,0.573,0.461,0.202,2.8,9.4,6.2,10.1,1.7,1.6,10.2,17.6,1.6,2.0,3.5,0.106,-0.6,0.7,0.1,0.9,,2022.0,1
Josh Richardson,28.0,BOS,2.0,44.0,0.0,1087.0,12.2,0.57,0.455,0.207,2.7,9.6,6.2,8.7,1.6,1.9,9.4,16.7,1.0,1.5,2.6,0.113,-1.0,1.2,0.3,0.6,,2022.0,1
Torrey Craig,31.0,2TM,3.0,78.0,16.0,1596.0,11.0,0.556,0.531,0.118,5.9,15.4,10.7,7.6,1.4,2.0,12.6,14.3,0.9,1.4,2.3,0.07,-1.7,-0.1,-1.8,0.1,,2022.0,3
Torrey Craig,31.0,IND,3.0,51.0,14.0,1034.0,10.8,0.555,0.491,0.125,6.3,14.9,10.5,7.7,1.1,1.6,11.6,13.9,0.8,0.4,1.2,0.056,-1.6,-0.6,-2.2,-0.1,,2022.0,1
Gabe Vincent,25.0,MIA,1.0,68.0,27.0,1589.0,10.6,0.551,0.63,0.105,1.6,7.3,4.5,19.4,2.0,0.8,15.4,17.8,0.7,1.9,2.5,0.076,-1.9,0.5,-1.4,0.2,,2022.0,5
Max Strus,25.0,MIA,3.0,68.0,16.0,1587.0,12.7,0.614,0.784,0.094,1.7,12.5,7.2,8.8,0.9,1.1,8.8,18.1,2.0,1.7,3.6,0.11,1.4,-0.4,0.9,1.2,,2022.0,1
Jusuf Nurkić,27.0,POR,5.0,56.0,56.0,1579.0,20.0,0.586,0.093,0.447,11.2,32.6,21.5,16.6,1.9,2.1,16.6,23.6,2.0,1.7,3.6,0.11,0.1,0.2,0.3,0.9,,2022.0,4
De'Andre Hunter,24.0,ATL,3.0,53.0,52.0,1577.0,10.6,0.547,0.339,0.289,1.8,10.4,6.1,6.1,1.1,1.2,9.6,19.9,0.4,0.7,1.1,0.034,-2.4,-1.5,-3.9,-0.8,,2022.0,1
Amir Coffey,24.0,LAC,2.0,69.0,30.0,1567.0,13.0,0.598,0.545,0.251,1.8,11.2,6.7,11.4,1.2,0.8,8.0,15.8,2.3,1.5,3.8,0.116,-0.3,0.0,-0.3,0.7,,2022.0,1
Oshae Brissett,23.0,IND,3.0,67.0,25.0,1564.0,12.9,0.53,0.468,0.324,7.6,18.1,12.8,6.4,1.4,1.6,8.5,17.3,1.4,0.9,2.2,0.069,-0.5,-1.7,-2.2,-0.1,,2022.0,1
Marcus Morris,32.0,LAC,4.0,54.0,54.0,1564.0,13.7,0.549,0.398,0.214,1.8,14.0,8.1,11.3,0.9,1.0,8.4,23.2,0.9,1.5,2.4,0.074,-0.3,-1.0,-1.4,0.3,,2022.0,1
Gordon Hayward,31.0,CHO,3.0,49.0,48.0,1564.0,15.1,0.57,0.357,0.241,2.5,12.8,7.6,16.1,1.4,1.3,10.6,20.7,1.9,1.0,2.8,0.087,0.1,-0.8,-0.7,0.5,,2022.0,3
Tyus Jones,25.0,MEM,1.0,73.0,23.0,1549.0,16.5,0.544,0.371,0.12,1.1,11.0,5.9,28.2,2.0,0.1,7.3,16.6,3.4,1.6,5.1,0.158,1.2,0.5,1.7,1.4,6MOY-11,2022.0,3
Chris Duarte,24.0,IND,2.0,55.0,39.0,1541.0,12.3,0.537,0.411,0.18,2.9,13.6,8.2,10.9,1.8,0.6,11.8,21.1,0.2,0.7,0.9,0.029,-1.2,-1.1,-2.3,-0.1,,2022.0,1
Trey Lyles,26.0,2TM,4.0,75.0,23.0,1537.0,16.4,0.588,0.372,0.432,6.0,21.2,13.4,9.0,0.9,1.9,9.8,20.7,2.4,1.2,3.5,0.111,0.5,-0.8,-0.3,0.7,,2022.0,4
Trey Lyles,26.0,DET,4.0,51.0,3.0,990.0,16.7,0.576,0.38,0.458,6.2,21.2,13.3,9.5,1.1,2.4,10.5,22.3,1.3,0.9,2.2,0.106,0.5,-0.4,0.0,0.5,,2022.0,4
Javonte Green,28.0,CHI,3.0,65.0,45.0,1519.0,14.0,0.637,0.311,0.295,6.8,13.6,10.2,5.3,2.2,1.8,7.6,11.5,2.9,1.5,4.4,0.139,-0.6,0.7,0.1,0.8,,2022.0,5
Talen Horton-Tucker,21.0,LAL,2.0,60.0,19.0,1511.0,11.0,0.503,0.338,0.232,2.6,11.1,6.9,14.9,1.9,1.7,12.1,19.2,-0.2,1.2,1.1,0.033,-3.2,-0.2,-3.3,-0.5,,2022.0,2
Jerami Grant,27.0,DET,4.0,47.0,47.0,1500.0,16.1,0.556,0.363,0.371,1.9,12.4,6.9,12.5,1.4,2.9,9.5,25.7,1.2,1.1,2.3,0.075,1.4,-0.2,1.2,1.2,,2022.0,0
Alperen Şengün,19.0,HOU,5.0,72.0,13.0,1489.0,16.0,0.552,0.223,0.442,10.1,18.9,14.5,19.1,1.9,4.1,18.8,22.0,0.8,1.3,2.1,0.068,-1.6,0.6,-1.0,0.4,,2022.0,2
Kyle Anderson,28.0,MEM,4.0,69.0,11.0,1484.0,14.4,0.506,0.232,0.224,4.8,21.6,13.0,16.2,2.5,2.7,12.1,16.2,1.0,2.5,3.5,0.113,-0.9,2.1,1.2,1.2,,2022.0,5
Kristaps Porziņģis,26.0,2TM,4.0,51.0,51.0,1481.0,23.7,0.577,0.329,0.373,7.7,23.1,15.4,13.7,1.3,5.0,8.3,29.5,3.2,2.4,5.6,0.18,3.3,0.6,3.9,2.2,,2022.0,4
Austin Rivers,29.0,DEN,2.0,67.0,18.0,1480.0,7.2,0.546,0.66,0.126,1.5,6.9,4.3,8.0,1.7,0.4,12.8,12.6,0.1,1.1,1.2,0.037,-3.5,-0.3,-3.8,-0.7,,2022.0,1
Patrick Beverley,33.0,MIN,1.0,58.0,54.0,1476.0,14.8,0.539,0.555,0.305,4.4,13.2,8.7,24.5,2.2,3.4,12.9,16.1,2.3,1.7,4.1,0.132,0.6,2.1,2.7,1.7,,2022.0,5
Nickeil Alexander-Walker,23.0,2TM,2.0,65.0,21.0,1466.0,10.5,0.475,0.497,0.16,2.7,11.5,7.1,16.1,1.5,1.5,11.3,24.1,-1.1,1.1,0.1,0.003,-1.8,-1.1,-2.9,-0.3,,2022.0,1
Nickeil Alexander-Walker,23.0,NOP,2.0,50.0,19.0,1317.0,10.5,0.474,0.483,0.153,3.0,11.0,6.9,16.1,1.5,1.4,11.2,24.8,-1.1,0.9,-0.1,-0.005,-1.7,-1.3,-3.0,-0.3,,2022.0,1
Cedi Osman,26.0,CLE,3.0,66.0,3.0,1462.0,13.3,0.563,0.628,0.229,1.9,9.0,5.5,14.1,1.8,0.6,9.6,21.1,1.3,1.6,2.9,0.094,-0.3,0.5,0.2,0.8,,2022.0,1
Nicolas Batum,33.0,LAC,4.0,59.0,54.0,1462.0,13.5,0.608,0.698,0.098,2.2,15.8,9.2,9.7,1.9,2.4,9.0,13.3,1.6,2.1,3.7,0.123,0.5,1.9,2.3,1.6,,2022.0,1
Norman Powell,28.0,2TM,2.0,45.0,41.0,1458.0,16.3,0.603,0.418,0.385,1.5,9.7,5.4,10.8,1.4,1.4,8.9,23.1,2.4,0.4,2.8,0.093,1.2,-1.5,-0.3,0.6,,2022.0,3
Delon Wright,29.0,ATL,2.0,77.0,8.0,1452.0,13.8,0.576,0.431,0.234,3.8,12.7,8.3,16.6,3.1,1.2,13.2,10.3,2.2,1.5,3.6,0.121,-0.2,2.4,2.2,1.6,,2022.0,5
Maxi Kleber,30.0,DAL,4.0,59.0,21.0,1450.0,11.0,0.537,0.72,0.184,5.4,21.5,13.4,6.5,1.0,3.6,10.9,13.3,0.7,2.3,3.0,0.098,-1.6,1.2,-0.4,0.6,6MOY-11,2022.0,1
Terrence Ross,30.0,ORL,2.0,63.0,0.0,1448.0,10.0,0.515,0.477,0.235,1.5,10.3,5.9,12.5,0.9,0.8,10.9,20.5,-0.5,0.9,0.3,0.011,-2.5,-1.1,-3.7,-0.6,,2022.0,1
Daniel Gafford,23.0,WAS,5.0,72.0,53.0,1444.0,21.8,0.708,0.002,0.372,12.1,19.0,15.6,7.3,1.0,5.8,12.0,16.7,4.4,1.6,6.0,0.198,1.1,0.5,1.6,1.3,,2022.0,4
Landry Shamet,24.0,PHO,2.0,69.0,14.0,1437.0,10.2,0.55,0.689,0.167,1.2,8.0,4.7,9.7,0.9,0.6,7.3,16.8,1.1,1.5,2.6,0.085,-0.9,-0.4,-1.2,0.3,,2022.0,1
Andre Drummond,28.0,2TM,5.0,73.0,36.0,1437.0,21.0,0.574,0.007,0.379,18.0,34.1,26.2,13.7,2.7,4.2,18.5,19.0,2.0,3.1,5.1,0.17,-0.1,1.4,1.3,1.2,,2022.0,4
Andre Drummond,28.0,PHI,5.0,49.0,12.0,902.0,19.3,0.544,0.008,0.345,17.1,36.1,26.8,16.0,3.1,4.5,22.4,17.6,0.7,2.2,2.9,0.153,-1.2,2.5,1.3,0.7,,2022.0,4
Austin Reaves,23.0,LAL,2.0,61.0,19.0,1418.0,11.5,0.6,0.525,0.371,3.4,11.2,7.3,10.3,1.0,1.3,9.8,12.4,2.1,0.8,2.9,0.097,-1.3,-0.6,-1.9,0.0,,2022.0,1
Furkan Korkmaz,24.0,PHI,2.0,67.0,19.0,1414.0,10.2,0.502,0.566,0.179,1.8,11.9,6.9,13.1,1.2,0.6,8.6,17.6,0.1,1.1,1.2,0.041,-2.0,-1.1,-3.1,-0.4,,2022.0,1
Avery Bradley,31.0,LAL,2.0,62.0,45.0,1406.0,7.8,0.55,0.6,0.051,2.4,8.0,5.2,4.5,1.8,0.6,9.6,12.1,0.3,0.9,1.2,0.04,-3.5,-0.1,-3.6,-0.6,,2022.0,1
R.J. Hampton,20.0,ORL,2.0,64.0,14.0,1402.0,8.5,0.481,0.4,0.256,1.7,12.9,7.3,16.9,1.4,0.8,14.6,18.4,-1.3,1.1,-0.2,-0.005,-4.0,-0.1,-4.1,-0.7,,2022.0,2
Jaxson Hayes,21.0,NOP,5.0,70.0,28.0,1398.0,18.5,0.68,0.143,0.472,8.9,16.2,12.5,4.7,1.2,3.8,10.1,16.4,3.7,1.3,5.1,0.174,0.6,-0.3,0.2,0.8,,2022.0,2
Otto Porter Jr.,28.0,GSW,4.0,63.0,15.0,1396.0,15.9,0.581,0.519,0.147,6.9,21.0,14.2,9.6,2.4,2.0,7.7,15.0,2.2,2.7,4.9,0.168,1.0,2.1,3.1,1.8,,2022.0,5
Raul Neto,29.0,WAS,1.0,70.0,19.0,1372.0,12.4,0.538,0.272,0.245,1.1,9.6,5.4,22.9,2.0,0.2,13.9,18.4,0.7,0.8,1.5,0.053,-2.5,-0.5,-2.9,-0.4,,2022.0,5
Caleb Martin,26.0,MIA,3.0,60.0,12.0,1372.0,14.8,0.611,0.378,0.227,5.9,13.0,9.5,7.0,2.1,2.3,10.3,16.3,1.9,2.1,4.0,0.139,0.1,0.9,1.1,1.1,,2022.0,5
Tre Mann,20.0,OKC,1.0,60.0,26.0,1367.0,10.2,0.501,0.463,0.139,1.9,11.2,6.4,10.7,1.7,0.8,10.2,22.0,-1.0,1.0,0.1,0.002,-3.3,-1.1,-4.4,-0.8,,2022.0,2
Eric Bledsoe,32.0,LAC,1.0,54.0,29.0,1361.0,12.5,0.514,0.348,0.25,2.2,11.6,7.1,24.1,2.5,1.2,18.3,20.5,-0.5,1.8,1.3,0.047,-2.1,1.3,-0.8,0.4,,2022.0,5
Danny Green,34.0,PHI,3.0,62.0,28.0,1353.0,9.5,0.561,0.847,0.044,2.7,10.1,6.5,6.5,2.2,2.5,12.1,12.3,0.3,1.6,1.9,0.067,-1.4,0.8,-0.5,0.5,,2022.0,1
Ziaire Williams,20.0,MEM,3.0,62.0,31.0,1346.0,9.7,0.559,0.571,0.13,2.0,8.2,5.0,6.3,1.2,0.8,8.4,14.9,1.1,1.1,2.2,0.08,-2.4,-0.6,-3.0,-0.3,,2022.0,2
Josh Christopher,20.0,HOU,2.0,74.0,2.0,1334.0,12.2,0.534,0.378,0.226,4.3,11.1,7.7,17.3,2.3,0.9,17.2,21.1,-0.4,0.7,0.3,0.01,-2.2,-1.3,-3.5,-0.5,,2022.0,2
Draymond Green,31.0,GSW,4.0,46.0,44.0,1329.0,14.3,0.582,0.21,0.354,3.8,23.2,13.8,32.5,2.2,3.6,31.9,14.3,0.8,2.8,3.6,0.131,-1.4,4.6,3.2,1.8,"DPOY-10,AS,DEF2",2022.0,5
Bones Hyland,21.0,DEN,2.0,69.0,4.0,1310.0,14.4,0.558,0.627,0.219,1.2,14.4,8.0,21.2,1.5,1.4,12.1,23.8,1.1,1.3,2.4,0.088,0.3,-0.7,-0.4,0.5,,2022.0,2
Jalen Suggs,20.0,ORL,1.0,48.0,45.0,1307.0,8.6,0.455,0.358,0.297,2.1,11.7,6.9,24.9,2.2,1.3,18.7,25.3,-3.0,1.3,-1.6,-0.06,-5.3,-0.2,-5.6,-1.2,,2022.0,2
John Konchar,25.0,MEM,2.0,72.0,7.0,1292.0,14.0,0.615,0.481,0.187,6.9,20.1,13.3,10.6,1.7,1.5,9.3,9.9,2.4,1.8,4.2,0.155,0.2,1.3,1.5,1.2,,2022.0,1
Bryn Forbes,28.0,2TM,2.0,75.0,2.0,1286.0,11.5,0.574,0.547,0.161,0.9,6.9,3.9,8.3,0.9,0.3,8.8,21.2,0.8,0.6,1.4,0.054,-0.7,-2.2,-2.9,-0.3,,2022.0,3
Ben McLemore,28.0,POR,2.0,64.0,6.0,1285.0,11.7,0.567,0.774,0.163,1.0,8.1,4.4,7.3,1.4,0.8,8.7,21.3,0.7,0.2,0.8,0.031,-0.7,-2.5,-3.2,-0.4,,2022.0,1
Chimezie Metu,24.0,SAC,5.0,60.0,20.0,1279.0,13.4,0.546,0.414,0.203,2.9,25.9,14.3,6.9,1.9,2.2,11.1,18.5,0.1,1.4,1.5,0.056,-1.6,0.1,-1.5,0.2,,2022.0,1
Cameron Payne,27.0,PHO,1.0,58.0,12.0,1278.0,13.8,0.5,0.359,0.152,2.1,12.3,7.3,30.7,1.5,1.2,14.1,24.6,0.2,1.8,1.9,0.073,-0.4,0.4,0.0,0.7,,2022.0,5
Hamidou Diallo,23.0,DET,2.0,58.0,29.0,1269.0,15.7,0.541,0.177,0.266,5.6,18.7,11.8,9.8,2.7,1.2,9.0,21.8,0.6,1.5,2.1,0.079,-1.2,0.7,-0.5,0.5,,2022.0,4
Damion Lee,29.0,GSW,2.0,63.0,5.0,1256.0,10.9,0.561,0.488,0.196,2.4,14.9,8.8,7.1,1.5,0.5,8.4,15.8,0.9,1.8,2.7,0.102,-2.4,0.4,-2.0,0.0,,2022.0,1
George Hill,35.0,MIL,1.0,54.0,17.0,1253.0,10.2,0.552,0.487,0.225,3.3,9.7,6.6,12.4,1.6,0.5,11.9,11.7,1.3,1.0,2.3,0.087,-2.2,0.6,-1.6,0.1,,2022.0,5
Gary Payton II,29.0,GSW,2.0,71.0,16.0,1247.0,17.8,0.679,0.349,0.169,6.5,14.9,10.8,7.6,3.8,1.7,9.8,14.3,2.5,2.6,5.2,0.199,0.3,3.4,3.7,1.8,,2022.0,5
Brandon Clarke,25.0,MEM,4.0,64.0,1.0,1246.0,23.7,0.66,0.049,0.291,11.1,17.8,14.4,10.3,1.5,4.9,6.3,17.7,4.4,1.9,6.3,0.241,3.1,1.1,4.2,2.0,6MOY-11,2022.0,4
Tim Hardaway Jr.,29.0,DAL,2.0,42.0,20.0,1245.0,12.7,0.52,0.574,0.194,1.2,12.8,7.0,11.4,1.5,0.4,5.6,22.0,0.5,1.5,2.0,0.077,-0.4,0.2,-0.2,0.6,,2022.0,1
Drew Eubanks,24.0,2TM,5.0,71.0,31.0,1245.0,18.0,0.638,0.062,0.35,11.0,22.2,16.5,10.1,1.2,2.8,15.9,17.5,2.2,1.1,3.4,0.13,-0.5,-0.9,-1.4,0.2,,2022.0,4
Drew Eubanks,24.0,SAS,5.0,49.0,9.0,595.0,16.0,0.588,0.05,0.497,11.2,23.4,17.3,11.1,1.0,4.2,19.2,17.0,0.6,0.8,1.4,0.114,-1.9,0.7,-1.2,0.1,,2022.0,4
Myles Turner,25.0,IND,5.0,42.0,42.0,1235.0,17.4,0.615,0.466,0.267,5.8,21.3,13.4,5.1,1.1,8.3,10.9,17.1,1.7,1.4,3.1,0.12,0.1,1.4,1.4,1.1,,2022.0,4
Aleksej Pokusevski,20.0,OKC,4.0,61.0,12.0,1233.0,12.0,0.485,0.432,0.11,6.0,20.8,13.3,16.5,1.5,2.9,16.4,20.0,-1.1,1.5,0.4,0.014,-2.7,0.1,-2.6,-0.2,,2022.0,2
Obi Toppin,23.0,NYK,4.0,72.0,10.0,1230.0,18.3,0.614,0.357,0.262,5.9,17.7,11.7,10.9,1.0,2.6,9.6,20.8,2.5,1.5,3.9,0.153,1.7,0.3,2.0,1.2,,2022.0,4
Doug McDermott,30.0,SAS,4.0,51.0,51.0,1223.0,11.4,0.593,0.551,0.11,1.5,8.4,4.9,7.3,0.5,0.4,8.1,18.3,1.1,0.5,1.6,0.062,-0.4,-2.1,-2.5,-0.1,,2022.0,1
Isaiah Hartenstein,23.0,LAC,5.0,68.0,0.0,1216.0,22.0,0.664,0.082,0.361,10.5,18.2,14.5,20.5,2.0,5.4,16.5,18.4,3.3,2.2,5.5,0.215,1.4,3.1,4.5,2.0,,2022.0,4
Naz Reid,22.0,MIN,5.0,77.0,6.0,1215.0,17.2,0.588,0.349,0.313,8.8,18.0,13.3,8.7,1.6,5.6,13.2,21.4,1.5,1.6,3.2,0.125,-0.5,0.5,0.0,0.6,,2022.0,2
Aaron Wiggins,23.0,OKC,2.0,50.0,35.0,1209.0,10.3,0.556,0.409,0.252,4.3,11.0,7.6,8.5,1.2,0.8,12.6,15.3,0.5,0.8,1.2,0.048,-3.4,-0.9,-4.3,-0.7,,2022.0,1
James Johnson,34.0,BRK,4.0,62.0,10.0,1191.0,10.3,0.513,0.277,0.179,4.8,14.6,9.8,14.5,1.2,2.6,12.7,13.7,0.6,1.1,1.7,0.068,-2.7,0.6,-2.2,-0.1,,2022.0,1
Jonathan Kuminga,19.0,GSW,3.0,70.0,12.0,1185.0,15.2,0.6,0.324,0.413,5.1,16.1,10.8,8.4,1.3,1.8,12.0,22.7,1.3,1.8,3.0,0.123,-1.3,-0.2,-1.5,0.1,,2022.0,2
Jordan Nwora,23.0,MIL,3.0,62.0,13.0,1185.0,9.9,0.506,0.491,0.093,3.4,16.1,9.9,7.0,1.0,1.4,10.6,19.4,-0.4,1.1,0.6,0.025,-2.7,-1.5,-4.1,-0.6,,2022.0,1
Facundo Campazzo,30.0,DEN,1.0,65.0,4.0,1184.0,11.1,0.503,0.652,0.264,2.2,8.6,5.5,24.1,2.6,1.8,16.9,14.7,0.6,1.3,2.0,0.081,-2.1,1.3,-0.8,0.4,,2022.0,5
Shake Milton,25.0,PHI,2.0,55.0,6.0,1179.0,11.9,0.517,0.33,0.181,2.9,10.4,6.7,17.6,1.2,1.3,9.2,18.3,0.7,1.0,1.7,0.069,-1.6,-0.6,-2.2,-0.1,,2022.0,1
Taurean Prince,27.0,MIN,4.0,69.0,8.0,1177.0,12.4,0.589,0.587,0.21,2.3,13.8,7.9,8.1,1.9,1.9,11.1,17.0,1.0,1.2,2.2,0.09,-1.0,0.0,-0.9,0.3,,2022.0,1
Cam Thomas,20.0,BRK,2.0,67.0,2.0,1176.0,11.7,0.519,0.346,0.209,1.5,13.1,7.5,9.7,1.4,0.6,9.1,22.1,0.0,0.8,0.8,0.033,-2.0,-1.4,-3.4,-0.4,,2022.0,2
CJ Elleby,21.0,POR,3.0,58.0,28.0,1174.0,9.2,0.491,0.409,0.273,6.0,15.6,10.6,10.6,1.5,1.6,14.0,14.8,-0.1,0.5,0.4,0.016,-3.8,-1.5,-5.3,-1.0,,2022.0,2
JaVale McGee,34.0,PHO,5.0,74.0,17.0,1172.0,22.6,0.651,0.02,0.319,15.3,29.7,22.7,5.4,0.9,6.1,15.8,22.8,2.4,2.6,4.9,0.201,-0.1,0.9,0.8,0.8,,2022.0,4
Frank Jackson,23.0,DET,1.0,53.0,7.0,1164.0,10.6,0.53,0.578,0.215,1.7,6.7,4.0,7.6,1.1,0.7,6.7,20.9,0.3,0.4,0.7,0.031,-1.8,-1.7,-3.5,-0.4,,2022.0,1
Hassan Whiteside,32.0,UTA,5.0,65.0,8.0,1162.0,22.9,0.662,0.0,0.506,16.2,29.9,23.3,3.4,0.9,7.8,11.6,17.1,3.4,2.3,5.8,0.238,0.6,1.4,2.1,1.2,,2022.0,4
Tre Jones,22.0,SAS,1.0,69.0,11.0,1148.0,15.0,0.545,0.15,0.268,2.6,11.6,7.1,27.0,1.8,0.5,10.8,15.6,1.9,0.9,2.9,0.121,-0.9,0.4,-0.5,0.4,,2022.0,2
Marvin Bagley III,22.0,2TM,4.0,48.0,25.0,1146.0,15.7,0.551,0.217,0.226,9.7,22.6,16.0,5.2,0.9,1.4,7.4,19.8,1.2,0.9,2.0,0.085,-0.5,-1.8,-2.3,-0.1,,2022.0,2
Nemanja Bjelica,33.0,GSW,5.0,71.0,0.0,1142.0,14.2,0.573,0.436,0.237,6.1,21.5,14.1,19.8,1.8,2.2,18.7,17.8,1.0,2.1,3.0,0.128,-0.9,2.3,1.4,1.0,,2022.0,5
Ish Smith,33.0,2TM,1.0,65.0,1.0,1126.0,12.5,0.465,0.156,0.056,2.4,11.1,6.8,31.5,2.0,1.8,15.0,20.1,-0.3,0.9,0.5,0.023,-2.2,-0.6,-2.9,-0.2,,2022.0,5
Joe Ingles,34.0,UTA,3.0,45.0,15.0,1122.0,10.0,0.551,0.789,0.077,1.2,11.2,6.4,19.0,1.0,0.4,13.5,13.2,1.3,0.9,2.2,0.094,-0.7,0.5,-0.3,0.5,,2022.0,1
Garrett Temple,35.0,NOP,2.0,59.0,16.0,1098.0,8.6,0.494,0.627,0.139,2.9,11.8,7.2,9.2,1.9,2.0,11.8,13.9,-0.1,1.0,0.8,0.037,-2.8,0.3,-2.5,-0.1,,2022.0,1
Stanley Johnson,25.0,LAL,4.0,48.0,27.0,1094.0,10.5,0.564,0.418,0.295,3.4,11.9,7.6,9.8,1.9,1.1,11.0,12.5,0.9,0.9,1.8,0.079,-2.8,0.1,-2.7,-0.2,,2022.0,1
Nassir Little,21.0,POR,3.0,42.0,23.0,1088.0,13.5,0.575,0.489,0.298,5.7,18.7,11.9,7.4,1.1,3.3,10.1,15.8,1.2,0.6,1.7,0.076,-0.9,-0.6,-1.4,0.2,,2022.0,2
Jeremiah Robinson-Earl,21.0,OKC,5.0,49.0,36.0,1087.0,11.7,0.526,0.509,0.167,7.0,19.1,13.0,6.7,1.3,1.3,10.1,15.4,0.4,1.0,1.5,0.066,-1.9,-0.4,-2.2,-0.1,,2022.0,2
JaMychal Green,31.0,DEN,4.0,67.0,8.0,1085.0,14.1,0.587,0.379,0.284,8.6,19.9,14.5,7.6,1.9,2.2,13.4,17.2,1.2,1.4,2.7,0.118,-2.0,0.1,-1.8,0.0,,2022.0,1
Richaun Holmes,28.0,SAC,5.0,45.0,37.0,1074.0,17.8,0.689,0.017,0.3,9.3,22.9,16.1,6.8,0.8,3.3,14.2,15.8,2.4,0.9,3.2,0.145,-0.4,-0.1,-0.5,0.4,,2022.0,4
Kenrich Williams,27.0,OKC,3.0,49.0,0.0,1072.0,13.3,0.532,0.382,0.174,7.1,14.1,10.5,15.3,2.0,0.9,11.9,15.6,0.8,1.0,1.8,0.081,-1.3,1.1,-0.3,0.5,,2022.0,5
Dewayne Dedmon,32.0,MIA,5.0,67.0,15.0,1065.0,15.9,0.632,0.162,0.345,11.4,29.4,20.6,6.7,1.1,4.2,17.3,16.9,1.5,2.0,3.5,0.157,-2.2,1.1,-1.0,0.3,,2022.0,4
Troy Brown Jr.,22.0,CHI,3.0,66.0,7.0,1055.0,10.1,0.525,0.516,0.101,4.2,17.4,10.8,8.2,1.7,0.4,8.8,12.3,0.5,0.9,1.4,0.065,-1.7,-0.2,-1.8,0.1,,2022.0,2
LaMarcus Aldridge,36.0,BRK,5.0,47.0,12.0,1050.0,19.6,0.604,0.1,0.223,7.8,18.7,13.4,6.3,0.6,4.0,8.0,22.4,2.1,1.0,3.1,0.141,1.3,-0.6,0.7,0.7,,2022.0,4
Larry Nance Jr.,29.0,2TM,4.0,46.0,11.0,1040.0,14.4,0.59,0.283,0.231,7.4,19.3,13.1,11.4,2.0,1.9,12.0,12.8,1.5,0.8,2.3,0.104,-0.4,0.3,-0.1,0.5,,2022.0,5
Josh Green,21.0,DAL,2.0,67.0,3.0,1039.0,11.9,0.578,0.305,0.176,5.6,11.7,8.6,11.0,2.2,1.2,13.8,13.9,1.0,1.4,2.4,0.111,-2.4,1.4,-1.0,0.3,,2022.0,2
Rudy Gay,35.0,UTA,4.0,55.0,1.0,1038.0,13.0,0.539,0.536,0.208,6.0,19.1,12.8,7.8,1.2,1.6,10.2,19.3,0.8,1.3,2.1,0.097,-0.7,-0.3,-1.0,0.3,,2022.0,1
DeAndre' Bembry,27.0,2TM,3.0,56.0,20.0,1026.0,11.9,0.601,0.163,0.158,4.6,12.5,8.6,8.6,2.3,2.2,11.6,11.2,1.1,1.1,2.2,0.104,-2.2,1.5,-0.7,0.3,,2022.0,5
DeAndre' Bembry,27.0,BRK,3.0,48.0,20.0,949.0,12.4,0.609,0.169,0.164,4.5,12.8,8.7,8.5,2.4,2.4,11.6,11.7,1.1,1.1,2.1,0.108,-2.0,1.6,-0.4,0.4,,2022.0,5
Aaron Holiday,25.0,2TM,1.0,63.0,15.0,1021.0,12.6,0.544,0.305,0.201,2.6,10.3,6.5,20.7,2.0,0.7,15.4,18.7,0.5,0.9,1.5,0.068,-1.9,0.3,-1.7,0.1,,2022.0,5
Damian Jones,26.0,SAC,5.0,56.0,15.0,1017.0,18.3,0.701,0.109,0.492,7.9,18.5,13.2,10.2,1.2,4.0,15.4,16.2,2.4,0.9,3.3,0.156,-0.2,0.5,0.3,0.6,,2022.0,4
Lamar Stevens,24.0,CLE,4.0,63.0,13.0,1015.0,11.3,0.544,0.204,0.235,5.2,12.5,8.9,6.5,1.5,1.6,10.4,17.1,0.4,1.2,1.6,0.078,-3.2,0.3,-2.9,-0.2,,2022.0,1
Cam Reddish,22.0,2TM,3.0,49.0,7.0,1012.0,12.8,0.543,0.451,0.275,2.7,8.6,5.7,7.0,2.3,1.4,11.1,22.2,0.2,0.8,1.0,0.046,-1.0,-0.3,-1.3,0.2,,2022.0,2
Donte DiVincenzo,25.0,2TM,2.0,42.0,1.0,1006.0,11.3,0.51,0.649,0.247,4.3,14.0,9.1,16.1,2.3,0.7,16.2,18.9,-0.1,0.9,0.7,0.035,-1.8,-0.5,-2.3,-0.1,,2022.0,5
Wesley Matthews,35.0,MIL,2.0,49.0,14.0,1002.0,6.9,0.536,0.714,0.127,3.2,6.4,4.9,4.6,1.1,0.8,7.2,10.7,0.6,0.6,1.2,0.056,-3.0,-0.3,-3.3,-0.3,,2022.0,1
Payton Pritchard,24.0,BOS,1.0,71.0,2.0,1001.0,15.0,0.578,0.657,0.056,3.5,10.8,7.2,20.4,1.2,0.5,9.7,18.6,1.8,1.2,3.1,0.148,1.7,0.1,1.8,1.0,,2022.0,1
Juan Toscano-Anderson,28.0,GSW,3.0,73.0,6.0,994.0,11.0,0.561,0.37,0.298,3.2,15.8,9.7,17.6,2.4,1.6,20.4,14.7,0.3,1.8,2.0,0.098,-3.3,2.4,-0.8,0.3,,2022.0,5
Onyeka Okongwu,21.0,ATL,5.0,48.0,6.0,992.0,19.8,0.714,0.0,0.487,12.8,18.4,15.6,7.6,1.5,5.4,13.8,14.0,3.1,1.1,4.2,0.202,0.0,0.8,0.8,0.7,,2022.0,4
Khem Birch,29.0,TOR,5.0,55.0,28.0,991.0,13.2,0.534,0.07,0.355,12.7,13.5,13.1,7.6,1.5,2.6,11.1,11.2,1.5,1.1,2.6,0.126,-1.7,0.4,-1.3,0.2,,2022.0,4
Kessler Edwards,21.0,BRK,3.0,48.0,23.0,987.0,8.3,0.516,0.509,0.071,5.0,13.8,9.5,4.1,1.4,2.2,13.2,13.8,-0.2,0.9,0.6,0.031,-3.1,-0.8,-3.8,-0.5,,2022.0,2
Dean Wade,25.0,CLE,4.0,51.0,28.0,980.0,10.1,0.584,0.654,0.138,3.6,13.1,8.5,7.3,1.5,0.6,6.5,11.1,1.1,1.1,2.3,0.111,-1.9,1.3,-0.6,0.4,,2022.0,1
Daniel Theis,29.0,2TM,5.0,47.0,27.0,977.0,13.2,0.595,0.368,0.247,6.6,18.8,12.7,6.3,1.0,2.9,12.5,16.2,0.9,1.0,1.9,0.093,-1.9,-0.2,-2.1,0.0,,2022.0,1
Jaylen Nowell,22.0,MIN,2.0,62.0,1.0,975.0,16.8,0.581,0.387,0.223,2.4,11.4,6.8,20.2,1.3,1.0,7.4,21.0,2.1,0.7,2.8,0.138,1.5,-0.7,0.8,0.7,,2022.0,2
Nic Claxton,22.0,BRK,5.0,47.0,19.0,974.0,18.6,0.672,0.0,0.352,10.4,18.9,14.8,6.4,1.2,4.7,11.1,15.1,2.3,1.2,3.5,0.171,0.3,0.2,0.5,0.6,,2022.0,2
Dwight Howard,36.0,LAL,5.0,60.0,27.0,971.0,18.2,0.657,0.068,0.667,13.1,26.3,19.7,5.0,1.7,3.3,14.2,14.6,2.2,1.3,3.5,0.174,-0.2,0.0,-0.2,0.4,,2022.0,4
Duane Washington Jr.,21.0,IND,1.0,48.0,7.0,968.0,10.2,0.521,0.504,0.143,0.5,9.3,4.8,13.0,1.3,0.3,11.2,22.6,-0.2,0.2,0.0,-0.002,-1.9,-2.8,-4.7,-0.7,,2022.0,2
Joshua Primo,19.0,SAS,3.0,50.0,16.0,965.0,7.1,0.487,0.507,0.219,3.5,8.9,6.1,10.6,1.0,2.0,16.1,15.4,-0.6,0.6,0.0,0.001,-3.8,-1.1,-5.0,-0.7,,2022.0,2
Moritz Wagner,24.0,ORL,5.0,63.0,3.0,960.0,18.1,0.623,0.508,0.326,4.6,21.0,12.8,15.4,1.0,1.2,11.0,22.9,1.8,1.0,2.8,0.138,1.5,0.1,1.6,0.9,,2022.0,4
Blake Griffin,32.0,BRK,5.0,56.0,24.0,958.0,13.7,0.518,0.463,0.243,7.0,18.6,13.0,15.0,1.4,1.3,8.2,16.9,1.2,0.9,2.1,0.106,-0.6,0.1,-0.5,0.3,,2022.0,1
Keita Bates-Diop,26.0,SAS,3.0,59.0,14.0,956.0,12.4,0.578,0.209,0.232,6.8,18.7,12.7,5.7,1.4,1.2,13.4,14.8,0.6,1.0,1.6,0.08,-2.1,-0.5,-2.6,-0.1,,2022.0,1
Isaiah Roby,23.0,OKC,4.0,45.0,28.0,948.0,18.3,0.607,0.307,0.359,8.0,15.6,11.8,12.1,1.8,3.3,10.3,19.0,1.8,1.1,2.9,0.147,0.4,0.2,0.6,0.6,,2022.0,4
Taj Gibson,36.0,NYK,5.0,52.0,4.0,946.0,12.0,0.606,0.229,0.313,9.8,16.3,13.0,4.9,1.2,4.2,12.5,10.0,1.4,1.2,2.7,0.135,-3.0,1.0,-2.0,0.0,,2022.0,4
Rui Hachimura,23.0,WAS,4.0,42.0,13.0,943.0,14.9,0.579,0.323,0.173,3.0,15.6,9.4,7.9,1.2,0.8,7.4,20.9,0.9,0.6,1.4,0.073,0.2,-1.7,-1.4,0.1,,2022.0,1
Jeremy Lamb,29.0,2TM,3.0,56.0,0.0,935.0,13.3,0.521,0.49,0.305,3.0,15.3,9.1,12.3,1.6,2.0,8.6,19.7,0.6,0.6,1.2,0.063,-0.4,-0.5,-0.8,0.3,,2022.0,1
Jalen Smith,21.0,2TM,4.0,51.0,8.0,925.0,18.4,0.595,0.349,0.291,12.0,24.5,18.2,3.9,0.8,3.9,9.6,20.3,1.7,1.1,2.8,0.145,0.9,-1.4,-0.5,0.3,,2022.0,2
Théo Maledon,20.0,OKC,1.0,51.0,7.0,908.0,10.6,0.5,0.473,0.315,2.2,12.8,7.4,18.5,1.7,1.1,15.3,20.3,-0.5,0.8,0.3,0.015,-3.7,-0.7,-4.4,-0.6,,2022.0,2
Tomáš Satoranský,30.0,3TM,2.0,55.0,13.0,906.0,10.2,0.461,0.277,0.283,3.3,12.1,7.7,27.0,1.6,0.5,17.6,12.6,0.5,0.6,1.0,0.055,-3.3,-0.3,-3.7,-0.4,,2022.0,5
Jevon Carter,26.0,2TM,1.0,66.0,3.0,905.0,9.6,0.531,0.672,0.071,1.7,11.2,6.6,14.0,1.3,1.4,11.5,14.0,0.5,0.7,1.2,0.062,-1.8,-0.4,-2.2,-0.1,,2022.0,1
Jevon Carter,26.0,BRK,1.0,46.0,1.0,552.0,6.5,0.462,0.73,0.057,1.8,11.2,6.6,10.9,1.2,1.6,12.7,15.9,-0.4,0.4,-0.1,-0.005,-3.6,-0.9,-4.4,-0.3,,2022.0,1
Jordan McLaughlin,25.0,MIN,1.0,62.0,3.0,902.0,13.4,0.535,0.425,0.2,2.6,8.8,5.6,26.1,3.0,1.1,14.9,11.8,1.3,1.0,2.3,0.123,-1.2,1.6,0.4,0.6,,2022.0,5
Derrick Jones Jr.,24.0,CHI,4.0,51.0,8.0,899.0,13.0,0.633,0.313,0.359,7.6,13.6,10.6,4.4,1.4,3.2,11.7,12.5,1.4,0.8,2.2,0.119,-1.5,0.5,-0.9,0.2,,2022.0,4
Tristan Thompson,30.0,3TM,5.0,57.0,6.0,897.0,14.9,0.541,0.011,0.434,14.7,20.8,17.7,5.5,1.2,2.0,12.4,17.5,0.9,0.8,1.6,0.087,-1.6,-1.5,-3.1,-0.3,,2022.0,4
Jalen McDaniels,24.0,CHO,3.0,55.0,2.0,895.0,12.7,0.595,0.425,0.283,4.3,16.0,10.1,8.7,1.4,2.3,11.2,15.3,1.0,0.7,1.7,0.093,-1.9,-0.4,-2.3,-0.1,,2022.0,1
D.J. Augustin,34.0,2TM,1.0,55.0,2.0,883.0,9.7,0.61,0.739,0.194,1.4,7.0,4.2,16.8,0.9,0.1,18.9,14.3,0.7,0.1,0.8,0.043,-1.2,-2.4,-3.6,-0.4,,2022.0,1
Serge Ibaka,32.0,2TM,5.0,54.0,12.0,877.0,14.4,0.579,0.334,0.149,7.7,22.2,15.1,8.4,0.6,3.3,12.0,17.8,0.8,1.1,2.0,0.108,-1.3,-0.2,-1.5,0.1,,2022.0,4
Trendon Watford,21.0,POR,3.0,48.0,10.0,869.0,15.8,0.59,0.142,0.352,7.0,18.6,12.6,14.6,1.4,3.2,12.5,17.6,1.4,0.5,1.9,0.104,-1.4,-0.4,-1.7,0.1,,2022.0,2
Trey Murphy III,21.0,NOP,3.0,62.0,1.0,864.0,12.5,0.558,0.671,0.184,5.9,13.1,9.4,6.2,1.3,0.8,5.1,15.7,1.3,0.6,1.9,0.104,0.2,-1.4,-1.2,0.2,,2022.0,2
Maurice Harkless,28.0,SAC,3.0,47.0,24.0,863.0,7.7,0.561,0.558,0.155,1.5,12.7,7.1,3.6,1.6,2.4,13.8,11.2,-0.1,0.6,0.5,0.026,-3.7,0.4,-3.3,-0.3,,2022.0,1
Thaddeus Young,33.0,2TM,4.0,52.0,1.0,845.0,17.0,0.548,0.176,0.18,9.8,16.8,13.1,17.7,3.1,2.0,15.0,17.4,0.9,1.3,2.2,0.126,0.1,2.1,2.2,0.9,,2022.0,5
Armoni Brooks,23.0,2TM,2.0,54.0,11.0,844.0,8.4,0.483,0.862,0.073,2.5,10.9,6.7,10.4,1.6,1.2,8.3,16.4,-0.1,0.4,0.2,0.014,-2.6,-1.3,-3.9,-0.4,,2022.0,1
Willy Hernangómez,27.0,NOP,5.0,50.0,8.0,839.0,22.2,0.582,0.037,0.431,18.5,26.3,22.3,11.9,1.2,2.2,11.6,22.5,2.2,0.9,3.2,0.18,1.8,-1.5,0.2,0.5,,2022.0,4
Jose Alvarado,23.0,NOP,1.0,54.0,1.0,834.0,16.4,0.52,0.374,0.18,3.2,10.2,6.6,26.9,4.2,0.8,11.2,18.4,1.0,1.1,2.1,0.121,-0.5,2.4,1.9,0.8,,2022.0,5
Josh Jackson,24.0,2TM,3.0,51.0,3.0,830.0,9.5,0.491,0.433,0.257,2.6,16.4,9.2,10.0,1.5,2.4,12.3,19.7,-0.7,0.7,0.0,0.001,-4.1,-0.4,-4.5,-0.5,,2022.0,1
Tony Snell,30.0,2TM,2.0,53.0,12.0,823.0,6.3,0.541,0.749,0.023,2.1,12.0,6.9,4.7,1.0,1.1,9.9,10.1,0.2,0.2,0.4,0.023,-3.4,-0.8,-4.2,-0.5,,2022.0,1
Lance Stephenson,31.0,2TM,2.0,46.0,1.0,814.0,13.6,0.536,0.279,0.248,1.6,16.0,8.7,30.2,1.4,0.4,16.7,22.6,0.4,0.4,0.8,0.048,-1.6,-1.6,-3.2,-0.2,,2022.0,5
Wayne Ellington,34.0,LAL,2.0,43.0,9.0,810.0,9.9,0.593,0.89,0.046,1.3,8.9,5.1,5.0,1.4,0.5,7.3,13.8,0.6,0.4,1.0,0.062,-0.7,-0.6,-1.4,0.1,,2022.0,1
Dāvis Bertāns,29.0,2TM,4.0,56.0,0.0,807.0,9.4,0.531,0.836,0.145,1.7,14.3,8.0,5.5,1.0,1.3,6.1,17.3,0.2,0.7,0.9,0.053,-1.7,-0.9,-2.6,-0.1,,2022.0,1
Ty Jerome,24.0,OKC,2.0,48.0,4.0,801.0,11.3,0.488,0.567,0.143,2.4,7.7,5.0,21.3,1.8,0.6,9.6,20.8,0.0,0.5,0.5,0.032,-2.2,-0.2,-2.3,-0.1,,2022.0,1
Lou Williams,35.0,ATL,1.0,56.0,0.0,799.0,12.1,0.5,0.319,0.244,2.2,9.7,6.0,18.6,1.7,0.3,10.8,21.7,0.2,0.4,0.6,0.034,-2.0,-1.4,-3.4,-0.3,,2022.0,5
Quentin Grimes,21.0,NYK,2.0,46.0,6.0,786.0,10.7,0.565,0.804,0.081,3.2,9.8,6.4,8.5,2.0,1.4,10.3,15.1,0.6,0.9,1.4,0.087,-1.2,0.9,-0.3,0.3,,2022.0,2
Justise Winslow,25.0,2TM,4.0,48.0,11.0,774.0,13.1,0.479,0.257,0.257,7.0,20.9,14.0,16.1,2.2,2.9,14.6,18.9,-0.3,1.1,0.8,0.048,-2.7,1.0,-1.7,0.1,,2022.0,5
Romeo Langford,22.0,2TM,2.0,48.0,5.0,771.0,9.2,0.52,0.445,0.22,4.3,10.7,7.6,3.7,1.4,1.9,7.1,12.9,0.3,1.0,1.3,0.082,-2.3,1.0,-1.4,0.1,,2022.0,2
Romeo Langford,22.0,BOS,2.0,44.0,5.0,728.0,9.3,0.52,0.451,0.185,4.6,10.7,7.7,3.6,1.4,2.0,7.4,13.0,0.2,1.0,1.3,0.084,-2.3,1.1,-1.2,0.2,,2022.0,2
Trent Forrest,23.0,UTA,1.0,60.0,6.0,765.0,10.9,0.554,0.174,0.31,3.4,10.5,7.1,18.6,1.9,0.7,21.4,12.8,0.5,0.8,1.3,0.084,-2.3,1.2,-1.0,0.2,,2022.0,5
Brandon Boston Jr.,20.0,LAC,2.0,51.0,0.0,760.0,11.2,0.481,0.342,0.222,2.4,12.7,7.7,10.1,1.7,1.5,8.0,22.4,-0.5,0.9,0.4,0.026,-3.0,-0.4,-3.3,-0.3,,2022.0,2
Rodney McGruder,30.0,DET,2.0,51.0,2.0,754.0,11.6,0.577,0.649,0.116,4.2,12.1,8.0,9.6,1.4,0.8,9.2,14.8,0.7,0.4,1.2,0.075,-0.7,-0.7,-1.4,0.1,,2022.0,1
Eric Paschall,25.0,UTA,4.0,58.0,3.0,736.0,13.9,0.612,0.46,0.366,4.6,10.9,7.9,7.1,0.6,0.6,9.0,17.7,1.4,0.5,2.0,0.128,0.5,-1.0,-0.5,0.3,,2022.0,4
Naji Marshall,24.0,NOP,3.0,55.0,4.0,735.0,12.3,0.505,0.39,0.346,5.6,16.0,10.7,12.3,2.2,1.0,12.9,20.8,0.0,0.7,0.8,0.05,-2.7,-0.5,-3.2,-0.2,,2022.0,5
Goga Bitadze,22.0,IND,5.0,50.0,16.0,729.0,18.0,0.595,0.317,0.373,11.9,15.3,13.5,11.2,1.4,5.0,13.6,19.9,1.3,0.6,1.9,0.122,-0.2,-0.6,-0.8,0.2,,2022.0,2
Danuel House Jr.,28.0,3TM,3.0,42.0,7.0,727.0,10.6,0.555,0.591,0.293,2.8,13.8,8.4,8.4,1.4,2.1,12.9,15.2,0.4,0.7,1.0,0.068,-1.3,0.2,-1.1,0.2,,2022.0,1
DeMarcus Cousins,31.0,2TM,5.0,48.0,7.0,718.0,18.2,0.567,0.377,0.386,11.7,29.1,20.6,15.2,2.4,2.7,18.3,28.1,0.3,1.3,1.6,0.104,-1.8,0.2,-1.6,0.1,,2022.0,4
Svi Mykhailiuk,24.0,TOR,3.0,56.0,5.0,716.0,9.6,0.509,0.573,0.158,2.9,11.5,7.0,8.8,1.8,0.5,11.3,16.9,0.1,0.7,0.8,0.052,-2.7,-0.2,-2.9,-0.2,,2022.0,1
Rodney Hood,29.0,2TM,3.0,52.0,0.0,709.0,7.2,0.493,0.58,0.121,2.3,9.1,5.8,6.9,1.0,0.8,6.2,10.7,0.2,0.5,0.7,0.048,-3.0,-0.3,-3.3,-0.2,,2022.0,1
Omer Yurtseven,23.0,MIA,5.0,56.0,12.0,706.0,17.4,0.546,0.045,0.247,13.9,33.0,23.6,11.0,1.2,3.0,13.0,19.9,0.8,1.4,2.1,0.145,-1.4,0.4,-1.0,0.2,,2022.0,4
Xavier Tillman Sr.,23.0,MEM,4.0,53.0,2.0,701.0,15.1,0.51,0.227,0.329,9.6,14.5,12.0,11.6,3.3,1.9,12.1,16.4,0.6,1.2,1.8,0.121,-1.1,1.8,0.7,0.5,,2022.0,5
Dalano Banton,22.0,TOR,1.0,64.0,1.0,696.0,10.0,0.463,0.252,0.218,5.6,14.1,9.7,19.8,2.0,1.4,19.3,16.9,-0.4,0.8,0.4,0.03,-3.5,0.4,-3.1,-0.2,,2022.0,2
Frank Ntilikina,23.0,DAL,2.0,58.0,5.0,685.0,10.4,0.513,0.498,0.112,1.9,10.9,6.4,14.7,2.0,0.9,11.7,17.4,0.1,0.9,0.9,0.065,-2.8,0.9,-1.9,0.0,,2022.0,5
Timothé Luwawu-Cabarrot,26.0,ATL,3.0,52.0,18.0,685.0,9.3,0.556,0.656,0.22,2.7,10.3,6.6,7.7,1.3,0.8,8.9,14.3,0.6,0.3,0.9,0.061,-2.3,-1.0,-3.3,-0.2,,2022.0,1
Davon Reed,26.0,DEN,2.0,48.0,5.0,668.0,12.2,0.624,0.534,0.093,2.4,15.2,9.0,10.7,1.8,1.2,8.7,12.1,0.9,0.7,1.6,0.117,-0.6,0.3,-0.3,0.3,,2022.0,1
Greg Brown III,20.0,POR,3.0,48.0,6.0,640.0,11.0,0.515,0.321,0.342,6.3,17.3,11.6,8.1,2.0,3.7,14.1,17.2,-0.1,0.5,0.4,0.029,-4.0,-0.7,-4.7,-0.4,,2022.0,2
Sterling Brown,26.0,DAL,2.0,49.0,3.0,628.0,8.4,0.495,0.594,0.097,4.6,21.8,13.2,7.5,1.1,1.0,12.5,13.2,-0.1,0.9,0.8,0.061,-3.4,0.5,-2.9,-0.1,,2022.0,1
DeAndre Jordan,33.0,2TM,5.0,48.0,20.0,622.0,17.2,0.641,0.0,0.28,14.7,31.4,23.1,4.9,0.9,5.0,18.7,13.9,0.9,1.0,1.9,0.145,-1.5,0.1,-1.4,0.1,,2022.0,4
Isaiah Joe,22.0,PHI,2.0,55.0,1.0,609.0,7.7,0.519,0.763,0.175,1.1,9.0,5.1,8.1,1.1,0.4,9.1,15.5,0.0,0.4,0.4,0.035,-3.1,-1.5,-4.6,-0.4,,2022.0,2
David Nwaba,29.0,HOU,3.0,46.0,4.0,609.0,15.3,0.567,0.278,0.381,7.4,20.0,13.6,8.5,2.2,2.9,9.3,15.8,0.8,0.5,1.3,0.105,-0.6,0.0,-0.6,0.2,,2022.0,4
Moses Moody,19.0,GSW,2.0,52.0,11.0,607.0,10.5,0.573,0.601,0.197,3.2,11.0,7.2,5.3,0.6,1.6,6.1,15.2,0.6,0.7,1.3,0.101,-1.4,-1.1,-2.5,-0.1,,2022.0,2
Mike Muscala,30.0,OKC,5.0,43.0,0.0,592.0,19.7,0.63,0.657,0.23,3.6,19.1,11.2,6.2,1.5,4.1,4.9,20.9,1.4,0.7,2.1,0.17,3.8,1.2,5.0,1.1,,2022.0,4
Jock Landale,26.0,SAS,5.0,54.0,1.0,589.0,16.0,0.597,0.436,0.201,11.1,13.5,12.3,10.6,0.8,2.0,12.3,18.1,1.0,0.4,1.5,0.121,0.7,-1.1,-0.4,0.2,,2022.0,4
Aaron Nesmith,22.0,BOS,3.0,52.0,3.0,574.0,7.3,0.507,0.632,0.143,2.9,13.6,8.4,5.4,1.7,0.8,13.8,17.2,-0.4,0.9,0.4,0.038,-4.9,0.7,-4.3,-0.3,,2022.0,2
Tony Bradley,24.0,CHI,5.0,55.0,7.0,549.0,14.9,0.6,0.0,0.236,13.8,24.3,19.1,6.7,0.9,5.2,20.0,13.6,0.6,0.7,1.3,0.112,-2.0,0.2,-1.8,0.0,,2022.0,4
Elfrid Payton,27.0,PHO,1.0,50.0,1.0,549.0,7.9,0.397,0.103,0.183,4.2,12.8,8.6,23.0,2.2,1.0,19.9,18.5,-1.0,0.8,-0.2,-0.014,-4.6,1.2,-3.5,-0.2,,2022.0,5
Malachi Flynn,23.0,TOR,1.0,44.0,5.0,537.0,11.7,0.488,0.492,0.131,1.9,11.3,6.4,18.5,1.9,0.7,6.3,16.5,0.5,0.5,1.0,0.092,-1.8,0.4,-1.5,0.1,,2022.0,1
Ignas Brazdeikis,23.0,ORL,3.0,42.0,1.0,536.0,10.2,0.52,0.463,0.17,4.5,9.7,7.1,10.7,0.9,0.5,7.8,17.7,0.2,0.3,0.5,0.041,-2.7,-1.6,-4.3,-0.3,,2022.0,1
Josh Okogie,23.0,MIN,2.0,49.0,6.0,516.0,9.0,0.526,0.452,0.49,5.9,8.7,7.3,6.2,2.4,2.2,15.4,12.1,0.1,0.5,0.7,0.062,-3.7,0.9,-2.7,-0.1,,2022.0,5
Thanasis Antetokounmpo,29.0,MIL,3.0,48.0,6.0,473.0,12.5,0.577,0.109,0.359,9.2,13.4,11.3,6.5,1.6,2.4,14.9,15.7,0.4,0.5,0.9,0.095,-3.5,-0.1,-3.5,-0.2,,2022.0,1
Anthony Gill,29.0,WAS,4.0,44.0,0.0,463.0,14.7,0.682,0.239,0.477,8.0,12.2,10.2,8.3,0.5,2.0,12.0,14.4,1.1,0.2,1.4,0.14,-0.6,-1.3,-1.9,0.0,,2022.0,4
Dylan Windler,25.0,CLE,3.0,50.0,0.0,459.0,8.8,0.519,0.714,0.184,5.2,16.0,10.7,10.0,1.5,0.6,13.1,11.8,0.2,0.6,0.8,0.084,-3.0,1.2,-1.7,0.0,,2022.0,1
Trey Burke,29.0,DAL,1.0,42.0,0.0,441.0,10.0,0.475,0.381,0.107,1.0,7.3,4.2,20.7,1.4,0.0,10.4,25.6,-0.4,0.4,0.0,0.003,-3.6,-1.4,-5.0,-0.3,,2022.0,5
Gorgui Dieng,32.0,ATL,5.0,44.0,3.0,371.0,17.3,0.624,0.607,0.232,9.5,26.1,17.8,12.7,1.5,3.1,13.9,16.9,0.8,0.4,1.2,0.155,1.4,0.8,2.1,0.4,,2022.0,4
Nick Richards,24.0,CHO,5.0,50.0,5.0,367.0,15.9,0.689,0.0,0.478,9.7,15.2,12.4,4.9,1.2,5.4,18.1,15.4,0.6,0.3,1.0,0.125,-2.6,-0.2,-2.8,-0.1,,2022.0,4
Jared Butler,21.0,UTA,2.0,42.0,1.0,360.0,12.1,0.509,0.583,0.106,1.6,11.8,6.8,26.0,2.3,2.0,17.3,23.1,0.0,0.5,0.4,0.057,-2.3,0.7,-1.6,0.0,,2022.0,2
Ish Wainright,27.0,PHO,4.0,45.0,0.0,359.0,9.4,0.494,0.567,0.115,8.3,7.9,8.1,5.3,2.7,1.5,10.6,14.7,0.0,0.6,0.6,0.079,-3.0,1.0,-2.0,0.0,,2022.0,5
Mikal Bridges,26.0,2TM,2.0,83.0,83.0,2963.0,16.8,0.587,0.349,0.279,2.9,10.8,6.8,13.7,1.5,1.8,8.2,22.6,4.4,3.1,7.5,0.121,1.5,0.2,1.7,2.8,,2023.0,0
Mikal Bridges,26.0,PHO,3.0,56.0,56.0,2040.0,14.8,0.574,0.342,0.228,3.0,10.4,6.6,14.1,1.6,2.0,8.5,19.2,2.7,2.2,4.9,0.116,0.4,0.6,1.0,1.6,,2023.0,1
Anthony Edwards,21.0,MIN,2.0,79.0,79.0,2842.0,17.4,0.564,0.375,0.274,1.9,15.9,9.0,19.3,2.1,1.8,13.0,29.9,0.2,3.6,3.8,0.064,1.0,0.0,1.0,2.1,AS,2023.0,2
Zach LaVine,27.0,CHI,2.0,77.0,77.0,2768.0,19.0,0.607,0.392,0.308,1.7,12.2,7.1,18.7,1.2,0.6,11.0,28.3,4.2,2.9,7.1,0.123,2.7,-0.7,1.9,2.7,,2023.0,0
Nikola Vučević,32.0,CHI,5.0,82.0,82.0,2746.0,19.1,0.594,0.302,0.138,6.7,30.2,18.6,14.6,1.1,2.0,10.2,21.9,3.9,4.4,8.3,0.145,1.9,0.7,2.7,3.2,,2023.0,0
Julius Randle,28.0,NYK,4.0,77.0,77.0,2737.0,20.3,0.581,0.444,0.371,5.6,25.2,15.4,18.5,0.9,0.7,11.5,29.5,5.0,3.1,8.1,0.142,3.9,-0.2,3.7,3.9,"CPOY-14,AS,NBA3",2023.0,0
Domantas Sabonis,26.0,SAC,5.0,79.0,79.0,2736.0,23.5,0.668,0.088,0.467,10.6,30.0,20.3,30.4,1.1,1.2,16.9,21.3,9.6,3.0,12.6,0.221,4.1,1.8,5.8,5.4,"MVP-7,AS,NBA3",2023.0,0
Jayson Tatum,24.0,BOS,3.0,74.0,74.0,2732.0,23.7,0.607,0.44,0.399,3.2,22.5,13.0,20.9,1.4,1.6,10.4,32.7,6.2,4.3,10.5,0.185,4.8,0.7,5.5,5.1,"MVP-4,CPOY-10,AS,NBA1",2023.0,0
Spencer Dinwiddie,29.0,2TM,2.0,79.0,79.0,2725.0,16.0,0.573,0.467,0.314,1.2,10.2,5.7,28.1,1.2,0.8,10.8,22.1,4.5,1.8,6.3,0.111,1.6,-0.9,0.7,1.8,,2023.0,0
Spencer Dinwiddie,29.0,DAL,2.0,53.0,53.0,1808.0,16.1,0.599,0.491,0.298,1.2,9.4,5.2,23.8,1.1,0.8,10.3,21.9,3.3,1.0,4.3,0.114,2.0,-1.2,0.9,1.3,,2023.0,0
Evan Mobley,21.0,CLE,4.0,79.0,79.0,2715.0,17.9,0.591,0.108,0.321,8.1,22.7,15.4,12.4,1.1,4.0,11.9,20.2,3.7,4.8,8.5,0.151,0.0,1.6,1.7,2.5,"DPOY-3,DEF1",2023.0,2
Dejounte Murray,26.0,ATL,2.0,74.0,74.0,2693.0,17.0,0.54,0.293,0.144,2.1,13.8,7.9,24.0,2.0,0.6,10.2,24.4,2.4,2.3,4.7,0.084,1.1,0.0,1.0,2.1,,2023.0,0
DeMar DeRozan,33.0,CHI,3.0,74.0,74.0,2682.0,20.6,0.592,0.109,0.401,1.5,12.8,7.2,22.3,1.5,1.3,9.1,27.8,5.4,3.2,8.5,0.153,1.7,0.3,2.0,2.6,"CPOY-3,AS",2023.0,0
Scottie Barnes,21.0,TOR,3.0,77.0,76.0,2678.0,15.5,0.524,0.22,0.242,7.1,15.2,10.8,20.0,1.5,2.2,12.0,20.3,2.3,2.7,5.0,0.09,0.5,-0.1,0.4,1.6,,2023.0,2
Harrison Barnes,30.0,SAC,4.0,82.0,82.0,2662.0,14.1,0.632,0.446,0.522,3.8,11.9,7.9,6.3,1.0,0.3,8.1,17.1,5.1,1.4,6.5,0.118,0.5,-1.5,-1.0,0.7,,2023.0,3
Pascal Siakam,28.0,TOR,4.0,71.0,71.0,2652.0,20.3,0.565,0.219,0.361,5.2,19.6,11.9,24.9,1.2,1.3,10.0,27.2,5.2,2.6,7.8,0.141,3.3,-0.1,3.1,3.4,AS,2023.0,0
CJ McCollum,31.0,NOP,1.0,75.0,75.0,2649.0,15.6,0.541,0.404,0.177,2.4,11.7,7.0,25.1,1.3,1.4,11.2,26.4,1.5,2.8,4.3,0.078,1.5,-0.7,0.8,1.9,,2023.0,0
Franz Wagner,21.0,ORL,3.0,80.0,80.0,2609.0,15.9,0.589,0.322,0.288,3.0,11.2,7.1,17.2,1.4,0.6,11.7,23.5,3.1,2.3,5.4,0.099,0.4,-0.5,-0.1,1.3,,2023.0,2
Jalen Green,20.0,HOU,2.0,76.0,76.0,2602.0,14.5,0.538,0.408,0.341,1.8,10.3,6.0,17.3,1.1,0.7,11.3,28.1,1.4,0.5,1.8,0.034,0.5,-2.6,-2.1,0.0,,2023.0,2
Bam Adebayo,25.0,MIA,5.0,75.0,75.0,2598.0,20.1,0.592,0.011,0.361,8.0,23.6,15.5,15.9,1.7,2.4,12.7,25.2,3.6,3.8,7.4,0.137,0.8,0.8,1.5,2.3,"DPOY-5,AS,DEF2",2023.0,0
Trae Young,24.0,ATL,1.0,73.0,73.0,2541.0,22.0,0.573,0.331,0.46,2.4,7.0,4.7,42.5,1.5,0.3,15.2,32.6,5.3,1.4,6.7,0.126,5.3,-2.0,3.3,3.4,,2023.0,0
Fred VanVleet,28.0,TOR,1.0,69.0,69.0,2535.0,17.0,0.54,0.545,0.254,1.2,12.0,6.3,28.1,2.4,1.5,10.2,23.2,3.7,2.8,6.5,0.123,2.0,0.5,2.5,2.9,,2023.0,0
Buddy Hield,30.0,IND,3.0,80.0,73.0,2482.0,15.4,0.614,0.652,0.124,3.0,14.9,8.9,13.3,1.8,0.9,11.3,20.8,2.7,1.6,4.4,0.085,2.5,-0.6,1.9,2.4,,2023.0,3
RJ Barrett,22.0,NYK,2.0,73.0,73.0,2475.0,12.9,0.531,0.332,0.333,2.7,13.7,8.2,12.4,0.6,0.6,10.8,26.2,0.5,1.8,2.2,0.043,-1.2,-1.9,-3.1,-0.7,,2023.0,2
Jordan Poole,23.0,GSW,1.0,82.0,43.0,2458.0,14.6,0.573,0.498,0.325,1.5,8.5,5.0,22.5,1.2,0.8,14.7,29.2,1.4,1.9,3.2,0.063,-0.1,-1.8,-1.9,0.1,,2023.0,3
Josh Hart,27.0,2TM,3.0,76.0,52.0,2454.0,14.1,0.622,0.315,0.338,6.5,21.0,13.7,16.1,1.8,0.8,16.4,12.6,3.8,2.2,6.0,0.118,-0.2,1.1,0.9,1.8,,2023.0,3
Josh Hart,27.0,POR,3.0,51.0,51.0,1704.0,12.7,0.586,0.309,0.328,6.4,21.9,14.1,16.0,1.5,0.5,16.0,12.6,2.0,1.2,3.2,0.091,-0.9,0.7,-0.2,0.8,,2023.0,1
Jabari Smith Jr.,19.0,HOU,4.0,79.0,79.0,2451.0,11.2,0.514,0.438,0.231,5.4,20.3,12.7,5.9,0.9,3.0,9.6,18.4,0.5,1.4,1.9,0.037,-2.3,-1.3,-3.7,-1.1,,2023.0,2
Trey Murphy III,22.0,NOP,3.0,79.0,65.0,2448.0,15.2,0.65,0.621,0.238,2.7,10.3,6.5,6.4,1.8,1.7,6.5,16.6,4.8,2.8,7.6,0.15,1.4,0.4,1.8,2.3,,2023.0,2
Darius Garland,23.0,CLE,1.0,69.0,69.0,2447.0,18.8,0.587,0.365,0.284,1.3,7.6,4.5,34.1,1.7,0.3,13.5,26.9,4.5,3.0,7.6,0.148,3.2,-0.7,2.4,2.7,,2023.0,0
Tobias Harris,30.0,PHI,3.0,74.0,74.0,2436.0,14.8,0.602,0.383,0.153,3.3,17.0,10.3,11.4,1.4,1.5,9.0,18.2,3.1,2.8,5.9,0.116,0.6,0.1,0.7,1.7,,2023.0,3
De'Aaron Fox,25.0,SAC,1.0,73.0,73.0,2435.0,21.8,0.599,0.276,0.331,1.9,12.4,7.2,29.6,1.6,0.8,10.6,30.1,5.5,1.8,7.4,0.146,3.4,-0.9,2.5,2.7,"MVP-11,CPOY-1,AS,NBA3",2023.0,0
Donovan Mitchell,26.0,CLE,2.0,68.0,68.0,2432.0,22.9,0.614,0.453,0.262,3.1,10.9,7.0,21.4,2.0,1.0,10.3,32.1,5.4,3.5,8.9,0.176,5.6,0.6,6.3,5.0,"MVP-6,CPOY-6,AS,NBA2",2023.0,0
Paolo Banchero,20.0,ORL,4.0,72.0,72.0,2430.0,14.9,0.529,0.254,0.476,3.9,19.3,11.6,17.2,1.2,1.5,12.8,27.5,-0.3,2.6,2.4,0.047,-0.7,-0.7,-1.5,0.3,ROY-1,2023.0,2
Jaden McDaniels,22.0,MIN,3.0,79.0,79.0,2416.0,12.0,0.611,0.376,0.201,4.3,9.8,7.1,8.4,1.5,2.7,12.6,15.8,2.0,2.4,4.4,0.087,-1.7,0.5,-1.2,0.5,,2023.0,2
Shai Gilgeous-Alexander,24.0,OKC,1.0,68.0,68.0,2416.0,27.2,0.626,0.122,0.535,2.6,12.2,7.3,25.7,2.2,2.5,10.1,32.8,8.4,3.0,11.4,0.226,5.7,1.5,7.3,5.6,"MVP-5,CPOY-7,AS,NBA1",2023.0,0
Royce O'Neale,29.0,BRK,3.0,76.0,53.0,2409.0,9.2,0.538,0.707,0.116,2.6,15.0,9.0,15.3,1.3,1.7,15.5,13.6,0.4,2.5,2.9,0.057,-1.7,0.6,-1.1,0.5,,2023.0,3
Jaylen Brown,26.0,BOS,3.0,67.0,67.0,2405.0,19.1,0.581,0.352,0.249,3.6,17.0,10.4,16.5,1.5,0.9,11.4,31.4,1.6,3.4,5.0,0.1,1.5,-0.2,1.3,2.0,"AS,NBA2",2023.0,0
Luka Dončić,23.0,DAL,1.0,66.0,66.0,2391.0,28.7,0.609,0.373,0.479,2.6,25.4,13.8,42.3,1.9,1.2,11.9,37.6,7.3,2.9,10.2,0.204,7.6,1.4,8.9,6.6,"MVP-8,CPOY-8,AS,NBA1",2023.0,0
OG Anunoby,25.0,TOR,3.0,67.0,67.0,2386.0,14.6,0.586,0.415,0.189,4.2,12.1,7.9,8.0,2.7,2.0,12.1,19.5,1.8,2.9,4.7,0.094,-0.3,0.7,0.4,1.5,"DPOY-7,DEF2",2023.0,3
Keegan Murray,22.0,SAC,3.0,80.0,78.0,2382.0,12.3,0.597,0.641,0.104,4.3,13.4,8.9,5.5,1.2,1.5,6.8,15.8,2.6,1.7,4.3,0.087,0.4,-1.0,-0.6,0.8,ROY-5,2023.0,2
Kentavious Caldwell-Pope,29.0,DEN,2.0,76.0,76.0,2381.0,11.5,0.598,0.505,0.198,1.7,8.1,5.0,9.8,2.3,1.3,11.1,14.1,2.0,2.5,4.5,0.091,-1.6,0.6,-1.0,0.6,,2023.0,3
P.J. Washington,24.0,CHO,4.0,73.0,73.0,2380.0,12.9,0.542,0.438,0.178,3.2,13.0,8.0,11.0,1.3,2.9,9.4,20.6,0.4,2.2,2.6,0.052,-1.0,-0.3,-1.3,0.4,,2023.0,3
Jalen Brunson,26.0,NYK,1.0,68.0,68.0,2379.0,21.2,0.597,0.269,0.328,1.8,9.3,5.6,28.7,1.3,0.6,9.4,27.2,6.9,1.8,8.7,0.175,4.4,-0.5,3.9,3.5,"MVP-12,CPOY-4",2023.0,0
Brook Lopez,34.0,MIL,5.0,78.0,78.0,2373.0,18.4,0.63,0.405,0.211,7.2,15.3,11.4,6.1,0.7,6.7,9.8,19.3,4.1,3.9,8.0,0.161,0.8,1.3,2.1,2.5,"DPOY-2,DEF1",2023.0,4
Josh Giddey,20.0,OKC,4.0,76.0,76.0,2367.0,17.1,0.533,0.209,0.13,6.6,20.9,13.6,29.9,1.1,1.2,15.1,24.6,1.3,2.7,4.0,0.081,1.5,-0.3,1.2,1.9,,2023.0,2
Reggie Bullock,31.0,DAL,3.0,78.0,55.0,2364.0,7.7,0.577,0.845,0.079,1.6,12.5,7.0,6.2,1.1,0.5,6.9,10.0,1.3,1.4,2.8,0.056,-2.3,-0.3,-2.6,-0.4,,2023.0,3
Immanuel Quickley,23.0,NYK,2.0,81.0,21.0,2344.0,16.3,0.578,0.485,0.265,2.7,13.1,7.9,17.4,1.7,0.6,8.7,20.9,4.4,2.3,6.7,0.137,1.3,0.4,1.7,2.1,6MOY-2,2023.0,3
Tyler Herro,23.0,MIA,2.0,67.0,67.0,2337.0,15.3,0.566,0.484,0.164,1.3,17.3,9.0,19.9,1.1,0.7,11.7,25.6,1.1,2.4,3.5,0.072,1.5,-0.8,0.6,1.6,,2023.0,0
Patrick Williams,21.0,CHI,4.0,82.0,65.0,2323.0,11.2,0.576,0.409,0.155,3.9,12.0,8.0,5.8,1.5,2.9,12.3,15.7,0.5,3.0,3.5,0.072,-1.7,0.4,-1.3,0.4,,2023.0,2
Nikola Jokić,27.0,DEN,5.0,69.0,69.0,2323.0,31.5,0.701,0.146,0.406,8.5,31.3,20.2,46.6,1.8,1.8,17.0,27.2,11.2,3.8,14.9,0.308,8.5,4.5,13.0,8.8,"MVP-2,CPOY-13,AS,NBA2",2023.0,0
Derrick White,28.0,BOS,2.0,82.0,70.0,2319.0,15.4,0.604,0.516,0.253,2.5,11.2,6.9,19.4,1.1,2.8,10.1,17.7,4.4,3.1,7.4,0.154,1.1,1.3,2.4,2.6,DEF2,2023.0,0
Jaden Ivey,20.0,DET,2.0,74.0,73.0,2304.0,12.1,0.528,0.356,0.362,3.4,10.7,6.9,26.2,1.3,0.7,17.2,25.4,-0.9,0.8,0.0,-0.001,-1.4,-1.9,-3.3,-0.7,ROY-6,2023.0,2
D'Angelo Russell,26.0,2TM,1.0,71.0,71.0,2304.0,16.3,0.605,0.517,0.228,1.7,8.5,5.2,27.4,1.4,1.1,15.1,22.7,3.1,1.9,5.1,0.106,2.1,-0.7,1.5,2.0,,2023.0,0
D'Angelo Russell,26.0,MIN,1.0,54.0,54.0,1778.0,16.1,0.604,0.521,0.23,1.8,8.5,5.2,27.0,1.6,1.0,15.5,22.8,2.3,1.5,3.8,0.103,1.9,-0.7,1.2,1.4,,2023.0,0
Draymond Green,32.0,GSW,4.0,73.0,73.0,2297.0,12.2,0.592,0.276,0.228,3.2,21.6,12.6,27.8,1.5,2.3,28.1,13.2,1.6,3.1,4.7,0.098,-1.8,2.6,0.8,1.6,"DPOY-4,DEF2",2023.0,0
KJ Martin,22.0,HOU,3.0,82.0,49.0,2292.0,15.4,0.635,0.3,0.308,6.0,15.8,10.8,8.1,0.9,1.3,10.0,16.4,4.2,0.7,4.9,0.103,0.6,-1.3,-0.7,0.7,,2023.0,2
Joel Embiid,28.0,PHI,5.0,66.0,66.0,2284.0,31.4,0.655,0.151,0.581,5.9,28.3,17.3,22.9,1.4,4.6,11.9,37.0,8.4,3.9,12.3,0.259,6.8,2.3,9.2,6.4,"MVP-1,DPOY-9,CPOY-5,AS,NBA1",2023.0,0
Bruce Brown,26.0,DEN,3.0,80.0,31.0,2280.0,13.3,0.571,0.343,0.206,3.3,13.0,8.3,15.7,1.9,2.0,13.2,17.8,1.7,2.6,4.3,0.09,-1.1,0.6,-0.5,0.9,,2023.0,3
Klay Thompson,32.0,GSW,3.0,69.0,69.0,2279.0,14.7,0.576,0.584,0.105,1.9,11.7,6.9,11.0,1.0,1.1,8.6,26.4,1.2,1.9,3.1,0.066,1.5,-1.7,-0.3,1.0,,2023.0,3
Jalen Williams,21.0,OKC,2.0,75.0,62.0,2276.0,15.6,0.601,0.258,0.241,3.9,12.2,7.9,15.4,2.1,1.4,12.3,18.4,3.0,2.6,5.6,0.119,-0.4,0.7,0.3,1.3,ROY-2,2023.0,2
Lauri Markkanen,25.0,UTA,4.0,66.0,66.0,2273.0,22.1,0.64,0.446,0.348,6.3,20.7,13.6,8.6,0.9,1.4,8.8,26.6,6.3,1.9,8.2,0.173,4.9,-1.0,3.8,3.3,"MIP-1,AS",2023.0,0
Max Strus,26.0,MIA,3.0,80.0,33.0,2272.0,10.8,0.557,0.713,0.113,2.4,11.2,6.7,11.2,0.9,0.5,7.8,17.6,1.5,1.9,3.4,0.071,-0.8,-0.9,-1.7,0.2,,2023.0,3
Luguentz Dort,23.0,OKC,3.0,74.0,73.0,2272.0,11.3,0.513,0.468,0.297,5.9,10.4,8.1,9.2,1.6,0.9,8.5,19.8,0.9,2.1,2.9,0.062,-2.0,-1.0,-3.0,-0.6,,2023.0,3
Nic Claxton,23.0,BRK,5.0,76.0,76.0,2271.0,20.8,0.691,0.003,0.419,9.3,25.1,17.4,9.3,1.4,7.1,12.1,15.4,5.2,4.0,9.2,0.195,0.9,2.2,3.1,2.9,DPOY-9,2023.0,4
Jerami Grant,28.0,POR,4.0,63.0,63.0,2246.0,16.0,0.606,0.393,0.375,2.7,11.9,7.2,10.3,1.1,2.1,9.8,22.8,3.1,1.0,4.1,0.087,1.2,-1.4,-0.2,1.0,,2023.0,0
Kyrie Irving,30.0,2TM,2.0,60.0,60.0,2241.0,22.4,0.613,0.412,0.227,3.0,12.3,7.7,25.4,1.4,1.7,8.8,28.9,5.4,2.0,7.4,0.159,4.8,-0.7,4.1,3.5,"CPOY-12,AS",2023.0,0
Kyle Kuzma,27.0,WAS,4.0,64.0,64.0,2239.0,14.3,0.544,0.421,0.208,2.8,19.5,11.5,16.5,0.8,1.1,13.2,27.9,-1.0,1.9,0.9,0.019,-0.2,-1.5,-1.7,0.2,,2023.0,0
Caris LeVert,28.0,CLE,2.0,74.0,30.0,2237.0,12.4,0.546,0.437,0.243,2.8,12.1,7.4,18.0,1.6,1.0,12.4,18.7,1.4,3.1,4.4,0.095,-1.0,0.8,-0.2,1.0,,2023.0,3
Bennedict Mathurin,20.0,IND,2.0,78.0,17.0,2222.0,13.1,0.566,0.326,0.477,4.4,11.5,7.9,7.6,1.0,0.5,11.7,24.6,1.0,0.8,1.8,0.038,-1.2,-2.5,-3.7,-1.0,"ROY-4,6MOY-8",2023.0,2
Terry Rozier,28.0,CHO,2.0,63.0,63.0,2221.0,14.7,0.517,0.425,0.185,2.4,10.2,6.2,22.7,1.6,0.6,9.4,26.9,0.1,1.6,1.7,0.037,0.6,-1.1,-0.6,0.8,,2023.0,3
Jarrett Allen,24.0,CLE,5.0,68.0,68.0,2220.0,19.9,0.67,0.016,0.353,11.7,23.6,17.7,7.5,1.2,3.5,11.4,16.4,5.5,4.0,9.5,0.205,1.3,1.0,2.4,2.4,,2023.0,4
Dillon Brooks,27.0,MEM,3.0,73.0,73.0,2214.0,9.4,0.494,0.443,0.155,2.2,9.5,5.8,11.7,1.4,0.7,8.9,21.8,-0.8,2.4,1.6,0.034,-3.4,-0.5,-3.9,-1.1,DEF2,2023.0,3
Kevin Huerter,24.0,SAC,2.0,75.0,75.0,2203.0,15.2,0.617,0.589,0.151,2.2,10.8,6.5,14.1,1.7,1.0,9.5,19.9,3.3,1.7,4.9,0.107,1.4,-0.3,1.0,1.7,,2023.0,3
Jrue Holiday,32.0,MIL,1.0,67.0,65.0,2183.0,19.2,0.586,0.402,0.173,3.9,12.0,8.1,34.4,1.7,0.9,15.2,25.0,3.9,2.8,6.7,0.148,3.0,0.1,3.1,2.8,"DPOY-7,AS,DEF1",2023.0,0
Alperen Şengün,20.0,HOU,5.0,75.0,72.0,2171.0,19.7,0.599,0.071,0.36,12.1,22.3,17.1,21.0,1.6,3.2,17.3,21.4,3.4,1.8,5.2,0.115,1.1,0.4,1.4,1.9,,2023.0,2
Anfernee Simons,23.0,POR,2.0,62.0,62.0,2171.0,14.8,0.581,0.538,0.171,0.9,7.6,4.3,18.6,0.9,0.6,10.2,25.1,2.1,0.3,2.5,0.054,1.3,-2.5,-1.1,0.5,,2023.0,3
Ivica Zubac,25.0,LAC,5.0,76.0,76.0,2170.0,16.7,0.661,0.004,0.463,12.3,26.5,19.5,5.1,0.7,4.0,15.9,14.8,3.8,2.9,6.7,0.149,-1.1,0.2,-0.9,0.6,,2023.0,4
Killian Hayes,21.0,DET,1.0,76.0,56.0,2154.0,10.2,0.455,0.351,0.137,1.4,10.2,5.7,32.3,2.3,1.1,16.7,20.5,-1.9,1.4,-0.5,-0.012,-3.3,-0.5,-3.8,-1.0,,2023.0,2
Tim Hardaway Jr.,30.0,DAL,3.0,71.0,45.0,2152.0,12.1,0.554,0.649,0.195,1.1,12.6,6.8,9.0,1.1,0.5,6.1,20.6,1.0,1.3,2.3,0.051,-0.3,-1.5,-1.8,0.1,,2023.0,1
De'Anthony Melton,24.0,PHI,2.0,77.0,58.0,2150.0,12.7,0.566,0.619,0.134,3.9,13.1,8.6,12.9,2.9,1.8,12.9,16.4,1.1,3.1,4.2,0.095,-0.7,1.6,0.9,1.6,,2023.0,5
Rudy Gobert,30.0,MIN,5.0,70.0,70.0,2148.0,18.9,0.675,0.005,0.623,12.2,29.8,21.2,5.6,1.2,3.9,14.9,16.3,4.3,3.5,7.8,0.174,0.0,0.7,0.7,1.4,,2023.0,4
Jimmy Butler,33.0,MIA,4.0,64.0,64.0,2138.0,27.6,0.647,0.116,0.625,7.5,13.3,10.3,27.1,2.7,1.0,8.2,25.6,9.4,2.9,12.3,0.277,6.7,2.0,8.7,5.8,"MVP-10,DPOY-12,CPOY-2,NBA2",2023.0,0
James Harden,33.0,PHI,1.0,58.0,58.0,2135.0,21.6,0.607,0.496,0.429,2.3,17.1,9.8,43.3,1.6,1.4,16.3,25.0,5.8,2.6,8.4,0.188,5.1,0.3,5.4,4.0,,2023.0,0
Jamal Murray,25.0,DEN,1.0,65.0,65.0,2133.0,18.0,0.571,0.415,0.207,2.7,11.0,6.9,27.5,1.5,0.7,11.3,26.1,3.3,1.9,5.1,0.116,2.6,-1.3,1.3,1.8,,2023.0,0
John Collins,25.0,ATL,4.0,71.0,71.0,2130.0,13.6,0.593,0.339,0.252,3.9,20.0,11.9,5.3,0.9,2.9,9.1,17.1,2.1,2.1,4.2,0.095,-1.4,0.2,-1.3,0.4,,2023.0,3
Saddiq Bey,23.0,2TM,3.0,77.0,37.0,2129.0,14.6,0.564,0.5,0.285,5.0,14.0,9.4,8.1,1.6,0.5,7.0,20.2,2.6,1.2,3.9,0.087,0.9,-1.2,-0.3,0.9,,2023.0,3
Saddiq Bey,23.0,DET,3.0,52.0,30.0,1500.0,14.3,0.552,0.483,0.345,4.2,13.9,8.9,8.5,1.6,0.7,7.2,21.3,1.5,0.8,2.3,0.074,0.5,-1.1,-0.7,0.5,,2023.0,1
De'Andre Hunter,25.0,ATL,3.0,67.0,67.0,2126.0,11.5,0.563,0.348,0.252,2.3,12.4,7.3,6.0,0.8,0.7,8.2,19.7,1.4,1.2,2.5,0.057,-1.9,-1.4,-3.3,-0.7,,2023.0,3
Russell Westbrook,34.0,2TM,1.0,73.0,24.0,2126.0,16.1,0.513,0.289,0.317,4.7,16.5,10.8,38.6,1.7,1.3,18.4,27.7,-0.6,2.6,1.9,0.044,0.3,-0.1,0.2,1.2,6MOY-9,2023.0,5
Russell Westbrook,34.0,LAL,1.0,52.0,3.0,1491.0,15.3,0.496,0.292,0.326,4.4,18.2,11.5,38.5,1.7,1.3,18.1,28.8,-1.2,1.9,0.7,0.023,-0.2,0.1,-0.1,0.7,,2023.0,5
Quentin Grimes,22.0,NYK,2.0,71.0,66.0,2121.0,11.7,0.619,0.676,0.163,2.5,9.4,5.9,9.7,1.1,1.2,9.7,14.4,3.2,1.6,4.8,0.108,-0.3,0.1,-0.1,1.0,,2023.0,2
Kristaps Porziņģis,27.0,WAS,5.0,65.0,65.0,2120.0,23.1,0.627,0.35,0.409,6.2,21.8,14.3,12.9,1.3,4.0,10.2,27.4,5.0,2.7,7.7,0.174,3.8,0.5,4.3,3.4,,2023.0,0
Gary Trent Jr.,24.0,TOR,2.0,66.0,44.0,2118.0,15.0,0.56,0.481,0.219,1.5,8.2,4.6,7.4,2.4,0.6,5.1,21.7,2.5,2.0,4.5,0.102,0.2,0.0,0.2,1.2,,2023.0,3
Damian Lillard,32.0,POR,1.0,58.0,58.0,2107.0,26.7,0.645,0.547,0.464,2.4,12.8,7.6,35.0,1.2,0.8,11.7,33.8,8.2,0.8,9.0,0.205,8.3,-1.2,7.1,4.9,"CPOY-10,AS,NBA3",2023.0,0
Ayo Dosunmu,23.0,CHI,2.0,80.0,51.0,2098.0,10.2,0.567,0.332,0.144,2.5,9.3,5.9,13.2,1.4,1.2,14.0,14.9,0.7,2.2,2.9,0.067,-3.0,0.6,-2.5,-0.2,,2023.0,3
Corey Kispert,23.0,WAS,3.0,74.0,45.0,2093.0,11.5,0.657,0.656,0.15,1.8,8.9,5.5,5.7,0.7,0.4,8.1,14.1,2.9,0.9,3.8,0.088,-0.1,-1.4,-1.5,0.2,,2023.0,1
Malik Beasley,26.0,2TM,2.0,81.0,27.0,2093.0,10.9,0.531,0.702,0.069,1.8,12.5,7.3,8.4,1.5,0.4,8.5,21.1,-0.2,1.6,1.4,0.032,-0.9,-1.0,-2.0,0.0,,2023.0,3
Malik Beasley,26.0,UTA,2.0,55.0,13.0,1472.0,11.5,0.535,0.704,0.066,2.0,12.3,7.2,9.0,1.4,0.5,8.0,21.2,0.3,1.0,1.2,0.04,-0.4,-1.2,-1.6,0.2,,2023.0,1
Caleb Martin,27.0,MIA,3.0,71.0,49.0,2077.0,11.4,0.571,0.431,0.206,4.8,15.0,9.7,8.2,1.7,1.5,11.5,14.4,1.2,2.5,3.7,0.086,-1.8,0.5,-1.2,0.4,,2023.0,1
Andrew Nembhard,23.0,IND,2.0,75.0,63.0,2073.0,10.0,0.528,0.408,0.096,1.9,8.8,5.3,22.4,1.6,0.5,15.8,16.1,0.4,0.8,1.2,0.029,-2.4,-0.8,-3.2,-0.6,,2023.0,5
Keldon Johnson,23.0,SAS,3.0,63.0,63.0,2063.0,15.3,0.551,0.366,0.294,2.9,14.4,8.4,13.7,1.1,0.4,9.6,27.9,0.7,0.5,1.3,0.03,0.7,-2.5,-1.8,0.1,,2023.0,0
Aaron Gordon,27.0,DEN,4.0,68.0,68.0,2055.0,19.5,0.617,0.227,0.413,9.4,15.4,12.5,14.2,1.3,2.2,9.8,21.1,4.6,2.2,6.8,0.158,2.4,-0.3,2.1,2.1,,2023.0,0
Mason Plumlee,32.0,2TM,5.0,79.0,60.0,2054.0,19.6,0.689,0.0,0.647,11.8,25.1,18.4,17.3,1.1,2.0,15.8,15.2,5.5,2.4,7.9,0.185,1.2,1.0,2.2,2.2,,2023.0,4
Mason Plumlee,32.0,CHO,5.0,56.0,56.0,1597.0,20.0,0.673,0.0,0.646,12.2,24.1,18.1,18.7,1.0,1.9,14.6,15.7,4.3,1.8,6.1,0.183,1.5,0.9,2.4,1.8,,2023.0,4
Grant Williams,24.0,BOS,4.0,79.0,23.0,2045.0,10.3,0.605,0.611,0.256,4.7,14.5,9.7,8.4,1.0,1.3,13.4,13.1,1.9,2.6,4.4,0.104,-1.8,0.7,-1.1,0.5,,2023.0,3
Deandre Ayton,24.0,PHO,5.0,67.0,67.0,2035.0,19.9,0.617,0.027,0.225,9.2,27.5,18.1,9.2,0.9,2.3,11.0,22.9,3.3,3.0,6.2,0.147,0.9,0.0,0.9,1.5,,2023.0,4
Mike Conley,35.0,2TM,1.0,67.0,66.0,2029.0,14.7,0.583,0.575,0.277,1.8,7.9,4.9,29.4,1.7,0.6,13.1,16.3,4.1,1.4,5.5,0.13,1.0,-0.1,0.9,1.5,,2023.0,5
Mike Conley,35.0,UTA,1.0,43.0,42.0,1276.0,13.9,0.552,0.568,0.256,1.5,7.5,4.5,34.0,1.6,0.7,15.1,16.1,2.2,0.8,3.0,0.113,0.7,-0.5,0.2,0.7,,2023.0,5
Giannis Antetokounmpo,28.0,MIL,4.0,63.0,63.0,2024.0,29.0,0.605,0.134,0.604,7.3,30.0,19.1,33.2,1.2,2.1,13.2,38.8,4.9,3.7,8.6,0.204,5.8,2.7,8.5,5.4,"MVP-3,DPOY-6,AS,NBA1",2023.0,0
Kevin Porter Jr.,22.0,HOU,1.0,59.0,59.0,2024.0,16.2,0.565,0.436,0.299,4.1,13.1,8.5,25.7,2.0,0.8,15.8,24.3,1.9,1.0,2.9,0.068,1.4,-0.8,0.6,1.3,,2023.0,2
Deni Avdija,22.0,WAS,3.0,76.0,40.0,2020.0,11.2,0.535,0.401,0.285,4.2,21.9,13.4,13.9,1.6,1.2,15.9,16.7,0.0,2.3,2.3,0.054,-2.8,0.5,-2.3,-0.1,,2023.0,2
Tyrese Maxey,22.0,PHI,2.0,60.0,41.0,2016.0,17.0,0.605,0.404,0.233,1.4,8.8,5.2,16.9,1.2,0.4,7.4,24.1,3.7,1.6,5.4,0.128,1.9,-1.2,0.6,1.3,,2023.0,2
Dorian Finney-Smith,29.0,2TM,4.0,66.0,66.0,2009.0,9.2,0.523,0.675,0.118,6.5,11.5,9.0,6.7,1.4,1.6,10.5,13.2,0.6,1.6,2.1,0.051,-1.7,-0.3,-2.0,0.0,,2023.0,3
Jordan Clarkson,30.0,UTA,2.0,61.0,61.0,1988.0,14.7,0.558,0.445,0.238,4.0,9.3,6.7,20.9,0.8,0.6,14.0,27.8,0.9,0.8,1.7,0.042,1.0,-2.4,-1.4,0.3,,2023.0,3
Dennis Schröder,29.0,LAL,1.0,66.0,50.0,1986.0,11.5,0.545,0.346,0.388,1.2,7.5,4.4,20.1,1.2,0.4,12.8,18.6,1.3,1.5,2.8,0.068,-2.4,-0.5,-2.9,-0.4,,2023.0,5
Tre Jones,23.0,SAS,1.0,68.0,65.0,1984.0,16.0,0.534,0.213,0.231,3.0,10.8,6.7,31.5,2.1,0.4,11.8,19.3,2.6,0.8,3.4,0.082,-0.2,-0.8,-1.0,0.5,,2023.0,0
Grayson Allen,27.0,MIL,2.0,72.0,70.0,1972.0,12.3,0.612,0.657,0.226,3.4,9.0,6.3,10.9,1.5,0.6,10.5,14.6,2.8,2.2,5.1,0.123,-0.6,0.7,0.1,1.0,,2023.0,3
Jonas Valančiūnas,30.0,NOP,5.0,79.0,79.0,1968.0,19.3,0.61,0.134,0.275,13.0,33.3,23.1,11.1,0.5,2.5,14.8,23.4,2.8,3.0,5.8,0.142,0.0,-0.4,-0.4,0.8,,2023.0,4
Eric Gordon,34.0,2TM,2.0,69.0,58.0,1965.0,11.8,0.587,0.545,0.265,0.9,6.7,3.8,13.4,1.1,1.2,12.5,17.8,1.8,0.5,2.3,0.056,-0.5,-1.4,-1.9,0.1,,2023.0,1
Eric Gordon,34.0,HOU,2.0,47.0,47.0,1418.0,11.4,0.572,0.513,0.282,0.9,6.7,3.8,13.8,1.0,1.2,13.4,18.1,1.0,0.1,1.1,0.037,-0.9,-1.7,-2.6,-0.2,,2023.0,1
Kevon Looney,26.0,GSW,5.0,82.0,70.0,1958.0,17.8,0.639,0.003,0.404,15.7,26.8,21.4,13.8,1.3,2.2,9.1,10.6,5.9,2.8,8.7,0.212,0.9,1.3,2.1,2.0,,2023.0,4
Kyle Anderson,29.0,MIN,4.0,69.0,46.0,1957.0,14.8,0.583,0.212,0.275,3.8,16.9,10.5,22.6,1.9,2.8,15.7,14.4,2.5,2.6,5.1,0.125,0.2,2.3,2.5,2.2,,2023.0,4
Marcus Smart,28.0,BOS,1.0,61.0,61.0,1957.0,12.1,0.538,0.568,0.196,2.6,8.0,5.3,26.4,2.3,1.0,17.9,17.8,1.0,2.7,3.7,0.092,-1.8,0.8,-1.0,0.5,,2023.0,5
LeBron James,38.0,LAL,4.0,55.0,54.0,1954.0,23.9,0.583,0.309,0.268,3.7,20.8,12.5,33.5,1.2,1.4,11.6,33.3,3.2,2.4,5.6,0.138,5.5,0.6,6.1,4.0,"AS,NBA3",2023.0,0
Herbert Jones,24.0,NOP,4.0,66.0,66.0,1951.0,12.1,0.567,0.333,0.321,5.6,10.0,7.8,11.1,2.6,2.1,13.3,14.5,1.5,2.7,4.2,0.104,-1.9,1.7,-0.3,0.8,,2023.0,3
Torrey Craig,32.0,PHO,4.0,79.0,60.0,1948.0,11.6,0.566,0.506,0.09,8.1,16.3,12.1,7.9,1.3,2.9,12.3,13.0,1.5,2.5,4.0,0.098,-1.3,0.7,-0.6,0.7,,2023.0,3
Ja Morant,23.0,MEM,1.0,61.0,59.0,1948.0,23.3,0.557,0.247,0.409,3.3,16.1,9.7,41.1,1.6,0.7,12.6,34.9,3.4,2.6,6.0,0.148,5.2,0.5,5.7,3.8,"MVP-12,AS",2023.0,0
Kelly Olynyk,31.0,UTA,5.0,68.0,68.0,1942.0,14.4,0.643,0.424,0.417,4.6,18.6,11.7,17.6,1.5,1.6,20.3,17.8,2.4,1.9,4.3,0.106,-0.4,0.9,0.4,1.2,,2023.0,4
Stephen Curry,34.0,GSW,1.0,56.0,56.0,1941.0,24.1,0.656,0.564,0.248,2.3,16.8,9.7,30.0,1.3,0.9,12.5,31.0,5.8,2.0,7.8,0.192,7.5,0.1,7.5,4.7,"MVP-9,CPOY-9,AS,NBA2",2023.0,0
Tyus Jones,26.0,MEM,1.0,80.0,22.0,1940.0,16.0,0.546,0.459,0.141,1.5,9.4,5.5,28.8,2.0,0.3,8.9,17.7,3.4,2.3,5.7,0.141,1.2,0.3,1.6,1.7,6MOY-6,2023.0,3
Paul George,32.0,LAC,3.0,56.0,56.0,1939.0,19.6,0.588,0.424,0.293,2.6,17.0,9.9,24.2,2.1,0.9,13.4,29.5,2.3,2.3,4.6,0.114,2.4,0.3,2.8,2.3,AS,2023.0,0
Al Horford,36.0,BOS,5.0,63.0,63.0,1922.0,13.8,0.631,0.678,0.044,4.2,17.7,11.1,13.2,0.8,2.7,7.0,11.9,3.6,2.7,6.3,0.157,1.6,1.7,3.3,2.5,,2023.0,1
P.J. Tucker,37.0,PHI,4.0,75.0,75.0,1920.0,5.7,0.566,0.622,0.102,5.9,12.1,9.1,3.9,1.0,0.7,15.8,6.5,0.9,1.7,2.5,0.064,-3.2,0.2,-3.0,-0.5,,2023.0,3
Jalen McDaniels,25.0,2TM,3.0,80.0,24.0,1913.0,11.8,0.557,0.376,0.224,3.6,16.3,9.9,9.6,2.1,1.6,12.1,17.2,0.5,2.2,2.7,0.068,-2.7,0.6,-2.1,-0.1,,2023.0,3
Jalen McDaniels,25.0,CHO,3.0,56.0,21.0,1494.0,11.6,0.551,0.409,0.211,3.1,16.5,9.6,10.5,2.1,1.7,12.9,17.5,0.1,1.7,1.8,0.057,-2.7,0.7,-2.0,0.0,,2023.0,5
Jakob Poeltl,27.0,2TM,5.0,72.0,71.0,1906.0,21.0,0.635,0.002,0.325,13.0,25.5,19.0,15.2,1.7,4.0,15.0,18.2,3.7,2.2,6.0,0.15,1.1,0.8,1.9,1.9,,2023.0,4
Jakob Poeltl,27.0,SAS,5.0,46.0,46.0,1199.0,19.7,0.625,0.003,0.332,13.3,25.0,18.9,17.0,1.4,3.6,17.8,18.6,1.8,1.1,2.9,0.115,0.5,0.4,0.9,0.9,,2023.0,4
Anthony Davis,29.0,LAL,5.0,56.0,54.0,1904.0,27.8,0.627,0.077,0.462,11.3,27.6,19.7,13.0,1.5,5.1,9.5,28.4,5.5,3.4,9.0,0.226,4.6,1.7,6.3,4.0,,2023.0,0
Donte DiVincenzo,26.0,GSW,2.0,72.0,36.0,1894.0,12.8,0.593,0.7,0.131,4.7,14.0,9.4,17.3,2.4,0.5,16.4,15.1,1.9,2.3,4.2,0.106,-0.6,1.3,0.7,1.3,,2023.0,5
Bojan Bogdanović,33.0,DET,4.0,59.0,59.0,1893.0,17.4,0.627,0.4,0.344,2.0,11.3,6.5,13.6,0.9,0.4,11.7,25.9,3.1,0.4,3.5,0.09,2.6,-1.8,0.8,1.4,,2023.0,0
Chris Paul,37.0,PHO,1.0,59.0,59.0,1889.0,17.7,0.555,0.391,0.24,1.6,13.4,7.4,38.7,2.4,1.0,13.4,19.2,3.7,2.5,6.2,0.156,2.0,1.2,3.2,2.5,,2023.0,0
Tyrese Haliburton,22.0,IND,1.0,56.0,56.0,1883.0,23.6,0.624,0.478,0.239,1.9,10.1,6.0,47.6,2.3,1.1,13.2,23.8,6.4,1.2,7.6,0.195,7.0,0.2,7.2,4.4,AS,2023.0,0
Jarred Vanderbilt,23.0,2TM,4.0,78.0,65.0,1879.0,15.1,0.604,0.2,0.308,10.0,23.2,16.7,13.1,2.1,0.9,15.9,13.6,2.7,2.5,5.2,0.132,-0.6,1.6,1.1,1.5,,2023.0,4
Jarred Vanderbilt,23.0,UTA,4.0,52.0,41.0,1254.0,16.0,0.607,0.183,0.328,10.6,24.5,17.6,15.3,2.0,1.0,16.0,14.1,2.1,1.6,3.6,0.139,0.0,1.5,1.5,1.1,,2023.0,4
Terance Mann,26.0,LAC,2.0,81.0,36.0,1872.0,13.4,0.619,0.378,0.225,4.7,11.8,8.3,14.0,1.1,1.0,12.2,15.3,2.8,1.5,4.3,0.111,-0.3,0.1,-0.2,0.8,,2023.0,3
Troy Brown Jr.,23.0,LAL,3.0,76.0,45.0,1860.0,9.6,0.561,0.604,0.084,3.7,13.7,8.9,6.6,1.5,0.7,9.2,12.1,1.0,2.0,2.9,0.075,-1.8,0.8,-1.0,0.5,,2023.0,3
Onyeka Okongwu,22.0,ATL,5.0,80.0,18.0,1849.0,19.4,0.678,0.026,0.394,12.7,21.5,17.0,5.8,1.4,4.9,12.2,15.1,4.7,2.4,7.1,0.185,0.0,0.8,0.8,1.3,,2023.0,2
Austin Reaves,24.0,LAL,2.0,64.0,22.0,1843.0,14.9,0.687,0.441,0.541,2.0,9.0,5.6,15.7,0.8,0.9,14.0,16.2,4.1,1.4,5.4,0.142,0.6,0.1,0.7,1.2,6MOY-7,2023.0,1
Desmond Bane,24.0,MEM,2.0,58.0,58.0,1841.0,19.1,0.606,0.433,0.218,2.5,14.3,8.4,20.8,1.4,1.1,10.9,26.1,3.5,2.3,5.8,0.151,3.3,0.1,3.5,2.5,,2023.0,0
Devin Booker,26.0,PHO,2.0,53.0,53.0,1835.0,22.0,0.601,0.296,0.336,2.7,12.0,7.2,27.3,1.4,0.9,10.6,31.8,4.2,1.9,6.0,0.157,4.5,-0.3,4.2,2.9,,2023.0,0
Marcus Morris,33.0,LAC,4.0,65.0,65.0,1825.0,10.5,0.534,0.479,0.135,1.8,13.9,7.9,8.9,1.1,1.0,7.6,17.6,0.4,1.6,2.0,0.053,-1.8,-0.2,-1.9,0.0,,2023.0,1
Myles Turner,26.0,IND,5.0,62.0,62.0,1825.0,20.0,0.651,0.34,0.377,5.4,22.9,14.2,7.5,0.9,6.6,10.8,22.0,3.4,2.0,5.4,0.142,1.4,0.7,2.1,1.9,,2023.0,4
Bobby Portis,27.0,MIL,4.0,70.0,22.0,1818.0,17.8,0.575,0.32,0.156,9.2,28.6,19.3,8.7,0.8,0.7,8.6,21.7,2.5,2.8,5.3,0.139,1.2,-0.6,0.7,1.2,6MOY-3,2023.0,4
Aaron Nesmith,23.0,IND,3.0,73.0,60.0,1816.0,10.5,0.566,0.532,0.241,3.8,13.1,8.5,7.4,1.4,1.6,10.3,16.8,0.9,1.1,2.0,0.052,-2.3,-0.7,-3.0,-0.4,,2023.0,1
Patrick Beverley,34.0,2TM,1.0,67.0,67.0,1816.0,8.9,0.534,0.664,0.181,2.7,12.0,7.5,13.3,1.7,2.0,13.4,10.6,0.8,2.1,3.0,0.079,-2.9,1.7,-1.2,0.3,,2023.0,3
Patrick Beverley,34.0,LAL,2.0,45.0,45.0,1211.0,8.3,0.548,0.656,0.207,2.2,9.9,6.2,12.1,1.6,1.7,13.8,10.6,0.5,1.3,1.8,0.071,-3.2,1.4,-1.8,0.1,,2023.0,1
Jevon Carter,27.0,MIL,1.0,81.0,39.0,1810.0,10.9,0.56,0.596,0.067,2.1,9.3,5.8,14.5,1.7,1.3,11.8,15.3,1.2,2.3,3.5,0.092,-1.9,1.2,-0.6,0.6,,2023.0,3
Michael Porter Jr.,24.0,DEN,3.0,62.0,62.0,1798.0,16.8,0.621,0.556,0.147,4.2,17.2,10.9,5.3,1.0,1.4,7.3,22.7,2.6,1.8,4.3,0.116,2.0,-1.8,0.2,1.0,,2023.0,1
Naji Marshall,25.0,NOP,3.0,77.0,21.0,1792.0,11.4,0.539,0.382,0.306,3.0,14.6,8.8,14.4,1.5,0.7,13.0,17.8,0.5,2.0,2.5,0.068,-1.9,0.0,-1.9,0.1,,2023.0,3
Jaren Jackson Jr.,23.0,MEM,5.0,63.0,63.0,1787.0,21.6,0.613,0.343,0.372,6.4,18.8,12.6,5.0,1.7,9.6,10.1,24.7,2.8,3.8,6.6,0.177,0.7,2.0,2.8,2.2,"DPOY-1,AS,DEF1",2023.0,4
Shaedon Sharpe,19.0,POR,2.0,80.0,15.0,1779.0,11.5,0.568,0.437,0.162,4.0,11.3,7.6,7.9,1.0,1.2,10.7,19.0,0.6,0.6,1.2,0.032,-1.3,-2.0,-3.3,-0.6,,2023.0,2
Markelle Fultz,24.0,ORL,1.0,60.0,60.0,1778.0,16.6,0.564,0.128,0.211,4.4,10.5,7.4,29.8,2.4,1.4,15.8,21.3,1.7,2.0,3.7,0.1,-0.1,0.7,0.5,1.2,,2023.0,0
Tari Eason,21.0,HOU,4.0,82.0,5.0,1767.0,15.2,0.525,0.261,0.22,12.0,18.9,15.4,7.4,2.6,2.6,12.2,19.3,0.9,1.7,2.6,0.07,-1.3,-0.4,-1.7,0.1,,2023.0,2
Gabe Vincent,26.0,MIA,1.0,68.0,34.0,1759.0,9.0,0.533,0.617,0.138,1.7,8.1,4.8,13.9,1.8,0.3,13.3,17.5,-0.3,1.7,1.4,0.038,-3.1,-0.3,-3.4,-0.6,,2023.0,1
Kawhi Leonard,31.0,LAC,3.0,52.0,50.0,1748.0,23.9,0.623,0.287,0.32,3.7,17.8,10.8,19.6,2.0,1.4,8.1,27.0,4.9,2.2,7.1,0.194,5.1,0.9,6.1,3.5,,2023.0,0
Malcolm Brogdon,30.0,BOS,1.0,67.0,0.0,1744.0,18.2,0.615,0.406,0.251,2.7,14.7,8.8,21.5,1.3,0.9,10.8,22.8,3.6,2.2,5.8,0.161,2.3,0.6,2.8,2.1,6MOY-1,2023.0,0
Christian Wood,27.0,DAL,5.0,67.0,17.0,1738.0,20.6,0.624,0.363,0.365,5.8,27.4,16.4,11.7,0.9,3.7,11.9,26.4,2.7,2.1,4.8,0.132,1.9,-0.3,1.7,1.6,6MOY-9,2023.0,4
Coby White,22.0,CHI,2.0,74.0,2.0,1730.0,12.5,0.572,0.579,0.118,1.1,12.6,6.9,16.3,1.5,0.3,10.6,17.9,1.2,1.9,3.1,0.087,-1.0,0.2,-0.8,0.5,,2023.0,2
Clint Capela,28.0,ATL,5.0,65.0,63.0,1730.0,22.1,0.656,0.002,0.244,16.1,29.4,22.7,4.7,1.2,3.9,8.3,15.7,4.9,2.4,7.2,0.201,2.3,-0.1,2.2,1.8,,2023.0,4
Malik Monk,24.0,SAC,2.0,77.0,0.0,1719.0,16.6,0.587,0.5,0.26,2.1,11.3,6.7,25.0,1.4,1.0,14.1,25.8,2.1,1.2,3.2,0.091,1.6,-1.4,0.3,1.0,6MOY-5,2023.0,3
Kyle Lowry,36.0,MIA,1.0,55.0,44.0,1718.0,12.6,0.565,0.639,0.278,2.8,12.9,7.7,23.4,1.7,1.2,15.9,16.7,1.5,1.9,3.4,0.096,-0.7,0.8,0.2,0.9,,2023.0,5
Nicolas Batum,34.0,LAC,4.0,78.0,19.0,1709.0,11.0,0.594,0.832,0.126,4.1,15.4,9.8,9.4,1.5,2.3,11.1,11.5,1.7,1.9,3.6,0.101,-0.8,1.2,0.5,1.0,,2023.0,3
Walker Kessler,21.0,UTA,5.0,74.0,40.0,1703.0,21.5,0.702,0.007,0.384,14.9,24.4,19.7,5.7,0.7,8.6,10.7,13.3,4.6,2.5,7.1,0.2,1.4,1.5,2.9,2.1,ROY-3,2023.0,4
Monte Morris,27.0,WAS,1.0,62.0,61.0,1695.0,15.0,0.579,0.396,0.15,1.8,11.6,6.9,26.4,1.2,0.6,9.9,15.6,3.1,1.1,4.2,0.12,0.8,-0.4,0.5,1.1,,2023.0,0
Wendell Carter Jr.,23.0,ORL,5.0,57.0,54.0,1690.0,17.3,0.621,0.367,0.318,8.0,25.3,16.6,12.0,0.9,1.9,13.2,20.5,2.6,2.0,4.6,0.13,0.9,0.1,1.0,1.3,,2023.0,4
Santi Aldama,22.0,MEM,4.0,77.0,20.0,1682.0,13.9,0.591,0.507,0.274,5.4,18.0,11.7,7.6,1.3,2.6,9.3,16.0,2.1,2.4,4.6,0.13,-0.3,0.8,0.5,1.1,,2023.0,2
Bradley Beal,29.0,WAS,2.0,50.0,50.0,1673.0,19.7,0.593,0.249,0.26,2.8,9.9,6.5,26.6,1.3,1.7,12.9,29.2,2.2,1.2,3.4,0.099,2.9,-1.2,1.8,1.6,,2023.0,0
Kevin Durant,34.0,2TM,4.0,47.0,47.0,1672.0,25.9,0.677,0.267,0.387,1.2,19.5,10.5,24.5,1.0,3.4,13.4,30.7,4.7,2.1,6.8,0.194,6.0,1.2,7.1,3.9,AS,2023.0,0
Jalen Duren,19.0,DET,5.0,67.0,31.0,1670.0,17.3,0.655,0.005,0.394,14.7,25.1,19.7,6.8,1.3,3.1,16.5,14.3,2.9,1.6,4.5,0.129,-0.4,-0.4,-0.8,0.5,,2023.0,2
Reggie Jackson,32.0,2TM,1.0,68.0,40.0,1657.0,10.0,0.514,0.45,0.122,1.7,8.0,4.9,20.0,1.4,0.3,14.6,20.8,-0.6,1.2,0.6,0.018,-2.9,-1.1,-3.9,-0.8,,2023.0,5
Reggie Jackson,32.0,LAC,1.0,52.0,38.0,1338.0,10.3,0.523,0.43,0.129,1.9,7.8,4.9,19.8,1.4,0.3,15.1,20.8,-0.4,1.0,0.6,0.02,-2.6,-1.0,-3.7,-0.6,,2023.0,5
Isaac Okoro,22.0,CLE,3.0,76.0,46.0,1652.0,10.7,0.614,0.483,0.291,3.7,9.6,6.7,7.0,1.7,1.7,9.5,11.9,1.9,2.3,4.2,0.122,-1.9,1.6,-0.3,0.7,,2023.0,2
Isaiah Hartenstein,24.0,NYK,5.0,82.0,8.0,1626.0,14.2,0.567,0.113,0.217,14.1,22.2,18.1,8.3,1.6,3.7,15.6,11.2,2.2,2.4,4.6,0.136,-1.5,1.2,-0.3,0.7,,2023.0,4
Daniel Gafford,24.0,WAS,5.0,78.0,47.0,1604.0,19.7,0.739,0.0,0.473,11.7,18.0,15.0,7.5,1.0,5.2,15.1,15.2,4.2,1.9,6.1,0.184,0.4,0.6,1.0,1.2,,2023.0,4
Mitchell Robinson,24.0,NYK,5.0,59.0,58.0,1591.0,18.9,0.652,0.0,0.436,18.4,20.0,19.2,4.5,1.7,6.5,10.9,10.1,4.0,2.6,6.5,0.197,1.0,1.4,2.4,1.7,,2023.0,4
Drew Eubanks,25.0,POR,5.0,78.0,28.0,1584.0,16.2,0.666,0.054,0.374,9.5,20.9,15.2,9.2,1.2,5.7,14.7,12.5,2.9,1.6,4.4,0.134,-0.9,0.9,0.1,0.8,,2023.0,4
Gordon Hayward,32.0,CHO,3.0,50.0,50.0,1577.0,13.5,0.563,0.275,0.274,2.2,12.6,7.3,19.3,1.3,0.7,13.2,20.0,0.8,1.1,2.0,0.059,-1.1,-0.3,-1.4,0.2,,2023.0,1
Alex Caruso,28.0,CHI,1.0,67.0,36.0,1575.0,11.5,0.588,0.528,0.255,3.1,10.9,7.1,15.4,3.0,2.8,19.5,11.1,1.0,2.6,3.6,0.109,-2.2,3.3,1.1,1.2,"DPOY-11,DEF1",2023.0,5
Shake Milton,26.0,PHI,2.0,76.0,11.0,1567.0,12.7,0.575,0.294,0.231,3.0,11.3,7.2,22.3,0.8,0.8,14.5,18.5,1.6,1.2,2.9,0.087,-1.0,-0.9,-2.0,0.0,,2023.0,3
Norman Powell,29.0,LAC,2.0,60.0,8.0,1567.0,17.1,0.612,0.404,0.39,1.7,10.7,6.3,11.0,1.6,1.0,10.8,26.0,2.1,1.4,3.5,0.107,0.9,-0.7,0.3,0.9,6MOY-4,2023.0,3
Cole Anthony,22.0,ORL,1.0,60.0,4.0,1552.0,16.0,0.57,0.338,0.279,3.4,17.6,10.5,22.9,1.2,1.9,11.7,21.5,2.1,1.7,3.7,0.116,0.7,0.5,1.3,1.3,,2023.0,2
Malaki Branham,19.0,SAS,2.0,66.0,32.0,1550.0,9.5,0.524,0.417,0.115,1.9,11.2,6.4,11.4,1.0,0.4,10.6,19.1,-0.4,0.2,-0.1,-0.004,-3.0,-2.1,-5.2,-1.3,,2023.0,2
Cedi Osman,27.0,CLE,3.0,77.0,2.0,1548.0,12.0,0.579,0.589,0.204,1.9,11.5,6.7,10.6,1.1,0.7,8.3,18.2,1.4,1.9,3.3,0.103,-0.8,0.2,-0.7,0.5,,2023.0,3
Kelly Oubre Jr.,27.0,CHO,3.0,48.0,40.0,1548.0,14.8,0.534,0.414,0.254,4.4,12.9,8.6,5.6,2.1,1.0,6.6,26.5,0.1,1.5,1.7,0.051,-0.4,-0.7,-1.1,0.3,,2023.0,5
Josh Green,22.0,DAL,2.0,60.0,21.0,1539.0,11.2,0.645,0.442,0.246,4.1,9.7,6.9,9.7,1.4,0.3,14.5,14.6,1.7,0.9,2.6,0.082,-1.9,-0.6,-2.4,-0.2,,2023.0,2
Brandon Ingram,25.0,NOP,3.0,45.0,45.0,1538.0,19.2,0.582,0.196,0.326,1.7,16.4,9.1,28.1,1.0,1.2,13.4,30.8,1.8,1.7,3.5,0.108,2.2,-0.4,1.7,1.5,,2023.0,0
Josh Richardson,29.0,2TM,2.0,65.0,10.0,1530.0,12.3,0.555,0.529,0.146,2.9,9.9,6.3,15.8,2.2,1.2,12.7,18.4,0.6,1.1,1.8,0.055,-1.0,-0.1,-1.2,0.3,,2023.0,5
Josh Richardson,29.0,SAS,2.0,42.0,6.0,997.0,13.6,0.556,0.51,0.148,3.2,10.1,6.5,19.3,1.9,0.9,12.7,20.5,0.6,0.4,1.0,0.047,-0.1,-1.0,-1.1,0.2,,2023.0,1
Joe Harris,31.0,BRK,3.0,74.0,33.0,1527.0,10.6,0.621,0.757,0.064,1.7,10.1,6.0,9.1,1.1,0.7,8.3,14.3,1.5,1.1,2.6,0.083,-0.6,-0.6,-1.1,0.3,,2023.0,1
T.J. McConnell,30.0,IND,1.0,75.0,6.0,1526.0,16.8,0.59,0.113,0.131,3.3,13.7,8.5,37.9,2.5,0.6,20.6,19.1,1.9,1.2,3.1,0.098,0.4,0.1,0.5,1.0,,2023.0,5
Chris Boucher,30.0,TOR,4.0,76.0,0.0,1523.0,18.0,0.59,0.357,0.318,10.9,21.2,15.7,2.7,1.5,4.1,6.4,18.0,3.0,2.0,5.0,0.156,0.7,-0.8,-0.1,0.7,,2023.0,4
Georges Niang,29.0,PHI,4.0,78.0,1.0,1512.0,10.9,0.61,0.765,0.09,1.5,12.8,7.2,7.3,1.0,0.9,9.4,17.0,1.1,1.4,2.5,0.078,-0.4,-1.0,-1.4,0.2,,2023.0,3
Bogdan Bogdanović,30.0,ATL,2.0,54.0,9.0,1508.0,14.2,0.586,0.589,0.126,1.6,10.4,6.0,13.4,1.4,1.0,9.2,19.8,1.8,1.0,2.8,0.088,1.1,-0.7,0.5,0.9,,2023.0,1
Damion Lee,30.0,PHO,2.0,74.0,5.0,1506.0,10.7,0.607,0.546,0.23,2.8,14.0,8.3,8.9,1.0,0.4,13.5,16.3,1.1,1.4,2.6,0.081,-1.3,-0.4,-1.7,0.1,,2023.0,1
Bol Bol,23.0,ORL,4.0,70.0,33.0,1505.0,14.4,0.603,0.236,0.226,5.2,25.3,15.2,6.9,1.0,5.5,17.6,18.2,0.0,2.2,2.3,0.072,-1.8,0.9,-0.9,0.4,,2023.0,4
John Konchar,26.0,MEM,3.0,72.0,23.0,1494.0,10.8,0.542,0.553,0.113,4.5,17.4,11.0,8.2,2.4,1.5,9.9,10.4,1.0,2.5,3.5,0.111,-1.9,2.4,0.5,0.9,,2023.0,5
Rui Hachimura,24.0,2TM,4.0,63.0,9.0,1466.0,13.2,0.556,0.274,0.204,4.1,16.5,10.5,5.8,0.6,1.5,7.7,20.2,0.6,1.3,1.8,0.06,-1.3,-1.0,-2.2,-0.1,,2023.0,1
Dwight Powell,31.0,DAL,5.0,76.0,64.0,1458.0,15.5,0.738,0.019,0.625,11.8,13.3,12.5,6.9,1.6,1.6,15.9,12.6,3.8,1.3,5.1,0.168,-1.2,0.0,-1.2,0.3,,2023.0,4
Jeremy Sochan,19.0,SAS,4.0,56.0,53.0,1458.0,11.4,0.509,0.243,0.21,6.9,15.6,11.0,13.6,1.4,1.3,13.9,19.8,-0.5,0.7,0.2,0.005,-2.8,-1.2,-4.0,-0.7,,2023.0,2
Keita Bates-Diop,27.0,SAS,4.0,67.0,42.0,1452.0,14.9,0.609,0.305,0.323,4.7,14.3,9.3,9.8,1.5,1.1,9.5,16.7,2.1,0.6,2.7,0.089,0.3,-0.9,-0.6,0.5,,2023.0,1
Davion Mitchell,24.0,SAC,1.0,80.0,9.0,1447.0,9.4,0.545,0.494,0.078,1.3,7.0,4.1,16.5,1.5,0.9,13.1,14.1,0.7,0.8,1.5,0.05,-2.4,-0.4,-2.8,-0.3,,2023.0,3
Pat Connaughton,30.0,MIL,3.0,61.0,33.0,1443.0,10.0,0.531,0.765,0.097,3.8,16.2,10.2,6.9,1.2,0.6,7.0,13.8,0.7,1.8,2.5,0.085,-1.3,0.3,-1.0,0.3,,2023.0,1
Zach Collins,25.0,SAS,5.0,63.0,26.0,1441.0,16.4,0.599,0.268,0.259,8.5,22.5,15.2,18.0,1.2,2.8,17.4,21.2,1.2,1.0,2.2,0.074,-0.5,0.3,-0.2,0.6,,2023.0,4
Isaiah Stewart,21.0,DET,5.0,50.0,47.0,1414.0,13.1,0.56,0.465,0.338,8.7,23.3,15.8,7.3,0.7,2.1,11.8,17.3,1.1,0.9,2.0,0.068,-1.0,-1.1,-2.1,0.0,,2023.0,2
AJ Griffin,19.0,ATL,3.0,72.0,12.0,1401.0,12.6,0.577,0.486,0.088,2.9,9.2,6.0,7.0,1.4,0.7,7.1,17.9,1.3,0.9,2.2,0.075,-0.3,-0.5,-0.8,0.4,,2023.0,2
Isaiah Joe,23.0,OKC,2.0,73.0,10.0,1395.0,14.5,0.626,0.776,0.197,2.0,11.6,6.7,8.7,1.6,0.5,6.6,17.7,2.5,1.3,3.8,0.131,1.3,-0.4,0.9,1.0,,2023.0,1
Jonathan Kuminga,20.0,GSW,4.0,67.0,16.0,1394.0,13.3,0.597,0.294,0.278,5.6,12.5,9.1,12.7,1.4,2.0,14.6,19.6,1.0,1.4,2.4,0.084,-1.7,-0.1,-1.7,0.1,,2023.0,2
Jusuf Nurkić,28.0,POR,5.0,52.0,52.0,1391.0,17.3,0.589,0.236,0.38,9.3,29.7,19.5,16.4,1.5,2.8,16.8,22.1,1.2,1.5,2.7,0.092,-0.6,0.7,0.1,0.7,,2023.0,4
Dennis Smith Jr.,25.0,CHO,1.0,54.0,15.0,1390.0,11.6,0.475,0.246,0.235,2.0,11.0,6.4,26.1,2.6,1.6,14.1,17.6,-0.4,1.5,1.1,0.039,-3.5,1.2,-2.2,-0.1,,2023.0,5
Larry Nance Jr.,30.0,NOP,5.0,65.0,1.0,1381.0,16.0,0.649,0.138,0.259,8.7,20.3,14.5,11.7,2.0,2.6,11.0,11.9,2.8,2.1,4.9,0.171,0.0,2.0,2.0,1.4,,2023.0,4
Josh Okogie,24.0,PHO,2.0,72.0,26.0,1350.0,13.3,0.531,0.476,0.464,8.8,11.9,10.3,10.3,2.0,2.3,11.2,17.7,1.1,1.7,2.8,0.101,-0.8,0.5,-0.2,0.6,,2023.0,5
Devonte' Graham,27.0,2TM,1.0,73.0,8.0,1338.0,12.5,0.552,0.784,0.304,1.6,8.7,5.1,19.4,1.6,1.1,9.8,17.1,1.5,1.0,2.5,0.091,0.1,-0.2,-0.1,0.6,,2023.0,1
Devonte' Graham,27.0,NOP,1.0,53.0,0.0,811.0,11.8,0.545,0.823,0.255,1.7,8.4,5.0,18.7,1.8,1.2,9.5,15.0,0.9,0.9,1.8,0.105,-0.4,0.6,0.2,0.4,,2023.0,1
Terrence Ross,31.0,2TM,2.0,63.0,9.0,1330.0,10.2,0.544,0.555,0.073,1.8,11.2,6.5,10.2,1.3,0.7,8.2,16.8,0.5,1.2,1.6,0.059,-1.8,-0.3,-2.1,0.0,,2023.0,1
Terrence Ross,31.0,ORL,2.0,42.0,9.0,944.0,8.6,0.543,0.535,0.067,1.2,9.0,5.1,8.1,1.3,0.8,10.7,15.7,-0.1,0.7,0.6,0.032,-2.7,-0.4,-3.1,-0.3,,2023.0,1
Luke Kennard,26.0,2TM,2.0,59.0,14.0,1315.0,13.0,0.684,0.704,0.102,1.2,11.8,6.6,9.4,1.2,0.3,10.3,14.5,2.2,1.2,3.4,0.124,0.6,-0.1,0.5,0.8,,2023.0,1
Doug McDermott,31.0,SAS,3.0,64.0,0.0,1314.0,11.1,0.59,0.57,0.134,1.8,10.0,5.8,9.8,0.5,0.4,9.5,19.2,1.0,0.0,1.0,0.035,-0.7,-2.5,-3.2,-0.4,,2023.0,1
Talen Horton-Tucker,22.0,UTA,2.0,65.0,20.0,1313.0,13.7,0.508,0.331,0.274,3.4,13.7,8.6,27.4,1.5,1.9,15.5,25.9,-0.3,1.1,0.8,0.029,-1.1,-0.5,-1.6,0.2,,2023.0,2
Jose Alvarado,24.0,NOP,1.0,61.0,10.0,1310.0,11.8,0.525,0.505,0.164,2.4,9.8,6.1,19.9,2.5,0.7,13.4,19.8,0.1,1.7,1.8,0.066,-2.0,0.7,-1.2,0.3,,2023.0,5
Aaron Wiggins,24.0,OKC,2.0,70.0,14.0,1297.0,12.2,0.607,0.336,0.196,5.5,12.0,8.7,8.3,1.4,1.1,12.2,14.5,1.4,1.2,2.6,0.097,-1.5,-0.5,-2.1,0.0,,2023.0,1
Lonnie Walker IV,24.0,LAL,2.0,56.0,32.0,1297.0,12.2,0.57,0.472,0.201,1.2,7.6,4.5,7.0,1.1,1.1,7.4,20.2,0.8,1.0,1.8,0.066,-0.9,-0.5,-1.4,0.2,,2023.0,1
Sam Hauser,25.0,BOS,3.0,80.0,8.0,1290.0,12.7,0.634,0.846,0.043,3.0,14.1,8.6,7.6,1.1,1.4,6.9,14.7,1.8,1.6,3.4,0.128,0.6,0.4,1.0,1.0,,2023.0,3
Jalen Smith,22.0,IND,5.0,68.0,31.0,1279.0,15.9,0.565,0.376,0.27,11.2,22.9,17.1,7.6,0.8,4.0,11.2,21.0,1.1,1.1,2.3,0.085,-0.9,-1.1,-2.1,0.0,,2023.0,2
David Roddy,21.0,MEM,4.0,70.0,4.0,1258.0,8.8,0.519,0.505,0.155,4.2,12.0,8.1,6.1,1.1,1.4,11.3,16.7,-0.3,1.4,1.1,0.043,-3.2,-0.7,-3.9,-0.6,,2023.0,2
Jaylen Nowell,23.0,MIN,2.0,65.0,2.0,1252.0,13.7,0.527,0.371,0.158,3.3,11.7,7.6,15.9,1.6,0.3,8.9,25.0,0.0,1.2,1.2,0.046,-1.5,-1.0,-2.5,-0.2,,2023.0,5
Naz Reid,23.0,MIN,5.0,68.0,11.0,1251.0,18.5,0.617,0.376,0.22,6.6,22.8,14.9,9.6,1.6,3.7,12.7,24.8,1.1,1.9,3.0,0.114,0.3,0.8,1.0,1.0,,2023.0,4
Trey Lyles,27.0,SAC,4.0,74.0,0.0,1247.0,14.2,0.607,0.588,0.304,6.3,21.1,13.7,7.0,1.0,2.2,12.2,18.1,1.4,1.2,2.6,0.098,0.0,-0.9,-1.0,0.3,,2023.0,1
Jalen Suggs,21.0,ORL,2.0,53.0,19.0,1246.0,12.5,0.528,0.455,0.268,5.0,9.6,7.3,18.0,2.6,2.1,15.9,20.3,-0.2,1.5,1.4,0.053,-1.8,0.8,-1.0,0.3,,2023.0,2
Kevin Love,34.0,2TM,4.0,62.0,20.0,1240.0,13.1,0.548,0.698,0.215,5.5,32.6,18.9,13.2,0.6,0.9,13.1,19.2,0.6,2.0,2.6,0.099,0.2,0.4,0.6,0.8,,2023.0,1
Cory Joseph,31.0,DET,1.0,62.0,2.0,1227.0,12.1,0.558,0.513,0.205,1.8,7.9,4.8,25.4,1.3,0.6,12.8,15.2,1.5,0.3,1.8,0.07,-0.7,-0.8,-1.5,0.2,,2023.0,5
Delon Wright,30.0,WAS,1.0,50.0,14.0,1221.0,16.3,0.581,0.409,0.206,5.5,10.7,8.2,20.9,3.7,1.2,12.2,12.9,2.1,1.6,3.7,0.146,0.4,3.1,3.4,1.7,,2023.0,5
Nick Richards,25.0,CHO,5.0,65.0,9.0,1217.0,18.3,0.676,0.003,0.585,12.6,24.0,18.2,4.5,0.4,5.1,13.0,15.6,2.7,1.5,4.2,0.165,-1.0,-0.2,-1.3,0.2,,2023.0,4
Seth Curry,32.0,BRK,2.0,61.0,7.0,1211.0,12.3,0.593,0.517,0.122,1.2,7.9,4.6,11.9,1.5,0.5,9.7,19.2,0.9,0.9,1.8,0.07,-1.2,-0.9,-2.1,0.0,,2023.0,1
Ochai Agbaji,22.0,UTA,2.0,59.0,22.0,1209.0,9.5,0.561,0.591,0.179,3.9,6.9,5.4,7.5,0.6,1.0,9.0,15.8,0.9,0.4,1.3,0.053,-1.7,-1.4,-3.0,-0.3,,2023.0,2
Kenrich Williams,28.0,OKC,4.0,53.0,10.0,1206.0,14.4,0.585,0.387,0.113,8.5,14.9,11.6,11.7,1.8,1.1,8.1,13.7,2.0,1.3,3.3,0.133,0.1,0.4,0.5,0.8,,2023.0,1
Matisse Thybulle,25.0,2TM,3.0,71.0,28.0,1200.0,10.5,0.552,0.585,0.111,3.9,9.7,6.8,5.9,3.4,2.4,8.3,10.6,0.6,1.5,2.1,0.086,-2.7,2.2,-0.5,0.4,,2023.0,5
Matisse Thybulle,25.0,PHI,3.0,49.0,6.0,591.0,10.0,0.536,0.543,0.103,4.1,8.5,6.3,5.1,3.8,2.2,6.2,9.8,0.3,0.9,1.3,0.102,-3.2,3.3,0.1,0.3,,2023.0,5
Isaiah Livers,24.0,DET,4.0,52.0,22.0,1199.0,8.4,0.567,0.705,0.135,2.5,11.0,6.6,4.8,1.1,2.1,9.0,11.9,0.5,0.5,1.0,0.041,-2.1,-0.3,-2.4,-0.1,,2023.0,1
Cameron Johnson,26.0,2TM,4.0,42.0,41.0,1199.0,17.1,0.617,0.538,0.253,3.2,14.0,8.6,9.6,2.0,1.0,6.6,20.6,2.1,1.4,3.5,0.142,2.0,0.6,2.6,1.4,,2023.0,3
Anthony Lamb,25.0,GSW,3.0,62.0,4.0,1195.0,10.9,0.61,0.634,0.191,5.3,14.4,9.9,10.5,1.1,1.5,13.7,13.8,1.2,1.2,2.4,0.096,-1.6,0.4,-1.1,0.3,,2023.0,1
Taurean Prince,28.0,MIN,4.0,54.0,4.0,1192.0,10.0,0.597,0.512,0.203,1.4,10.8,6.2,9.6,1.1,1.1,14.3,17.3,0.3,1.0,1.3,0.052,-2.6,-0.6,-3.3,-0.4,,2023.0,1
Jordan Nwora,24.0,2TM,3.0,62.0,14.0,1188.0,12.2,0.561,0.474,0.193,4.7,15.8,10.4,10.5,1.0,1.0,12.0,19.4,0.5,1.0,1.5,0.06,-0.8,-1.3,-2.1,0.0,,2023.0,1
Gary Harris,28.0,ORL,2.0,48.0,42.0,1184.0,10.5,0.62,0.71,0.098,2.0,7.4,4.7,6.9,1.8,1.0,8.0,12.6,1.3,1.1,2.3,0.095,-1.4,0.7,-0.7,0.4,,2023.0,1
Tre Mann,21.0,OKC,1.0,67.0,5.0,1183.0,10.0,0.492,0.513,0.11,2.4,11.8,7.0,14.0,1.6,0.9,10.6,20.7,-0.6,1.1,0.5,0.021,-3.0,-1.0,-3.9,-0.6,,2023.0,2
Trendon Watford,22.0,POR,4.0,62.0,12.0,1182.0,13.6,0.625,0.198,0.31,4.1,19.2,11.6,16.0,1.3,0.9,16.2,16.1,1.3,0.7,2.1,0.084,-1.4,-0.4,-1.8,0.1,,2023.0,2
Christian Braun,21.0,DEN,2.0,76.0,6.0,1181.0,10.3,0.568,0.332,0.221,4.8,12.6,8.8,6.4,1.7,1.3,9.9,13.0,0.7,1.2,1.9,0.079,-2.5,0.1,-2.4,-0.1,,2023.0,2
Xavier Tillman Sr.,24.0,MEM,5.0,61.0,29.0,1180.0,17.3,0.621,0.049,0.291,10.9,16.7,13.8,10.9,2.3,2.2,11.3,13.7,2.3,1.9,4.2,0.171,0.3,1.7,1.9,1.2,,2023.0,4
Collin Sexton,24.0,UTA,1.0,48.0,15.0,1145.0,15.9,0.616,0.261,0.425,3.5,6.3,5.0,17.9,1.1,0.4,13.3,23.4,2.0,0.5,2.5,0.105,0.1,-1.5,-1.3,0.2,,2023.0,3
Precious Achiuwa,23.0,TOR,5.0,55.0,12.0,1140.0,15.2,0.554,0.267,0.307,9.3,24.4,16.3,6.3,1.3,2.6,11.4,19.4,0.8,1.4,2.2,0.093,-1.4,-0.8,-2.3,-0.1,,2023.0,4
Steven Adams,29.0,MEM,5.0,42.0,42.0,1133.0,17.5,0.564,0.004,0.49,20.1,25.3,22.7,11.2,1.5,3.7,19.8,14.6,1.3,2.1,3.4,0.144,-0.3,0.9,0.6,0.7,,2023.0,4
Alec Burks,31.0,DET,2.0,51.0,8.0,1122.0,16.5,0.602,0.521,0.41,1.8,14.2,7.8,15.9,1.6,0.6,9.7,22.8,1.9,0.6,2.5,0.109,1.8,-0.5,1.2,0.9,,2023.0,3
Lamar Stevens,25.0,CLE,3.0,62.0,25.0,1120.0,9.5,0.524,0.33,0.198,5.0,16.7,10.9,4.0,1.2,1.6,7.9,13.6,0.3,1.6,1.9,0.08,-3.0,0.2,-2.8,-0.2,,2023.0,1
Moritz Wagner,25.0,ORL,5.0,57.0,18.0,1109.0,17.4,0.63,0.412,0.46,7.0,19.4,13.2,11.5,1.6,1.1,12.5,21.1,2.1,1.3,3.4,0.149,0.4,0.2,0.6,0.7,,2023.0,4
Jordan Goodwin,24.0,WAS,1.0,62.0,7.0,1106.0,14.8,0.531,0.334,0.195,6.0,14.3,10.3,20.8,2.6,2.0,12.9,17.3,0.9,1.3,2.2,0.097,-0.7,1.4,0.7,0.8,,2023.0,5
Victor Oladipo,30.0,MIA,2.0,42.0,2.0,1106.0,10.6,0.513,0.526,0.196,1.6,12.3,6.8,19.8,2.6,1.1,16.6,21.1,-0.9,1.5,0.6,0.024,-2.9,0.8,-2.1,0.0,,2023.0,5
Ben Simmons,26.0,BRK,1.0,42.0,33.0,1105.0,13.4,0.559,0.009,0.243,4.2,22.2,13.4,31.3,2.4,1.9,27.2,14.3,0.5,1.7,2.2,0.097,-2.2,2.6,0.4,0.7,,2023.0,5
Jeff Green,36.0,DEN,4.0,56.0,4.0,1091.0,11.0,0.576,0.317,0.357,4.1,10.9,7.6,8.3,0.8,1.4,10.8,17.0,0.8,0.8,1.7,0.074,-2.4,-1.0,-3.4,-0.4,,2023.0,1
Brandon Clarke,26.0,MEM,4.0,56.0,8.0,1090.0,20.0,0.682,0.017,0.393,9.0,21.2,15.1,9.5,1.5,3.1,11.8,17.7,2.7,1.8,4.5,0.199,0.8,1.8,2.5,1.3,,2023.0,4
Bones Hyland,22.0,2TM,1.0,56.0,1.0,1085.0,14.9,0.535,0.552,0.179,2.1,11.8,7.1,23.4,1.8,1.2,11.7,28.0,0.3,1.1,1.4,0.062,0.4,-1.2,-0.8,0.3,,2023.0,2
Bones Hyland,22.0,DEN,1.0,42.0,1.0,820.0,14.5,0.54,0.555,0.189,1.4,10.4,6.0,22.0,1.7,1.4,12.5,28.5,0.1,0.8,0.9,0.051,0.6,-1.4,-0.8,0.3,,2023.0,2
Oshae Brissett,24.0,IND,4.0,65.0,2.0,1083.0,10.6,0.52,0.486,0.455,6.4,16.0,11.2,5.4,1.4,1.0,8.2,16.1,0.4,0.7,1.1,0.05,-2.0,-1.2,-3.2,-0.3,,2023.0,1
Thomas Bryant,25.0,2TM,5.0,59.0,26.0,1081.0,19.7,0.682,0.16,0.341,8.9,24.6,17.0,4.3,0.7,2.4,8.2,18.2,2.7,1.4,4.1,0.183,1.1,-0.5,0.6,0.7,,2023.0,4
Obi Toppin,24.0,NYK,4.0,67.0,5.0,1050.0,13.6,0.565,0.589,0.112,3.0,16.6,9.8,9.2,1.1,1.1,8.0,19.5,1.1,1.0,2.1,0.095,0.3,-0.8,-0.5,0.4,,2023.0,1
Joe Ingles,35.0,MIL,3.0,46.0,0.0,1044.0,10.7,0.616,0.819,0.085,1.4,11.1,6.4,18.4,1.5,0.5,17.6,12.6,1.1,1.2,2.3,0.107,-1.6,0.8,-0.7,0.3,,2023.0,1
Jalen Johnson,21.0,ATL,3.0,70.0,6.0,1042.0,14.1,0.554,0.323,0.242,5.3,24.6,14.8,10.4,1.7,2.8,10.3,16.0,0.8,1.3,2.1,0.099,-1.2,1.5,0.3,0.6,,2023.0,2
Isaiah Jackson,21.0,IND,5.0,63.0,12.0,1042.0,17.5,0.595,0.044,0.459,12.1,18.0,15.0,7.0,1.4,7.7,11.8,17.4,1.5,1.2,2.7,0.124,-1.7,0.9,-0.8,0.3,,2023.0,4
Dyson Daniels,19.0,NOP,1.0,59.0,11.0,1042.0,8.8,0.503,0.413,0.192,3.9,16.5,10.2,16.4,2.0,1.0,20.2,11.6,-0.1,1.4,1.3,0.061,-3.4,1.6,-1.8,0.0,,2023.0,2
Wenyen Gabriel,25.0,LAL,5.0,68.0,2.0,1024.0,14.4,0.626,0.138,0.323,12.6,17.2,15.0,4.8,1.2,2.9,13.4,14.1,1.5,1.3,2.8,0.132,-2.3,0.1,-2.2,-0.1,,2023.0,4
Austin Rivers,30.0,MIN,2.0,52.0,10.0,1016.0,7.4,0.564,0.589,0.187,0.6,8.4,4.6,9.3,1.3,0.3,9.2,10.5,0.5,0.8,1.3,0.061,-3.3,0.5,-2.8,-0.2,,2023.0,1
Hamidou Diallo,24.0,DET,3.0,56.0,0.0,996.0,15.7,0.593,0.056,0.395,6.2,15.7,10.8,9.2,2.6,1.4,13.9,21.8,0.4,0.9,1.3,0.063,-1.8,0.4,-1.4,0.1,,2023.0,4
Will Barton,32.0,2TM,2.0,56.0,2.0,993.0,10.0,0.493,0.495,0.129,1.7,13.5,7.7,15.4,1.4,1.1,11.1,18.9,-0.4,0.8,0.4,0.021,-2.0,-0.6,-2.6,-0.2,,2023.0,1
Marvin Bagley III,23.0,DET,5.0,42.0,25.0,990.0,17.2,0.587,0.173,0.283,10.2,20.2,15.1,5.9,0.9,2.7,9.7,20.4,1.3,0.7,2.0,0.095,0.3,-1.2,-0.9,0.3,,2023.0,4
Jock Landale,27.0,PHO,5.0,69.0,4.0,979.0,16.4,0.595,0.249,0.312,13.2,18.6,15.8,10.1,0.8,2.7,13.3,19.3,1.5,1.2,2.7,0.132,-0.7,-0.4,-1.1,0.2,,2023.0,4
Nassir Little,22.0,POR,3.0,54.0,4.0,976.0,10.2,0.555,0.521,0.152,3.2,13.5,8.3,7.3,1.0,1.8,10.0,16.0,0.2,0.4,0.7,0.032,-1.6,-1.4,-3.0,-0.3,,2023.0,2
Usman Garuba,20.0,HOU,5.0,75.0,1.0,970.0,12.9,0.569,0.333,0.266,13.4,21.4,17.4,8.8,2.2,2.9,19.2,10.5,0.9,0.9,1.8,0.091,-2.0,0.6,-1.4,0.2,,2023.0,2
JT Thor,20.0,CHO,4.0,69.0,8.0,969.0,7.0,0.506,0.517,0.197,3.9,13.0,8.4,4.9,1.1,2.1,14.5,13.1,-0.6,0.8,0.2,0.009,-4.3,-0.4,-4.7,-0.7,,2023.0,2
Haywood Highsmith,26.0,MIA,4.0,54.0,11.0,969.0,8.5,0.517,0.505,0.13,6.7,16.4,11.4,6.2,1.9,1.8,16.5,12.5,-0.3,1.3,0.9,0.046,-3.7,0.7,-3.1,-0.3,,2023.0,1
Cameron Payne,28.0,PHO,1.0,48.0,15.0,968.0,13.2,0.512,0.408,0.141,1.3,11.0,6.1,32.6,1.7,0.7,14.4,24.8,0.0,1.0,1.1,0.053,-0.5,-0.7,-1.2,0.2,,2023.0,5
Kendrick Nunn,27.0,2TM,2.0,70.0,2.0,964.0,11.1,0.53,0.496,0.091,1.8,10.3,6.2,13.8,1.4,0.6,12.4,23.7,-0.6,0.8,0.2,0.008,-2.0,-1.5,-3.5,-0.4,,2023.0,1
Kevin Knox,23.0,2TM,3.0,63.0,5.0,952.0,11.1,0.579,0.56,0.181,3.9,17.3,10.5,5.2,1.2,1.1,12.2,18.4,0.2,0.5,0.7,0.034,-2.1,-1.4,-3.5,-0.4,,2023.0,1
Kevin Knox,23.0,DET,3.0,42.0,1.0,593.0,10.3,0.612,0.648,0.184,3.6,17.0,10.1,3.7,1.1,1.8,14.2,16.2,0.2,0.3,0.5,0.043,-2.1,-0.6,-2.8,-0.1,,2023.0,1
Cam Thomas,21.0,BRK,2.0,57.0,4.0,948.0,14.7,0.567,0.292,0.382,1.0,10.1,5.6,12.7,1.0,0.6,10.6,27.8,0.3,0.7,1.0,0.049,-0.7,-2.0,-2.7,-0.2,,2023.0,2
Mike Muscala,31.0,2TM,5.0,63.0,9.0,945.0,13.0,0.608,0.709,0.178,4.2,19.1,11.6,7.1,0.8,2.3,6.8,15.1,1.4,1.1,2.5,0.128,-0.3,-0.1,-0.4,0.4,,2023.0,1
Mike Muscala,31.0,OKC,5.0,43.0,5.0,622.0,13.8,0.602,0.7,0.192,3.9,19.7,11.6,8.2,0.8,2.8,6.0,15.7,1.0,0.7,1.7,0.134,0.3,-0.1,0.1,0.3,,2023.0,1
Yuta Watanabe,28.0,BRK,3.0,58.0,1.0,928.0,12.1,0.637,0.582,0.203,3.7,13.1,8.5,7.0,1.3,1.6,8.0,13.1,1.3,0.9,2.1,0.111,-0.4,-0.2,-0.6,0.3,,2023.0,1
Ish Wainright,28.0,PHO,3.0,60.0,2.0,915.0,9.2,0.522,0.762,0.137,5.3,11.6,8.4,7.4,2.0,2.2,8.4,12.2,0.5,1.2,1.7,0.089,-2.7,1.5,-1.2,0.2,,2023.0,1
Daishen Nix,20.0,HOU,1.0,57.0,7.0,914.0,5.3,0.447,0.591,0.152,2.1,9.7,5.9,19.2,1.6,0.7,25.4,15.4,-1.5,0.3,-1.2,-0.062,-5.0,-1.5,-6.5,-1.0,,2023.0,2
Jaylin Williams,20.0,OKC,5.0,49.0,36.0,914.0,11.2,0.559,0.483,0.231,5.1,23.6,14.1,10.7,1.5,1.2,12.6,13.5,0.7,1.2,1.9,0.099,-2.3,0.6,-1.7,0.1,,2023.0,2
Chris Duarte,25.0,IND,3.0,46.0,12.0,897.0,8.6,0.496,0.523,0.216,2.4,11.9,7.1,9.7,1.3,0.9,10.1,19.0,-0.5,0.4,0.0,-0.003,-2.9,-1.6,-4.5,-0.6,,2023.0,1
Derrick Jones Jr.,25.0,CHI,4.0,64.0,0.0,893.0,13.8,0.597,0.348,0.365,7.7,11.6,9.7,5.1,1.6,4.0,8.6,14.5,1.2,1.2,2.4,0.131,-1.2,0.8,-0.4,0.3,,2023.0,4
Dean Wade,26.0,CLE,4.0,44.0,13.0,891.0,8.5,0.55,0.718,0.13,2.6,17.2,9.9,5.4,1.6,2.2,8.3,10.2,0.4,1.4,1.8,0.097,-2.9,2.1,-0.7,0.3,,2023.0,1
Vlatko Čančar,25.0,DEN,4.0,60.0,9.0,889.0,11.0,0.606,0.507,0.181,3.2,13.1,8.3,11.5,1.2,1.4,13.1,13.8,0.9,0.8,1.7,0.093,-1.7,-0.1,-1.8,0.0,,2023.0,1
Nickeil Alexander-Walker,24.0,2TM,2.0,59.0,3.0,884.0,11.6,0.565,0.539,0.203,1.9,10.5,6.3,16.7,1.7,2.0,14.6,17.9,0.3,0.8,1.1,0.062,-1.4,0.4,-0.9,0.2,,2023.0,1
Bismack Biyombo,30.0,PHO,5.0,61.0,14.0,874.0,14.4,0.555,0.0,0.34,11.0,22.1,16.5,8.7,1.0,9.0,17.7,14.0,0.2,1.6,1.9,0.102,-3.4,2.5,-0.9,0.2,,2023.0,4
Goran Dragić,36.0,2TM,1.0,58.0,0.0,870.0,10.3,0.514,0.433,0.134,2.1,8.2,5.2,24.3,0.7,0.4,15.1,21.1,-0.3,0.7,0.4,0.025,-2.1,-1.8,-3.9,-0.4,,2023.0,5
Goran Dragić,36.0,CHI,1.0,51.0,0.0,787.0,10.2,0.514,0.428,0.137,1.9,7.9,5.0,24.7,0.7,0.5,15.0,21.0,-0.2,0.6,0.4,0.023,-2.1,-1.6,-3.7,-0.3,,2023.0,5
James Wiseman,21.0,2TM,5.0,45.0,22.0,867.0,15.6,0.589,0.059,0.286,9.2,25.2,17.0,5.5,0.4,2.7,11.8,21.2,0.7,0.7,1.4,0.077,-2.1,-1.4,-3.5,-0.3,,2023.0,2
Théo Maledon,21.0,CHO,1.0,44.0,7.0,854.0,11.6,0.515,0.374,0.291,1.7,13.9,7.7,24.2,2.1,1.2,17.1,17.0,0.0,0.9,0.8,0.047,-3.0,0.5,-2.5,-0.1,,2023.0,2
Andre Drummond,29.0,CHI,5.0,67.0,0.0,849.0,20.8,0.606,0.011,0.456,18.7,40.2,29.6,5.7,2.6,3.1,18.6,21.0,0.8,2.0,2.8,0.159,-1.2,0.5,-0.8,0.3,,2023.0,4
Aaron Holiday,26.0,ATL,1.0,63.0,6.0,845.0,9.4,0.528,0.4,0.145,3.2,6.4,4.8,13.0,2.1,1.2,13.3,13.4,0.3,0.6,0.9,0.053,-2.9,0.9,-2.0,0.0,,2023.0,5
Romeo Langford,23.0,SAS,2.0,43.0,21.0,844.0,10.4,0.524,0.236,0.216,7.1,7.7,7.4,7.9,1.3,1.3,9.6,15.4,0.3,0.2,0.5,0.029,-2.6,-1.5,-4.2,-0.5,,2023.0,1
Terence Davis,25.0,SAC,2.0,64.0,5.0,841.0,12.9,0.563,0.668,0.118,2.7,16.1,9.4,11.1,2.4,1.2,12.2,22.2,0.0,0.9,0.9,0.054,-1.3,-0.3,-1.5,0.1,,2023.0,1
George Hill,36.0,2TM,2.0,46.0,1.0,834.0,10.6,0.61,0.572,0.331,2.0,8.6,5.4,16.7,1.5,0.6,15.2,11.3,1.1,0.8,1.9,0.107,-2.4,0.9,-1.5,0.1,,2023.0,1
Mark Williams,21.0,CHO,5.0,43.0,17.0,828.0,19.8,0.659,0.0,0.386,11.7,27.7,19.6,3.3,1.6,4.7,12.0,17.0,1.5,1.3,2.8,0.163,-0.5,0.6,0.1,0.4,,2023.0,2
Wesley Matthews,36.0,MIL,3.0,52.0,0.0,820.0,7.0,0.519,0.775,0.175,4.5,9.7,7.2,5.1,1.2,1.3,9.5,9.8,0.3,0.9,1.2,0.073,-3.4,0.8,-2.7,-0.1,,2023.0,1
Moses Moody,20.0,GSW,2.0,63.0,3.0,817.0,10.3,0.603,0.595,0.233,3.8,10.2,7.1,8.2,1.0,0.8,12.0,14.6,0.7,0.6,1.3,0.076,-1.7,-0.9,-2.6,-0.1,,2023.0,2
Rudy Gay,36.0,UTA,4.0,56.0,0.0,816.0,9.0,0.475,0.453,0.171,4.4,17.0,10.8,9.4,1.1,1.9,10.7,17.7,-0.4,0.7,0.3,0.018,-3.6,-0.4,-4.0,-0.4,,2023.0,1
Ty Jerome,25.0,GSW,2.0,45.0,2.0,816.0,12.8,0.594,0.372,0.169,1.0,9.4,5.3,22.1,1.3,0.5,10.3,14.9,1.4,0.7,2.1,0.124,-1.1,0.3,-0.8,0.3,,2023.0,1
Jeremiah Robinson-Earl,22.0,OKC,4.0,43.0,20.0,814.0,13.0,0.548,0.448,0.169,9.2,14.7,11.9,7.0,1.4,1.2,6.7,14.6,1.1,0.8,1.9,0.111,-0.8,-0.7,-1.5,0.1,,2023.0,2
Jericho Sims,24.0,NYK,5.0,52.0,16.0,812.0,13.8,0.78,0.009,0.15,13.3,19.4,16.4,4.0,0.9,3.2,19.1,7.4,1.6,0.9,2.6,0.153,-1.0,0.5,-0.5,0.3,,2023.0,4
Caleb Houstan,20.0,ORL,3.0,51.0,4.0,812.0,6.2,0.508,0.747,0.099,4.7,9.1,6.9,4.9,0.7,0.8,8.7,11.0,0.1,0.5,0.7,0.039,-3.1,-0.9,-4.0,-0.4,,2023.0,2
Danuel House Jr.,29.0,PHI,3.0,56.0,5.0,807.0,9.4,0.6,0.558,0.305,1.3,12.2,6.9,7.5,0.9,1.0,10.4,13.8,0.6,0.7,1.3,0.075,-2.5,-0.5,-3.0,-0.2,,2023.0,1
Dario Šarić,28.0,2TM,5.0,57.0,12.0,806.0,13.5,0.583,0.415,0.274,7.1,21.4,14.1,12.7,1.2,0.8,15.1,19.2,0.7,1.0,1.7,0.099,-1.5,0.1,-1.4,0.1,,2023.0,1
Luke Kornet,27.0,BOS,5.0,69.0,0.0,804.0,16.7,0.697,0.076,0.229,11.9,14.8,13.4,9.1,0.7,4.9,11.8,11.5,2.1,1.2,3.3,0.198,-0.4,1.3,1.0,0.6,,2023.0,4
Christian Koloko,22.0,TOR,5.0,58.0,19.0,802.0,11.4,0.517,0.08,0.393,11.1,13.3,12.1,5.0,1.3,6.9,10.2,10.4,0.7,1.0,1.7,0.104,-4.3,0.8,-3.5,-0.3,,2023.0,4
JaMychal Green,32.0,GSW,4.0,57.0,1.0,797.0,15.5,0.65,0.44,0.266,10.1,18.0,14.1,8.9,1.5,2.5,15.6,17.5,1.2,1.0,2.2,0.133,-0.7,0.2,-0.5,0.3,,2023.0,4
Thaddeus Young,34.0,TOR,4.0,54.0,9.0,795.0,14.1,0.573,0.172,0.131,9.4,14.6,11.8,12.9,3.4,0.6,16.7,13.5,0.7,1.1,1.8,0.109,-1.8,1.9,0.1,0.4,,2023.0,5
Bryce McGowens,20.0,CHO,2.0,46.0,7.0,787.0,7.2,0.519,0.396,0.396,2.7,10.1,6.3,9.1,0.9,0.7,15.3,15.0,-0.4,0.4,0.1,0.005,-4.6,-1.4,-6.0,-0.8,,2023.0,2
Josh Christopher,21.0,HOU,2.0,64.0,2.0,786.0,11.5,0.523,0.271,0.182,2.8,7.2,5.0,14.3,2.0,1.9,14.4,21.9,-0.3,0.3,0.0,-0.001,-3.0,-1.4,-4.3,-0.5,,2023.0,2
Robert Covington,32.0,LAC,4.0,48.0,0.0,779.0,14.2,0.584,0.594,0.175,4.5,19.2,11.9,10.2,2.4,3.7,11.5,15.6,0.7,1.2,1.9,0.117,-0.5,2.1,1.7,0.7,,2023.0,5
Mo Bamba,24.0,2TM,5.0,49.0,7.0,769.0,15.7,0.602,0.515,0.257,8.5,24.2,16.4,8.7,0.8,5.3,10.1,16.6,1.1,1.1,2.2,0.139,-0.2,0.7,0.5,0.5,,2023.0,4
Simone Fontecchio,27.0,UTA,3.0,52.0,6.0,766.0,8.0,0.495,0.612,0.141,4.4,7.7,6.1,7.5,0.9,0.9,10.5,20.2,-0.4,0.3,-0.1,-0.004,-3.0,-2.1,-5.2,-0.6,,2023.0,1
Miles McBride,22.0,NYK,1.0,64.0,2.0,760.0,8.4,0.475,0.623,0.195,1.9,5.4,3.6,12.4,2.4,1.0,9.7,14.6,0.0,0.7,0.7,0.047,-3.6,1.4,-2.3,-0.1,,2023.0,2
Paul Reed,23.0,PHI,5.0,69.0,2.0,755.0,19.2,0.62,0.029,0.244,17.8,23.1,20.5,5.3,3.0,6.3,16.3,16.4,1.2,1.6,2.8,0.18,-1.6,1.5,-0.1,0.4,,2023.0,4
R.J. Hampton,21.0,2TM,2.0,47.0,3.0,750.0,10.8,0.558,0.489,0.321,2.6,10.5,6.5,10.4,1.7,1.1,13.4,17.8,0.1,0.5,0.7,0.042,-2.3,-0.6,-2.9,-0.2,,2023.0,2
Edmond Sumner,27.0,BRK,2.0,53.0,12.0,736.0,14.0,0.597,0.323,0.401,2.0,9.9,6.0,13.3,2.1,1.2,13.6,22.1,0.6,0.7,1.3,0.086,-2.4,-0.2,-2.6,-0.1,,2023.0,5
Zeke Nnaji,22.0,DEN,4.0,53.0,5.0,728.0,12.5,0.62,0.332,0.316,10.5,11.2,10.9,3.3,1.1,2.8,12.2,15.2,0.9,0.7,1.6,0.106,-2.7,-0.9,-3.7,-0.3,,2023.0,2
Jaden Hardy,20.0,DAL,2.0,48.0,5.0,708.0,14.6,0.571,0.468,0.237,1.8,13.0,7.3,14.9,1.2,0.9,11.1,26.4,0.2,0.5,0.7,0.048,-0.4,-1.9,-2.3,0.0,,2023.0,2
Justin Holiday,33.0,2TM,3.0,46.0,2.0,706.0,6.6,0.494,0.701,0.039,0.8,8.1,4.4,7.5,1.3,2.3,9.6,14.1,-0.4,0.5,0.1,0.008,-3.7,-0.1,-3.9,-0.3,,2023.0,1
MarJon Beauchamp,22.0,MIL,3.0,52.0,11.0,701.0,8.2,0.513,0.584,0.152,5.9,11.0,8.5,6.7,1.4,0.8,14.8,18.3,-0.4,0.8,0.4,0.027,-4.1,-0.6,-4.8,-0.5,,2023.0,2
Juan Toscano-Anderson,29.0,2TM,3.0,52.0,9.0,700.0,7.2,0.505,0.301,0.168,4.4,14.4,9.5,11.8,1.1,1.2,18.1,11.3,-0.1,0.6,0.5,0.038,-4.6,0.8,-3.8,-0.3,,2023.0,5
Malachi Flynn,24.0,TOR,1.0,53.0,2.0,691.0,8.7,0.479,0.55,0.136,2.3,10.8,6.2,13.7,1.5,0.6,8.9,17.4,0.0,0.5,0.5,0.034,-3.3,-0.8,-4.1,-0.4,,2023.0,1
Duncan Robinson,28.0,MIA,3.0,42.0,1.0,691.0,7.8,0.534,0.81,0.135,1.3,10.7,5.9,9.7,1.0,0.0,10.0,17.9,-0.1,0.6,0.5,0.035,-3.5,-1.5,-5.0,-0.5,,2023.0,1
Chimezie Metu,25.0,SAC,4.0,66.0,0.0,689.0,17.3,0.639,0.174,0.333,7.8,24.9,16.4,8.1,1.5,2.7,11.3,17.6,1.2,0.8,2.1,0.143,-0.3,0.2,-0.1,0.3,,2023.0,4
T.J. Warren,29.0,2TM,4.0,42.0,0.0,687.0,13.5,0.55,0.248,0.13,4.2,15.4,9.8,8.7,1.6,1.5,6.5,19.5,0.4,0.8,1.2,0.081,-1.7,-0.2,-2.0,0.0,,2023.0,1
Garrison Mathews,26.0,2TM,2.0,54.0,0.0,686.0,9.7,0.573,0.896,0.264,1.7,10.0,5.8,5.1,1.7,0.7,7.8,14.7,0.7,0.3,1.0,0.067,-2.0,-0.4,-2.4,-0.1,,2023.0,1
Garrison Mathews,26.0,HOU,2.0,45.0,0.0,602.0,9.1,0.564,0.912,0.265,1.8,9.6,5.7,5.1,1.9,0.6,8.7,14.3,0.5,0.2,0.7,0.058,-2.3,-0.2,-2.5,-0.1,,2023.0,1
Montrezl Harrell,29.0,PHI,5.0,57.0,7.0,681.0,17.6,0.631,0.029,0.483,11.8,15.7,13.8,7.4,1.2,3.4,12.1,18.9,1.3,0.8,2.2,0.153,-0.9,-0.4,-1.3,0.1,,2023.0,4
Jordan McLaughlin,26.0,MIN,1.0,43.0,0.0,678.0,11.8,0.526,0.538,0.124,2.5,7.6,5.1,27.4,2.2,0.5,17.7,11.7,0.7,0.6,1.3,0.094,-1.3,0.6,-0.7,0.2,,2023.0,5
Sandro Mamukelashvili,23.0,2TM,5.0,43.0,7.0,660.0,13.4,0.516,0.43,0.248,11.2,19.0,15.1,12.8,1.0,1.5,12.1,18.2,0.4,0.5,0.9,0.063,-1.1,-1.3,-2.4,-0.1,,2023.0,1
Payton Pritchard,25.0,BOS,1.0,48.0,3.0,643.0,10.3,0.536,0.629,0.065,4.3,10.5,7.5,14.0,1.1,0.1,13.7,19.8,-0.1,0.7,0.6,0.045,-2.1,-1.2,-3.4,-0.2,,2023.0,1
Amir Coffey,25.0,LAC,3.0,50.0,9.0,625.0,7.0,0.498,0.276,0.434,3.1,6.4,4.7,11.2,0.5,0.7,10.8,13.5,0.1,0.3,0.4,0.033,-4.3,-0.7,-5.0,-0.5,,2023.0,1
Anthony Gill,30.0,WAS,4.0,59.0,8.0,624.0,11.1,0.604,0.22,0.508,6.9,10.6,8.8,7.2,0.5,1.6,8.5,12.3,1.0,0.4,1.3,0.101,-2.4,-0.9,-3.3,-0.2,,2023.0,4
Jabari Walker,20.0,POR,3.0,56.0,0.0,619.0,9.6,0.496,0.283,0.227,8.8,15.5,12.2,7.8,0.8,1.9,11.8,17.3,-0.1,0.3,0.2,0.015,-3.9,-2.1,-6.1,-0.6,,2023.0,2
Darius Bazley,22.0,2TM,5.0,43.0,1.0,616.0,13.1,0.524,0.29,0.383,5.8,18.5,12.1,8.3,1.7,5.1,11.2,16.4,0.1,0.9,1.0,0.078,-2.0,1.0,-1.0,0.2,,2023.0,4
Juancho Hernangómez,27.0,TOR,4.0,42.0,10.0,614.0,7.6,0.504,0.588,0.14,4.6,19.1,11.3,5.2,1.3,0.9,11.0,9.4,0.1,0.6,0.7,0.053,-3.5,0.2,-3.3,-0.2,,2023.0,1
Jaxson Hayes,22.0,NOP,5.0,47.0,2.0,610.0,13.7,0.605,0.186,0.532,7.3,17.3,12.3,7.7,1.6,3.0,13.9,15.7,0.6,0.9,1.5,0.118,-2.2,1.0,-1.2,0.1,,2023.0,2
Frank Ntilikina,24.0,DAL,2.0,47.0,5.0,607.0,5.2,0.461,0.508,0.25,1.3,10.7,5.9,12.8,1.3,1.0,16.5,13.1,-0.5,0.4,-0.1,-0.01,-6.1,-0.7,-6.7,-0.7,,2023.0,5
Day'Ron Sharpe,21.0,BRK,5.0,48.0,3.0,552.0,17.8,0.581,0.064,0.322,20.6,20.1,20.4,9.7,1.3,5.0,17.7,19.0,0.8,0.8,1.6,0.139,-1.8,-0.6,-2.3,0.0,,2023.0,2
Kai Jones,22.0,CHO,5.0,46.0,0.0,550.0,10.8,0.597,0.158,0.217,7.0,17.0,11.9,3.7,1.5,4.7,19.1,12.4,0.0,0.7,0.7,0.062,-4.8,0.8,-4.0,-0.3,,2023.0,2
Raul Neto,30.0,CLE,1.0,48.0,1.0,505.0,12.6,0.628,0.382,0.309,2.3,8.4,5.4,21.0,1.7,0.7,16.1,13.2,0.8,0.6,1.5,0.142,-1.7,1.5,-0.2,0.2,,2023.0,1
Dāvis Bertāns,30.0,DAL,4.0,45.0,1.0,492.0,11.9,0.618,0.881,0.094,2.3,10.3,6.3,6.2,1.1,1.5,5.7,16.2,0.6,0.3,0.9,0.09,0.0,-1.3,-1.2,0.1,,2023.0,1
Taj Gibson,37.0,WAS,5.0,49.0,2.0,480.0,11.4,0.585,0.192,0.336,7.7,13.6,10.8,9.6,1.5,2.1,15.3,15.3,0.4,0.5,0.8,0.082,-3.6,0.5,-3.2,-0.1,,2023.0,4
Isaiah Roby,24.0,SAS,4.0,42.0,2.0,474.0,9.3,0.497,0.387,0.265,4.7,20.6,12.3,10.7,1.8,1.2,15.2,17.8,-0.4,0.3,-0.1,-0.011,-4.0,-0.6,-4.6,-0.3,,2023.0,4
Ish Smith,34.0,DEN,1.0,43.0,0.0,398.0,6.5,0.407,0.092,0.031,1.5,13.8,7.8,32.5,1.0,1.6,24.9,19.3,-0.8,0.4,-0.5,-0.056,-5.5,-1.1,-6.6,-0.5,,2023.0,5
JaVale McGee,35.0,DAL,5.0,42.0,7.0,355.0,17.2,0.65,0.04,0.328,9.7,25.5,17.5,5.2,0.6,6.5,20.1,22.8,0.1,0.5,0.6,0.076,-3.6,-0.1,-3.7,-0.1,,2023.0,4
Richaun Holmes,29.0,SAC,5.0,42.0,1.0,348.0,12.9,0.668,0.09,0.213,9.6,16.6,13.1,3.5,0.4,2.8,12.6,13.7,0.6,0.3,0.8,0.113,-2.0,-0.9,-2.9,-0.1,,2023.0,4
Davon Reed,27.0,2TM,2.0,43.0,1.0,342.0,6.2,0.471,0.548,0.286,3.4,16.0,9.9,8.2,2.1,1.0,17.5,14.5,-0.4,0.4,0.1,0.008,-5.4,0.0,-5.3,-0.3,,2023.0,5
DeMar DeRozan,34.0,CHI,3.0,79.0,79.0,2989.0,19.7,0.584,0.166,0.452,1.6,11.3,6.4,21.8,1.5,1.5,7.7,25.8,7.0,2.2,9.2,0.147,2.1,-0.3,1.8,2.8,CPOY-2,2024.0,0
Domantas Sabonis,27.0,SAC,5.0,82.0,82.0,2928.0,23.2,0.637,0.081,0.389,11.0,32.3,21.4,33.9,1.2,1.5,17.9,22.2,8.6,4.0,12.6,0.206,4.0,2.4,6.5,6.2,"MVP-8,DPOY-10,NBA3",2024.0,0
Coby White,23.0,CHI,1.0,79.0,78.0,2881.0,14.5,0.57,0.46,0.215,1.7,12.4,6.9,20.8,0.9,0.6,11.1,22.7,3.1,1.6,4.7,0.078,0.7,-1.3,-0.7,0.9,,2024.0,3
Mikal Bridges,27.0,BRK,3.0,82.0,82.0,2854.0,14.9,0.56,0.457,0.245,2.5,12.0,7.1,16.3,1.4,0.9,10.3,24.3,2.1,2.1,4.2,0.07,0.7,-1.0,-0.4,1.2,,2024.0,3
Paolo Banchero,21.0,ORL,4.0,80.0,80.0,2799.0,17.3,0.546,0.249,0.397,3.4,20.0,11.6,25.2,1.3,1.6,13.0,29.7,1.3,4.0,5.3,0.09,1.3,0.0,1.3,2.3,AS,2024.0,2
Kevin Durant,35.0,PHO,4.0,75.0,75.0,2791.0,21.2,0.626,0.283,0.295,1.7,17.5,10.0,22.2,1.2,2.9,13.1,29.0,5.1,3.2,8.3,0.142,4.0,0.1,4.0,4.3,"MVP-9,AS,NBA2",2024.0,0
Dejounte Murray,27.0,ATL,2.0,78.0,78.0,2783.0,17.7,0.555,0.379,0.179,2.3,14.4,8.1,27.9,1.9,0.8,11.3,26.6,3.3,1.6,4.9,0.084,2.3,-0.6,1.7,2.6,,2024.0,0
Anthony Edwards,22.0,MIN,2.0,79.0,78.0,2770.0,19.7,0.575,0.341,0.325,2.2,14.8,8.8,24.6,1.8,1.3,11.9,32.3,2.9,4.7,7.5,0.13,2.7,0.5,3.3,3.7,"MVP-7,CPOY-8,AS,NBA2",2024.0,0
Nikola Jokić,28.0,DEN,5.0,79.0,79.0,2737.0,31.0,0.65,0.164,0.31,9.3,29.6,19.8,42.0,2.0,2.1,12.9,29.3,12.0,5.1,17.0,0.299,9.0,4.2,13.2,10.6,"MVP-1,CPOY-4,AS,NBA1",2024.0,0
Jalen Brunson,27.0,NYK,1.0,77.0,77.0,2726.0,23.4,0.592,0.319,0.302,1.8,9.7,5.7,33.5,1.3,0.4,9.1,32.5,8.8,2.4,11.2,0.198,6.3,-0.4,5.8,5.4,"MVP-5,CPOY-5,AS,NBA2",2024.0,0
Josh Hart,28.0,NYK,3.0,81.0,42.0,2707.0,11.8,0.522,0.38,0.169,5.3,22.8,14.0,16.3,1.4,0.8,13.9,13.5,2.0,3.6,5.7,0.1,-1.3,1.4,0.0,1.4,,2024.0,3
Anthony Davis,30.0,LAL,5.0,76.0,76.0,2700.0,25.8,0.621,0.083,0.402,10.4,28.3,19.8,15.5,1.6,5.7,9.5,26.7,7.2,4.7,11.8,0.21,3.5,1.7,5.1,4.9,"DPOY-4,AS,NBA2,DEF1",2024.0,0
Fred VanVleet,29.0,HOU,1.0,73.0,73.0,2684.0,16.7,0.568,0.576,0.225,1.3,9.9,5.6,31.1,1.8,2.0,10.1,19.7,5.3,3.1,8.4,0.15,2.6,0.8,3.4,3.6,,2024.0,0
De'Aaron Fox,26.0,SAC,1.0,74.0,74.0,2659.0,20.1,0.567,0.374,0.273,2.8,11.8,7.2,25.2,2.7,1.1,10.1,31.0,3.3,3.2,6.5,0.117,2.6,0.1,2.7,3.2,CPOY-12,2024.0,0
Pascal Siakam,29.0,2TM,4.0,80.0,80.0,2657.0,19.7,0.601,0.194,0.312,5.8,18.1,11.9,19.4,1.1,0.8,8.9,25.3,5.4,1.5,6.9,0.124,2.6,-0.7,1.9,2.7,,2024.0,0
Jayson Tatum,25.0,BOS,4.0,74.0,74.0,2645.0,22.3,0.604,0.427,0.349,2.9,20.9,12.3,21.0,1.4,1.4,10.3,30.2,6.4,4.1,10.4,0.189,4.5,0.6,5.1,4.7,"MVP-6,CPOY-9,AS,NBA1",2024.0,0
Austin Reaves,25.0,LAL,2.0,82.0,57.0,2629.0,15.5,0.613,0.447,0.289,2.5,11.9,7.4,23.5,1.2,0.8,14.1,20.3,3.9,2.0,5.9,0.108,0.9,-0.4,0.4,1.6,,2024.0,0
Tyrese Maxey,23.0,PHI,1.0,70.0,70.0,2626.0,19.8,0.573,0.401,0.266,1.5,9.5,5.4,26.7,1.3,1.1,6.8,28.0,5.9,2.1,8.1,0.147,4.1,-1.0,3.1,3.4,"MIP-1,AS",2024.0,0
Luka Dončić,24.0,DAL,1.0,70.0,70.0,2624.0,28.1,0.617,0.45,0.368,2.5,24.4,13.5,44.3,1.8,1.3,12.8,36.0,8.5,3.5,12.0,0.22,8.3,1.7,9.9,8.0,"MVP-3,CPOY-6,AS,NBA1",2024.0,0
Nikola Vučević,33.0,CHI,5.0,76.0,74.0,2610.0,17.7,0.54,0.258,0.107,8.8,25.8,17.1,15.2,1.0,2.4,8.6,23.3,2.7,2.8,5.4,0.1,0.8,-0.7,0.1,1.4,,2024.0,0
Jalen Green,21.0,HOU,2.0,82.0,82.0,2601.0,14.7,0.541,0.454,0.264,1.7,15.9,8.7,17.3,1.2,1.0,11.4,27.4,0.2,2.9,3.1,0.056,0.4,-0.9,-0.5,1.0,,2024.0,2
Rudy Gobert,31.0,MIN,5.0,76.0,76.0,2593.0,19.3,0.675,0.005,0.635,13.1,29.2,21.5,5.6,1.0,5.5,13.1,15.4,5.8,5.8,11.6,0.216,0.1,1.7,1.8,2.5,"DPOY-1,DEF1",2024.0,4
Keegan Murray,23.0,SAC,3.0,77.0,77.0,2588.0,13.3,0.569,0.524,0.127,4.5,13.9,9.1,6.9,1.5,2.1,5.9,18.1,2.6,2.6,5.2,0.096,-0.4,-0.5,-0.9,0.8,,2024.0,3
Miles Bridges,25.0,CHO,3.0,69.0,67.0,2581.0,15.4,0.556,0.372,0.174,3.0,19.5,11.0,14.6,1.2,1.2,9.6,24.7,0.7,1.4,2.2,0.04,0.2,-1.3,-1.1,0.6,,2024.0,0
Damian Lillard,33.0,MIL,1.0,73.0,73.0,2579.0,19.6,0.59,0.487,0.403,1.6,11.8,6.8,28.8,1.3,0.6,11.4,28.4,5.8,1.9,7.7,0.143,3.4,-1.3,2.1,2.7,"CPOY-11,AS",2024.0,0
Giannis Antetokounmpo,29.0,MIL,4.0,73.0,73.0,2567.0,29.9,0.649,0.091,0.571,8.6,27.0,17.9,32.7,1.6,2.6,12.7,33.0,9.5,3.7,13.2,0.246,6.7,2.4,9.0,7.2,"MVP-4,DPOY-9,CPOY-12,AS,NBA1",2024.0,0
Michael Porter Jr.,25.0,DEN,3.0,81.0,81.0,2565.0,15.5,0.601,0.513,0.102,4.7,19.3,12.2,6.7,0.8,1.8,7.5,20.7,3.1,3.1,6.2,0.115,1.2,-1.2,0.1,1.3,,2024.0,3
Shai Gilgeous-Alexander,25.0,OKC,1.0,75.0,75.0,2553.0,29.3,0.636,0.181,0.436,3.0,14.7,9.1,29.8,2.8,2.4,8.4,32.8,10.5,4.2,14.6,0.275,6.7,2.3,9.0,7.1,"MVP-2,DPOY-7,CPOY-3,AS,NBA1",2024.0,0
Grayson Allen,28.0,PHO,2.0,75.0,74.0,2513.0,13.8,0.679,0.652,0.216,2.3,10.6,6.6,12.1,1.3,1.6,11.3,14.5,4.7,2.2,6.9,0.132,1.1,0.1,1.3,2.0,,2024.0,3
LeBron James,39.0,LAL,4.0,71.0,71.0,2504.0,23.7,0.63,0.286,0.318,2.8,19.3,11.5,37.5,1.7,1.3,14.5,29.2,5.7,2.8,8.5,0.164,5.5,0.9,6.5,5.4,"CPOY-10,AS,NBA3",2024.0,0
Paul George,33.0,LAC,4.0,74.0,74.0,2502.0,19.3,0.613,0.476,0.235,1.7,15.3,8.8,16.1,2.2,1.3,10.1,26.6,4.4,2.8,7.3,0.14,2.9,0.2,3.2,3.3,AS,2024.0,0
Dennis Schröder,30.0,2TM,1.0,80.0,58.0,2486.0,13.3,0.55,0.397,0.23,1.7,9.2,5.3,28.0,1.2,0.6,13.0,20.3,2.3,1.0,3.3,0.063,-0.5,-1.3,-1.8,0.1,,2024.0,3
Dennis Schröder,30.0,TOR,1.0,51.0,33.0,1559.0,13.9,0.559,0.394,0.267,1.5,8.5,4.9,28.0,1.4,0.5,11.7,19.4,2.0,0.5,2.5,0.076,-0.5,-1.3,-1.8,0.1,,2024.0,5
D'Angelo Russell,27.0,LAL,1.0,76.0,69.0,2484.0,16.0,0.588,0.505,0.178,1.3,8.9,5.3,27.6,1.3,1.3,11.8,23.0,3.3,1.8,5.1,0.099,1.7,-0.8,0.9,1.8,,2024.0,0
James Harden,34.0,LAC,1.0,72.0,72.0,2470.0,18.6,0.612,0.594,0.418,1.6,14.8,8.4,33.6,1.5,2.1,16.0,20.6,5.9,2.5,8.4,0.163,3.8,0.3,4.1,3.8,,2024.0,0
Devin Booker,27.0,PHO,1.0,68.0,68.0,2447.0,21.9,0.611,0.32,0.35,2.7,11.1,7.1,31.2,1.2,1.0,10.6,29.8,7.2,2.0,9.2,0.181,4.0,-1.0,3.0,3.1,"AS,NBA3",2024.0,0
Jarrett Allen,25.0,CLE,5.0,77.0,77.0,2442.0,21.8,0.664,0.007,0.383,11.3,25.8,18.7,13.2,1.1,3.0,11.2,19.4,6.8,3.9,10.7,0.21,2.1,0.9,3.0,3.1,DPOY-10,2024.0,0
Jabari Smith Jr.,20.0,HOU,4.0,76.0,76.0,2424.0,13.8,0.571,0.456,0.222,6.1,21.3,13.6,7.1,1.0,2.3,8.9,17.6,2.4,3.2,5.6,0.111,-0.5,0.1,-0.4,1.0,,2024.0,2
Stephen Curry,35.0,GSW,1.0,74.0,74.0,2421.0,20.6,0.616,0.606,0.224,1.7,12.9,7.4,24.7,1.1,1.0,11.7,31.3,5.2,2.0,7.2,0.142,6.3,-1.1,5.2,4.4,"CPOY-1,AS,NBA3",2024.0,0
Bam Adebayo,26.0,MIA,5.0,71.0,71.0,2416.0,19.8,0.576,0.041,0.381,7.4,27.3,17.3,18.9,1.7,2.7,12.0,24.9,2.9,4.3,7.2,0.144,0.8,1.7,2.4,2.7,"DPOY-3,AS,DEF1",2024.0,0
Chet Holmgren,21.0,OKC,5.0,82.0,82.0,2413.0,20.4,0.632,0.366,0.289,6.2,23.1,15.0,11.6,1.1,7.3,10.9,21.6,4.6,4.4,8.9,0.178,1.8,1.5,3.4,3.3,ROY-2,2024.0,4
Brook Lopez,35.0,MIL,5.0,79.0,79.0,2411.0,14.8,0.608,0.535,0.177,5.4,13.0,9.3,7.1,0.9,6.7,8.8,16.0,3.1,2.8,5.9,0.117,0.2,0.8,1.0,1.8,,2024.0,4
Kentavious Caldwell-Pope,30.0,DEN,2.0,76.0,76.0,2402.0,10.7,0.602,0.525,0.193,1.5,6.8,4.2,9.5,2.0,1.5,10.5,12.9,2.2,2.6,4.8,0.096,-2.1,0.7,-1.4,0.4,,2024.0,3
Bogdan Bogdanović,31.0,ATL,2.0,79.0,33.0,2401.0,14.7,0.569,0.583,0.149,2.3,10.3,6.2,14.9,1.9,1.0,8.7,22.3,2.8,1.2,3.9,0.079,0.9,-0.7,0.2,1.4,6MOY-5,2024.0,3
Brandon Miller,21.0,CHO,3.0,74.0,68.0,2383.0,13.0,0.552,0.455,0.16,2.7,12.4,7.4,11.6,1.4,1.6,10.2,23.9,-0.3,1.0,0.8,0.015,-0.9,-1.6,-2.6,-0.3,ROY-3,2024.0,2
Harrison Barnes,31.0,SAC,4.0,82.0,82.0,2381.0,11.9,0.611,0.526,0.268,3.1,8.8,5.9,5.6,1.1,0.5,6.6,15.7,3.1,1.5,4.7,0.094,-0.6,-1.2,-1.8,0.1,,2024.0,3
Derrick White,29.0,BOS,2.0,73.0,73.0,2381.0,16.9,0.611,0.59,0.181,2.4,11.3,7.0,21.2,1.5,3.2,11.0,18.6,5.2,3.3,8.5,0.171,2.4,1.4,3.8,3.5,"DPOY-8,DEF2",2024.0,0
Tobias Harris,31.0,PHI,4.0,70.0,70.0,2368.0,16.5,0.576,0.271,0.224,3.7,17.7,10.6,13.8,1.5,1.8,8.2,20.7,3.2,2.7,5.9,0.121,1.0,-0.1,0.9,1.7,,2024.0,0
Donte DiVincenzo,27.0,NYK,2.0,81.0,63.0,2360.0,16.0,0.597,0.702,0.114,3.0,11.2,7.1,13.7,2.3,1.4,9.7,21.3,3.6,3.0,6.6,0.135,2.5,0.9,3.4,3.2,,2024.0,0
Jordan Poole,24.0,WAS,2.0,78.0,66.0,2346.0,12.1,0.529,0.476,0.185,1.4,8.4,4.8,21.4,1.7,0.9,12.8,26.4,-1.5,0.8,-0.6,-0.013,-2.0,-1.9,-3.9,-1.2,,2024.0,3
Jaylen Brown,27.0,BOS,3.0,70.0,70.0,2343.0,18.6,0.58,0.326,0.239,4.0,13.4,8.9,16.6,1.8,1.4,10.7,28.9,2.7,3.2,5.9,0.121,0.9,-0.1,0.7,1.6,AS,2024.0,0
Malik Beasley,27.0,MIL,2.0,79.0,77.0,2337.0,10.3,0.603,0.751,0.048,2.0,11.4,6.8,6.1,1.2,0.3,6.8,14.6,1.9,1.6,3.5,0.073,-1.0,-0.8,-1.8,0.1,,2024.0,3
Franz Wagner,22.0,ORL,3.0,72.0,72.0,2337.0,17.6,0.575,0.305,0.291,3.6,15.7,9.6,18.8,1.6,1.1,10.0,25.7,3.1,3.2,6.4,0.131,0.9,0.3,1.2,1.9,,2024.0,2
Kawhi Leonard,32.0,LAC,3.0,68.0,68.0,2330.0,23.2,0.626,0.289,0.246,4.2,15.6,10.1,16.9,2.4,2.3,8.5,26.5,6.0,2.9,8.9,0.184,4.8,0.6,5.5,4.4,"AS,NBA2",2024.0,0
Herbert Jones,25.0,NOP,3.0,76.0,76.0,2321.0,13.2,0.636,0.464,0.269,3.6,9.4,6.5,11.3,2.2,2.6,12.4,14.1,3.3,3.0,6.3,0.131,-0.9,1.5,0.6,1.6,"DPOY-5,DEF1",2024.0,3
Aaron Gordon,28.0,DEN,4.0,73.0,73.0,2297.0,16.8,0.607,0.193,0.376,8.6,13.9,11.4,15.2,1.2,1.7,11.2,17.8,4.5,2.6,7.1,0.148,1.2,0.1,1.3,1.9,,2024.0,0
Klay Thompson,33.0,GSW,3.0,77.0,63.0,2284.0,13.9,0.576,0.611,0.121,1.7,10.2,6.0,11.2,1.1,1.4,8.9,24.2,1.8,1.7,3.6,0.075,1.1,-1.5,-0.4,0.9,,2024.0,3
Kyle Kuzma,28.0,WAS,4.0,70.0,70.0,2281.0,15.7,0.547,0.343,0.183,2.8,19.3,10.9,20.7,0.8,1.8,11.9,29.7,-1.0,1.1,0.2,0.004,0.5,-1.6,-1.1,0.5,,2024.0,0
Jrue Holiday,33.0,BOS,1.0,69.0,69.0,2263.0,14.4,0.597,0.467,0.104,4.2,13.2,8.9,19.3,1.3,2.1,14.7,16.3,3.3,3.0,6.3,0.133,1.0,1.1,2.1,2.4,"DPOY-6,DEF2",2024.0,3
Deni Avdija,23.0,WAS,3.0,75.0,75.0,2257.0,14.9,0.597,0.293,0.34,3.9,22.1,12.8,17.8,1.2,1.3,14.8,20.2,1.7,1.5,3.2,0.068,-0.7,-0.2,-0.9,0.6,,2024.0,3
Devin Vassell,23.0,SAS,2.0,68.0,62.0,2248.0,15.7,0.578,0.422,0.19,1.3,11.3,6.3,19.1,1.5,0.8,8.6,23.5,2.0,1.6,3.6,0.077,0.9,-0.9,0.0,1.1,,2024.0,0
Luguentz Dort,24.0,OKC,3.0,79.0,79.0,2246.0,11.1,0.593,0.603,0.236,3.8,10.0,7.0,6.3,1.5,1.9,9.3,15.4,2.0,2.5,4.6,0.097,-1.4,-0.2,-1.6,0.2,,2024.0,3
Max Strus,27.0,CLE,3.0,70.0,70.0,2239.0,11.7,0.553,0.658,0.133,3.4,13.5,8.5,17.3,1.4,1.2,12.7,17.4,1.2,2.6,3.9,0.083,-1.1,0.5,-0.6,0.8,,2024.0,3
Dillon Brooks,28.0,HOU,3.0,72.0,72.0,2227.0,9.4,0.549,0.482,0.191,2.5,9.4,5.9,7.5,1.4,0.4,9.6,17.6,0.6,2.1,2.7,0.058,-3.3,-0.3,-3.6,-0.9,,2024.0,3
Tyrese Haliburton,23.0,IND,1.0,69.0,68.0,2224.0,23.3,0.605,0.51,0.217,1.8,12.0,6.9,44.9,1.8,1.7,12.2,24.6,7.6,1.5,9.0,0.195,7.3,-0.4,6.9,5.0,"AS,NBA3",2024.0,0
Jalen Williams,22.0,OKC,4.0,71.0,71.0,2223.0,19.1,0.621,0.243,0.223,1.9,11.8,7.1,21.3,1.7,1.9,10.1,23.7,4.5,2.7,7.3,0.157,2.0,0.3,2.3,2.4,CPOY-12,2024.0,2
P.J. Washington,25.0,2TM,4.0,73.0,45.0,2221.0,12.2,0.537,0.509,0.179,4.2,16.5,10.3,9.3,1.6,2.4,9.9,19.1,0.0,1.9,1.9,0.04,-1.7,-0.4,-2.1,-0.1,,2024.0,3
P.J. Washington,25.0,CHO,4.0,44.0,17.0,1286.0,13.0,0.545,0.479,0.185,4.5,16.1,10.1,11.5,1.5,2.3,10.7,21.2,0.0,0.8,0.8,0.028,-1.7,-1.1,-2.8,-0.3,,2024.0,1
Jaden Ivey,21.0,DET,2.0,77.0,61.0,2217.0,12.4,0.536,0.379,0.311,4.3,9.1,6.6,20.2,1.2,1.6,14.7,24.9,-0.5,1.0,0.5,0.01,-1.4,-1.7,-3.1,-0.6,,2024.0,2
Ayo Dosunmu,24.0,CHI,2.0,76.0,37.0,2212.0,13.4,0.604,0.41,0.146,2.7,8.3,5.5,15.6,1.5,1.7,11.9,17.2,2.6,1.5,4.1,0.089,-0.6,-0.2,-0.8,0.7,,2024.0,3
Zion Williamson,23.0,NOP,4.0,70.0,70.0,2207.0,22.8,0.61,0.016,0.452,6.2,14.2,10.2,26.5,1.7,2.1,12.8,29.7,4.7,2.8,7.5,0.164,3.3,0.6,3.8,3.3,,2024.0,0
Mike Conley,36.0,MIN,1.0,76.0,76.0,2193.0,15.8,0.627,0.629,0.174,2.0,9.0,5.6,28.4,2.0,0.7,12.8,16.0,5.0,3.3,8.2,0.18,2.0,1.4,3.4,3.0,,2024.0,0
Jeremy Sochan,20.0,SAS,4.0,74.0,73.0,2193.0,11.4,0.513,0.293,0.186,6.7,16.9,11.7,16.0,1.3,1.5,14.3,18.8,-0.5,1.9,1.4,0.03,-2.8,-0.6,-3.4,-0.8,,2024.0,2
Buddy Hield,31.0,2TM,3.0,84.0,42.0,2160.0,13.3,0.578,0.668,0.069,3.1,10.9,7.0,14.5,1.6,1.6,10.5,19.2,1.9,1.6,3.5,0.077,1.0,-0.6,0.4,1.3,,2024.0,3
Buddy Hield,31.0,IND,3.0,52.0,28.0,1336.0,13.1,0.586,0.691,0.064,2.9,11.3,7.1,12.9,1.5,1.8,10.4,18.6,1.2,0.8,2.0,0.07,1.0,-0.8,0.2,0.7,,2024.0,1
CJ McCollum,32.0,NOP,1.0,66.0,66.0,2159.0,17.9,0.592,0.528,0.132,2.0,12.6,7.4,21.4,1.4,1.9,9.0,24.7,3.5,2.4,5.9,0.132,3.3,-0.3,3.1,2.8,,2024.0,0
Spencer Dinwiddie,30.0,2TM,1.0,76.0,52.0,2152.0,11.7,0.543,0.575,0.328,1.5,9.0,5.2,22.7,1.2,0.9,11.1,16.6,2.3,1.3,3.6,0.081,-1.3,-0.6,-1.9,0.1,,2024.0,3
Spencer Dinwiddie,30.0,BRK,1.0,48.0,48.0,1474.0,13.5,0.53,0.557,0.321,1.9,10.1,5.9,27.5,1.3,0.6,9.8,18.6,2.0,0.9,2.9,0.095,-0.5,-0.8,-1.3,0.3,,2024.0,5
Tre Jones,24.0,SAS,1.0,77.0,48.0,2138.0,14.7,0.591,0.318,0.197,2.9,11.8,7.3,30.8,1.7,0.3,15.1,15.2,3.4,1.6,4.9,0.111,-0.4,0.1,-0.4,0.9,,2024.0,5
Grant Williams,25.0,2TM,4.0,76.0,43.0,2130.0,10.6,0.588,0.555,0.231,4.4,12.2,8.3,11.3,1.0,1.6,14.1,15.9,1.3,1.3,2.6,0.059,-1.9,-0.7,-2.6,-0.3,,2024.0,3
Grant Williams,25.0,DAL,4.0,47.0,33.0,1242.0,8.3,0.56,0.662,0.174,4.1,10.8,7.4,8.2,0.9,1.9,13.4,13.6,0.4,1.0,1.3,0.052,-2.7,-0.7,-3.4,-0.4,,2024.0,1
Jaren Jackson Jr.,24.0,MEM,5.0,66.0,66.0,2124.0,17.4,0.552,0.315,0.359,4.2,15.0,9.4,13.1,1.8,4.7,10.6,30.4,0.2,2.8,3.0,0.067,0.0,0.4,0.4,1.3,,2024.0,0
Tim Hardaway Jr.,31.0,DAL,3.0,79.0,12.0,2120.0,12.1,0.542,0.612,0.173,1.1,11.9,6.5,9.2,1.0,0.2,6.2,22.6,0.8,1.4,2.2,0.05,-0.8,-2.1,-2.9,-0.5,6MOY-9,2024.0,3
Nic Claxton,24.0,BRK,5.0,71.0,71.0,2116.0,18.7,0.629,0.009,0.337,9.7,27.3,18.2,10.4,1.1,6.2,12.2,15.6,3.5,3.2,6.7,0.152,-0.3,1.5,1.2,1.7,,2024.0,4
Jaime Jaquez Jr.,22.0,MIA,3.0,75.0,20.0,2113.0,12.9,0.574,0.29,0.251,4.4,11.0,7.6,13.9,1.8,0.9,12.4,18.7,1.4,2.7,4.0,0.092,-2.2,0.3,-1.9,0.1,"ROY-4,6MOY-9",2024.0,2
Taurean Prince,29.0,LAL,4.0,78.0,49.0,2108.0,8.8,0.579,0.622,0.119,1.2,10.5,6.1,7.2,1.3,1.4,10.8,13.8,0.3,1.7,1.9,0.043,-2.6,-0.2,-2.8,-0.4,,2024.0,3
Victor Wembanyama,20.0,SAS,5.0,71.0,71.0,2106.0,23.1,0.565,0.332,0.309,8.2,30.7,19.4,21.5,2.0,10.0,16.2,32.2,-0.7,4.4,3.7,0.085,1.9,3.3,5.2,3.8,"ROY-1,DPOY-2,DEF1",2024.0,4
Jaden McDaniels,23.0,MIN,3.0,72.0,71.0,2105.0,9.4,0.571,0.406,0.126,3.2,8.7,6.0,6.8,1.5,1.8,11.6,15.7,0.3,3.1,3.4,0.077,-3.3,0.7,-2.6,-0.3,DEF2,2024.0,3
Brandon Ingram,26.0,NOP,3.0,64.0,64.0,2103.0,18.2,0.578,0.238,0.302,2.3,14.7,8.6,26.7,1.2,1.9,12.4,27.2,2.7,2.4,5.1,0.117,1.4,-0.3,1.2,1.7,,2024.0,0
Scottie Barnes,22.0,TOR,2.0,60.0,60.0,2094.0,19.5,0.566,0.314,0.266,7.3,18.9,13.0,26.2,1.7,3.7,13.6,24.8,2.3,2.0,4.3,0.098,2.9,0.8,3.7,3.0,AS,2024.0,2
Jusuf Nurkić,29.0,PHO,5.0,76.0,76.0,2078.0,17.4,0.559,0.144,0.416,12.8,31.7,22.8,19.9,1.9,3.4,19.1,19.1,2.0,3.8,5.8,0.133,-1.0,2.1,1.1,1.6,,2024.0,4
Myles Turner,27.0,IND,5.0,77.0,77.0,2076.0,19.3,0.626,0.356,0.349,6.2,22.9,14.5,6.4,0.9,5.5,9.4,23.4,3.6,2.2,5.8,0.134,1.0,-0.1,0.9,1.5,,2024.0,4
Collin Sexton,25.0,UTA,2.0,78.0,51.0,2075.0,19.9,0.607,0.313,0.356,3.8,7.1,5.4,29.5,1.4,0.8,12.1,27.5,5.2,0.3,5.5,0.127,3.8,-1.9,1.9,2.0,,2024.0,3
Cam Thomas,22.0,BRK,2.0,66.0,51.0,2075.0,16.1,0.554,0.333,0.281,1.4,10.1,5.6,15.7,1.1,0.7,8.5,30.5,1.3,1.2,2.5,0.058,0.7,-1.9,-1.2,0.4,,2024.0,2
Cade Cunningham,22.0,DET,1.0,62.0,62.0,2074.0,17.1,0.546,0.287,0.235,1.7,12.9,7.2,37.5,1.3,0.9,14.1,30.8,0.7,1.0,1.8,0.041,2.0,-1.6,0.3,1.2,,2024.0,0
Corey Kispert,24.0,WAS,3.0,80.0,22.0,2067.0,12.8,0.62,0.605,0.198,1.5,10.3,5.8,10.7,0.9,0.6,10.2,19.6,1.7,0.4,2.1,0.048,-0.2,-2.0,-2.1,-0.1,,2024.0,3
Saddiq Bey,24.0,ATL,3.0,63.0,51.0,2062.0,13.1,0.549,0.514,0.291,8.5,13.4,10.9,6.0,1.2,0.5,6.4,17.0,2.8,0.7,3.5,0.081,0.1,-2.0,-1.8,0.1,,2024.0,1
Kelly Oubre Jr.,28.0,PHI,3.0,68.0,52.0,2055.0,13.5,0.535,0.37,0.264,5.0,13.5,9.2,7.3,1.8,2.1,8.2,22.4,0.6,2.4,3.0,0.07,-1.5,-0.7,-2.3,-0.1,,2024.0,1
Alperen Şengün,21.0,HOU,5.0,63.0,63.0,2046.0,22.0,0.585,0.113,0.358,9.5,21.5,15.4,25.2,1.8,2.1,12.5,27.0,3.8,3.1,6.9,0.163,3.1,1.7,4.9,3.5,,2024.0,0
Jimmy Butler,34.0,MIA,4.0,60.0,60.0,2042.0,22.0,0.626,0.183,0.579,5.8,11.9,8.8,23.1,1.9,0.8,9.3,24.0,6.4,2.7,9.1,0.214,3.9,0.7,4.6,3.4,,2024.0,0
Alex Caruso,29.0,CHI,2.0,71.0,57.0,2040.0,14.5,0.613,0.616,0.177,3.3,11.8,7.5,16.4,2.9,3.5,14.9,14.7,2.3,2.6,4.9,0.115,0.2,2.3,2.5,2.3,"DPOY-10,DEF2",2024.0,5
Terry Rozier,29.0,2TM,2.0,61.0,60.0,2040.0,17.3,0.555,0.411,0.198,1.9,12.0,6.8,27.5,1.5,1.0,8.9,25.9,2.3,1.6,3.9,0.091,2.2,-0.7,1.5,1.8,,2024.0,0
Keldon Johnson,24.0,SAS,3.0,69.0,27.0,2038.0,14.2,0.565,0.426,0.256,5.0,15.1,10.0,14.2,1.2,0.8,9.4,21.9,1.5,1.5,3.0,0.071,-0.3,-1.4,-1.7,0.2,,2024.0,1
Kyrie Irving,31.0,DAL,2.0,58.0,58.0,2030.0,21.9,0.608,0.372,0.186,2.4,13.2,7.8,23.8,1.7,1.2,8.0,28.1,4.9,2.0,6.9,0.163,4.8,0.1,4.9,3.6,CPOY-7,2024.0,0
Karl-Anthony Towns,28.0,MIN,4.0,62.0,62.0,2026.0,18.8,0.625,0.344,0.307,5.5,22.6,14.4,15.1,1.0,1.8,14.1,27.4,2.6,3.6,6.3,0.148,1.6,0.9,2.5,2.3,AS,2024.0,0
Jalen Suggs,22.0,ORL,2.0,75.0,75.0,2025.0,14.1,0.602,0.539,0.218,2.8,10.6,6.6,15.0,2.6,2.2,14.4,19.7,1.5,3.2,4.7,0.112,-0.6,1.6,1.0,1.5,"DPOY-10,DEF2",2024.0,2
Keyonte George,20.0,UTA,1.0,75.0,44.0,2023.0,10.4,0.533,0.54,0.274,0.8,10.6,5.7,23.1,0.9,0.3,17.1,22.8,-0.4,0.1,-0.3,-0.008,-1.5,-2.9,-4.4,-1.2,,2024.0,2
Josh Giddey,21.0,OKC,2.0,80.0,80.0,2011.0,16.6,0.547,0.287,0.146,6.4,21.5,14.2,26.6,1.2,2.0,15.7,23.1,1.4,2.9,4.3,0.102,1.0,0.4,1.5,1.8,,2024.0,2
Bobby Portis,28.0,MIL,4.0,82.0,4.0,2008.0,17.5,0.581,0.268,0.135,7.9,24.8,16.6,7.8,1.6,1.4,8.6,22.9,2.1,2.6,4.7,0.112,0.0,-0.8,-0.8,0.6,6MOY-3,2024.0,4
Aaron Nesmith,24.0,IND,3.0,72.0,47.0,1995.0,12.8,0.631,0.526,0.216,3.6,12.0,7.8,6.6,1.5,2.0,8.4,16.0,2.8,1.3,4.1,0.098,-0.3,-0.2,-0.5,0.8,,2024.0,1
Gary Trent Jr.,25.0,TOR,2.0,71.0,41.0,1994.0,12.0,0.548,0.535,0.113,1.4,9.2,5.2,8.6,1.9,0.4,5.0,20.0,0.8,0.9,1.7,0.04,-1.2,-1.4,-2.6,-0.3,,2024.0,1
Norman Powell,30.0,LAC,2.0,76.0,3.0,1990.0,13.9,0.626,0.5,0.224,0.9,9.8,5.5,5.9,1.1,1.0,7.3,20.0,2.8,1.3,4.1,0.099,0.4,-1.2,-0.8,0.6,6MOY-4,2024.0,3
Immanuel Quickley,24.0,2TM,2.0,68.0,38.0,1985.0,16.7,0.577,0.484,0.274,0.9,13.7,7.2,24.6,1.2,0.5,9.2,23.8,3.5,1.2,4.7,0.115,2.2,-0.9,1.3,1.7,,2024.0,0
Brandin Podziemski,20.0,GSW,2.0,74.0,28.0,1968.0,13.0,0.54,0.392,0.132,6.6,16.7,11.7,18.1,1.5,0.6,12.2,15.4,2.1,2.0,4.1,0.1,-0.5,0.4,-0.1,0.9,ROY-5,2024.0,2
Naz Reid,24.0,MIN,4.0,81.0,14.0,1964.0,16.0,0.595,0.479,0.174,4.4,19.3,12.2,8.3,1.6,3.3,10.8,23.1,1.1,3.8,4.9,0.12,0.4,1.1,1.5,1.7,6MOY-1,2024.0,4
Caris LeVert,29.0,CLE,2.0,68.0,10.0,1958.0,14.6,0.524,0.405,0.245,2.3,13.7,8.0,25.7,1.9,1.6,11.4,23.1,1.0,2.6,3.6,0.088,-0.6,0.8,0.2,1.1,,2024.0,3
Royce O'Neale,30.0,2TM,3.0,79.0,14.0,1954.0,11.1,0.548,0.783,0.065,3.4,17.9,10.7,15.0,1.5,2.0,11.6,13.9,1.3,2.1,3.4,0.085,-1.0,1.0,0.0,1.0,,2024.0,3
Royce O'Neale,30.0,BRK,3.0,49.0,6.0,1202.0,10.4,0.544,0.815,0.068,3.4,17.1,10.1,15.5,1.3,2.2,13.2,13.9,0.6,1.2,1.8,0.07,-1.6,0.8,-0.7,0.4,,2024.0,1
Jonathan Kuminga,21.0,GSW,4.0,74.0,46.0,1949.0,17.0,0.598,0.191,0.347,5.2,14.4,9.8,12.5,1.4,1.7,10.9,24.1,2.7,1.9,4.6,0.113,0.0,-0.4,-0.4,0.8,,2024.0,2
Donovan Mitchell,27.0,CLE,2.0,55.0,55.0,1942.0,22.1,0.595,0.454,0.292,2.7,13.4,8.1,28.3,2.6,1.4,11.1,31.4,3.6,2.9,6.4,0.159,4.6,1.2,5.8,3.9,AS,2024.0,0
Trae Young,25.0,ATL,1.0,54.0,54.0,1942.0,20.3,0.585,0.465,0.404,1.2,7.3,4.2,45.1,1.8,0.5,16.5,30.5,4.0,0.6,4.6,0.114,4.9,-2.3,2.6,2.2,AS,2024.0,0
Dorian Finney-Smith,30.0,BRK,4.0,68.0,56.0,1934.0,10.1,0.546,0.658,0.09,6.0,12.1,9.0,7.6,1.4,1.8,10.0,13.2,1.0,1.6,2.6,0.065,-2.0,-0.1,-2.0,0.0,,2024.0,3
Tyus Jones,27.0,WAS,1.0,66.0,66.0,1933.0,16.5,0.578,0.384,0.06,1.1,9.0,5.0,34.6,1.7,0.8,8.8,16.3,3.9,0.7,4.5,0.113,1.5,-0.9,0.7,1.3,,2024.0,0
Jonas Valančiūnas,31.0,NOP,5.0,82.0,82.0,1925.0,19.8,0.619,0.167,0.285,10.9,30.6,20.9,13.3,0.8,3.5,12.1,20.8,3.9,3.1,7.1,0.177,0.7,0.5,1.2,1.6,,2024.0,4
Nickeil Alexander-Walker,25.0,MIN,2.0,82.0,20.0,1921.0,10.9,0.578,0.623,0.121,2.2,7.5,4.9,14.5,1.6,1.9,11.8,14.8,1.5,2.8,4.3,0.107,-1.1,1.3,0.2,1.1,,2024.0,3
Andrew Wiggins,28.0,GSW,3.0,71.0,59.0,1920.0,12.7,0.544,0.326,0.242,6.2,11.8,9.0,8.6,1.1,1.9,9.2,20.9,1.2,1.6,2.8,0.07,-1.4,-1.2,-2.5,-0.3,,2024.0,1
Duncan Robinson,29.0,MIA,3.0,68.0,36.0,1905.0,12.2,0.612,0.701,0.133,0.9,9.5,5.1,15.1,1.2,0.8,11.7,19.0,1.6,2.0,3.6,0.091,-0.5,-0.4,-0.9,0.6,,2024.0,1
John Collins,26.0,UTA,4.0,68.0,66.0,1901.0,17.5,0.621,0.311,0.248,9.2,24.0,16.7,6.1,1.0,2.9,10.6,20.4,3.1,1.3,4.4,0.11,0.5,-1.4,-0.9,0.5,,2024.0,4
Darius Garland,24.0,CLE,1.0,57.0,57.0,1901.0,14.5,0.56,0.423,0.208,1.8,7.1,4.5,29.4,1.9,0.3,16.1,25.3,0.7,2.0,2.7,0.067,0.2,-1.2,-1.0,0.5,,2024.0,5
Isaiah Hartenstein,25.0,NYK,5.0,75.0,49.0,1896.0,18.9,0.67,0.008,0.43,14.4,22.7,18.5,13.5,2.3,4.2,17.6,12.0,4.6,3.5,8.1,0.204,0.7,2.8,3.5,2.6,,2024.0,4
Eric Gordon,35.0,PHO,2.0,68.0,24.0,1893.0,10.8,0.58,0.642,0.104,1.0,6.0,3.6,10.0,1.7,1.4,10.2,16.5,1.0,1.5,2.5,0.063,-1.3,-0.5,-1.7,0.1,,2024.0,1
Jalen Johnson,22.0,ATL,3.0,56.0,52.0,1889.0,16.3,0.584,0.285,0.209,4.1,24.8,14.1,15.4,1.7,2.2,11.6,19.1,2.1,1.7,3.8,0.098,0.4,0.8,1.2,1.5,,2024.0,2
Isaac Okoro,23.0,CLE,3.0,69.0,42.0,1887.0,11.4,0.599,0.448,0.285,4.0,8.2,6.1,9.5,1.5,1.6,9.1,13.9,2.1,2.0,4.2,0.106,-1.8,0.7,-1.1,0.4,,2024.0,1
Clint Capela,29.0,ATL,5.0,73.0,73.0,1883.0,20.7,0.59,0.002,0.333,18.7,26.5,22.4,6.9,1.1,5.1,9.5,17.3,4.4,1.9,6.3,0.161,1.0,-1.0,0.1,1.0,,2024.0,4
Terance Mann,27.0,LAC,2.0,75.0,71.0,1873.0,12.0,0.615,0.414,0.193,5.4,9.7,7.7,8.5,1.1,0.7,8.2,13.6,3.0,1.2,4.2,0.106,-0.8,-0.7,-1.5,0.2,,2024.0,3
Malik Monk,25.0,SAC,2.0,72.0,0.0,1872.0,16.0,0.564,0.474,0.23,1.6,11.3,6.3,28.9,1.2,1.9,13.2,25.9,1.9,1.6,3.5,0.09,1.5,-1.0,0.6,1.2,"CPOY-12,6MOY-2",2024.0,3
Bruce Brown,27.0,2TM,2.0,67.0,44.0,1866.0,11.6,0.563,0.282,0.244,3.1,14.0,8.5,13.2,1.5,0.8,11.8,16.5,1.2,1.0,2.2,0.058,-2.4,-1.0,-3.3,-0.6,,2024.0,3
Jamal Murray,26.0,DEN,1.0,59.0,59.0,1861.0,20.7,0.586,0.346,0.187,2.6,11.6,7.2,31.2,1.5,1.8,10.5,27.9,3.8,2.1,5.9,0.153,4.5,-0.4,4.1,2.9,,2024.0,0
RJ Barrett,23.0,2TM,2.0,58.0,58.0,1838.0,16.4,0.58,0.284,0.331,3.1,16.0,9.5,16.7,0.8,1.1,11.1,26.5,1.6,1.2,2.9,0.075,0.7,-1.5,-0.8,0.6,,2024.0,0
Georges Niang,30.0,CLE,4.0,82.0,10.0,1831.0,9.9,0.583,0.627,0.095,1.4,15.5,8.5,7.5,0.8,0.9,9.9,17.6,0.5,2.0,2.4,0.064,-2.5,-0.4,-2.9,-0.4,,2024.0,3
Jerami Grant,29.0,POR,4.0,54.0,54.0,1830.0,15.4,0.573,0.325,0.367,2.1,10.0,5.8,13.8,1.2,1.7,10.5,25.7,1.7,1.0,2.7,0.071,1.0,-1.1,-0.1,0.9,,2024.0,0
Rui Hachimura,25.0,LAL,4.0,68.0,39.0,1826.0,15.0,0.628,0.343,0.198,3.7,13.7,8.9,6.3,1.1,1.2,5.9,18.5,2.7,1.5,4.1,0.108,0.0,-0.9,-0.9,0.5,,2024.0,1
Payton Pritchard,26.0,BOS,1.0,82.0,5.0,1825.0,15.3,0.597,0.602,0.088,4.3,11.1,7.8,20.7,1.1,0.3,8.5,17.2,4.2,1.9,6.1,0.16,1.3,-0.2,1.0,1.4,,2024.0,3
Lauri Markkanen,26.0,UTA,4.0,55.0,55.0,1820.0,21.5,0.631,0.493,0.311,7.4,19.6,13.6,9.5,1.3,1.3,7.1,25.0,5.2,0.9,6.2,0.163,5.1,-1.5,3.6,2.6,,2024.0,0
Reggie Jackson,33.0,DEN,1.0,82.0,23.0,1817.0,11.7,0.521,0.376,0.13,2.1,7.2,4.7,23.0,1.2,0.6,11.7,21.7,0.6,1.5,2.1,0.056,-1.8,-1.5,-3.2,-0.6,,2024.0,3
Cole Anthony,23.0,ORL,1.0,81.0,0.0,1817.0,14.6,0.545,0.36,0.286,4.1,16.1,10.1,19.8,1.7,1.9,12.8,23.7,0.9,2.7,3.6,0.096,-0.6,0.7,0.1,1.0,,2024.0,3
Daniel Gafford,25.0,2TM,4.0,74.0,66.0,1815.0,21.7,0.731,0.0,0.365,11.4,22.1,16.7,9.1,1.7,7.1,11.7,14.7,5.2,2.5,7.8,0.205,0.7,1.9,2.6,2.1,,2024.0,4
Daniel Gafford,25.0,WAS,5.0,45.0,45.0,1192.0,19.9,0.707,0.0,0.405,11.5,21.1,16.2,8.0,1.7,6.6,11.7,13.9,3.0,1.4,4.4,0.178,-0.2,1.1,0.9,0.9,,2024.0,4
Ivica Zubac,26.0,LAC,5.0,68.0,68.0,1794.0,19.3,0.671,0.0,0.32,12.8,26.2,19.7,7.5,0.6,4.2,11.8,16.4,4.5,2.3,6.8,0.182,0.8,0.0,0.8,1.3,,2024.0,4
Deandre Ayton,25.0,POR,5.0,55.0,55.0,1784.0,18.9,0.587,0.013,0.105,10.4,28.9,19.1,8.8,1.5,2.1,11.2,21.1,1.8,2.1,3.9,0.106,0.5,-0.2,0.3,1.0,,2024.0,4
Derrick Jones Jr.,26.0,DAL,3.0,76.0,66.0,1783.0,11.7,0.592,0.483,0.275,5.0,10.3,7.7,5.5,1.4,2.5,10.5,14.9,1.5,1.6,3.1,0.083,-1.3,-0.3,-1.5,0.2,,2024.0,3
Kyle Anderson,30.0,MIN,4.0,79.0,10.0,1782.0,12.7,0.513,0.111,0.316,4.0,13.0,8.7,25.0,2.0,2.3,15.6,14.5,1.4,3.1,4.5,0.121,-1.6,2.7,1.1,1.4,,2024.0,5
Jalen Duren,20.0,DET,5.0,61.0,60.0,1777.0,18.7,0.653,0.007,0.321,11.8,33.0,22.2,12.7,0.9,2.3,16.7,18.5,3.0,1.8,4.8,0.13,-0.2,0.1,-0.1,0.9,,2024.0,2
Bradley Beal,30.0,PHO,2.0,53.0,53.0,1767.0,16.3,0.607,0.32,0.182,3.6,10.8,7.4,22.5,1.4,1.3,14.2,22.7,2.4,1.5,3.9,0.107,0.9,-0.6,0.4,1.1,,2024.0,0
Scoot Henderson,19.0,POR,1.0,62.0,32.0,1765.0,9.5,0.489,0.336,0.256,3.2,9.5,6.2,29.9,1.3,0.7,19.3,26.5,-2.5,0.9,-1.7,-0.045,-3.5,-2.3,-5.8,-1.7,,2024.0,2
Nick Richards,26.0,CHO,5.0,67.0,51.0,1759.0,16.7,0.717,0.003,0.476,10.7,24.2,17.2,4.5,0.7,3.9,13.8,13.3,3.8,1.3,5.1,0.14,-1.6,-0.7,-2.3,-0.1,,2024.0,4
Kelly Olynyk,32.0,2TM,5.0,78.0,27.0,1759.0,17.4,0.661,0.312,0.362,6.7,19.0,12.9,27.6,2.0,1.5,20.9,17.5,3.5,1.4,4.9,0.133,0.7,1.1,1.8,1.7,,2024.0,4
Kelly Olynyk,32.0,UTA,5.0,50.0,8.0,1019.0,17.3,0.677,0.326,0.368,6.9,20.5,13.7,29.6,1.8,1.1,21.3,15.6,2.5,0.7,3.1,0.148,1.3,1.3,2.6,1.2,,2024.0,4
Caleb Martin,28.0,MIA,3.0,64.0,23.0,1756.0,10.8,0.531,0.415,0.177,4.7,13.5,9.1,11.8,1.3,1.6,11.3,17.3,0.2,2.2,2.4,0.066,-2.2,0.2,-2.0,0.0,,2024.0,1
Sam Hauser,26.0,BOS,3.0,79.0,13.0,1741.0,13.0,0.629,0.833,0.034,2.9,13.7,8.6,6.2,1.1,1.3,5.3,15.0,2.7,2.1,4.9,0.134,1.2,0.0,1.2,1.4,,2024.0,3
Al Horford,37.0,BOS,5.0,65.0,33.0,1740.0,15.0,0.65,0.616,0.072,5.3,19.7,12.8,12.3,1.1,3.1,10.0,12.0,3.5,2.7,6.2,0.172,1.7,2.0,3.6,2.5,,2024.0,1
Toumani Camara,23.0,POR,4.0,70.0,49.0,1739.0,10.6,0.547,0.393,0.226,8.4,14.0,11.0,7.2,1.9,1.7,14.9,13.8,0.6,1.4,2.0,0.055,-3.1,0.0,-3.1,-0.5,,2024.0,1
Obi Toppin,25.0,IND,4.0,82.0,28.0,1730.0,16.5,0.677,0.437,0.173,5.6,15.4,10.5,9.4,1.3,2.0,10.0,16.8,3.6,1.1,4.8,0.132,1.8,-0.3,1.5,1.5,,2024.0,3
Bilal Coulibaly,19.0,WAS,3.0,63.0,15.0,1715.0,8.9,0.543,0.428,0.303,3.4,12.8,8.0,8.2,1.6,2.3,15.1,14.2,-0.5,0.9,0.4,0.013,-3.6,-0.5,-4.2,-0.9,,2024.0,2
OG Anunoby,26.0,2TM,3.0,50.0,50.0,1702.0,12.8,0.595,0.463,0.154,3.0,10.6,6.8,9.0,2.0,1.9,11.6,17.6,1.1,1.5,2.6,0.073,-1.0,0.5,-0.6,0.6,,2024.0,5
Jabari Walker,21.0,POR,3.0,72.0,23.0,1700.0,13.0,0.546,0.273,0.336,9.4,25.0,16.7,6.2,1.2,1.2,10.2,16.3,1.4,1.6,2.9,0.083,-2.4,-0.9,-3.3,-0.6,,2024.0,2
Andrew Nembhard,24.0,IND,1.0,68.0,47.0,1697.0,11.3,0.573,0.328,0.107,2.4,7.0,4.7,20.0,1.8,0.3,15.6,16.0,1.3,0.7,2.0,0.057,-1.6,-0.5,-2.2,-0.1,,2024.0,5
Cason Wallace,20.0,OKC,2.0,82.0,13.0,1692.0,12.0,0.612,0.529,0.084,3.6,8.6,6.2,8.9,2.2,2.0,8.9,12.9,1.9,2.1,4.0,0.115,-0.9,1.0,0.1,0.9,,2024.0,2
Trey Murphy III,23.0,NOP,3.0,57.0,23.0,1690.0,16.3,0.612,0.717,0.243,2.8,15.5,9.2,10.2,1.5,1.6,4.7,18.6,3.4,2.0,5.4,0.154,2.5,0.0,2.5,1.9,,2024.0,1
Kristaps Porziņģis,28.0,BOS,5.0,57.0,57.0,1690.0,23.2,0.647,0.39,0.402,6.5,19.1,13.1,10.0,1.2,5.8,9.1,25.1,4.9,3.0,7.9,0.226,3.5,1.6,5.1,3.0,,2024.0,0
Kyle Lowry,37.0,2TM,1.0,60.0,55.0,1690.0,10.9,0.594,0.663,0.199,2.2,10.8,6.4,20.1,1.7,1.2,17.2,12.9,1.6,1.9,3.5,0.1,-1.9,0.9,-1.0,0.4,,2024.0,5
Jordan Clarkson,31.0,UTA,2.0,55.0,19.0,1682.0,12.7,0.521,0.379,0.246,3.2,9.0,6.2,24.6,1.0,0.3,13.9,26.1,0.1,0.1,0.2,0.006,-1.3,-3.2,-4.5,-1.1,,2024.0,5
De'Andre Hunter,26.0,ATL,3.0,57.0,37.0,1681.0,12.7,0.595,0.459,0.296,1.9,12.9,7.2,7.3,1.1,0.9,10.0,20.6,1.6,0.6,2.2,0.062,-0.9,-1.5,-2.4,-0.2,,2024.0,1
Pat Connaughton,31.0,MIL,3.0,76.0,3.0,1676.0,9.6,0.574,0.686,0.167,3.4,12.0,7.8,12.0,1.1,1.0,11.6,10.9,1.6,1.2,2.8,0.08,-1.6,0.0,-1.6,0.2,,2024.0,3
Christian Braun,22.0,DEN,2.0,82.0,4.0,1655.0,12.1,0.554,0.34,0.277,5.4,14.8,10.2,10.2,1.3,1.8,9.2,15.7,1.5,2.0,3.4,0.1,-1.7,-0.2,-1.9,0.0,,2024.0,2
Simone Fontecchio,28.0,2TM,3.0,66.0,43.0,1644.0,12.1,0.6,0.609,0.12,4.3,12.2,8.3,8.7,1.3,1.2,10.5,16.5,1.5,0.6,2.1,0.061,0.0,-1.0,-1.0,0.4,,2024.0,1
Simone Fontecchio,28.0,UTA,3.0,50.0,34.0,1160.0,11.2,0.592,0.651,0.112,5.0,11.7,8.4,8.6,1.2,1.4,12.0,15.4,0.9,0.3,1.3,0.052,-0.4,-1.2,-1.6,0.1,,2024.0,1
Ochai Agbaji,23.0,2TM,2.0,78.0,28.0,1641.0,7.7,0.497,0.487,0.129,4.9,9.6,7.2,6.6,1.4,2.4,12.3,13.4,-0.5,0.6,0.1,0.002,-3.5,-0.9,-4.4,-1.0,,2024.0,3
Ochai Agbaji,23.0,UTA,2.0,51.0,10.0,1003.0,8.1,0.531,0.57,0.08,3.9,9.9,6.9,6.1,1.3,2.6,11.7,12.2,0.1,0.3,0.4,0.019,-2.5,-0.5,-3.0,-0.3,,2024.0,1
Julius Randle,29.0,NYK,4.0,46.0,46.0,1630.0,18.9,0.569,0.292,0.361,6.8,22.4,14.6,22.8,0.8,0.7,14.1,29.9,1.9,1.9,3.8,0.113,2.2,-0.3,1.9,1.6,AS,2024.0,0
Precious Achiuwa,24.0,2TM,4.0,74.0,18.0,1624.0,14.6,0.545,0.207,0.239,13.0,20.5,16.7,8.4,1.4,3.9,13.8,15.9,1.2,2.2,3.4,0.102,-1.7,0.3,-1.4,0.2,,2024.0,4
Precious Achiuwa,24.0,NYK,4.0,49.0,18.0,1187.0,14.5,0.564,0.167,0.234,13.3,19.9,16.6,6.2,1.3,4.4,14.1,14.0,1.2,1.8,3.0,0.122,-1.9,0.5,-1.4,0.2,,2024.0,4
Santi Aldama,23.0,MEM,4.0,61.0,35.0,1618.0,13.1,0.539,0.535,0.153,4.7,19.7,11.9,13.3,1.3,3.1,10.2,17.9,0.4,2.0,2.4,0.07,-0.7,0.4,-0.2,0.7,,2024.0,1
Cameron Johnson,27.0,BRK,4.0,58.0,47.0,1599.0,14.5,0.582,0.57,0.176,3.7,13.8,8.6,12.9,1.5,0.8,7.9,19.6,2.0,1.3,3.3,0.1,0.9,-0.5,0.4,1.0,,2024.0,1
Malaki Branham,20.0,SAS,1.0,75.0,29.0,1594.0,8.7,0.526,0.427,0.1,1.9,8.2,5.0,14.0,0.8,0.4,12.2,19.8,-0.9,0.6,-0.3,-0.008,-3.4,-2.2,-5.6,-1.5,,2024.0,2
Paul Reed,24.0,PHI,5.0,82.0,24.0,1590.0,17.4,0.58,0.119,0.177,13.2,20.9,16.9,9.8,2.1,4.8,11.5,15.9,2.5,2.6,5.1,0.154,-0.6,1.0,0.4,0.9,,2024.0,4
Ausar Thompson,21.0,DET,3.0,63.0,38.0,1583.0,12.8,0.522,0.235,0.248,8.9,19.6,14.2,10.8,2.1,3.2,13.6,16.6,0.1,1.7,1.8,0.053,-2.8,0.6,-2.2,-0.1,,2024.0,2
Anfernee Simons,24.0,POR,2.0,46.0,46.0,1582.0,15.9,0.568,0.484,0.213,1.5,10.9,5.9,27.6,0.7,0.3,12.1,28.0,1.7,0.5,2.2,0.068,2.7,-2.5,0.2,0.8,,2024.0,0
Kevin Huerter,25.0,SAC,2.0,64.0,59.0,1562.0,12.4,0.564,0.609,0.084,2.7,13.6,8.0,14.4,1.4,1.3,8.4,17.3,1.5,1.4,2.9,0.089,-0.5,-0.4,-0.8,0.5,,2024.0,1
Bennedict Mathurin,21.0,IND,3.0,59.0,19.0,1538.0,13.0,0.562,0.323,0.338,4.4,12.8,8.6,9.8,1.1,0.7,11.3,23.4,0.8,0.7,1.4,0.045,-1.2,-2.3,-3.4,-0.6,,2024.0,2
Evan Mobley,22.0,CLE,4.0,50.0,50.0,1532.0,20.1,0.626,0.107,0.31,8.2,25.9,17.2,15.9,1.5,4.2,12.5,20.6,2.8,2.7,5.5,0.174,0.9,2.0,2.9,1.9,,2024.0,2
Chris Paul,38.0,GSW,1.0,58.0,18.0,1531.0,14.7,0.544,0.45,0.111,1.3,14.4,7.9,33.4,2.2,0.4,13.4,15.6,2.6,1.7,4.3,0.136,-0.2,1.2,1.0,1.2,,2024.0,5
Russell Westbrook,35.0,LAC,1.0,68.0,11.0,1529.0,16.2,0.514,0.232,0.241,7.1,17.8,12.7,29.2,2.4,1.4,16.4,25.2,0.2,1.9,2.1,0.066,-0.2,0.7,0.5,1.0,6MOY-7,2024.0,5
Nicolas Batum,35.0,2TM,4.0,60.0,38.0,1529.0,10.2,0.603,0.723,0.082,5.0,13.1,9.0,10.7,1.5,2.3,13.1,8.6,1.7,1.6,3.3,0.103,-1.3,0.8,-0.4,0.6,,2024.0,1
Nicolas Batum,35.0,PHI,4.0,57.0,38.0,1475.0,10.3,0.606,0.718,0.085,5.1,13.0,9.0,10.6,1.5,2.1,13.2,8.7,1.6,1.5,3.2,0.104,-1.3,0.7,-0.5,0.5,,2024.0,1
Zach Collins,26.0,SAS,5.0,69.0,29.0,1526.0,14.3,0.565,0.294,0.263,8.3,18.0,13.1,18.9,1.1,2.8,16.1,22.7,0.4,1.5,1.8,0.057,-2.0,-0.1,-2.0,0.0,,2024.0,1
Josh Green,23.0,DAL,2.0,57.0,33.0,1505.0,9.9,0.588,0.5,0.152,2.9,10.4,6.7,11.1,1.5,0.5,13.1,13.1,1.0,1.2,2.2,0.071,-2.4,-0.3,-2.7,-0.3,,2024.0,1
Walker Kessler,22.0,UTA,5.0,64.0,22.0,1493.0,18.0,0.663,0.054,0.266,12.3,23.1,17.7,5.6,1.0,9.2,14.4,12.8,2.4,1.7,4.1,0.131,-0.4,1.3,0.9,1.1,,2024.0,4
Draymond Green,33.0,GSW,4.0,55.0,52.0,1490.0,14.5,0.587,0.347,0.199,5.6,23.0,14.4,28.6,1.8,2.9,25.0,15.3,1.4,2.2,3.6,0.116,-0.6,3.0,2.4,1.6,,2024.0,0
Peyton Watson,21.0,DEN,3.0,80.0,4.0,1488.0,11.8,0.539,0.34,0.237,4.3,14.6,9.6,7.4,1.4,5.0,10.5,16.2,0.3,2.2,2.5,0.079,-3.0,0.8,-2.2,-0.1,,2024.0,2
Matisse Thybulle,26.0,POR,3.0,65.0,19.0,1487.0,10.4,0.537,0.729,0.091,2.1,8.5,5.1,8.3,3.8,3.0,10.8,10.6,0.4,1.8,2.2,0.072,-2.8,3.4,0.6,0.9,,2024.0,5
Khris Middleton,32.0,MIL,3.0,55.0,55.0,1487.0,17.0,0.595,0.384,0.187,3.0,15.7,9.5,28.9,1.6,0.9,15.4,23.9,1.9,1.4,3.4,0.109,1.1,0.0,1.1,1.2,,2024.0,0
Bojan Bogdanović,34.0,2TM,4.0,57.0,27.0,1478.0,12.6,0.581,0.49,0.219,1.6,10.0,5.7,10.3,1.0,0.3,11.9,24.6,0.3,0.7,1.1,0.034,-0.7,-2.5,-3.2,-0.4,6MOY-9,2024.0,1
Julian Champagnie,22.0,SAS,3.0,74.0,59.0,1468.0,10.6,0.57,0.689,0.229,3.1,12.2,7.6,9.3,1.6,2.4,11.4,14.4,0.6,1.3,1.8,0.059,-1.8,-0.1,-1.9,0.0,,2024.0,2
Patrick Beverley,35.0,2TM,1.0,73.0,13.0,1462.0,11.6,0.539,0.478,0.237,3.7,14.3,9.0,19.0,1.4,1.9,13.4,14.3,1.2,1.5,2.7,0.09,-1.5,0.5,-1.1,0.3,,2024.0,5
Patrick Beverley,35.0,PHI,1.0,47.0,5.0,919.0,11.7,0.547,0.452,0.261,3.5,14.1,8.7,21.0,1.3,1.8,15.4,14.9,0.7,0.9,1.7,0.087,-1.5,0.0,-1.5,0.1,,2024.0,5
Amir Coffey,26.0,LAC,3.0,70.0,13.0,1460.0,10.0,0.604,0.523,0.202,2.3,8.9,5.7,6.8,1.4,0.9,7.9,12.5,1.6,1.0,2.6,0.084,-1.9,-0.3,-2.2,-0.1,,2024.0,1
Isaiah Joe,24.0,OKC,2.0,78.0,1.0,1445.0,13.4,0.626,0.728,0.107,2.6,11.0,6.9,8.9,1.5,1.4,8.5,16.6,1.9,1.6,3.5,0.116,1.1,-0.3,0.9,1.0,,2024.0,3
Desmond Bane,25.0,MEM,2.0,42.0,42.0,1443.0,18.5,0.589,0.464,0.207,2.6,11.8,7.0,29.2,1.5,1.4,11.7,28.5,1.8,1.3,3.1,0.102,3.1,-0.3,2.8,1.7,,2024.0,0
Vince Williams Jr.,23.0,MEM,2.0,52.0,33.0,1436.0,12.8,0.597,0.551,0.343,4.3,18.3,11.0,18.0,1.6,2.2,17.4,15.8,1.1,1.7,2.8,0.093,-1.7,1.0,-0.7,0.5,,2024.0,5
Isaiah Stewart,22.0,DET,4.0,46.0,45.0,1423.0,11.3,0.6,0.458,0.223,5.7,18.4,11.9,7.1,0.6,2.3,13.6,14.5,0.9,0.8,1.7,0.056,-1.6,-0.7,-2.3,-0.1,,2024.0,2
Moritz Wagner,26.0,ORL,5.0,80.0,1.0,1415.0,20.6,0.676,0.208,0.37,9.6,19.3,14.4,11.2,1.4,1.4,13.1,22.8,3.5,2.0,5.6,0.188,1.7,0.3,2.0,1.4,,2024.0,4
Tyler Herro,24.0,MIA,2.0,42.0,40.0,1407.0,15.7,0.558,0.453,0.151,1.5,16.5,8.9,22.4,1.1,0.2,10.6,27.8,0.4,1.6,2.0,0.068,1.5,-0.7,0.8,1.0,,2024.0,0
Wendell Carter Jr.,24.0,ORL,5.0,55.0,48.0,1406.0,15.9,0.623,0.402,0.315,9.3,22.7,15.9,9.9,1.2,1.9,12.3,17.2,2.2,2.1,4.4,0.149,0.5,0.4,0.9,1.0,,2024.0,4
Onyeka Okongwu,23.0,ATL,5.0,55.0,8.0,1405.0,16.9,0.674,0.189,0.318,10.8,18.6,14.6,7.2,0.9,3.8,9.8,13.7,3.5,1.0,4.5,0.153,0.0,-0.5,-0.4,0.5,,2024.0,4
Amen Thompson,21.0,HOU,3.0,62.0,23.0,1388.0,18.2,0.576,0.13,0.348,11.3,20.4,15.8,17.0,2.7,2.5,14.9,18.5,1.9,2.4,4.3,0.149,-0.1,1.9,1.8,1.3,,2024.0,2
Haywood Highsmith,27.0,MIA,4.0,66.0,26.0,1366.0,11.1,0.587,0.584,0.109,5.3,12.1,8.7,7.2,1.9,2.1,9.0,12.4,1.1,1.9,3.1,0.108,-1.8,1.1,-0.7,0.5,,2024.0,1
Dyson Daniels,20.0,NOP,1.0,61.0,16.0,1358.0,12.0,0.529,0.434,0.17,5.1,14.1,9.7,15.4,3.1,1.8,15.0,12.6,0.7,2.2,2.9,0.103,-1.9,2.5,0.6,0.9,,2024.0,2
Andre Drummond,30.0,CHI,5.0,79.0,10.0,1351.0,23.0,0.576,0.006,0.454,21.5,37.4,29.3,4.1,2.7,3.6,12.3,21.3,2.3,2.6,4.9,0.175,0.8,-0.7,0.1,0.7,,2024.0,4
Marcus Sasser,23.0,DET,1.0,71.0,11.0,1351.0,11.8,0.542,0.469,0.129,0.9,9.6,5.2,25.4,1.6,0.8,14.3,19.9,0.3,0.6,0.9,0.033,-1.5,-1.1,-2.6,-0.2,,2024.0,5
Kris Murray,23.0,POR,3.0,62.0,29.0,1348.0,9.0,0.481,0.5,0.153,6.7,12.3,9.3,8.4,1.9,1.4,12.3,14.1,-0.4,1.0,0.7,0.024,-3.5,-0.2,-3.6,-0.6,,2024.0,1
Miles McBride,23.0,NYK,1.0,68.0,14.0,1328.0,13.1,0.59,0.586,0.11,2.6,5.9,4.2,12.2,1.9,0.5,5.9,16.4,2.4,1.3,3.6,0.131,-0.4,0.4,-0.1,0.6,,2024.0,1
Jakob Poeltl,28.0,TOR,5.0,50.0,50.0,1319.0,18.9,0.653,0.0,0.283,11.9,24.1,17.9,14.0,1.3,5.1,15.3,16.2,2.4,1.4,3.8,0.138,-0.3,1.0,0.7,0.9,,2024.0,4
Jeff Green,37.0,HOU,4.0,78.0,6.0,1307.0,11.3,0.59,0.437,0.407,3.7,10.9,7.3,7.3,0.6,2.2,9.6,15.5,1.4,1.2,2.6,0.095,-1.6,-0.4,-2.1,0.0,,2024.0,3
Cameron Payne,29.0,2TM,1.0,78.0,10.0,1304.0,12.8,0.566,0.555,0.139,1.8,8.1,4.9,21.9,1.6,0.8,11.4,19.1,1.4,1.0,2.4,0.089,-0.5,-0.6,-1.1,0.3,,2024.0,3
Cameron Payne,29.0,MIL,1.0,47.0,2.0,702.0,12.6,0.603,0.59,0.198,0.8,8.7,4.8,20.7,1.5,0.4,11.4,16.7,1.1,0.5,1.6,0.108,-1.0,-0.5,-1.5,0.1,,2024.0,1
Gary Harris,29.0,ORL,2.0,54.0,27.0,1297.0,9.4,0.587,0.69,0.152,2.2,6.1,4.1,9.1,1.9,1.0,8.9,11.7,1.1,1.5,2.7,0.099,-2.3,1.1,-1.2,0.3,,2024.0,1
Dereck Lively II,19.0,DAL,5.0,55.0,42.0,1294.0,18.1,0.728,0.007,0.274,11.4,20.4,16.0,6.4,1.3,5.2,13.1,12.6,3.1,1.8,4.9,0.183,-0.3,0.8,0.5,0.8,ROY-6,2024.0,4
T.J. McConnell,31.0,IND,1.0,71.0,4.0,1291.0,20.9,0.586,0.074,0.105,3.2,13.6,8.4,41.8,2.6,0.5,14.8,23.7,2.8,1.1,3.9,0.143,2.9,0.1,3.0,1.6,6MOY-7,2024.0,5
Aaron Holiday,27.0,HOU,1.0,78.0,1.0,1269.0,11.5,0.578,0.52,0.151,1.9,8.5,5.2,15.4,1.6,0.4,10.6,16.7,1.3,1.2,2.5,0.094,-1.8,0.3,-1.5,0.2,,2024.0,3
Cedi Osman,28.0,SAS,3.0,72.0,3.0,1269.0,11.2,0.601,0.576,0.135,2.1,13.3,7.7,13.0,1.3,0.7,10.4,15.1,1.0,0.9,1.9,0.071,-1.7,-0.3,-2.1,0.0,,2024.0,1
Gradey Dick,20.0,TOR,2.0,60.0,17.0,1268.0,8.9,0.546,0.542,0.115,2.3,9.3,5.7,7.4,1.3,0.1,9.7,17.4,-0.1,0.4,0.3,0.01,-3.2,-2.2,-5.4,-1.1,,2024.0,2
Naji Marshall,26.0,NOP,3.0,66.0,1.0,1257.0,12.7,0.576,0.409,0.234,4.8,16.4,10.6,13.6,1.9,0.9,13.8,16.3,1.0,1.6,2.6,0.1,-1.3,0.5,-0.7,0.4,,2024.0,1
Kris Dunn,29.0,UTA,1.0,66.0,32.0,1249.0,12.8,0.546,0.355,0.102,4.4,12.2,8.3,27.1,2.6,2.0,19.5,13.6,1.1,0.9,2.0,0.076,-1.5,1.4,-0.1,0.6,,2024.0,5
Gordon Hayward,33.0,2TM,3.0,51.0,28.0,1245.0,12.8,0.548,0.223,0.298,3.4,13.0,8.1,18.3,1.6,1.0,12.6,18.4,0.6,0.9,1.5,0.058,-1.6,-0.5,-2.1,0.0,,2024.0,1
GG Jackson II,19.0,MEM,4.0,48.0,18.0,1233.0,13.7,0.554,0.508,0.272,4.5,13.2,8.7,8.0,1.1,1.8,9.3,24.2,0.2,1.1,1.2,0.048,-0.2,-1.8,-2.0,0.0,,2024.0,2
Aaron Wiggins,25.0,OKC,2.0,78.0,4.0,1228.0,15.6,0.664,0.334,0.188,5.7,11.0,8.4,9.3,2.2,1.4,12.1,16.4,2.1,1.6,3.7,0.144,0.4,0.4,0.7,0.8,,2024.0,3
Larry Nance Jr.,31.0,NOP,5.0,61.0,0.0,1216.0,14.9,0.653,0.27,0.253,8.7,19.3,14.1,12.1,2.5,1.5,15.5,11.3,2.1,1.9,4.1,0.16,-0.2,2.2,2.0,1.2,,2024.0,4
Duop Reath,27.0,POR,5.0,68.0,20.0,1214.0,15.1,0.571,0.491,0.186,8.1,15.4,11.5,8.9,1.3,2.8,8.8,20.7,1.4,1.0,2.4,0.095,-0.2,-0.7,-0.9,0.3,,2024.0,4
Alec Burks,32.0,2TM,2.0,66.0,1.0,1212.0,12.9,0.536,0.58,0.293,2.2,11.8,6.9,10.7,1.1,0.9,7.0,24.4,0.7,0.7,1.4,0.054,-0.3,-2.0,-2.3,-0.1,,2024.0,1
Alec Burks,32.0,DET,2.0,43.0,0.0,901.0,15.1,0.581,0.608,0.33,1.9,11.8,6.8,11.2,1.1,1.0,6.4,23.5,1.3,0.4,1.7,0.092,1.3,-1.7,-0.4,0.4,,2024.0,3
Kevon Looney,27.0,GSW,5.0,74.0,36.0,1195.0,15.1,0.62,0.004,0.356,13.1,24.6,18.9,14.1,1.1,2.2,15.6,11.3,2.5,1.6,4.0,0.162,-0.8,1.4,0.6,0.8,,2024.0,4
David Roddy,22.0,2TM,4.0,65.0,13.0,1177.0,8.7,0.484,0.401,0.166,4.8,15.2,9.8,10.3,1.1,0.9,11.5,18.1,-0.9,1.0,0.1,0.004,-4.0,-1.0,-5.0,-0.9,,2024.0,2
David Roddy,22.0,MEM,4.0,48.0,13.0,1114.0,8.7,0.485,0.404,0.174,4.8,15.2,9.8,10.4,1.1,0.9,11.5,18.1,-0.9,1.0,0.1,0.005,-3.9,-1.0,-5.0,-0.8,,2024.0,2
Vasilije Micić,30.0,2TM,1.0,60.0,21.0,1176.0,10.7,0.524,0.416,0.203,1.3,7.1,4.2,31.1,1.3,0.6,19.7,18.8,-0.1,0.4,0.4,0.015,-2.5,-2.2,-4.6,-0.8,,2024.0,5
Patrick Williams,22.0,CHI,4.0,43.0,30.0,1174.0,11.0,0.553,0.412,0.184,4.3,11.7,7.9,7.7,1.7,2.9,12.8,16.6,0.1,1.0,1.2,0.048,-2.1,-0.1,-2.3,-0.1,,2024.0,2
John Konchar,27.0,MEM,3.0,55.0,23.0,1173.0,11.4,0.537,0.577,0.12,6.5,18.0,12.0,13.0,2.1,4.1,17.4,9.7,0.5,1.7,2.2,0.091,-2.6,2.2,-0.4,0.5,,2024.0,5
Drew Eubanks,26.0,PHO,5.0,75.0,6.0,1169.0,14.4,0.645,0.012,0.368,10.5,20.1,15.6,7.2,1.1,4.6,17.2,13.2,1.6,1.6,3.1,0.129,-2.0,0.8,-1.2,0.2,,2024.0,4
Joe Ingles,36.0,ORL,3.0,68.0,0.0,1169.0,10.6,0.612,0.709,0.15,1.8,12.6,7.1,23.0,1.8,0.4,21.7,11.6,1.1,1.5,2.6,0.108,-1.7,1.2,-0.5,0.5,,2024.0,5
Anthony Black,20.0,ORL,1.0,69.0,33.0,1164.0,8.4,0.56,0.381,0.324,3.3,10.8,7.0,10.6,1.5,1.7,16.6,12.7,0.1,1.5,1.6,0.067,-3.8,0.8,-3.0,-0.3,,2024.0,2
Jordan Hawkins,21.0,NOP,2.0,67.0,10.0,1160.0,10.2,0.533,0.654,0.175,2.8,11.3,7.1,8.2,0.8,0.6,7.5,19.9,0.3,1.0,1.3,0.053,-1.3,-1.7,-3.1,-0.3,,2024.0,2
Trey Lyles,28.0,SAC,4.0,58.0,0.0,1158.0,11.9,0.596,0.682,0.218,5.8,19.4,12.4,8.1,0.7,1.5,9.7,14.4,1.3,1.0,2.4,0.098,-0.4,-0.7,-1.1,0.3,,2024.0,1
Moses Moody,21.0,GSW,2.0,66.0,9.0,1156.0,13.7,0.578,0.476,0.221,6.2,12.1,9.2,6.7,1.8,1.9,8.7,18.4,1.2,1.2,2.4,0.101,-0.2,0.1,-0.1,0.6,,2024.0,2
Jae Crowder,33.0,MIL,4.0,50.0,25.0,1156.0,8.9,0.546,0.615,0.133,3.0,12.1,7.6,7.2,1.6,0.7,7.4,11.5,0.6,1.0,1.6,0.065,-2.6,0.0,-2.6,-0.2,,2024.0,1
Trayce Jackson-Davis,23.0,GSW,4.0,68.0,16.0,1130.0,21.6,0.692,0.003,0.398,13.1,19.4,16.3,10.4,1.2,6.1,11.2,16.4,3.2,1.6,4.8,0.205,1.5,1.2,2.8,1.4,,2024.0,4
Dean Wade,27.0,CLE,4.0,54.0,32.0,1108.0,10.2,0.598,0.871,0.112,3.8,18.2,11.1,5.0,1.8,2.0,7.6,10.5,0.9,1.6,2.5,0.11,-1.7,1.8,0.1,0.6,,2024.0,1
Josh Richardson,30.0,MIA,2.0,43.0,6.0,1103.0,11.4,0.573,0.548,0.156,1.8,10.7,6.2,13.9,1.1,1.2,8.9,16.5,0.9,1.2,2.1,0.093,-1.3,0.0,-1.3,0.2,,2024.0,1
Davion Mitchell,25.0,SAC,1.0,72.0,4.0,1101.0,9.3,0.555,0.489,0.13,1.9,7.9,4.8,16.0,0.7,0.2,11.2,14.9,0.8,0.6,1.3,0.059,-2.4,-1.0,-3.4,-0.4,,2024.0,1
Dario Šarić,29.0,GSW,5.0,64.0,9.0,1098.0,15.3,0.6,0.508,0.24,7.3,20.4,13.9,17.8,1.4,0.8,15.4,19.5,1.6,1.2,2.8,0.123,0.6,0.4,1.0,0.9,,2024.0,4
James Wiseman,22.0,DET,5.0,63.0,6.0,1091.0,14.8,0.637,0.007,0.334,11.0,23.5,17.2,7.3,0.5,3.1,15.9,16.3,1.3,0.8,2.1,0.094,-2.6,-0.9,-3.5,-0.4,,2024.0,2
Dante Exum,28.0,DAL,1.0,55.0,17.0,1088.0,13.7,0.645,0.358,0.225,2.5,12.4,7.5,19.3,1.0,0.4,12.9,15.0,2.1,0.8,2.9,0.127,-0.3,-0.3,-0.6,0.4,,2024.0,1
Sam Merrill,27.0,CLE,2.0,61.0,1.0,1069.0,13.1,0.598,0.901,0.071,2.3,10.2,6.3,14.1,0.9,0.3,4.5,17.5,1.9,0.9,2.8,0.125,1.3,-0.8,0.5,0.7,,2024.0,1
Dennis Smith Jr.,26.0,BRK,1.0,56.0,2.0,1059.0,13.4,0.508,0.322,0.172,5.0,12.1,8.5,27.3,3.2,1.0,15.8,17.7,0.5,1.3,1.8,0.08,-2.6,1.8,-0.8,0.3,,2024.0,5
Jordan Goodwin,25.0,2TM,1.0,57.0,12.0,1055.0,12.6,0.451,0.369,0.154,9.3,17.3,13.3,20.9,2.2,1.6,12.1,19.0,-0.2,1.4,1.2,0.054,-1.5,0.5,-1.0,0.3,,2024.0,5
Marvin Bagley III,24.0,2TM,5.0,50.0,25.0,1053.0,19.4,0.629,0.056,0.309,13.1,19.2,16.1,8.1,0.9,2.6,11.3,21.0,2.0,0.7,2.7,0.122,1.0,-1.4,-0.4,0.4,,2024.0,4
Torrey Craig,33.0,CHI,3.0,53.0,14.0,1049.0,10.8,0.568,0.61,0.143,7.2,16.1,11.6,7.3,1.4,2.1,10.7,12.5,1.0,0.9,1.9,0.087,-1.8,-0.2,-2.0,0.0,,2024.0,1
Jalen Smith,23.0,IND,5.0,61.0,14.0,1047.0,20.7,0.682,0.365,0.263,12.1,24.3,18.2,8.0,0.8,2.9,9.1,19.4,3.1,0.9,4.0,0.182,3.2,-0.8,2.4,1.2,,2024.0,4
Dalano Banton,24.0,2TM,1.0,54.0,9.0,1047.0,13.3,0.504,0.398,0.24,4.2,15.2,9.5,19.4,1.6,1.7,12.2,25.7,-0.4,0.9,0.5,0.024,-0.7,-0.6,-1.3,0.2,,2024.0,5
Ziaire Williams,22.0,MEM,3.0,51.0,15.0,1038.0,9.3,0.511,0.5,0.198,3.5,15.9,9.5,11.1,1.7,0.8,13.8,19.7,-0.9,1.1,0.2,0.01,-4.0,-0.4,-4.5,-0.6,,2024.0,2
Jae'Sean Tate,28.0,HOU,3.0,65.0,9.0,1031.0,9.3,0.538,0.336,0.17,6.3,14.3,10.2,8.2,2.0,1.3,13.1,11.7,0.4,1.3,1.8,0.082,-3.7,1.5,-2.3,-0.1,,2024.0,5
Kenrich Williams,29.0,OKC,4.0,69.0,1.0,1029.0,11.9,0.568,0.504,0.05,6.9,15.4,11.3,11.4,1.8,0.8,10.1,13.4,1.1,1.3,2.5,0.115,-1.1,0.3,-0.8,0.3,,2024.0,1
Jose Alvarado,25.0,NOP,1.0,56.0,0.0,1028.0,12.5,0.54,0.6,0.151,2.7,11.0,6.9,15.3,2.8,1.4,9.8,17.3,0.6,1.5,2.1,0.097,-1.5,1.5,-0.1,0.5,6MOY-6,2024.0,5
Quentin Grimes,23.0,2TM,2.0,51.0,18.0,1025.0,8.9,0.516,0.732,0.137,1.6,9.3,5.5,8.7,1.7,0.6,7.5,15.8,0.3,1.0,1.3,0.06,-2.6,0.4,-2.2,-0.1,,2024.0,1
Quentin Grimes,23.0,NYK,2.0,45.0,18.0,910.0,9.5,0.543,0.741,0.119,1.7,9.2,5.4,7.8,1.7,0.3,6.5,15.3,0.7,0.9,1.5,0.081,-1.9,0.4,-1.5,0.1,,2024.0,1
Daniel Theis,31.0,2TM,5.0,60.0,3.0,1015.0,14.4,0.597,0.242,0.171,9.8,17.1,13.6,8.3,1.0,4.5,11.8,15.4,1.4,1.2,2.5,0.119,-1.7,0.1,-1.6,0.1,,2024.0,4
Daniel Theis,31.0,LAC,5.0,59.0,3.0,1007.0,14.5,0.601,0.242,0.173,9.9,17.2,13.7,8.3,1.0,4.6,11.9,15.4,1.4,1.2,2.6,0.122,-1.6,0.1,-1.5,0.1,,2024.0,4
Lonnie Walker IV,25.0,BRK,2.0,58.0,0.0,1011.0,13.1,0.545,0.551,0.12,1.4,12.7,6.9,11.5,1.6,1.8,9.0,24.4,-0.1,0.9,0.8,0.038,-0.4,-1.0,-1.4,0.2,,2024.0,1
Talen Horton-Tucker,23.0,UTA,1.0,51.0,11.0,1009.0,13.4,0.503,0.391,0.234,2.3,10.8,6.6,25.5,2.2,1.7,11.2,24.0,0.3,0.5,0.8,0.039,-0.9,-0.4,-1.2,0.2,,2024.0,5
Killian Hayes,22.0,DET,1.0,42.0,31.0,1008.0,10.5,0.474,0.261,0.177,1.2,12.2,6.6,27.8,1.7,1.7,14.3,15.1,0.0,0.7,0.7,0.032,-2.9,0.2,-2.7,-0.2,,2024.0,2
Jevon Carter,28.0,CHI,1.0,72.0,0.0,1004.0,8.5,0.485,0.641,0.019,1.2,5.6,3.3,12.9,1.8,1.6,8.9,17.7,-0.5,0.7,0.2,0.009,-3.3,-0.7,-4.0,-0.5,,2024.0,1
Garrison Mathews,27.0,ATL,2.0,66.0,5.0,992.0,8.9,0.665,0.854,0.186,1.8,8.6,5.1,4.8,1.0,0.7,7.2,11.1,1.4,0.2,1.6,0.077,-2.1,-0.9,-3.0,-0.2,,2024.0,1
Jaden Hardy,21.0,DAL,2.0,73.0,7.0,989.0,11.2,0.517,0.468,0.159,2.2,12.2,7.2,15.7,1.1,0.4,10.8,24.9,-0.4,0.7,0.3,0.014,-2.0,-2.1,-4.1,-0.5,,2024.0,2
Cam Reddish,24.0,LAL,3.0,48.0,26.0,984.0,7.7,0.504,0.47,0.231,3.2,7.7,5.6,6.0,2.3,1.2,10.7,12.7,-0.3,0.9,0.6,0.03,-4.0,0.8,-3.2,-0.3,,2024.0,5
Luke Kornet,28.0,BOS,5.0,63.0,7.0,983.0,19.8,0.736,0.005,0.266,13.5,15.1,14.3,8.9,1.2,5.5,8.5,11.0,3.5,1.6,5.1,0.248,1.6,1.8,3.4,1.3,,2024.0,4
Keon Ellis,24.0,SAC,2.0,57.0,21.0,978.0,12.0,0.627,0.724,0.151,3.6,10.8,7.1,11.1,2.5,2.7,13.0,12.4,1.1,1.2,2.3,0.114,-0.9,2.1,1.2,0.8,,2024.0,1
Xavier Tillman Sr.,25.0,2TM,4.0,54.0,15.0,974.0,12.2,0.472,0.29,0.179,7.7,16.1,11.8,11.3,2.6,4.2,10.1,14.8,-0.1,1.6,1.4,0.071,-3.1,1.9,-1.2,0.2,,2024.0,5
Josh Okogie,25.0,PHO,2.0,60.0,11.0,960.0,12.0,0.552,0.456,0.495,9.2,9.0,9.1,8.4,2.4,2.2,12.5,13.0,1.0,1.1,2.1,0.104,-1.3,0.8,-0.5,0.4,,2024.0,5
Goga Bitadze,24.0,ORL,5.0,62.0,33.0,957.0,17.8,0.629,0.067,0.416,13.3,21.9,17.5,11.7,1.7,7.0,15.1,13.3,1.8,1.9,3.7,0.186,-0.7,2.8,2.1,1.0,,2024.0,4
Max Christie,20.0,LAL,2.0,67.0,7.0,944.0,8.4,0.544,0.49,0.191,1.9,14.2,8.4,8.0,1.0,1.6,11.8,13.6,-0.1,0.8,0.7,0.036,-3.2,-0.4,-3.6,-0.4,,2024.0,2
Kevin Love,35.0,MIA,4.0,55.0,5.0,924.0,18.5,0.597,0.68,0.301,7.2,34.5,20.7,19.0,1.0,1.1,10.6,21.9,1.7,1.6,3.3,0.17,2.7,1.0,3.6,1.3,,2024.0,4
Day'Ron Sharpe,22.0,BRK,5.0,61.0,1.0,921.0,20.0,0.596,0.051,0.418,18.6,27.9,23.1,14.0,1.3,4.3,16.7,19.7,1.6,1.3,2.9,0.152,-0.4,0.4,0.0,0.5,,2024.0,2
Jonathan Isaac,26.0,ORL,4.0,58.0,2.0,914.0,19.2,0.61,0.392,0.287,9.3,24.2,16.7,4.8,2.3,7.1,7.7,16.7,1.5,2.1,3.6,0.188,1.4,2.4,3.8,1.4,6MOY-9,2024.0,4
Markelle Fultz,25.0,ORL,1.0,43.0,18.0,910.0,12.6,0.492,0.055,0.101,7.2,10.7,8.9,19.7,2.3,1.5,12.8,18.8,0.0,1.3,1.3,0.069,-2.6,1.2,-1.4,0.1,,2024.0,5
Doug McDermott,32.0,2TM,3.0,64.0,0.0,904.0,9.1,0.6,0.806,0.067,1.2,6.0,3.6,10.3,0.8,0.2,8.7,14.9,0.6,0.3,0.9,0.046,-1.5,-1.9,-3.4,-0.3,,2024.0,1
Doug McDermott,32.0,SAS,3.0,46.0,0.0,700.0,9.5,0.62,0.805,0.079,1.2,6.2,3.7,11.1,0.7,0.2,9.7,14.9,0.5,0.2,0.8,0.053,-1.0,-1.8,-2.9,-0.2,,2024.0,1
Jaylin Williams,21.0,OKC,5.0,69.0,1.0,897.0,12.7,0.561,0.632,0.18,4.7,23.7,14.5,15.0,1.5,2.8,12.1,13.5,1.0,1.5,2.4,0.13,-0.8,1.9,1.1,0.7,,2024.0,2
Nikola Jović,20.0,MIA,4.0,46.0,38.0,896.0,12.8,0.583,0.58,0.167,3.1,21.3,12.1,14.7,1.4,1.5,12.2,17.1,0.6,1.3,1.9,0.103,-0.9,1.3,0.3,0.5,,2024.0,2
Bryce McGowens,21.0,CHO,2.0,59.0,14.0,882.0,9.3,0.565,0.443,0.37,2.1,11.2,6.5,8.1,1.2,1.1,10.1,14.9,0.4,0.3,0.6,0.034,-3.7,-1.1,-4.9,-0.6,,2024.0,2
Cam Whitmore,19.0,HOU,3.0,47.0,2.0,880.0,16.6,0.561,0.471,0.24,5.3,16.7,11.0,6.0,1.7,1.8,8.2,27.1,0.4,1.1,1.5,0.082,1.0,-0.9,0.1,0.5,,2024.0,2
Jaxson Hayes,23.0,LAL,5.0,70.0,5.0,877.0,14.0,0.718,0.046,0.469,9.2,17.1,13.4,5.0,1.8,2.9,16.9,12.5,1.4,1.1,2.5,0.135,-2.8,0.9,-1.9,0.0,,2024.0,4
Blake Wesley,20.0,SAS,2.0,61.0,3.0,876.0,10.1,0.537,0.256,0.363,2.2,9.5,5.8,25.3,1.6,0.9,18.1,14.7,0.3,0.6,0.9,0.05,-4.0,0.1,-4.0,-0.4,,2024.0,2
Malachi Flynn,25.0,3TM,1.0,69.0,0.0,876.0,11.9,0.533,0.52,0.218,2.6,12.0,7.2,21.1,2.1,0.8,15.0,20.4,-0.1,0.6,0.5,0.029,-2.0,-0.2,-2.2,0.0,,2024.0,5
Christian Wood,28.0,LAL,4.0,50.0,1.0,872.0,12.3,0.568,0.432,0.356,5.2,26.1,16.2,7.4,0.9,3.3,14.1,17.6,0.0,1.1,1.2,0.064,-2.6,-0.2,-2.8,-0.2,,2024.0,4
Maxi Kleber,32.0,DAL,5.0,43.0,7.0,871.0,8.8,0.573,0.63,0.322,3.8,14.1,9.0,9.5,0.9,3.0,14.4,9.6,0.6,0.8,1.4,0.08,-2.3,1.0,-1.3,0.2,,2024.0,1
Justin Holiday,34.0,DEN,2.0,58.0,9.0,862.0,9.7,0.598,0.701,0.021,1.2,7.8,4.6,9.5,2.1,0.9,6.7,10.6,0.9,0.9,1.8,0.101,-2.5,0.9,-1.6,0.1,,2024.0,1
Chimezie Metu,26.0,2TM,5.0,51.0,12.0,859.0,13.3,0.61,0.385,0.262,5.5,19.6,12.7,7.4,2.4,1.6,16.0,16.2,0.5,1.1,1.5,0.085,-2.1,0.8,-1.3,0.2,,2024.0,5
Trendon Watford,23.0,BRK,4.0,63.0,2.0,856.0,15.7,0.611,0.219,0.312,6.5,18.7,12.4,14.6,1.3,2.0,15.1,21.1,0.9,0.9,1.8,0.1,-0.9,0.4,-0.5,0.3,,2024.0,4
Dwight Powell,32.0,DAL,5.0,63.0,9.0,836.0,14.5,0.716,0.028,0.84,12.7,15.2,14.0,12.4,1.5,2.1,18.1,9.1,2.2,0.9,3.1,0.181,-1.1,0.8,-0.3,0.4,,2024.0,4
Troy Brown Jr.,24.0,2TM,3.0,59.0,15.0,827.0,8.8,0.51,0.624,0.164,3.5,16.0,9.8,9.7,1.4,0.3,11.0,14.3,0.0,0.9,0.8,0.048,-2.8,0.2,-2.6,-0.1,,2024.0,1
Marcus Morris,34.0,2TM,4.0,49.0,7.0,817.0,9.9,0.558,0.451,0.167,3.1,15.2,9.1,6.1,0.9,1.4,9.6,16.6,0.2,0.8,1.0,0.06,-2.5,-1.3,-3.8,-0.4,,2024.0,1
Caleb Houstan,21.0,ORL,3.0,59.0,13.0,815.0,8.3,0.582,0.937,0.126,4.0,8.1,6.1,4.8,0.9,0.5,6.9,12.5,0.7,0.8,1.5,0.089,-1.4,-0.5,-1.9,0.0,,2024.0,2
Ben Sheppard,22.0,IND,2.0,57.0,1.0,814.0,8.1,0.524,0.681,0.114,2.1,10.3,6.2,7.5,1.9,0.2,5.9,13.2,0.3,0.4,0.8,0.046,-3.3,-0.1,-3.4,-0.3,,2024.0,2
JT Thor,21.0,CHO,4.0,63.0,3.0,781.0,9.1,0.519,0.443,0.109,6.0,15.3,10.5,5.1,0.7,3.2,7.3,11.7,0.2,0.3,0.6,0.034,-3.5,-1.1,-4.5,-0.5,,2024.0,2
Isaiah Jackson,22.0,IND,5.0,59.0,3.0,771.0,21.5,0.689,0.017,0.438,13.8,21.2,17.5,8.3,2.1,6.3,12.3,17.2,2.2,1.1,3.3,0.204,0.3,1.4,1.7,0.7,,2024.0,4
Jock Landale,28.0,HOU,5.0,56.0,3.0,763.0,15.6,0.584,0.194,0.316,12.2,11.9,12.1,11.8,1.3,4.0,11.7,14.8,1.4,0.9,2.3,0.146,-0.5,0.4,-0.1,0.4,,2024.0,4
KJ Martin,23.0,2TM,3.0,60.0,2.0,746.0,9.9,0.563,0.155,0.227,6.0,13.6,9.7,9.4,1.5,1.5,13.9,13.4,0.3,0.8,1.1,0.071,-4.0,-0.1,-4.1,-0.4,,2024.0,1
KJ Martin,23.0,PHI,3.0,58.0,2.0,715.0,10.0,0.569,0.135,0.228,6.1,13.8,9.9,9.6,1.4,1.4,13.8,13.2,0.4,0.7,1.1,0.076,-3.9,-0.1,-4.0,-0.4,,2024.0,1
Delon Wright,31.0,2TM,1.0,47.0,1.0,742.0,13.6,0.505,0.362,0.239,2.7,10.0,6.3,20.8,3.5,1.3,6.3,12.8,0.8,0.9,1.7,0.109,-2.0,2.5,0.4,0.5,,2024.0,5
Ish Smith,35.0,CHO,1.0,43.0,5.0,741.0,6.8,0.435,0.051,0.025,1.6,10.2,5.8,26.4,1.1,0.5,22.7,12.3,-0.5,0.2,-0.4,-0.025,-5.6,-1.2,-6.8,-0.9,,2024.0,5
Mo Bamba,25.0,PHI,5.0,57.0,17.0,740.0,15.4,0.575,0.323,0.253,11.3,24.5,17.8,7.6,1.5,7.4,15.1,15.1,0.6,1.3,2.0,0.128,-2.3,1.4,-1.0,0.2,,2024.0,4
Nick Smith Jr.,19.0,CHO,2.0,51.0,0.0,729.0,8.1,0.511,0.505,0.052,2.7,8.6,5.5,12.0,0.7,0.9,11.7,20.3,-0.6,0.1,-0.5,-0.036,-3.1,-2.8,-5.9,-0.7,,2024.0,2
Landry Shamet,26.0,WAS,2.0,46.0,5.0,726.0,10.5,0.556,0.573,0.168,2.3,6.9,4.6,10.2,1.6,1.1,9.3,18.8,0.1,0.2,0.3,0.022,-2.7,-1.3,-4.0,-0.4,,2024.0,1
Chris Duarte,26.0,SAC,3.0,59.0,11.0,719.0,8.4,0.512,0.605,0.157,4.0,12.7,8.3,7.8,1.9,1.0,10.4,14.9,0.0,0.7,0.7,0.047,-3.5,0.1,-3.4,-0.2,,2024.0,1
Jordan Nwora,25.0,2TM,3.0,52.0,1.0,712.0,13.7,0.565,0.438,0.177,4.3,19.1,11.6,12.3,1.8,1.6,14.1,22.4,-0.1,0.6,0.5,0.034,-1.1,-1.5,-2.5,-0.1,,2024.0,1
Chris Boucher,31.0,TOR,4.0,50.0,0.0,705.0,16.0,0.625,0.433,0.424,9.5,23.1,16.1,4.5,1.0,3.0,9.8,17.3,1.2,0.6,1.7,0.119,-0.3,-1.4,-1.7,0.1,,2024.0,4
Bruno Fernando,25.0,ATL,5.0,45.0,2.0,682.0,15.2,0.615,0.021,0.513,9.1,22.2,15.4,9.3,1.8,3.7,16.1,16.7,0.8,0.7,1.5,0.103,-3.1,0.9,-2.3,-0.1,,2024.0,4
Dalen Terry,21.0,CHI,2.0,59.0,2.0,681.0,10.2,0.512,0.471,0.274,4.7,14.1,9.3,15.6,2.0,2.7,15.4,13.4,0.1,0.7,0.8,0.06,-3.4,1.1,-2.3,0.0,,2024.0,2
Gary Payton II,31.0,GSW,2.0,44.0,0.0,680.0,13.9,0.621,0.301,0.126,7.4,10.5,9.0,9.4,2.8,2.4,12.3,13.6,0.9,0.9,1.8,0.125,-1.3,2.2,0.9,0.5,,2024.0,5
Mason Plumlee,33.0,LAC,5.0,46.0,11.0,674.0,15.8,0.621,0.039,0.647,10.4,28.2,19.6,10.8,1.0,2.3,15.5,15.1,1.2,0.9,2.0,0.146,-1.1,0.4,-0.8,0.2,,2024.0,4
Dāvis Bertāns,31.0,2TM,4.0,43.0,1.0,674.0,11.6,0.583,0.855,0.141,1.5,8.8,5.1,7.2,1.9,1.7,6.8,17.4,0.5,0.4,0.9,0.061,-0.8,-0.6,-1.4,0.1,,2024.0,1
Keita Bates-Diop,28.0,2TM,3.0,53.0,8.0,665.0,11.5,0.534,0.416,0.253,5.5,12.8,9.3,7.4,1.8,2.9,7.5,13.0,0.5,0.8,1.3,0.091,-1.5,0.4,-1.0,0.2,,2024.0,1
Jalen Wilson,23.0,BRK,4.0,43.0,3.0,664.0,10.8,0.537,0.413,0.257,7.5,14.2,10.8,9.3,0.8,0.5,8.7,14.3,0.6,0.4,1.1,0.077,-1.8,-1.1,-2.9,-0.2,,2024.0,1
Craig Porter Jr.,23.0,CLE,1.0,51.0,6.0,649.0,15.4,0.564,0.149,0.246,3.7,15.1,9.4,26.5,1.6,2.1,15.1,20.2,0.6,0.9,1.5,0.108,-0.6,1.1,0.5,0.4,,2024.0,5
Oshae Brissett,25.0,BOS,3.0,55.0,1.0,630.0,12.8,0.53,0.359,0.542,10.9,16.3,13.7,8.7,1.5,1.1,9.5,14.5,0.8,0.9,1.7,0.131,-2.0,0.2,-1.8,0.0,,2024.0,1
Danilo Gallinari,35.0,3TM,3.0,49.0,0.0,630.0,13.4,0.601,0.489,0.516,3.4,15.3,9.3,11.6,1.1,0.8,9.0,17.2,1.0,0.3,1.3,0.098,-0.8,-1.0,-1.9,0.0,,2024.0,4
Jordan McLaughlin,27.0,MIN,1.0,56.0,0.0,626.0,15.5,0.638,0.614,0.124,3.4,9.4,6.5,23.7,2.8,1.0,11.1,12.1,1.4,1.1,2.5,0.193,1.4,2.9,4.2,1.0,,2024.0,1
Seth Curry,33.0,2TM,2.0,44.0,4.0,616.0,9.9,0.519,0.529,0.152,3.2,9.0,6.1,9.7,1.7,0.9,8.8,16.8,0.1,0.4,0.5,0.04,-2.6,-0.6,-3.3,-0.2,,2024.0,1
A.J. Green,24.0,MIL,2.0,56.0,0.0,614.0,10.5,0.617,0.862,0.097,1.6,9.6,5.7,6.4,0.7,0.6,5.5,15.2,0.7,0.3,1.1,0.084,-0.4,-1.7,-2.1,0.0,,2024.0,1
Johnny Davis,21.0,WAS,2.0,50.0,6.0,613.0,6.2,0.462,0.26,0.156,3.1,9.6,6.3,6.6,1.4,1.3,7.3,12.2,-0.3,0.2,-0.1,-0.009,-5.5,-1.1,-6.6,-0.7,,2024.0,2
MarJon Beauchamp,23.0,MIL,3.0,48.0,1.0,608.0,9.7,0.592,0.452,0.169,4.1,13.6,8.9,6.7,1.0,1.0,13.2,14.6,0.2,0.5,0.7,0.056,-2.3,-0.9,-3.2,-0.2,,2024.0,1
Mike Muscala,32.0,3TM,5.0,53.0,6.0,600.0,7.5,0.47,0.615,0.16,7.0,15.8,11.3,7.6,0.7,1.8,11.6,13.4,-0.2,0.3,0.1,0.009,-3.9,-1.4,-5.3,-0.5,,2024.0,1
Jericho Sims,25.0,NYK,5.0,45.0,11.0,585.0,10.9,0.702,0.0,0.436,10.7,17.5,14.1,5.4,0.7,3.0,19.6,6.0,0.9,0.7,1.5,0.127,-2.4,0.7,-1.8,0.0,,2024.0,4
Shake Milton,27.0,3TM,2.0,48.0,0.0,581.0,9.2,0.499,0.328,0.251,2.8,11.5,7.3,14.4,1.6,0.9,12.5,18.7,-0.2,0.8,0.6,0.048,-4.3,0.6,-3.7,-0.3,,2024.0,5
Zeke Nnaji,23.0,DEN,4.0,58.0,0.0,576.0,12.4,0.528,0.154,0.416,12.1,12.2,12.1,7.0,1.3,5.6,13.3,15.4,0.4,0.8,1.2,0.099,-3.8,0.1,-3.7,-0.2,,2024.0,4
Andre Jackson Jr.,22.0,MIL,2.0,57.0,8.0,572.0,8.5,0.596,0.46,0.11,8.4,13.1,10.8,10.8,1.3,0.9,21.1,10.0,0.5,0.5,1.0,0.081,-3.6,0.0,-3.6,-0.2,,2024.0,2
Tristan Thompson,32.0,CLE,5.0,49.0,0.0,549.0,13.9,0.563,0.008,0.433,15.1,20.4,17.8,12.7,1.1,2.3,16.9,13.8,0.6,0.8,1.4,0.119,-2.1,0.6,-1.4,0.1,,2024.0,4
Julian Strawther,21.0,DEN,3.0,50.0,0.0,545.0,8.2,0.482,0.622,0.14,1.0,11.1,6.2,11.3,1.5,1.1,8.9,20.7,-0.4,0.6,0.2,0.015,-4.6,-1.4,-6.0,-0.6,,2024.0,2
Omer Yurtseven,25.0,UTA,5.0,48.0,12.0,545.0,15.0,0.565,0.13,0.152,14.7,27.3,21.0,7.7,0.7,2.9,15.9,17.9,0.3,0.4,0.7,0.062,-1.6,-1.5,-3.0,-0.1,,2024.0,4
Jalen McDaniels,26.0,TOR,3.0,50.0,1.0,538.0,5.0,0.412,0.376,0.196,3.6,12.7,8.1,9.1,1.7,1.0,12.8,18.7,-1.1,0.3,-0.8,-0.074,-7.2,-1.8,-9.0,-1.0,,2024.0,1
Sasha Vezenkov,28.0,SAC,4.0,42.0,0.0,511.0,13.3,0.569,0.628,0.079,6.4,14.8,10.5,5.1,1.9,1.3,5.7,17.5,0.5,0.5,1.0,0.098,-0.2,-0.7,-0.9,0.1,,2024.0,1
Jaden Springer,21.0,2TM,2.0,49.0,2.0,507.0,10.7,0.49,0.324,0.284,7.1,9.8,8.4,11.5,3.5,2.7,17.0,17.1,-0.3,0.8,0.6,0.052,-4.9,1.5,-3.4,-0.2,,2024.0,2
Bol Bol,24.0,PHO,4.0,43.0,0.0,469.0,18.7,0.7,0.344,0.126,8.1,24.1,16.5,5.3,1.0,4.7,10.7,16.5,1.0,0.7,1.6,0.168,1.4,0.8,2.1,0.5,,2024.0,4
Anthony Gill,31.0,WAS,4.0,50.0,3.0,466.0,12.1,0.537,0.256,0.225,8.3,13.4,10.8,10.0,1.3,1.9,11.6,18.0,0.1,0.2,0.4,0.038,-2.6,-1.5,-4.1,-0.3,,2024.0,1
Nassir Little,23.0,PHO,3.0,45.0,2.0,458.0,9.9,0.572,0.565,0.161,3.6,14.3,9.3,6.1,1.1,1.9,9.5,13.9,0.3,0.4,0.7,0.074,-2.4,-0.6,-3.0,-0.1,,2024.0,1
Sandro Mamukelashvili,24.0,SAS,5.0,46.0,5.0,451.0,15.8,0.559,0.413,0.219,10.7,24.7,17.6,15.4,0.7,2.2,10.1,17.7,0.6,0.4,1.0,0.11,-0.1,-0.4,-0.5,0.2,,2024.0,4
Alex Len,30.0,SAC,5.0,48.0,0.0,444.0,14.7,0.625,0.037,0.42,11.3,21.2,16.1,14.4,1.2,6.8,22.0,11.8,0.6,0.7,1.3,0.138,-2.7,2.9,0.2,0.2,,2024.0,4
Chuma Okeke,25.0,ORL,3.0,47.0,8.0,432.0,6.9,0.465,0.732,0.063,4.9,17.0,10.9,6.2,1.0,1.5,12.2,13.3,-0.3,0.6,0.3,0.029,-3.2,-0.2,-3.4,-0.2,,2024.0,1
Reggie Bullock,32.0,HOU,3.0,44.0,0.0,417.0,7.7,0.582,0.817,0.012,1.5,17.4,9.4,4.6,1.4,1.1,10.8,9.4,0.1,0.5,0.6,0.072,-2.9,0.5,-2.4,0.0,,2024.0,1
Luka Šamanić,24.0,UTA,4.0,43.0,7.0,404.0,8.9,0.485,0.405,0.354,6.0,21.6,13.9,6.5,0.6,1.5,13.3,21.8,-0.4,0.2,-0.2,-0.029,-4.9,-2.9,-7.8,-0.6,,2024.0,1
Kobe Brown,24.0,LAC,4.0,44.0,0.0,394.0,7.6,0.49,0.533,0.022,5.9,11.6,8.9,8.1,1.5,1.4,9.0,11.1,0.1,0.3,0.5,0.055,-4.0,0.2,-3.8,-0.2,,2024.0,1
Eugene Omoruyi,26.0,WAS,3.0,43.0,0.0,393.0,16.0,0.549,0.275,0.293,9.3,13.9,11.6,13.0,3.2,1.0,10.0,22.5,0.2,0.4,0.6,0.074,-1.9,-0.4,-2.3,0.0,,2024.0,5
JaVale McGee,36.0,SAC,5.0,46.0,0.0,339.0,19.0,0.609,0.053,0.341,13.6,28.4,20.8,7.6,2.0,5.4,18.3,23.4,0.1,0.6,0.7,0.101,-1.9,0.6,-1.3,0.1,,2024.0,4
Cody Zeller,31.0,NOP,5.0,43.0,0.0,320.0,12.8,0.483,0.048,0.613,16.9,22.0,19.5,15.2,1.4,1.5,16.9,12.9,0.4,0.4,0.8,0.124,-2.9,0.3,-2.6,0.0,,2024.0,4
A.J. Lawson,23.0,DAL,2.0,42.0,0.0,311.0,11.2,0.519,0.413,0.19,4.9,12.6,8.8,8.9,1.5,0.8,9.6,20.0,0.0,0.3,0.2,0.036,-3.1,-1.5,-4.6,-0.2,,2024.0,1
